{
"type": "FeatureCollection",
"name": "forestPolygon",
"crs": { "type": "name", "properties": { "name": "urn:ogc:def:crs:OGC:1.3:CRS84" } },
"features": [
{ "type": "Feature", "properties": { "id": 2605.0, "created": 1651140737761.0, "created_by": "creationsharma5@gmail.com", "updated": 1702376828306.0, "updated_by": "ito.fecofun@gmail.com", "area": 7.3, "cfug_code": "DAN/KA/10/05", "division_f": "Gorahi", "file_no": "LU/DA/BA/004", "geo_graphi": "TERAI", "hand_over_": "2021-04-14", "is_fecofun": "T", "main_ward": 7, "max_altitu": 530, "membership": "2021-04-14", "min_altitu": 501, "name": "Laxmi CF", "published": "F", "sub_divisi": "Purandhara", "forest_id": 2607.0, "group_offi": 2647.0, "info_offic": 2648.0, "local_regi": 548.0, "map_data_i": 2606.0, "is_customa": "F", "has_pan_nu": "?", "pan_number": null, "reporting_": 2608.0, "palika": "Babai Rural Municipality", "district": "Dang", "province": "Lumbini", "status": "DRAFT" }, "geometry": { "type": "Polygon", "coordinates": [ [ [ 82.110117495758459, 28.13009688488955 ], [ 82.110467317106668, 28.129462218711872 ], [ 82.110695335490163, 28.128864643414257 ], [ 82.110781565017533, 28.128340426256386 ], [ 82.110430207976606, 28.127837806971218 ], [ 82.109954922110774, 28.127164692803323 ], [ 82.109554435533937, 28.126833966329631 ], [ 82.109131586737931, 28.12729772377919 ], [ 82.108732441323809, 28.12808623086617 ], [ 82.108366152911913, 28.129100125701306 ], [ 82.108199394133408, 28.129715254480907 ], [ 82.108002365508582, 28.130357706256703 ], [ 82.109128591546323, 28.130962377680007 ], [ 82.110117495758459, 28.13009688488955 ] ] ] } },
{ "type": "Feature", "properties": { "id": 1025.0, "created": 1651118137112.0, "created_by": "creationsharma5@gmail.com", "updated": 1653639186776.0, "updated_by": "creationsharma5@gmail.com", "area": 77.29, "cfug_code": "DAN/PU/09/12", "division_f": "Gorahi", "file_no": "LU/DA/BA/003", "geo_graphi": "TERAI", "hand_over_": "2021-04-14", "is_fecofun": "T", "main_ward": 3, "max_altitu": 900, "membership": "2021-04-14", "min_altitu": 750, "name": "Sallikot CF", "published": "F", "sub_divisi": "Purandhara", "forest_id": 1027.0, "group_offi": 1114.0, "info_offic": 1115.0, "local_regi": 548.0, "map_data_i": 1026.0, "is_customa": "F", "has_pan_nu": "?", "pan_number": null, "reporting_": 1028.0, "palika": "Babai Rural Municipality", "district": "Dang", "province": "Lumbini", "status": "DRAFT" }, "geometry": { "type": "Polygon", "coordinates": [ [ [ 82.125703283236362, 28.212558577976335 ], [ 82.126242243801244, 28.212454855531327 ], [ 82.126515444135293, 28.212272085214618 ], [ 82.126849017629866, 28.212016608727811 ], [ 82.126937114342581, 28.211672893306698 ], [ 82.127116435032804, 28.211283296066039 ], [ 82.127276894578245, 28.211038270759307 ], [ 82.127456115966197, 28.210639647838274 ], [ 82.127610696479678, 28.20983505568902 ], [ 82.127535965002608, 28.209510733889402 ], [ 82.127543214068282, 28.209230866649428 ], [ 82.126481160230469, 28.209004938036436 ], [ 82.125859007122926, 28.208946876815418 ], [ 82.124651392514352, 28.208442323925855 ], [ 82.123527844785713, 28.208180773315561 ], [ 82.12283230223693, 28.207924727549702 ], [ 82.121800744789653, 28.206714671185836 ], [ 82.121224081492983, 28.206132703924457 ], [ 82.1193364879, 28.204902561778422 ], [ 82.118324020586442, 28.204540771734095 ], [ 82.117249494185671, 28.204089220059384 ], [ 82.116867189994082, 28.203577854918208 ], [ 82.116682119376492, 28.203416896061732 ], [ 82.116077471291646, 28.203078838333678 ], [ 82.115705645817798, 28.202594462452279 ], [ 82.115284009429161, 28.202218804385087 ], [ 82.114425053354353, 28.201918915858652 ], [ 82.113481230975594, 28.201294773459793 ], [ 82.113547960296273, 28.200851952419704 ], [ 82.113412432197947, 28.20055519445485 ], [ 82.113440936780535, 28.200356388688633 ], [ 82.11339541542111, 28.199896428789273 ], [ 82.113369333383162, 28.199346049826179 ], [ 82.113138005952351, 28.198652923072121 ], [ 82.112716582312714, 28.198295306838816 ], [ 82.11240404547425, 28.198613760787314 ], [ 82.112655082892161, 28.19825970251431 ], [ 82.112725273065735, 28.198150818766855 ], [ 82.112803778843954, 28.197861345596653 ], [ 82.112710877729114, 28.19774476184887 ], [ 82.112607134797145, 28.197565083553954 ], [ 82.112422734382562, 28.197467295625277 ], [ 82.112431706220377, 28.197349883533906 ], [ 82.112225999357179, 28.19716200763752 ], [ 82.111855424882378, 28.196794949118193 ], [ 82.111709440941922, 28.196471195781243 ], [ 82.111560748890042, 28.19588570756591 ], [ 82.11123317212332, 28.195734924183274 ], [ 82.110995322582312, 28.195393863673367 ], [ 82.110929158050567, 28.194906991647869 ], [ 82.110721684468444, 28.194547631791963 ], [ 82.110079527657945, 28.19451673743173 ], [ 82.109631669998635, 28.194556473644905 ], [ 82.109738388448022, 28.195024965408287 ], [ 82.109783612540923, 28.195457851328619 ], [ 82.110297075007111, 28.1958508348986 ], [ 82.110119766672142, 28.196438969393647 ], [ 82.110310134361498, 28.197114382096469 ], [ 82.110449847474229, 28.197817283731041 ], [ 82.110556200728752, 28.198249673108101 ], [ 82.110563011548948, 28.198908522459231 ], [ 82.111213412077632, 28.199733642873444 ], [ 82.110778147762176, 28.200007959291831 ], [ 82.110539152519777, 28.200542438271224 ], [ 82.110513722291216, 28.201039079493757 ], [ 82.110761679883581, 28.201371032228472 ], [ 82.111264145525638, 28.201682865680503 ], [ 82.111341904732399, 28.202305034063741 ], [ 82.111757918144576, 28.203123028317361 ], [ 82.112221792573109, 28.203642771368017 ], [ 82.112828024022747, 28.204134276794047 ], [ 82.113547532528173, 28.203758354012386 ], [ 82.113802415376995, 28.203774331665432 ], [ 82.114397621597163, 28.204184684996992 ], [ 82.114837297005579, 28.204334546726564 ], [ 82.115297817334067, 28.204529367478514 ], [ 82.115540547529235, 28.204355893349106 ], [ 82.11583721684292, 28.204470813323915 ], [ 82.115999135130551, 28.205345021933688 ], [ 82.116389002534561, 28.205603597608622 ], [ 82.116679243394174, 28.206079610951512 ], [ 82.116537829220761, 28.206198103933108 ], [ 82.116918545798399, 28.206556039423418 ], [ 82.117217196035199, 28.206860487506699 ], [ 82.116953616787214, 28.206989004464781 ], [ 82.116903332993388, 28.20705259743594 ], [ 82.117429318837821, 28.20766207531895 ], [ 82.11774647119455, 28.207785849659551 ], [ 82.118165412277449, 28.207899765334542 ], [ 82.117767182760872, 28.208796599870322 ], [ 82.118299986526836, 28.209081079972098 ], [ 82.118877025844995, 28.209699160487737 ], [ 82.119567558809649, 28.210451700593829 ], [ 82.120495076233055, 28.211455025790823 ], [ 82.121385162172373, 28.211799749002704 ], [ 82.122106857714243, 28.211631362475764 ], [ 82.122483742889017, 28.211619244651285 ], [ 82.12290289287921, 28.211751195739271 ], [ 82.12331166502554, 28.211865178616424 ], [ 82.123904212727211, 28.212013754812727 ], [ 82.124381945119239, 28.211901516648052 ], [ 82.124841096636374, 28.211960924554948 ], [ 82.125018087215722, 28.212320511151322 ], [ 82.12526526505826, 28.212571207604107 ], [ 82.125408285297453, 28.212606135322805 ], [ 82.125703283236362, 28.212558577976335 ] ] ] } },
{ "type": "Feature", "properties": { "id": 3706.0, "created": 1651211494806.0, "created_by": "mastailaramesh100@gmail.com", "updated": 1651215530260.0, "updated_by": "mastailaramesh100@gmail.com", "area": 94.54, "cfug_code": "BAD/MH/33/03", "division_f": "Bardiya", "file_no": "LU/BA/BA/005", "geo_graphi": "TERAI", "hand_over_": "1999-01-19", "is_fecofun": "T", "main_ward": 5, "max_altitu": 155, "membership": "2020-04-13", "min_altitu": 137, "name": "Sati CF", "published": "F", "sub_divisi": "Bansgadhi", "forest_id": 3708.0, "group_offi": 3881.0, "info_offic": 3882.0, "local_regi": 583.0, "map_data_i": 3707.0, "is_customa": "F", "has_pan_nu": "?", "pan_number": null, "reporting_": 3709.0, "palika": "Basgadhi Municipality", "district": "Bardiya", "province": "Lumbini", "status": "DRAFT" }, "geometry": { "type": "Polygon", "coordinates": [ [ [ 81.524336533038877, 28.227107611737448 ], [ 81.523143408587202, 28.226967751933724 ], [ 81.522460833890364, 28.227024521759613 ], [ 81.522693613835145, 28.226689641137924 ], [ 81.523371916555334, 28.225757287887824 ], [ 81.52249201759696, 28.225056562211194 ], [ 81.523036063066684, 28.223763651535648 ], [ 81.524568817112595, 28.222503057687359 ], [ 81.525530747254379, 28.221226587406971 ], [ 81.525373506417964, 28.220333538658224 ], [ 81.525085067551117, 28.219702770370969 ], [ 81.52293526660651, 28.219810300214835 ], [ 81.519660032878164, 28.221113613916604 ], [ 81.518569589185063, 28.221117752095711 ], [ 81.518538638600148, 28.223148899245853 ], [ 81.518987534393091, 28.223246491556537 ], [ 81.519449068524409, 28.223849534995182 ], [ 81.519399599870667, 28.224156633925595 ], [ 81.519685961247887, 28.224363162515697 ], [ 81.519554304308258, 28.224535171784652 ], [ 81.519819893059321, 28.224660537829269 ], [ 81.519790323567577, 28.224868266478158 ], [ 81.520116625004448, 28.224903133254056 ], [ 81.520087232813239, 28.225146968463754 ], [ 81.520342673989944, 28.225281398832763 ], [ 81.520557878247928, 28.225524303388134 ], [ 81.520060419861693, 28.225923374654922 ], [ 81.520551232737489, 28.226255498882765 ], [ 81.520512087678071, 28.226589639167482 ], [ 81.520707304647658, 28.226913860592724 ], [ 81.520880343276076, 28.226868067753539 ], [ 81.521075868280604, 28.227255474982957 ], [ 81.521309926290996, 28.227182368743915 ], [ 81.521341289451811, 28.227344731418466 ], [ 81.521697734307963, 28.227289211528866 ], [ 81.522117612883449, 28.227702841620808 ], [ 81.524336533038877, 28.227107611737448 ] ] ] } },
{ "type": "Feature", "properties": { "id": 880.0, "created": 1651074516328.0, "created_by": "creationsharma5@gmail.com", "updated": 1653659568652.0, "updated_by": "creationsharma5@gmail.com", "area": 211.56, "cfug_code": "DAN/PU/09/03", "division_f": "Gorahi", "file_no": "LU/DA/BA/002", "geo_graphi": "TERAI", "hand_over_": "2021-04-14", "is_fecofun": "T", "main_ward": 4, "max_altitu": 800, "membership": "2021-04-14", "min_altitu": 600, "name": "Mathura Sallikot", "published": "F", "sub_divisi": "Purandhara", "forest_id": 882.0, "group_offi": 2123.0, "info_offic": 2124.0, "local_regi": 548.0, "map_data_i": 881.0, "is_customa": "F", "has_pan_nu": "?", "pan_number": null, "reporting_": 883.0, "palika": "Babai Rural Municipality", "district": "Dang", "province": "Lumbini", "status": "DRAFT" }, "geometry": { "type": "Polygon", "coordinates": [ [ [ 82.16077891504392, 28.229811953876272 ], [ 82.163155105081387, 28.229024556500022 ], [ 82.161060786689632, 28.227607225525698 ], [ 82.160791353730019, 28.227194318275057 ], [ 82.159883610380348, 28.226182085640577 ], [ 82.159525891474914, 28.226085833364142 ], [ 82.158882858289871, 28.225991998142515 ], [ 82.158798024582211, 28.22568583391288 ], [ 82.158006744924933, 28.224131042552532 ], [ 82.158699156192597, 28.22408004825445 ], [ 82.15791802003514, 28.223463871492402 ], [ 82.157379917160142, 28.223648945709947 ], [ 82.156921772577334, 28.223688925841198 ], [ 82.157380663673393, 28.222773419496594 ], [ 82.157781038898975, 28.222102108436189 ], [ 82.157113467110321, 28.221620354856562 ], [ 82.156051196390763, 28.219499205325967 ], [ 82.155470491736196, 28.218565409462723 ], [ 82.154581211914774, 28.217363436024943 ], [ 82.154089418821968, 28.216167129227674 ], [ 82.153978698886931, 28.215346697873624 ], [ 82.153780163265765, 28.214888046813943 ], [ 82.153626748302486, 28.214835184701681 ], [ 82.152512788190506, 28.213580934639705 ], [ 82.152633309131488, 28.213417451246855 ], [ 82.152016079344321, 28.212872064386694 ], [ 82.15168859064579, 28.212739431767307 ], [ 82.148859044362325, 28.209225027915014 ], [ 82.149268743523862, 28.208472428037304 ], [ 82.149223494692706, 28.207100854258776 ], [ 82.149079893133603, 28.205107311138025 ], [ 82.1484206271125, 28.204435894793175 ], [ 82.148507974052336, 28.204028990842637 ], [ 82.14816791616613, 28.203670803989557 ], [ 82.147095885069575, 28.203463170813585 ], [ 82.146406947111245, 28.202873227100131 ], [ 82.143702684203163, 28.202471633591422 ], [ 82.142837978666648, 28.202596196661116 ], [ 82.141882078663912, 28.201809886119833 ], [ 82.140853704127949, 28.201872620054097 ], [ 82.1394474261906, 28.201848233236245 ], [ 82.138590663147625, 28.202721864471673 ], [ 82.138532215496525, 28.202975079836463 ], [ 82.139433047384955, 28.20337375305521 ], [ 82.139756915043108, 28.204129242612471 ], [ 82.139285324839875, 28.205775908060918 ], [ 82.138343631871976, 28.207291093413041 ], [ 82.138337463373318, 28.2076702380736 ], [ 82.138330336194485, 28.2079591303652 ], [ 82.138371280219872, 28.207976841763816 ], [ 82.138391464948654, 28.207958621754003 ], [ 82.13837137556402, 28.207985866998669 ], [ 82.138680713542271, 28.209292067155086 ], [ 82.138701187737752, 28.209300922793624 ], [ 82.138737304136157, 28.209824131830707 ], [ 82.141543621604796, 28.210224968133897 ], [ 82.142318229482044, 28.210245580709397 ], [ 82.144174543500412, 28.210419614986197 ], [ 82.144664741237648, 28.210523826660388 ], [ 82.145647166005801, 28.210921774021433 ], [ 82.145673900085967, 28.211517267079611 ], [ 82.145693720085546, 28.212419702406539 ], [ 82.145504086918663, 28.212791356935675 ], [ 82.146380309015512, 28.21278401714957 ], [ 82.148899753869046, 28.21207690496637 ], [ 82.149236555153038, 28.212128232091427 ], [ 82.149057270435151, 28.213465586986068 ], [ 82.147369627957232, 28.216683984188176 ], [ 82.149624589132145, 28.216962909436909 ], [ 82.149541880120523, 28.21780302250162 ], [ 82.148447537445463, 28.218380852885534 ], [ 82.149084594740998, 28.220776418023998 ], [ 82.148897372710053, 28.221373706500273 ], [ 82.149511022842489, 28.222532903737267 ], [ 82.149087080731988, 28.223863287116174 ], [ 82.149275195086375, 28.225251709112356 ], [ 82.150853842438664, 28.225166226104815 ], [ 82.155062740668654, 28.227071329207092 ], [ 82.155559423554223, 28.226823431900016 ], [ 82.156228093197569, 28.227404468637978 ], [ 82.157918699202128, 28.228247631987355 ], [ 82.158883583615534, 28.228889328454237 ], [ 82.159299480495974, 28.229653010576492 ], [ 82.15980631421553, 28.230343712254321 ], [ 82.16077891504392, 28.229811953876272 ] ] ] } },
{ "type": "Feature", "properties": { "id": 33404.0, "created": 1652014750728.0, "created_by": "tezrazz.oli33@gmail.com", "updated": 1653759158110.0, "updated_by": "tezrazz.oli33@gmail.com", "area": 105.86, "cfug_code": "DAN/TU/05/11", "division_f": "Ghorahi", "file_no": "LU/DA/TU/055", "geo_graphi": "TERAI", "hand_over_": "1997-05-05", "is_fecofun": "T", "main_ward": 7, "max_altitu": 790, "membership": "2022-04-14", "min_altitu": 710, "name": "Shreeganesh CF", "published": "F", "sub_divisi": "Tulsipur", "forest_id": 33406.0, "group_offi": 33436.0, "info_offic": 33437.0, "local_regi": 540.0, "map_data_i": 33405.0, "is_customa": "F", "has_pan_nu": "?", "pan_number": null, "reporting_": 33407.0, "palika": "Tulsipur Sub-Metropolitan City", "district": "Dang", "province": "Lumbini", "status": "DRAFT" }, "geometry": { "type": "Polygon", "coordinates": [ [ [ 82.327058042341378, 28.154516964384374 ], [ 82.327354994253255, 28.154269038349295 ], [ 82.327832997776568, 28.153920976246869 ], [ 82.328021963592619, 28.153761013394821 ], [ 82.328378993377555, 28.153645000629151 ], [ 82.329065044294111, 28.153387972055416 ], [ 82.329491004522424, 28.153057016599558 ], [ 82.329765995324124, 28.152853976053372 ], [ 82.329636020993348, 28.152397993779896 ], [ 82.329659028444439, 28.151803967087545 ], [ 82.329739955253899, 28.150927955552852 ], [ 82.329943301680032, 28.150704128910412 ], [ 82.329967009485699, 28.150677994858139 ], [ 82.329891984001733, 28.150647042862175 ], [ 82.329092992411461, 28.14990403565881 ], [ 82.328446954139508, 28.149746033279335 ], [ 82.327824958774727, 28.149373974863458 ], [ 82.327571028610691, 28.149179042709235 ], [ 82.327164044196252, 28.148892988676767 ], [ 82.326746995619033, 28.148161971126584 ], [ 82.326649969385471, 28.147742039978784 ], [ 82.326567962707486, 28.147317991946689 ], [ 82.32608197547961, 28.146925022094894 ], [ 82.325783043808769, 28.146580965181226 ], [ 82.325114029052202, 28.14642398105115 ], [ 82.324852951860521, 28.146367026185398 ], [ 82.324806029268075, 28.146352136133441 ], [ 82.324229982506949, 28.146169969326603 ], [ 82.323658005858306, 28.146244002028592 ], [ 82.323212998220697, 28.146251008351797 ], [ 82.322924999520183, 28.146398021173113 ], [ 82.322283260058612, 28.146861100272972 ], [ 82.32208795112092, 28.147001981849009 ], [ 82.321852948749438, 28.147268974980641 ], [ 82.321608991653193, 28.14743704151013 ], [ 82.32147380465176, 28.147357564968264 ], [ 82.321379344328307, 28.147219659832391 ], [ 82.321644809562713, 28.14707828299904 ], [ 82.321639336645603, 28.146964250169358 ], [ 82.321611959545407, 28.146774702490333 ], [ 82.321535834867973, 28.146471268614786 ], [ 82.321606430923566, 28.146390799883793 ], [ 82.321802217280492, 28.146371762179644 ], [ 82.322089625056833, 28.14635066675768 ], [ 82.322005736990832, 28.146020591792357 ], [ 82.321976295032073, 28.14567952153914 ], [ 82.322037826990709, 28.145491101687835 ], [ 82.322123703081161, 28.145294955516857 ], [ 82.32230014243396, 28.145019050126873 ], [ 82.322436786314938, 28.144719971381445 ], [ 82.322438359959051, 28.144491694635295 ], [ 82.322421238175593, 28.144208541188203 ], [ 82.322376384516247, 28.143947587962504 ], [ 82.322427703533322, 28.143806471257875 ], [ 82.322505469608586, 28.143646686685567 ], [ 82.322518928616773, 28.143440949860651 ], [ 82.322497608023696, 28.143247191962235 ], [ 82.322368769964669, 28.14320339689553 ], [ 82.322105051251128, 28.143121370397186 ], [ 82.322005011781584, 28.143018088062206 ], [ 82.322083297651261, 28.142941877313227 ], [ 82.322479898342863, 28.142907994131328 ], [ 82.322814106708393, 28.142784905846895 ], [ 82.323205764463637, 28.142622360902219 ], [ 82.323184450913686, 28.142429234853125 ], [ 82.323118861706462, 28.142096636999952 ], [ 82.323081952985376, 28.14169498581645 ], [ 82.322488985140808, 28.141882037887267 ], [ 82.321979990229011, 28.141933973862979 ], [ 82.321324978838675, 28.141985962244458 ], [ 82.320873985765502, 28.142068022417057 ], [ 82.320509966404643, 28.142217838801361 ], [ 82.320235001097899, 28.142330963897663 ], [ 82.31983502896037, 28.14253004462271 ], [ 82.318779997469392, 28.142969017611268 ], [ 82.318392044573557, 28.143118968589057 ], [ 82.318191952945199, 28.143259980918863 ], [ 82.318086020066403, 28.143357034251558 ], [ 82.317936026200186, 28.143389977047008 ], [ 82.31725499528693, 28.143480014493889 ], [ 82.31678299268242, 28.143576975377101 ], [ 82.31635999167338, 28.143659022667656 ], [ 82.31613098050002, 28.143767004779782 ], [ 82.31593001523288, 28.143811988003328 ], [ 82.315826066245791, 28.14385495618226 ], [ 82.315946205577347, 28.144861530339231 ], [ 82.316158683388494, 28.145949532249801 ], [ 82.316358981712256, 28.147206974073285 ], [ 82.316682958509773, 28.147120011451406 ], [ 82.31722405081382, 28.147159036499996 ], [ 82.31748501729453, 28.147231982642126 ], [ 82.317551040963735, 28.147359964925279 ], [ 82.31812604010338, 28.147880997333839 ], [ 82.318464001466054, 28.148095988371857 ], [ 82.318642048630863, 28.14826603512136 ], [ 82.319005352677777, 28.148986674954269 ], [ 82.319175028649624, 28.149429018567872 ], [ 82.31925195583608, 28.149956014177949 ], [ 82.319350672070868, 28.150806553936523 ], [ 82.319352033955511, 28.150818003533281 ], [ 82.319472989474889, 28.151189963548028 ], [ 82.319657005136833, 28.15162196907394 ], [ 82.31964201235678, 28.151943972098795 ], [ 82.319524996273685, 28.152100974170445 ], [ 82.319281034928281, 28.152436013390979 ], [ 82.319257952040061, 28.152496979046902 ], [ 82.319139006198384, 28.152804007518601 ], [ 82.318983045173809, 28.152990988641754 ], [ 82.318539957690518, 28.153397983673628 ], [ 82.318540948966984, 28.153827961330602 ], [ 82.319452964758966, 28.153642996837061 ], [ 82.319788965338375, 28.154070017849573 ], [ 82.319845000456553, 28.154237988845825 ], [ 82.320143993012607, 28.154512017854245 ], [ 82.320912950381171, 28.154137978775069 ], [ 82.321754020813387, 28.15393102846431 ], [ 82.322193984349724, 28.153999981370056 ], [ 82.322833433398046, 28.154208710860019 ], [ 82.322870958130807, 28.154220984528539 ], [ 82.322990009386558, 28.154328956094091 ], [ 82.323270038526971, 28.154319030634021 ], [ 82.32351095409831, 28.154300005502378 ], [ 82.323798989353236, 28.154171042243295 ], [ 82.324032990436535, 28.154095040287334 ], [ 82.324356977420393, 28.154016001803164 ], [ 82.324642042047344, 28.15392695935169 ], [ 82.325140018598177, 28.153712023550661 ], [ 82.325610971951392, 28.153799980753003 ], [ 82.32590202789288, 28.153908000004801 ], [ 82.326148032909259, 28.153979990737017 ], [ 82.326259180088528, 28.154066193601103 ], [ 82.326276967593003, 28.154080011279966 ], [ 82.326104989799205, 28.154561033541906 ], [ 82.32620100089116, 28.154765981218315 ], [ 82.326485978963319, 28.154983991490791 ], [ 82.326633050572127, 28.155035006763764 ], [ 82.327058042341378, 28.154516964384374 ] ] ] } },
{ "type": "Feature", "properties": { "id": 625.0, "created": 1651052982070.0, "created_by": "mastailaramesh100@gmail.com", "updated": 1652258102003.0, "updated_by": "mastailaramesh100@gmail.com", "area": 87.59, "cfug_code": "BAD/MH/34/03", "division_f": "Bardiya", "file_no": "LU/BA/BA/001", "geo_graphi": "TERAI", "hand_over_": "2006-02-23", "is_fecofun": "T", "main_ward": 3, "max_altitu": 157, "membership": "2020-04-13", "min_altitu": 139, "name": "Uttar Bhakari CF", "published": "F", "sub_divisi": "Bansgadhi", "forest_id": 627.0, "group_offi": 658.0, "info_offic": 659.0, "local_regi": 583.0, "map_data_i": 626.0, "is_customa": "F", "has_pan_nu": "?", "pan_number": null, "reporting_": 628.0, "palika": "Basgadhi Municipality", "district": "Bardiya", "province": "Lumbini", "status": "DRAFT" }, "geometry": { "type": "Polygon", "coordinates": [ [ [ 81.536459906084929, 28.242433183912627 ], [ 81.536192269355524, 28.241910681770534 ], [ 81.53690397326136, 28.241546818499902 ], [ 81.536984793841839, 28.241402072962128 ], [ 81.537297880102415, 28.240823130387696 ], [ 81.537853418150917, 28.239809949080296 ], [ 81.537005335616414, 28.239398051475437 ], [ 81.536119376134593, 28.239564009839928 ], [ 81.535606085322797, 28.238834853647301 ], [ 81.536686649604235, 28.238857696974769 ], [ 81.537542702804785, 28.238827253986265 ], [ 81.537895554851275, 28.238049564824738 ], [ 81.537037834175862, 28.237746026255017 ], [ 81.537524275830947, 28.237184455546682 ], [ 81.53785642189905, 28.236343660393519 ], [ 81.537048863072414, 28.235877442578527 ], [ 81.536080716818105, 28.235908321748166 ], [ 81.535164928005543, 28.23621881896257 ], [ 81.534301084582694, 28.236727696002639 ], [ 81.53400766022969, 28.237162127046393 ], [ 81.533693666453473, 28.237560530664791 ], [ 81.533612125960644, 28.237560848895257 ], [ 81.533738659578376, 28.238408871071545 ], [ 81.534151672385633, 28.239472416512076 ], [ 81.534327153349295, 28.239914042287314 ], [ 81.534863934910391, 28.241265957854235 ], [ 81.535469331603963, 28.242066969900169 ], [ 81.535941505047958, 28.242724073244844 ], [ 81.536459906084929, 28.242433183912627 ] ] ] } },
{ "type": "Feature", "properties": { "id": 3193.0, "created": 1651201565548.0, "created_by": "sagarsubedi205@gmail.com", "updated": 1652528596328.0, "updated_by": "sagarsubedi205@gmail.com", "area": 25.0, "cfug_code": "Not available", "division_f": "Ramechhap", "file_no": "BA/RA/LI/003", "geo_graphi": "MID_HILL", "hand_over_": "2002-07-17", "is_fecofun": "T", "main_ward": 7, "max_altitu": 1100, "membership": "2020-04-13", "min_altitu": 900, "name": "Ramche", "published": "F", "sub_divisi": "Dhobi", "forest_id": 3195.0, "group_offi": 61628.0, "info_offic": 61629.0, "local_regi": 365.0, "map_data_i": 3194.0, "is_customa": "F", "has_pan_nu": "?", "pan_number": null, "reporting_": 3196.0, "palika": "LikhuTamakoshi Rural Municipality", "district": "Ramechap", "province": "Bagmati", "status": "DRAFT" }, "geometry": { "type": "Polygon", "coordinates": [ [ [ 86.101142000639811, 27.426789999999873 ], [ 86.100890999834519, 27.426366999999868 ], [ 86.10020599985728, 27.425827999999836 ], [ 86.100429999525659, 27.425637999999857 ], [ 86.100656000024173, 27.425440999999875 ], [ 86.101121000538114, 27.425115999999864 ], [ 86.101175000716466, 27.425098999999872 ], [ 86.101096000696998, 27.425413999999872 ], [ 86.101163999584969, 27.425496999999872 ], [ 86.101256999885663, 27.425486999999862 ], [ 86.101374001940712, 27.425526999999896 ], [ 86.101412999269087, 27.425635999999884 ], [ 86.101680999388918, 27.425763 ], [ 86.101927000039723, 27.42604099999987 ], [ 86.101958999410272, 27.426035999999883 ], [ 86.101959002262447, 27.425911999999833 ], [ 86.102034000621643, 27.425872999999843 ], [ 86.102125000266824, 27.425969 ], [ 86.102458999899682, 27.426248999999853 ], [ 86.102509001095314, 27.426206999999863 ], [ 86.102627999614924, 27.425922999999894 ], [ 86.102512999728788, 27.425618999999877 ], [ 86.102634002047125, 27.425592999999861 ], [ 86.102608000743203, 27.425495999999889 ], [ 86.101960000523832, 27.425740999999892 ], [ 86.101439999823924, 27.424864999999876 ], [ 86.101473999966402, 27.424819999999876 ], [ 86.10123400046723, 27.424324999999861 ], [ 86.101468000095338, 27.423897 ], [ 86.101537999813445, 27.423913999999844 ], [ 86.101731001457665, 27.423812999999868 ], [ 86.102423000847921, 27.424007 ], [ 86.102609000343364, 27.424689999999874 ], [ 86.10270800057333, 27.424936999999876 ], [ 86.10302487842273, 27.424566827629253 ], [ 86.103027793637011, 27.424205750124653 ], [ 86.10336301161442, 27.424036385950306 ], [ 86.104147913400084, 27.424555994638762 ], [ 86.104189907084219, 27.424366688933688 ], [ 86.103487028565723, 27.423712196895746 ], [ 86.104885594802909, 27.422150414739047 ], [ 86.104669811669737, 27.4225642899919 ], [ 86.105418246530462, 27.422587149659694 ], [ 86.107316465524491, 27.421786850491632 ], [ 86.110059173079208, 27.421641892682633 ], [ 86.113319784519263, 27.41998356813345 ], [ 86.105147001042496, 27.420383999999885 ], [ 86.10298099933425, 27.421582999999892 ], [ 86.101584000163712, 27.421684999999847 ], [ 86.100583999650553, 27.422053999999886 ], [ 86.100305999745615, 27.422193999999863 ], [ 86.100500999309588, 27.422228 ], [ 86.100751000398304, 27.422547999999875 ], [ 86.100488001888152, 27.422988999999848 ], [ 86.099842001043726, 27.423708999999864 ], [ 86.098997000139207, 27.423929999999839 ], [ 86.100262000516523, 27.425057999999886 ], [ 86.10003600170603, 27.425868999999839 ], [ 86.100135001703165, 27.426028999999851 ], [ 86.100646000471897, 27.426414999999889 ], [ 86.100837999430951, 27.426604 ], [ 86.101093000499532, 27.426798999999896 ], [ 86.101142000639811, 27.426789999999873 ] ] ] } },
{ "type": "Feature", "properties": { "id": 6419.0, "created": 1651328541921.0, "created_by": "tezrazz.oli33@gmail.com", "updated": 1653814330904.0, "updated_by": "tezrazz.oli33@gmail.com", "area": 426.59, "cfug_code": "DAN/TU/05/05", "division_f": "Ghorahi", "file_no": "LU/DA/TU/006", "geo_graphi": "TERAI", "hand_over_": "1996-02-06", "is_fecofun": "T", "main_ward": 3, "max_altitu": 600, "membership": "2022-04-14", "min_altitu": 450, "name": "Samjhana", "published": "F", "sub_divisi": "Tulsipur", "forest_id": 6421.0, "group_offi": 6496.0, "info_offic": 6497.0, "local_regi": 540.0, "map_data_i": 6420.0, "is_customa": "F", "has_pan_nu": "?", "pan_number": null, "reporting_": 6422.0, "palika": "Tulsipur Sub-Metropolitan City", "district": "Dang", "province": "Lumbini", "status": "DRAFT" }, "geometry": { "type": "Polygon", "coordinates": [ [ [ 82.292668854643125, 28.194096331356732 ], [ 82.295096461020876, 28.1943441527361 ], [ 82.29500152048422, 28.194074278458945 ], [ 82.295060462725814, 28.19389320558021 ], [ 82.295281295664608, 28.193620342990776 ], [ 82.295239462458994, 28.193530481344148 ], [ 82.295267847599462, 28.193349697590993 ], [ 82.295460295397788, 28.19325761849143 ], [ 82.295488677918911, 28.193076834700165 ], [ 82.295558893471025, 28.192985912471848 ], [ 82.295538521429989, 28.192986105321737 ], [ 82.295290786889382, 28.19271767745504 ], [ 82.29533736576559, 28.192356206305792 ], [ 82.29548106045695, 28.192445103805618 ], [ 82.295425776392221, 28.192084596770343 ], [ 82.295363571203779, 28.191994927950123 ], [ 82.295352297427598, 28.191904777071741 ], [ 82.295505089045037, 28.191903330882255 ], [ 82.295531295647379, 28.191542052493475 ], [ 82.295591322646942, 28.191451226681529 ], [ 82.295593889721204, 28.190819399241466 ], [ 82.295679034199566, 28.19027704766032 ], [ 82.29581253870856, 28.190366041347151 ], [ 82.295936947921291, 28.190545378625789 ], [ 82.296333111356944, 28.19045136937747 ], [ 82.296308385266457, 28.190090573230965 ], [ 82.296163605700713, 28.189911429205182 ], [ 82.296098134189378, 28.189551018803733 ], [ 82.296035930456128, 28.189461350226804 ], [ 82.296083594206721, 28.189190126082988 ], [ 82.296368796552997, 28.189187425105398 ], [ 82.296510310145095, 28.189095827112205 ], [ 82.296549964870792, 28.189005193887354 ], [ 82.296496856608428, 28.188825181742644 ], [ 82.2965048669721, 28.18864459068536 ], [ 82.296645288472064, 28.188462745286699 ], [ 82.296859188820235, 28.188460718779314 ], [ 82.296846825862303, 28.188280320727696 ], [ 82.296955599973444, 28.188008517270308 ], [ 82.297230614931323, 28.18800591111442 ], [ 82.297511456301436, 28.187642218798313 ], [ 82.297417387890164, 28.187444543761579 ], [ 82.297588581801392, 28.187280457279197 ], [ 82.297791205579415, 28.187188278689106 ], [ 82.297879606310744, 28.186916667714993 ], [ 82.298244216362946, 28.186741720590756 ], [ 82.298426030552946, 28.186613635416755 ], [ 82.298351789126173, 28.186370644155254 ], [ 82.298462738923263, 28.186279334119568 ], [ 82.298614431230817, 28.186187637477943 ], [ 82.298742481099907, 28.185825392228793 ], [ 82.298956377257127, 28.185823362618116 ], [ 82.299310686299577, 28.185639484738726 ], [ 82.299542770371772, 28.185456766414713 ], [ 82.299834874167573, 28.185183220199338 ], [ 82.300113515811972, 28.18463902850899 ], [ 82.300252835149877, 28.184366932470418 ], [ 82.300393246579915, 28.184185083511416 ], [ 82.3001895393827, 28.184187018516759 ], [ 82.300096780410968, 28.184097641951283 ], [ 82.300392512232065, 28.183282514616831 ], [ 82.30057147925254, 28.182919784042237 ], [ 82.300640591653064, 28.182738612220145 ], [ 82.30062712932704, 28.182467967330698 ], [ 82.300768630055245, 28.182376365260922 ], [ 82.301117463153787, 28.181741247025482 ], [ 82.301616882381495, 28.180924181064153 ], [ 82.30175619473448, 28.180652083638162 ], [ 82.301843486493453, 28.180290223155602 ], [ 82.30203481647186, 28.180107888399643 ], [ 82.302039533737116, 28.179656555505378 ], [ 82.301841648644768, 28.179297406953122 ], [ 82.301513546321075, 28.179120011306782 ], [ 82.301410605607089, 28.179030732283067 ], [ 82.301460438000504, 28.178940000948845 ], [ 82.301235277787782, 28.178851883575064 ], [ 82.300951195880771, 28.178944841040451 ], [ 82.300715851422865, 28.178856819580965 ], [ 82.300664926937316, 28.178857303397095 ], [ 82.300603817915544, 28.178857883951466 ], [ 82.300454678712413, 28.178317754796378 ], [ 82.300168412504718, 28.178230216037765 ], [ 82.300004365853965, 28.178141516198913 ], [ 82.299862870771904, 28.178233117370063 ], [ 82.299681725271512, 28.178415352463684 ], [ 82.299335443705786, 28.178418639377739 ], [ 82.299327438871842, 28.178599230680383 ], [ 82.299122653843369, 28.178510916422088 ], [ 82.298958604107611, 28.178422215318957 ], [ 82.298391899676062, 28.17788604483739 ], [ 82.298353339778259, 28.178066925914056 ], [ 82.298466462176293, 28.178156110769201 ], [ 82.298612321144901, 28.178425500405019 ], [ 82.298525019607041, 28.178787359234107 ], [ 82.298884759075008, 28.179054719696577 ], [ 82.298838197253644, 28.179416192150761 ], [ 82.298574479995295, 28.179508951537645 ], [ 82.298446436005179, 28.179871196724282 ], [ 82.298601391667034, 28.180050242302407 ], [ 82.298737067379989, 28.18031972824809 ], [ 82.298185987921897, 28.18023469742149 ], [ 82.297979018534534, 28.17996588685056 ], [ 82.297478866472375, 28.179880370259102 ], [ 82.297269338334445, 28.180243386667904 ], [ 82.297167488199193, 28.180244351761086 ], [ 82.296882308553904, 28.180247053619084 ], [ 82.296624417765997, 28.179978723300852 ], [ 82.296555301349144, 28.180159893331886 ], [ 82.296763355378062, 28.180518953540982 ], [ 82.296746250940487, 28.180789888647759 ], [ 82.296818636648823, 28.180879460678099 ], [ 82.296801532269455, 28.181150395775113 ], [ 82.296681488398463, 28.181332048253857 ], [ 82.296518528019078, 28.181333591721444 ], [ 82.296386121422984, 28.181334845646102 ], [ 82.296255893132184, 28.181516594227901 ], [ 82.296132581832353, 28.181427504077469 ], [ 82.296016193111427, 28.181067575172904 ], [ 82.295927793951705, 28.181339185166191 ], [ 82.296052190067712, 28.181518522910455 ], [ 82.296106381923892, 28.181788782953042 ], [ 82.296007793745957, 28.182060489414141 ], [ 82.295646566431969, 28.182515197236643 ], [ 82.295246080146171, 28.182248213993091 ], [ 82.295192980207503, 28.182068200986283 ], [ 82.295200989290606, 28.181887609775636 ], [ 82.295290482055862, 28.181706247621182 ], [ 82.295319947996177, 28.181615711083435 ], [ 82.295004210260231, 28.181618698263566 ], [ 82.29498166416306, 28.181438396086438 ], [ 82.295062060118653, 28.181347377853179 ], [ 82.294948501628824, 28.181222091265827 ], [ 82.294795071065892, 28.181169387864841 ], [ 82.294893660815433, 28.180897682168371 ], [ 82.294903846690431, 28.180897585829559 ], [ 82.295057710260153, 28.18098638809828 ], [ 82.295086088415701, 28.180805604159477 ], [ 82.294993336661719, 28.18071622385451 ], [ 82.295043174584862, 28.180625494672789 ], [ 82.295103197102435, 28.180534669122022 ], [ 82.295109033526387, 28.180173582978316 ], [ 82.295026464678813, 28.180084106318031 ], [ 82.294900983630214, 28.179814520031588 ], [ 82.294969016511459, 28.17954310327924 ], [ 82.295220377738588, 28.179269952178931 ], [ 82.295270214206539, 28.179179222924411 ], [ 82.295410628663376, 28.178997378888056 ], [ 82.295502291235607, 28.178996511518836 ], [ 82.295508126029745, 28.178635425326227 ], [ 82.295366625185125, 28.178727021991545 ], [ 82.295367713144515, 28.178817269450857 ], [ 82.295298593991902, 28.178998438922704 ], [ 82.295195657352451, 28.178909155048 ], [ 82.294922840548679, 28.179092251292861 ], [ 82.29482682805974, 28.178732128370072 ], [ 82.294660610088613, 28.178462927039874 ], [ 82.294518021692056, 28.178464275354568 ], [ 82.294396891607903, 28.178555678432204 ], [ 82.29408224724466, 28.178648910695006 ], [ 82.294023311056662, 28.178829983323329 ], [ 82.293871624395251, 28.178921674758104 ], [ 82.293722108996008, 28.179193861059652 ], [ 82.293607903178781, 28.179014424683995 ], [ 82.293417647946626, 28.179286995620753 ], [ 82.293122285045683, 28.179289785787077 ], [ 82.292839280911721, 28.179472974219703 ], [ 82.29255410109181, 28.179475666995668 ], [ 82.292311832658015, 28.179658469732811 ], [ 82.292131757829338, 28.179930942859759 ], [ 82.291826208820567, 28.17993382641815 ], [ 82.291623593540862, 28.180025995988849 ], [ 82.291439180553425, 28.179937477947018 ], [ 82.291364633361809, 28.179667407712042 ], [ 82.291186066635419, 28.179217802829896 ], [ 82.291020940407179, 28.179038844432004 ], [ 82.290039939864073, 28.178777318278343 ], [ 82.289697343017906, 28.178238998912015 ], [ 82.289291032007895, 28.178333083733765 ], [ 82.289089500263799, 28.178515497232048 ], [ 82.288907254231162, 28.178607470988844 ], [ 82.288410359353293, 28.178792663910802 ], [ 82.287327060475945, 28.179344401937865 ], [ 82.286849450145382, 28.179439150081802 ], [ 82.286359025456477, 28.180165822348492 ], [ 82.286319366365205, 28.180256452910442 ], [ 82.286086190259084, 28.18034890154858 ], [ 82.285823539714329, 28.180531884568325 ], [ 82.285653630737215, 28.180804254064515 ], [ 82.2851385086542, 28.18117012244905 ], [ 82.284772921528202, 28.181263811853306 ], [ 82.284131853899453, 28.182172406059379 ], [ 82.283542188932188, 28.182268194047662 ], [ 82.282459906651638, 28.182910143106788 ], [ 82.280619592580479, 28.183198145458139 ], [ 82.278270023001824, 28.185205781909584 ], [ 82.279754259099718, 28.186663118575037 ], [ 82.280707118683495, 28.18712354784585 ], [ 82.28015163569944, 28.18752587903645 ], [ 82.280479837325402, 28.18771235078632 ], [ 82.28035127709154, 28.190601806705761 ], [ 82.280771057528909, 28.190778394958663 ], [ 82.281383874011226, 28.191765495565434 ], [ 82.281479856581427, 28.192125628349633 ], [ 82.281460559635889, 28.192216066876117 ], [ 82.281504534301348, 28.19248642869357 ], [ 82.281815503665712, 28.192934805792408 ], [ 82.28212432313012, 28.193202686592883 ], [ 82.282249790034257, 28.193472284620878 ], [ 82.283910756639671, 28.194359290593894 ], [ 82.284427024947945, 28.194083672952107 ], [ 82.292665857472457, 28.195540481295982 ], [ 82.292668854643125, 28.194096331356732 ] ] ] } },
{ "type": "Feature", "properties": { "id": 3074.0, "created": 1651198469579.0, "created_by": "mastailaramesh100@gmail.com", "updated": 1651219259426.0, "updated_by": "mastailaramesh100@gmail.com", "area": 173.57, "cfug_code": "BAD/BS/28/01", "division_f": "Bardiya", "file_no": "LU/BA/BA/004", "geo_graphi": "TERAI", "hand_over_": "2009-03-26", "is_fecofun": "T", "main_ward": 8, "max_altitu": 162, "membership": "2020-04-19", "min_altitu": 143, "name": "Ram Janaki CF", "published": "F", "sub_divisi": "Bansgadhi", "forest_id": 3076.0, "group_offi": 3108.0, "info_offic": 3109.0, "local_regi": 583.0, "map_data_i": 3075.0, "is_customa": "F", "has_pan_nu": "?", "pan_number": null, "reporting_": 3077.0, "palika": "Basgadhi Municipality", "district": "Bardiya", "province": "Lumbini", "status": "DRAFT" }, "geometry": { "type": "Polygon", "coordinates": [ [ [ 81.479795946448576, 28.269877580662612 ], [ 81.486582230369095, 28.275684867812593 ], [ 81.488921239215415, 28.274331531073436 ], [ 81.490395882399753, 28.273495784698895 ], [ 81.48639389150776, 28.265647781033987 ], [ 81.47996672760928, 28.26703354897133 ], [ 81.479781099478714, 28.268839554602 ], [ 81.479795946448576, 28.269877580662612 ] ] ] } },
{ "type": "Feature", "properties": { "id": 2652.0, "created": 1651142927417.0, "created_by": "sagarsubedi205@gmail.com", "updated": 1652502163615.0, "updated_by": "sagarsubedi205@gmail.com", "area": 22.85, "cfug_code": "NA", "division_f": "Ramechhap", "file_no": "BA/RA/LI/002", "geo_graphi": "MID_HILL", "hand_over_": "2015-09-09", "is_fecofun": "T", "main_ward": 7, "max_altitu": 1200, "membership": "2020-04-13", "min_altitu": 800, "name": "Banpale Dhyarighari", "published": "F", "sub_divisi": "Dhobi", "forest_id": 2654.0, "group_offi": 56461.0, "info_offic": 56462.0, "local_regi": 365.0, "map_data_i": 2653.0, "is_customa": "F", "has_pan_nu": "?", "pan_number": null, "reporting_": 2655.0, "palika": "LikhuTamakoshi Rural Municipality", "district": "Ramechap", "province": "Bagmati", "status": "DRAFT" }, "geometry": { "type": "Polygon", "coordinates": [ [ [ 86.09594256390119, 27.433340836570931 ], [ 86.096741087734699, 27.432190508619566 ], [ 86.096845341788139, 27.431812033927805 ], [ 86.096532310766634, 27.43173778597842 ], [ 86.096195883001201, 27.432051563298355 ], [ 86.096116346074268, 27.431879527126995 ], [ 86.096210926712956, 27.43144682585833 ], [ 86.096102068666369, 27.431148216099427 ], [ 86.095994095143396, 27.430741283315037 ], [ 86.09632003295701, 27.430472575314216 ], [ 86.097014629689511, 27.430901364486452 ], [ 86.097023351641838, 27.431072941398718 ], [ 86.097448178916238, 27.431084720496283 ], [ 86.097321640059818, 27.431715818295572 ], [ 86.098163677437697, 27.43143239288419 ], [ 86.098742605361622, 27.431156288543608 ], [ 86.098988557583652, 27.430769700867554 ], [ 86.09927658829838, 27.430184781960723 ], [ 86.100636606337503, 27.42965192056273 ], [ 86.099984300148208, 27.428997737424105 ], [ 86.100025717169046, 27.428880648699199 ], [ 86.099950202973559, 27.428212133689311 ], [ 86.10147110564867, 27.427797658497653 ], [ 86.10107507801149, 27.426729871739656 ], [ 86.100241789245047, 27.42593911153924 ], [ 86.100204324000515, 27.425568746256012 ], [ 86.100306876993272, 27.425397887566394 ], [ 86.099881849659141, 27.425413198476683 ], [ 86.099179876036942, 27.42589614342025 ], [ 86.099004897754639, 27.426265135870139 ], [ 86.099091472686268, 27.426816366772162 ], [ 86.099048734991811, 27.427095939886595 ], [ 86.098983860225417, 27.427610082199489 ], [ 86.098707932222169, 27.427951339357271 ], [ 86.098157023428939, 27.428516501900344 ], [ 86.097478998824954, 27.428539195477232 ], [ 86.096975674096029, 27.428229004121039 ], [ 86.09699737658957, 27.42804859684578 ], [ 86.096755829290487, 27.427893566107198 ], [ 86.096338336530607, 27.428224873594615 ], [ 86.096213998680469, 27.428585163116413 ], [ 86.096714753366541, 27.429211299251236 ], [ 86.096096541266888, 27.429342702321499 ], [ 86.095689231762663, 27.429665046311477 ], [ 86.095079660706688, 27.429977048630111 ], [ 86.094903408782557, 27.430499492696161 ], [ 86.095092827745248, 27.430843763361068 ], [ 86.094988567929249, 27.431222236670962 ], [ 86.094728949305136, 27.432042042742736 ], [ 86.094839275581762, 27.432160115327111 ], [ 86.095040949410759, 27.432242671438541 ], [ 86.09516021667514, 27.432505239989379 ], [ 86.095475750975311, 27.43227257615683 ], [ 86.095554552448448, 27.432534881752414 ], [ 86.094824152241927, 27.432773879280887 ], [ 86.094497687648982, 27.433105771779847 ], [ 86.094229859707411, 27.433690811279838 ], [ 86.094226910267025, 27.434051887416999 ], [ 86.09594256390119, 27.433340836570931 ] ] ] } },
{ "type": "Feature", "properties": { "id": 178.0, "created": 1651038825613.0, "created_by": "creationsharma5@gmail.com", "updated": 1653214439888.0, "updated_by": "creationsharma5@gmail.com", "area": 465.0, "cfug_code": "DAN/PU/09/06", "division_f": "Gorahi", "file_no": "LU/DA/BA/001", "geo_graphi": "TERAI", "hand_over_": "1998-12-20", "is_fecofun": "T", "main_ward": 5, "max_altitu": 620, "membership": "2018-06-19", "min_altitu": 520, "name": "Purba Hapure CF", "published": "F", "sub_divisi": "Purandhara", "forest_id": 180.0, "group_offi": 269.0, "info_offic": 270.0, "local_regi": 548.0, "map_data_i": 179.0, "is_customa": "F", "has_pan_nu": "?", "pan_number": null, "reporting_": 181.0, "palika": "Babai Rural Municipality", "district": "Dang", "province": "Lumbini", "status": "DRAFT" }, "geometry": { "type": "Polygon", "coordinates": [ [ [ 82.133370047318749, 28.183991004060086 ], [ 82.133927514078096, 28.183724631550017 ], [ 82.133605563431047, 28.1831406033828 ], [ 82.134497157356236, 28.182681913946251 ], [ 82.13469497585902, 28.183086447564385 ], [ 82.135028167860582, 28.183769666603773 ], [ 82.135172867972869, 28.183967040258352 ], [ 82.135385532747023, 28.183847937729137 ], [ 82.135722241888288, 28.183899301094751 ], [ 82.136307396751363, 28.183361907331594 ], [ 82.136986413854174, 28.183031331113749 ], [ 82.137290463258978, 28.182884388498501 ], [ 82.137258280359674, 28.182731212739142 ], [ 82.137184784340207, 28.182524223785155 ], [ 82.137028750730678, 28.182218633591635 ], [ 82.13686386909103, 28.182039481601219 ], [ 82.136687846737914, 28.181770161218108 ], [ 82.136613206239417, 28.181454868575013 ], [ 82.13661120244069, 28.181265337790091 ], [ 82.136607862252276, 28.180949453136609 ], [ 82.136553784192074, 28.180652041826065 ], [ 82.137038876651786, 28.180286971104106 ], [ 82.137022200680804, 28.179673336930264 ], [ 82.137295395194087, 28.179499572452279 ], [ 82.137783631857019, 28.179432333326158 ], [ 82.138333075505216, 28.179373609634503 ], [ 82.138397248752881, 28.179661910206747 ], [ 82.138855596480425, 28.179658098231251 ], [ 82.138873863907065, 28.179459372818251 ], [ 82.138943535683211, 28.17930535009792 ], [ 82.138911259127781, 28.179143149414895 ], [ 82.139275640656706, 28.178923492147916 ], [ 82.139680571504869, 28.178685444269412 ], [ 82.139862378768157, 28.178539513691177 ], [ 82.13962677429663, 28.178415110100449 ], [ 82.13983588188421, 28.177962066044863 ], [ 82.139495842682663, 28.177594827779838 ], [ 82.139241783646867, 28.177651098415048 ], [ 82.139200276811607, 28.177579235234035 ], [ 82.139402643486392, 28.177451186327044 ], [ 82.139308967161924, 28.177262418438701 ], [ 82.139286014891695, 28.177018905585648 ], [ 82.138848238217179, 28.177040599785762 ], [ 82.138672985660378, 28.176843483868041 ], [ 82.138347343192436, 28.176873269909485 ], [ 82.138335915980861, 28.176756026002607 ], [ 82.138750930549577, 28.176508871021237 ], [ 82.13834141852567, 28.176313702777811 ], [ 82.138217189873103, 28.176125188064038 ], [ 82.138498265412636, 28.17573473009724 ], [ 82.138132077583577, 28.175782904845917 ], [ 82.138149867940228, 28.175539053007935 ], [ 82.138404304976575, 28.175518885621223 ], [ 82.138247801514808, 28.175168169923825 ], [ 82.13837695895927, 28.174860209687026 ], [ 82.137846953002736, 28.17482851084138 ], [ 82.138097949151415, 28.174483433995345 ], [ 82.138032730552368, 28.174095854869876 ], [ 82.137775049835909, 28.173809161900706 ], [ 82.137893735896796, 28.173474210852177 ], [ 82.137848698883317, 28.173068411701276 ], [ 82.137603209586814, 28.172971164597076 ], [ 82.13675557152601, 28.172761578255297 ], [ 82.136301809165161, 28.172232805832163 ], [ 82.135890032048337, 28.171821022576072 ], [ 82.135301396308932, 28.171058687146111 ], [ 82.135053628939204, 28.170744828185022 ], [ 82.134753129619639, 28.170259910094821 ], [ 82.134995181055274, 28.170032251972756 ], [ 82.135027154523414, 28.169201587086512 ], [ 82.134033733978868, 28.167720512771687 ], [ 82.13332473061746, 28.167130660098543 ], [ 82.132528560468927, 28.165999958786351 ], [ 82.131995273928624, 28.165652350078044 ], [ 82.13097257935442, 28.165254625062168 ], [ 82.130332302476745, 28.165386276407546 ], [ 82.129502167925239, 28.164896689801719 ], [ 82.128424403548706, 28.16410225097448 ], [ 82.127617304911837, 28.163865193631988 ], [ 82.126862454286311, 28.163754067081463 ], [ 82.12536020076368, 28.163269982983028 ], [ 82.124183472071309, 28.162747106119728 ], [ 82.123795915511437, 28.162696129964811 ], [ 82.123696337570436, 28.162913573706209 ], [ 82.123157433641609, 28.162999229109271 ], [ 82.122498501208611, 28.162318646346982 ], [ 82.121767627773806, 28.16157546654631 ], [ 82.121295781398658, 28.161254389909846 ], [ 82.120986504713073, 28.16089587668052 ], [ 82.12080009188503, 28.160599540201872 ], [ 82.120303093339317, 28.159818333500763 ], [ 82.118809653096832, 28.160173533170621 ], [ 82.11798007786274, 28.159729000494675 ], [ 82.117910066386685, 28.158872089746257 ], [ 82.117885104613379, 28.158430013151175 ], [ 82.117528304632287, 28.158396820091127 ], [ 82.11716263089329, 28.158490064278897 ], [ 82.116497231938411, 28.158161522745175 ], [ 82.116126877663191, 28.157803495689492 ], [ 82.115614891867153, 28.157536882484717 ], [ 82.115213153068908, 28.157097873229183 ], [ 82.114775261376053, 28.157101437581641 ], [ 82.114119687466882, 28.156736699593068 ], [ 82.113874723378103, 28.156684534925983 ], [ 82.113762051332742, 28.156622268110478 ], [ 82.113596781739034, 28.156397958305408 ], [ 82.113030997221358, 28.155851962100108 ], [ 82.112718207761645, 28.156134313634407 ], [ 82.11226340639405, 28.156471974486049 ], [ 82.112001714180224, 28.156771961786337 ], [ 82.111293719615787, 28.157247066813223 ], [ 82.110189150786027, 28.156795690197697 ], [ 82.109872254135553, 28.15668091830473 ], [ 82.109239668236114, 28.156568702365959 ], [ 82.10821807110915, 28.156261055984601 ], [ 82.107549552223645, 28.155625606145922 ], [ 82.107427350129001, 28.155626594106497 ], [ 82.107119619846344, 28.155412453910134 ], [ 82.106853460078128, 28.155279212479183 ], [ 82.106709130632225, 28.155108881703249 ], [ 82.106471572187729, 28.154785859200135 ], [ 82.106172917410731, 28.154463329618203 ], [ 82.105419526284095, 28.153494586257427 ], [ 82.10441379545955, 28.152744500708387 ], [ 82.103869553422555, 28.152306605296392 ], [ 82.103262830525637, 28.151733818355975 ], [ 82.102658056188375, 28.151350562320911 ], [ 82.101523865014315, 28.150980587384264 ], [ 82.101045358402189, 28.150993460068381 ], [ 82.099951595126186, 28.151588947087884 ], [ 82.099600907240529, 28.152151384766736 ], [ 82.099406926368829, 28.153100689267433 ], [ 82.099658885621466, 28.15383881266462 ], [ 82.100187794363592, 28.15576616507029 ], [ 82.10048169788206, 28.15662128963892 ], [ 82.102001132909209, 28.158802430632281 ], [ 82.102699637878686, 28.159383509228743 ], [ 82.102994220040273, 28.160301804971716 ], [ 82.103495357965585, 28.160505369976459 ], [ 82.103244741039816, 28.160895513348727 ], [ 82.103010234248359, 28.160870323588224 ], [ 82.102767485426739, 28.161034748963619 ], [ 82.102893949311692, 28.161448933673743 ], [ 82.10356108949054, 28.161949024414589 ], [ 82.104421918629669, 28.162465602345442 ], [ 82.105186554894317, 28.162540669769282 ], [ 82.105732412775978, 28.162139113656991 ], [ 82.106485840398818, 28.162114976745656 ], [ 82.106763501185924, 28.162374491503041 ], [ 82.107230758061633, 28.162253375078954 ], [ 82.107539957738481, 28.161619045149305 ], [ 82.10846432246035, 28.162369763206584 ], [ 82.109131121949758, 28.162833724308054 ], [ 82.109548016742337, 28.162767164655772 ], [ 82.109820343961474, 28.163496075331665 ], [ 82.110410555556882, 28.163446160738314 ], [ 82.11073943041265, 28.163732330301642 ], [ 82.111154067504685, 28.164433005385114 ], [ 82.111228246532846, 28.164712213651224 ], [ 82.112500807153992, 28.1646567518263 ], [ 82.112463709956501, 28.165009072244995 ], [ 82.112871360208374, 28.165032838749564 ], [ 82.113103915879037, 28.164868478512602 ], [ 82.113320494478103, 28.165128475840188 ], [ 82.113307225925382, 28.165814569446443 ], [ 82.11360462650191, 28.166010726300872 ], [ 82.113840642850846, 28.166180303371952 ], [ 82.114523928845301, 28.166265005664812 ], [ 82.115129298181273, 28.166693331702202 ], [ 82.115220036765095, 28.167586178968168 ], [ 82.115568015782628, 28.168729662144383 ], [ 82.115981016948353, 28.169267864259485 ], [ 82.11646913154982, 28.169191676648367 ], [ 82.117150467645843, 28.169086832788551 ], [ 82.117508241790347, 28.169210279281018 ], [ 82.117536171164829, 28.168957320114924 ], [ 82.118271995976102, 28.169195018443876 ], [ 82.118615173327271, 28.168894353811979 ], [ 82.118915597500745, 28.169379309620631 ], [ 82.11965992138721, 28.169454460890105 ], [ 82.119928010972217, 28.169768182561974 ], [ 82.120140667364467, 28.16964910379615 ], [ 82.120216566079762, 28.170090762362463 ], [ 82.119903191516642, 28.170318978326605 ], [ 82.120098956511356, 28.170534003823562 ], [ 82.120240133488551, 28.170397457329166 ], [ 82.120986345980782, 28.170653107926622 ], [ 82.120013592066243, 28.171139451413211 ], [ 82.119803472072817, 28.171502214251433 ], [ 82.120190024608746, 28.17145392204997 ], [ 82.120357401494402, 28.171876779810447 ], [ 82.120129165938124, 28.172456317905272 ], [ 82.120414156757761, 28.172435934109483 ], [ 82.120675766665954, 28.172126905649289 ], [ 82.121527889161371, 28.172769808651864 ], [ 82.122017990564927, 28.172883132938534 ], [ 82.122088437667117, 28.172801320734816 ], [ 82.122487723827362, 28.172996622424719 ], [ 82.12147129769437, 28.173203525176529 ], [ 82.122501488600392, 28.173339501483092 ], [ 82.122939914290328, 28.173381037186438 ], [ 82.122926053008996, 28.173029132885368 ], [ 82.123377587297, 28.173350368857619 ], [ 82.123390411841683, 28.173602994457443 ], [ 82.123532907804474, 28.173592799205853 ], [ 82.123708883242216, 28.17386213815757 ], [ 82.124251049011946, 28.174083340175134 ], [ 82.124017926864326, 28.174193567266435 ], [ 82.123941633733921, 28.174690628942269 ], [ 82.123925886931829, 28.175133037005061 ], [ 82.124400255561341, 28.17568876031471 ], [ 82.124507112836, 28.176166265844046 ], [ 82.124926123826299, 28.176298215306144 ], [ 82.125391262001358, 28.176944271642945 ], [ 82.125354677555151, 28.177341720423868 ], [ 82.125650998961646, 28.177429545461333 ], [ 82.125790592806879, 28.178114380651358 ], [ 82.125936592346989, 28.17843811931948 ], [ 82.125727611070033, 28.178909194458015 ], [ 82.125729785300791, 28.179116776646801 ], [ 82.126357815985102, 28.17975246351752 ], [ 82.12763531593373, 28.181122938349922 ], [ 82.128130009630695, 28.181669453843107 ], [ 82.128697523497976, 28.182359784311306 ], [ 82.128890769381542, 28.182331112672284 ], [ 82.129694499366451, 28.18223422185261 ], [ 82.130342091317289, 28.182788493202754 ], [ 82.130753132747486, 28.183128089567827 ], [ 82.131040997919627, 28.183378441640723 ], [ 82.13141092058504, 28.183682271340196 ], [ 82.132119550311472, 28.184227003239528 ], [ 82.132521273510065, 28.184647905701098 ], [ 82.133370047318749, 28.183991004060086 ] ] ] } },
{ "type": "Feature", "properties": { "id": 23841.0, "created": 1651659963480.0, "created_by": "mastailaramesh100@gmail.com", "updated": 1653115933604.0, "updated_by": "mastailaramesh100@gmail.com", "area": 39.87, "cfug_code": "BAD/BS/28/16", "division_f": "Bardiya", "file_no": "LU/BA/BA/009", "geo_graphi": "TERAI", "hand_over_": "2008-12-21", "is_fecofun": "T", "main_ward": 8, "max_altitu": 156, "membership": "2020-04-13", "min_altitu": 141, "name": "Fulbari CF", "published": "F", "sub_divisi": "Bansgadhi", "forest_id": 23843.0, "group_offi": 23890.0, "info_offic": 23891.0, "local_regi": 583.0, "map_data_i": 23842.0, "is_customa": "F", "has_pan_nu": "?", "pan_number": null, "reporting_": 23844.0, "palika": "Basgadhi Municipality", "district": "Bardiya", "province": "Lumbini", "status": "DRAFT" }, "geometry": { "type": "Polygon", "coordinates": [ [ [ 81.500519946508575, 28.271139197050342 ], [ 81.499349139106926, 28.273698050706621 ], [ 81.499912242463324, 28.274192462499212 ], [ 81.500638405384962, 28.274668220982832 ], [ 81.502776487148367, 28.276167835363083 ], [ 81.503706603078172, 28.276642826421284 ], [ 81.504786117118783, 28.278525430072754 ], [ 81.505478460108861, 28.278306228407747 ], [ 81.505538190191146, 28.277999098363924 ], [ 81.505223734071478, 28.276185887402455 ], [ 81.504410153254867, 28.276640230615765 ], [ 81.504242589930072, 28.275702068268366 ], [ 81.504289958218578, 28.274934620478131 ], [ 81.505932872300036, 28.2730509842293 ], [ 81.505747513263486, 28.272663520559746 ], [ 81.505223597690929, 28.271834998435903 ], [ 81.503895453468431, 28.271271218077516 ], [ 81.503536391363014, 28.270803150968582 ], [ 81.50261817406863, 28.270680157287508 ], [ 81.500968099571764, 28.271038260396331 ], [ 81.500519946508575, 28.271139197050342 ] ] ] } },
{ "type": "Feature", "properties": { "id": 6125.0, "created": 1651325169856.0, "created_by": "tezrazz.oli33@gmail.com", "updated": 1653837587730.0, "updated_by": "tezrazz.oli33@gmail.com", "area": 12.95, "cfug_code": "DAN/MA/26/07", "division_f": "Ghorahi", "file_no": "LU/DA/TU/005", "geo_graphi": "TERAI", "hand_over_": "2022-04-14", "is_fecofun": "T", "main_ward": 14, "max_altitu": 570, "membership": "2022-04-14", "min_altitu": 560, "name": "Matera Sisuwaganar", "published": "F", "sub_divisi": "Bijauri", "forest_id": 6127.0, "group_offi": 6156.0, "info_offic": 6157.0, "local_regi": 540.0, "map_data_i": 6126.0, "is_customa": "F", "has_pan_nu": "?", "pan_number": null, "reporting_": 6128.0, "palika": "Tulsipur Sub-Metropolitan City", "district": "Dang", "province": "Lumbini", "status": "DRAFT" }, "geometry": { "type": "Polygon", "coordinates": [ [ [ 82.305073505383916, 28.03404980556973 ], [ 82.305273660866078, 28.033777125729788 ], [ 82.305097376229241, 28.03349899665595 ], [ 82.304874266672414, 28.033555271817011 ], [ 82.30480132449884, 28.033411549662439 ], [ 82.305064139887691, 28.033273663989863 ], [ 82.304862396093085, 28.032571557324648 ], [ 82.304053662985098, 28.032145991818236 ], [ 82.30329785507638, 28.031891412156472 ], [ 82.303217575710732, 28.03198243320017 ], [ 82.302975863567553, 28.032183296777728 ], [ 82.302734043623786, 28.032375135042177 ], [ 82.303067018277943, 28.032994766944793 ], [ 82.303360836405773, 28.033741132597179 ], [ 82.303699854528531, 28.034017719625485 ], [ 82.304227399756201, 28.034743812798016 ], [ 82.305073505383916, 28.03404980556973 ] ] ] } },
{ "type": "Feature", "properties": { "id": 71.0, "created": 1650962627149.0, "created_by": "info.sujankhanal@gmail.com", "updated": 1686279013963.0, "updated_by": "info.sujankhanal@gmail.com", "area": 120.0, "cfug_code": "MA/HE/78/79", "division_f": "Lamjung", "file_no": "PR/DH/GA/001", "geo_graphi": "HIGH_HIMAL", "hand_over_": "2022-04-26", "is_fecofun": "T", "main_ward": 1, "max_altitu": 500, "membership": "2012-04-26", "min_altitu": 300, "name": "Sautamara", "published": "F", "sub_divisi": "Beshisahar", "forest_id": 73.0, "group_offi": null, "info_offic": null, "local_regi": 225.0, "map_data_i": 72.0, "is_customa": "F", "has_pan_nu": "?", "pan_number": null, "reporting_": 74.0, "palika": "Ganeshman Charnath Municipality", "district": "Dhanusha", "province": "Madhesh", "status": "DISCARDED" }, "geometry": { "type": "Polygon", "coordinates": [ [ [ 86.247739597281907, 27.425395815070029 ], [ 86.247963445144705, 27.425207443364584 ], [ 86.247843125252984, 27.423554743868863 ], [ 86.247499412565958, 27.42351677854861 ], [ 86.247375260805711, 27.423922350227141 ], [ 86.246423273521941, 27.424070676423284 ], [ 86.246633145376109, 27.424450969820548 ], [ 86.246692496351898, 27.424649897667372 ], [ 86.246752767299768, 27.424713416518728 ], [ 86.247014081920497, 27.424967600964866 ], [ 86.247063684160821, 27.425112310423312 ], [ 86.246920522244181, 27.425337226965606 ], [ 86.246838424878661, 27.425508307730592 ], [ 86.246876810269896, 27.425815453329147 ], [ 86.247612996085081, 27.426162477422483 ], [ 86.247739597281907, 27.425395815070029 ] ] ] } },
{ "type": "Feature", "properties": { "id": 138.0, "created": 1651037653765.0, "created_by": "tezrazz.oli33@gmail.com", "updated": 1653814145834.0, "updated_by": "tezrazz.oli33@gmail.com", "area": 293.38, "cfug_code": "DAN/BH/03/09", "division_f": "Ghorahi", "file_no": "LU/DA/TU/001", "geo_graphi": "CHURE", "hand_over_": "1998-06-23", "is_fecofun": "T", "main_ward": 19, "max_altitu": 1080, "membership": "2022-04-14", "min_altitu": 700, "name": "Mandrekot", "published": "F", "sub_divisi": "Bijauri", "forest_id": 140.0, "group_offi": 175.0, "info_offic": 176.0, "local_regi": 540.0, "map_data_i": 139.0, "is_customa": "F", "has_pan_nu": "?", "pan_number": null, "reporting_": 141.0, "palika": "Tulsipur Sub-Metropolitan City", "district": "Dang", "province": "Lumbini", "status": "DRAFT" }, "geometry": { "type": "Polygon", "coordinates": [ [ [ 82.393252560170367, 28.122835998204575 ], [ 82.394701887795236, 28.121548644515702 ], [ 82.395284790312871, 28.120965071761042 ], [ 82.397008663218003, 28.120442079233722 ], [ 82.396730323729571, 28.120174146291081 ], [ 82.395465803449042, 28.120006511350624 ], [ 82.394808380922768, 28.120338125029512 ], [ 82.39383435738273, 28.120591724297515 ], [ 82.392901043815073, 28.120844903096728 ], [ 82.392259220010601, 28.120021063483726 ], [ 82.390989347419236, 28.119438261388868 ], [ 82.388781939109322, 28.117989459109832 ], [ 82.388410387560725, 28.117596093443648 ], [ 82.387795183167327, 28.118044579784783 ], [ 82.387134073011111, 28.118881631347723 ], [ 82.386940210941248, 28.118847490118249 ], [ 82.386016958218534, 28.119091494671622 ], [ 82.38620098948013, 28.119152813589441 ], [ 82.387745430925861, 28.119714830340257 ], [ 82.388509251002688, 28.120528430803521 ], [ 82.389062114350963, 28.121560780062669 ], [ 82.391706143564079, 28.122914886573756 ], [ 82.392709068197291, 28.123319880202271 ], [ 82.393252560170367, 28.122835998204575 ] ] ] } },
{ "type": "Feature", "properties": { "id": 6944.0, "created": 1651332272946.0, "created_by": "tezrazz.oli33@gmail.com", "updated": 1653813070516.0, "updated_by": "tezrazz.oli33@gmail.com", "area": 9.58, "cfug_code": "DAN/MA/26/04", "division_f": "Ghorahi", "file_no": "LU/DA/TU/007", "geo_graphi": "TERAI", "hand_over_": "1993-04-13", "is_fecofun": "T", "main_ward": 15, "max_altitu": 590, "membership": "2022-04-14", "min_altitu": 560, "name": "Shiwabatika", "published": "F", "sub_divisi": "Bijauri", "forest_id": 6946.0, "group_offi": 6980.0, "info_offic": 6981.0, "local_regi": 540.0, "map_data_i": 6945.0, "is_customa": "F", "has_pan_nu": "?", "pan_number": null, "reporting_": 6947.0, "palika": "Tulsipur Sub-Metropolitan City", "district": "Dang", "province": "Lumbini", "status": "DRAFT" }, "geometry": { "type": "Polygon", "coordinates": [ [ [ 82.303037504956592, 28.052491054645387 ], [ 82.302851563843433, 28.052258145225856 ], [ 82.30274635378737, 28.051970314087587 ], [ 82.302976303675678, 28.051634173222073 ], [ 82.303625621891115, 28.051483595424624 ], [ 82.303827553929295, 28.051355315295616 ], [ 82.303926450491417, 28.05111970234509 ], [ 82.303974811336957, 28.050911647012594 ], [ 82.30409622984007, 28.050856338403886 ], [ 82.304158464714419, 28.05095503241888 ], [ 82.304239630524535, 28.050936209682302 ], [ 82.304356473381631, 28.050501855787893 ], [ 82.304465213499498, 28.050239071206782 ], [ 82.304760876169894, 28.05029041764935 ], [ 82.305455126101151, 28.050491415171027 ], [ 82.306434350088239, 28.049859314054931 ], [ 82.306685502349865, 28.049595172850612 ], [ 82.306957215827424, 28.049348887327906 ], [ 82.306727089628112, 28.04882757440318 ], [ 82.306610391417053, 28.048431544598166 ], [ 82.306543792539742, 28.047971856576883 ], [ 82.306308656290639, 28.047035398222182 ], [ 82.306832465343177, 28.047445606592532 ], [ 82.30723170057172, 28.047649402756196 ], [ 82.307774988235906, 28.047987214610064 ], [ 82.307852528640069, 28.048509979080624 ], [ 82.308378003188409, 28.048216144208613 ], [ 82.308755586913321, 28.048311831131418 ], [ 82.309054525510874, 28.048633914503654 ], [ 82.309323166206013, 28.048974337870789 ], [ 82.309600666281767, 28.049206365239808 ], [ 82.30994937766809, 28.049437712720202 ], [ 82.310156330000609, 28.049724567327335 ], [ 82.310572647082154, 28.050496822384382 ], [ 82.310724688693881, 28.050450241619842 ], [ 82.310524951724801, 28.049919619666326 ], [ 82.310340528434608, 28.048973659491789 ], [ 82.309745819191448, 28.048591219082546 ], [ 82.309364405693486, 28.048179664594151 ], [ 82.30883916222956, 28.04765214306051 ], [ 82.308439378801268, 28.047403227314692 ], [ 82.307845666597132, 28.047102001936523 ], [ 82.307238291949034, 28.046512074630588 ], [ 82.307060124003328, 28.046080526517095 ], [ 82.306918913149275, 28.046181155564792 ], [ 82.307211485807784, 28.046819210952506 ], [ 82.307500133523718, 28.047132370028159 ], [ 82.307389984547626, 28.047277833390485 ], [ 82.30749378312612, 28.047448337522205 ], [ 82.307147811166942, 28.04744260526153 ], [ 82.306942398252431, 28.047282093895081 ], [ 82.306767176894937, 28.047094217166716 ], [ 82.306408306816593, 28.04686295781471 ], [ 82.306167769129388, 28.047163101190126 ], [ 82.305870261858217, 28.046958334501639 ], [ 82.305832843703683, 28.047229467876967 ], [ 82.306102232600097, 28.047633072235922 ], [ 82.306042725685984, 28.047760001056098 ], [ 82.306207337649539, 28.047911875941608 ], [ 82.306048395985272, 28.048229294802361 ], [ 82.305463841825258, 28.048686149088844 ], [ 82.304999937885441, 28.049024517508137 ], [ 82.304744533612393, 28.048936685309279 ], [ 82.304522915452253, 28.049119309225713 ], [ 82.304699553758837, 28.049424512261492 ], [ 82.304390301520471, 28.049932901640755 ], [ 82.30418005224783, 28.050214702151067 ], [ 82.303807800984941, 28.050561222108602 ], [ 82.303067694709171, 28.050775843662827 ], [ 82.302534739486873, 28.051295377709728 ], [ 82.302711919008289, 28.051645707713426 ], [ 82.302542461955454, 28.051936144729634 ], [ 82.302627542929258, 28.052242218837463 ], [ 82.302906998433173, 28.052636707765803 ], [ 82.303037504956592, 28.052491054645387 ] ] ] } },
{ "type": "Feature", "properties": { "id": 1063.0, "created": 1651118613132.0, "created_by": "mastailaramesh100@gmail.com", "updated": 1651392335200.0, "updated_by": "mastailaramesh100@gmail.com", "area": 66.51, "cfug_code": "BAD/BS/28/02", "division_f": "Bardiya", "file_no": "LU/BA/BA/002", "geo_graphi": "TERAI", "hand_over_": "2005-03-27", "is_fecofun": "T", "main_ward": 7, "max_altitu": 156, "membership": "2020-04-26", "min_altitu": 139, "name": "Chaudhariya Gau CF", "published": "F", "sub_divisi": "Bansgadhi", "forest_id": 1065.0, "group_offi": 1116.0, "info_offic": 1117.0, "local_regi": 583.0, "map_data_i": 1064.0, "is_customa": "F", "has_pan_nu": "?", "pan_number": null, "reporting_": 1066.0, "palika": "Basgadhi Municipality", "district": "Bardiya", "province": "Lumbini", "status": "DRAFT" }, "geometry": { "type": "Polygon", "coordinates": [ [ [ 81.421213748399168, 28.226723869537182 ], [ 81.421212684654165, 28.226453066910004 ], [ 81.421507392951753, 28.226235514285801 ], [ 81.422109023202211, 28.226314900670435 ], [ 81.42264829488704, 28.226087563768939 ], [ 81.423084365844261, 28.225535576932799 ], [ 81.423103289445862, 28.22516541698111 ], [ 81.422928788117133, 28.224850016410191 ], [ 81.423010213591624, 28.224822684021959 ], [ 81.423029813100584, 28.224624032382405 ], [ 81.423151364724617, 28.22443409224066 ], [ 81.423151080787648, 28.22436187820167 ], [ 81.423729322850704, 28.223683073234195 ], [ 81.424215943319723, 28.22303163059037 ], [ 81.424225634953473, 28.222905224406343 ], [ 81.424418271344621, 28.222651874577632 ], [ 81.424417558533605, 28.222471339461329 ], [ 81.423945724498481, 28.221705518882743 ], [ 81.423252576496452, 28.22167155788253 ], [ 81.422243606648408, 28.221665649213858 ], [ 81.421621867164504, 28.221649513235477 ], [ 81.420970830484293, 28.221958431913027 ], [ 81.420533065102063, 28.222077127746072 ], [ 81.419810330437031, 28.222295992631658 ], [ 81.419615246821195, 28.221926489527444 ], [ 81.418922944983933, 28.222109148895711 ], [ 81.418291540583596, 28.222228430463751 ], [ 81.416876384755597, 28.222602852336937 ], [ 81.41586929402547, 28.223084342055831 ], [ 81.415647146000993, 28.223617602669425 ], [ 81.415791085048113, 28.223942132543701 ], [ 81.416525923297741, 28.224210702916793 ], [ 81.416974419960752, 28.224227390172715 ], [ 81.417263644165359, 28.225219463703244 ], [ 81.417315831116866, 28.22553524485182 ], [ 81.417721808480565, 28.225100715964579 ], [ 81.418180958367884, 28.225234715971759 ], [ 81.418529797694646, 28.225829422197243 ], [ 81.419092595460825, 28.226405418298757 ], [ 81.420318536052946, 28.227150886101619 ], [ 81.421213748399168, 28.226723869537182 ] ] ] } },
{ "type": "Feature", "properties": { "id": 1083.0, "created": 1651119181674.0, "created_by": "sagarsubedi205@gmail.com", "updated": 1652530314153.0, "updated_by": "sagarsubedi205@gmail.com", "area": 2.13, "cfug_code": "RAM/NA/13/7", "division_f": "Ramechhap", "file_no": "BA/RA/LI/001", "geo_graphi": "MID_HILL", "hand_over_": "2010-05-02", "is_fecofun": "T", "main_ward": 2, "max_altitu": 1100, "membership": "2020-04-13", "min_altitu": 900, "name": "Sipu pakha", "published": "F", "sub_divisi": "Dhobi", "forest_id": 1085.0, "group_offi": 1301.0, "info_offic": 1302.0, "local_regi": 365.0, "map_data_i": 1084.0, "is_customa": "F", "has_pan_nu": "?", "pan_number": null, "reporting_": 1086.0, "palika": "LikhuTamakoshi Rural Municipality", "district": "Ramechap", "province": "Bagmati", "status": "DISCARDED" }, "geometry": { "type": "MultiPolygon", "coordinates": [ [ [ [ 86.247241894598119, 27.425299874180908 ], [ 86.247248064610176, 27.425311054776024 ], [ 86.247470817354042, 27.424699194305084 ], [ 86.247684258967638, 27.42401244165157 ], [ 86.24765243002912, 27.423969275945883 ], [ 86.247241894598119, 27.425299874180908 ] ] ], [ [ [ 86.247248064610176, 27.425311054776024 ], [ 86.247241700068116, 27.425328535747042 ], [ 86.247193520597648, 27.425328275563455 ], [ 86.247273625631351, 27.425357370759706 ], [ 86.247248064610176, 27.425311054776024 ] ] ] ] } },
{ "type": "Feature", "properties": { "id": 6325.0, "created": 1651327380014.0, "created_by": "poudelneshan96@gmail.com", "updated": 1652666254891.0, "updated_by": "poudelneshan96@gmail.com", "area": 242.84, "cfug_code": "Rol/JA/31/03", "division_f": "Division forest office Rolpa", "file_no": "LU/RO/RU/001", "geo_graphi": "MID_HILL", "hand_over_": "2009-07-08", "is_fecofun": "T", "main_ward": 1, "max_altitu": 1400, "membership": "2022-04-14", "min_altitu": 1100, "name": "Palusiddha", "published": "F", "sub_divisi": "Runtigadhi Sub-division forest office", "forest_id": 6327.0, "group_offi": 6423.0, "info_offic": 6424.0, "local_regi": 559.0, "map_data_i": 6326.0, "is_customa": "F", "has_pan_nu": "?", "pan_number": null, "reporting_": 6328.0, "palika": "Runtigadi Rural Municipality", "district": "Rolpa", "province": "Lumbini", "status": "DRAFT" }, "geometry": { "type": "Polygon", "coordinates": [ [ [ 82.600418811198324, 28.215111865108099 ], [ 82.600365067366511, 28.21287428038255 ], [ 82.600998215319123, 28.21228926764806 ], [ 82.601668199291453, 28.211442094261276 ], [ 82.602912172907963, 28.211508748350624 ], [ 82.603556294983719, 28.21097774601602 ], [ 82.604130785504822, 28.211241761695305 ], [ 82.605063968920149, 28.211645967236286 ], [ 82.607217738870531, 28.212595382441311 ], [ 82.608438199444208, 28.213131563892937 ], [ 82.609055584296584, 28.214216331761452 ], [ 82.610154302208684, 28.213427249586083 ], [ 82.610182188742328, 28.212569543297832 ], [ 82.610347237903625, 28.21202609836541 ], [ 82.611292775953189, 28.213251392643315 ], [ 82.612059783423319, 28.212764028799459 ], [ 82.612972375703976, 28.212473494694638 ], [ 82.614276814507321, 28.211817329962962 ], [ 82.614872519276105, 28.212135199293737 ], [ 82.615426667965949, 28.213753159415578 ], [ 82.616918821935542, 28.214060429007926 ], [ 82.617149038414937, 28.213786956960828 ], [ 82.619723533221986, 28.20952376516107 ], [ 82.619557556463405, 28.209327180023816 ], [ 82.61957354855258, 28.208361314236221 ], [ 82.618285990785807, 28.207428924868651 ], [ 82.61786314327037, 28.204383469047311 ], [ 82.615263852232601, 28.204964709189841 ], [ 82.613564405823126, 28.20644681871369 ], [ 82.612727042578626, 28.204281659205851 ], [ 82.612205875804648, 28.202139842504209 ], [ 82.611163181019947, 28.201222545758355 ], [ 82.611182406079024, 28.202503875440858 ], [ 82.610274355043657, 28.203092168605004 ], [ 82.609051613835618, 28.201716697134543 ], [ 82.608182459021918, 28.201501289717012 ], [ 82.608925645996351, 28.202828259402533 ], [ 82.607318597263657, 28.203000574339114 ], [ 82.607206905260682, 28.203705840440378 ], [ 82.60578749718843, 28.202801951919152 ], [ 82.604668018931989, 28.201515478009579 ], [ 82.603152571013197, 28.202363548964509 ], [ 82.603122335567605, 28.203067858039759 ], [ 82.603789186279755, 28.204061824218492 ], [ 82.603059629793279, 28.205008980721431 ], [ 82.602897919132374, 28.205778005467799 ], [ 82.601784860191401, 28.206287420423973 ], [ 82.599351716868114, 28.209140732467237 ], [ 82.598847639572341, 28.209498602428408 ], [ 82.597819238260854, 28.210223598598855 ], [ 82.597671409777831, 28.210559252656552 ], [ 82.59677862143144, 28.210813353932544 ], [ 82.596112741040997, 28.210568423274811 ], [ 82.595378773577977, 28.210540885044654 ], [ 82.595399019483011, 28.211217529222349 ], [ 82.595043964858633, 28.21132094559087 ], [ 82.595222499163356, 28.211679866456667 ], [ 82.595087133580819, 28.212854704084936 ], [ 82.593932545161806, 28.213319416744767 ], [ 82.593821431742981, 28.212697981542544 ], [ 82.592038647504523, 28.211337906003916 ], [ 82.590239122742787, 28.21434613978375 ], [ 82.589877713820897, 28.215397250310659 ], [ 82.590528077154886, 28.215281388118278 ], [ 82.590775530377869, 28.214791156232071 ], [ 82.591532575024758, 28.214998951318393 ], [ 82.591436325688846, 28.215379124381109 ], [ 82.592249532113783, 28.215938239674216 ], [ 82.592503549996763, 28.215204251509974 ], [ 82.594353157328442, 28.216256687038054 ], [ 82.595716633892152, 28.217504295205817 ], [ 82.595898417581338, 28.218765682681685 ], [ 82.595256357162725, 28.219441027744619 ], [ 82.596573952527251, 28.222394895876615 ], [ 82.598188142350409, 28.221996989075208 ], [ 82.598398094181903, 28.219675097153534 ], [ 82.59918117680354, 28.219575692269046 ], [ 82.599135219061282, 28.217175565722702 ], [ 82.600418811198324, 28.215111865108099 ] ] ] } },
{ "type": "Feature", "properties": { "id": 5860.0, "created": 1651301125730.0, "created_by": "tezrazz.oli33@gmail.com", "updated": 1653837146387.0, "updated_by": "tezrazz.oli33@gmail.com", "area": 9.11, "cfug_code": "DAN/MA/26/12", "division_f": "Ghorahi", "file_no": "LU/DA/TU/004", "geo_graphi": "TERAI", "hand_over_": "2005-02-10", "is_fecofun": "T", "main_ward": 14, "max_altitu": 577, "membership": "2022-04-14", "min_altitu": 564, "name": "Baggiganar", "published": "F", "sub_divisi": "Bijauri", "forest_id": 5862.0, "group_offi": 5891.0, "info_offic": 5892.0, "local_regi": 540.0, "map_data_i": 5861.0, "is_customa": "F", "has_pan_nu": "?", "pan_number": null, "reporting_": 5863.0, "palika": "Tulsipur Sub-Metropolitan City", "district": "Dang", "province": "Lumbini", "status": "DRAFT" }, "geometry": { "type": "Polygon", "coordinates": [ [ [ 82.314531048410572, 28.034663648399935 ], [ 82.315180795500055, 28.034558143908534 ], [ 82.315698206890374, 28.034444878055787 ], [ 82.316226998751517, 28.034430786298046 ], [ 82.31651124113705, 28.034382932828375 ], [ 82.316456209984608, 28.034040475536955 ], [ 82.316449838166591, 28.033517033614039 ], [ 82.316403112723492, 28.033021056114933 ], [ 82.316386461025104, 28.032488686706369 ], [ 82.316298064310104, 28.031911875150911 ], [ 82.316151387407444, 28.031561269760786 ], [ 82.316154969972558, 28.031019680410434 ], [ 82.316247782611754, 28.030287691824334 ], [ 82.316567425441463, 28.029806255239318 ], [ 82.316818178864196, 28.02951502257115 ], [ 82.317141221021302, 28.02931335556298 ], [ 82.317466352425981, 28.029283160228651 ], [ 82.31784079776844, 28.029126128261268 ], [ 82.318235034239478, 28.028923775822665 ], [ 82.318435915571172, 28.028714252071676 ], [ 82.318676049937494, 28.028387014388024 ], [ 82.318977976217866, 28.028122364486638 ], [ 82.318717001064215, 28.027574288859682 ], [ 82.318557464401238, 28.027837571691986 ], [ 82.318297540361527, 28.028210128659175 ], [ 82.318065596802626, 28.028374820624322 ], [ 82.317622047732584, 28.028704008351802 ], [ 82.317065850482322, 28.028971093268694 ], [ 82.316511847369839, 28.02941867334405 ], [ 82.316160376998596, 28.029792103717291 ], [ 82.315810220199637, 28.030273831666847 ], [ 82.315731927519664, 28.030527307267594 ], [ 82.315735879761633, 28.030852202494401 ], [ 82.315739392943215, 28.031140998238225 ], [ 82.315796285925899, 28.031636878807571 ], [ 82.315533927816432, 28.0318108839184 ], [ 82.315387693990488, 28.031496377088974 ], [ 82.315021981950849, 28.031535982059292 ], [ 82.314944454468787, 28.031852631340616 ], [ 82.315485488448758, 28.032009917977845 ], [ 82.315873080980964, 28.032096464989376 ], [ 82.316097171627916, 28.032121396022685 ], [ 82.315958181628957, 28.03240253095024 ], [ 82.315653052995913, 28.032405453616889 ], [ 82.314971708110534, 28.032421003327993 ], [ 82.314384204568341, 28.032625196111503 ], [ 82.31375864794245, 28.033046372463684 ], [ 82.31338955211686, 28.033645612620571 ], [ 82.31362918834202, 28.034112669018793 ], [ 82.313889168028254, 28.034579530324741 ], [ 82.314215960737783, 28.034684715160065 ], [ 82.314531048410572, 28.034663648399935 ] ] ] } },
{ "type": "Feature", "properties": { "id": 5289.0, "created": 1651292311699.0, "created_by": "tezrazz.oli33@gmail.com", "updated": 1654058819335.0, "updated_by": "tezrazz.oli33@gmail.com", "area": 113.31, "cfug_code": "DAN/TU/05/08", "division_f": "Ghorahi", "file_no": "LU/DA/TU/002", "geo_graphi": "TERAI", "hand_over_": "2022-04-14", "is_fecofun": "T", "main_ward": 3, "max_altitu": 1200, "membership": "2022-04-14", "min_altitu": 700, "name": "Fulbari", "published": "F", "sub_divisi": "Tulsipur", "forest_id": 5291.0, "group_offi": 5332.0, "info_offic": 5333.0, "local_regi": 540.0, "map_data_i": 5290.0, "is_customa": "F", "has_pan_nu": "?", "pan_number": null, "reporting_": 5292.0, "palika": "Tulsipur Sub-Metropolitan City", "district": "Dang", "province": "Lumbini", "status": "DRAFT" }, "geometry": { "type": "Polygon", "coordinates": [ [ [ 82.271696232550312, 28.188362865123143 ], [ 82.272393000137527, 28.186984466792239 ], [ 82.273272848804481, 28.186443762457973 ], [ 82.274508970731404, 28.185881684244439 ], [ 82.277417013072409, 28.185430364134724 ], [ 82.277540299517568, 28.183804569056335 ], [ 82.277900964661967, 28.183295757636877 ], [ 82.278323596401606, 28.182858573094819 ], [ 82.278069372987375, 28.181182147099026 ], [ 82.276999501569662, 28.180298576091108 ], [ 82.276799981598742, 28.179794991689874 ], [ 82.276074387831613, 28.17873671105162 ], [ 82.2752245554002, 28.177508092822311 ], [ 82.274785986111965, 28.176600569539382 ], [ 82.274094706808683, 28.176715314083147 ], [ 82.273164472950157, 28.176435141302537 ], [ 82.273718003183603, 28.175870391975707 ], [ 82.27331802243134, 28.175639441033926 ], [ 82.272030631953385, 28.174441947094316 ], [ 82.270865810802206, 28.174994313432695 ], [ 82.269150323059876, 28.174631140843211 ], [ 82.269166601996403, 28.173421528408511 ], [ 82.268719791783951, 28.171810044765412 ], [ 82.267835717764683, 28.170256763282293 ], [ 82.267412527697161, 28.169782311277949 ], [ 82.267119503230788, 28.169117110766095 ], [ 82.267100705939811, 28.168386191414285 ], [ 82.266580877068918, 28.167488415906565 ], [ 82.267252589634154, 28.167446098186979 ], [ 82.267231535515748, 28.165659175604407 ], [ 82.267221352201886, 28.165659269838184 ], [ 82.266574162815232, 28.166053368410832 ], [ 82.266255295253359, 28.16665202309721 ], [ 82.26584859250579, 28.167576419508535 ], [ 82.266430369520094, 28.168545831778978 ], [ 82.266744331514928, 28.170988931158757 ], [ 82.268144038389437, 28.173945475519456 ], [ 82.268492015544325, 28.174086665509112 ], [ 82.268594006542116, 28.174961226387286 ], [ 82.268446240806952, 28.175386809520912 ], [ 82.268994656507857, 28.176112819989289 ], [ 82.269063540385105, 28.176771067067627 ], [ 82.269115253177006, 28.177700248057455 ], [ 82.268933566927444, 28.178703799001127 ], [ 82.268838682561181, 28.180157836439975 ], [ 82.268847312661819, 28.180888848278041 ], [ 82.2682458247873, 28.18257322519926 ], [ 82.267632003990002, 28.184077197266564 ], [ 82.268240121542476, 28.185542773359675 ], [ 82.270033375418279, 28.186437754455454 ], [ 82.269168751547113, 28.188268988755894 ], [ 82.269120273995213, 28.188477031985865 ], [ 82.268940018955618, 28.188740451831983 ], [ 82.270825798739679, 28.188840291632371 ], [ 82.271696232550312, 28.188362865123143 ] ] ] } },
{ "type": "Feature", "properties": { "id": 99772.0, "created": 1653008829747.0, "created_by": "mastailaramesh100@gmail.com", "updated": 1732166075082.0, "updated_by": "prakritigfn@gmail.com", "area": 58.07, "cfug_code": "BAD/MH/34/06", "division_f": "Forest Division Office Bardiya", "file_no": "LU/BA/BA/037", "geo_graphi": "TERAI", "hand_over_": "2005-02-24", "is_fecofun": "T", "main_ward": 3, "max_altitu": 160, "membership": "2020-04-13", "min_altitu": 140, "name": "Khairi bijaura CF", "published": "F", "sub_divisi": "Forest Sub Division Office Bansgadhi", "forest_id": 99774.0, "group_offi": 99803.0, "info_offic": 99804.0, "local_regi": 583.0, "map_data_i": 99773.0, "is_customa": "F", "has_pan_nu": "?", "pan_number": null, "reporting_": 99775.0, "palika": "Basgadhi Municipality", "district": "Bardiya", "province": "Lumbini", "status": "DRAFT" }, "geometry": { "type": "Polygon", "coordinates": [ [ [ 81.598605728347366, 28.27303745350115 ], [ 81.598350839470115, 28.271215183556659 ], [ 81.598850428458675, 28.271212994802106 ], [ 81.599276879649651, 28.270895191710231 ], [ 81.599080334404604, 28.270390560274755 ], [ 81.598835084455274, 28.27029234201963 ], [ 81.598150214331099, 28.269979408511777 ], [ 81.598292145591543, 28.26983436040949 ], [ 81.598322278426366, 28.269752988444623 ], [ 81.59807526637924, 28.269338843082615 ], [ 81.597814634739976, 28.268310943207783 ], [ 81.598312798357497, 28.268056016017884 ], [ 81.598208273280008, 28.267596113419309 ], [ 81.598228311070898, 28.267532838992881 ], [ 81.597940825793643, 28.267173030415101 ], [ 81.597157799832431, 28.267537521513745 ], [ 81.596533923037313, 28.267188206276298 ], [ 81.595902114821271, 28.267245123070367 ], [ 81.595735374977053, 28.266595929526741 ], [ 81.594971031293525, 28.266653419735121 ], [ 81.594761462329004, 28.265634317585274 ], [ 81.595261238942697, 28.263835832471358 ], [ 81.594950927355271, 28.26303380928535 ], [ 81.594420140283844, 28.262918772222211 ], [ 81.593839730776281, 28.263047669130497 ], [ 81.59276041710568, 28.2632960753952 ], [ 81.592571606240853, 28.264181509068408 ], [ 81.591483976957875, 28.26477295532802 ], [ 81.591700915945665, 28.265286536976451 ], [ 81.592240809295419, 28.265202958039904 ], [ 81.592777499936048, 28.266383125937406 ], [ 81.593047773924212, 28.267320727665403 ], [ 81.59353175648161, 28.268185187157808 ], [ 81.593330948467496, 28.268745713111002 ], [ 81.593070316561338, 28.271391659830943 ], [ 81.592989000704279, 28.271437146127589 ], [ 81.593156182047039, 28.272167580782551 ], [ 81.594000398544537, 28.27363526011095 ], [ 81.594171397206807, 28.275051703204245 ], [ 81.594961409669651, 28.275932878201598 ], [ 81.596380182583673, 28.27619749202491 ], [ 81.596695358434218, 28.276033635891288 ], [ 81.599070652725715, 28.274127641955161 ], [ 81.599722537550363, 28.274007435382526 ], [ 81.599261294678243, 28.273576179471139 ], [ 81.598995140473662, 28.273387786684413 ], [ 81.598605728347366, 28.27303745350115 ] ] ] } },
{ "type": "Feature", "properties": { "id": 9465.0, "created": 1651387168866.0, "created_by": "mastailaramesh100@gmail.com", "updated": 1651391764404.0, "updated_by": "mastailaramesh100@gmail.com", "area": 64.4, "cfug_code": "BAD/BG/33/07", "division_f": "Bardiya", "file_no": "LU/BA/BA/007", "geo_graphi": "TERAI", "hand_over_": "2006-01-12", "is_fecofun": "T", "main_ward": 4, "max_altitu": 154, "membership": "2021-04-14", "min_altitu": 141, "name": "Chatiyatal CF", "published": "F", "sub_divisi": "Bansgadhi", "forest_id": 9467.0, "group_offi": 9515.0, "info_offic": 9516.0, "local_regi": 583.0, "map_data_i": 9466.0, "is_customa": "F", "has_pan_nu": "?", "pan_number": null, "reporting_": 9468.0, "palika": "Basgadhi Municipality", "district": "Bardiya", "province": "Lumbini", "status": "DRAFT" }, "geometry": { "type": "Polygon", "coordinates": [ [ [ 81.538042958884034, 28.25117388521474 ], [ 81.538369751709979, 28.251289946231658 ], [ 81.538887191389222, 28.250800463121394 ], [ 81.539588885381818, 28.25046370554367 ], [ 81.539729597687256, 28.250065973243434 ], [ 81.539788897498511, 28.249695642528614 ], [ 81.540582370595075, 28.249367544206549 ], [ 81.540589743119199, 28.248807856802166 ], [ 81.540184865647461, 28.247356150895033 ], [ 81.539127169235144, 28.245816751817781 ], [ 81.538414357870352, 28.245963988962664 ], [ 81.537539490498602, 28.246319474994287 ], [ 81.536258505017031, 28.247001512199429 ], [ 81.534580943058245, 28.247883677397855 ], [ 81.534683419391513, 28.247991597662672 ], [ 81.535577749833465, 28.247446491724961 ], [ 81.53651512140641, 28.249392594250871 ], [ 81.536456489237025, 28.249898322282224 ], [ 81.536590002127923, 28.250096386726263 ], [ 81.536499522393569, 28.250349490798037 ], [ 81.536561362736393, 28.250484649293014 ], [ 81.536714767804369, 28.250583341291293 ], [ 81.537449176830705, 28.250670723287641 ], [ 81.537531542591751, 28.250832880864003 ], [ 81.538042958884034, 28.25117388521474 ] ] ] } },
{ "type": "Feature", "properties": { "id": 216644.0, "created": 1653887024486.0, "created_by": "laxmisinchury22@gmail.com", "updated": 1762315264304.0, "updated_by": "info.khanalsujan@gmail.com", "area": 239.53, "cfug_code": "DOL/JI/31/02", "division_f": "Division Forest Office, Dolakha", "file_no": "BA/DO/JI/008", "geo_graphi": "HIGH_MOUNTAIN", "hand_over_": "2021-06-22", "is_fecofun": "T", "main_ward": 6, "max_altitu": 3000, "membership": "2021-05-18", "min_altitu": 2550, "name": "Thulo Nagi Community Forest", "published": "F", "sub_divisi": "Hanumante Sub Division Office", "forest_id": 216646.0, "group_offi": 217235.0, "info_offic": 217236.0, "local_regi": 299.0, "map_data_i": 216645.0, "is_customa": "F", "has_pan_nu": "F", "pan_number": null, "reporting_": 216647.0, "palika": "Jiri Municipality", "district": "Dolakha", "province": "Bagmati", "status": "DRAFT" }, "geometry": { "type": "Polygon", "coordinates": [ [ [ 86.204252090103068, 27.66320661253982 ], [ 86.204285688562777, 27.663179767120877 ], [ 86.205038860078133, 27.662777863418743 ], [ 86.205721907001376, 27.662258199513047 ], [ 86.205979601889979, 27.661672905269906 ], [ 86.206264252336894, 27.661566208771525 ], [ 86.206827114720681, 27.661319640334661 ], [ 86.206894836371063, 27.661289973963392 ], [ 86.206928247653622, 27.661287616633565 ], [ 86.207249865552356, 27.661264923318367 ], [ 86.207828388459177, 27.661177958584599 ], [ 86.208325090370394, 27.661189823813256 ], [ 86.208670956006856, 27.661029308462695 ], [ 86.209066341484316, 27.661031565290124 ], [ 86.209545559000389, 27.660655154655785 ], [ 86.211264009523575, 27.659951791402683 ], [ 86.213185067927355, 27.659267611204367 ], [ 86.213489141447454, 27.659278364209051 ], [ 86.213431158961882, 27.659213370313108 ], [ 86.203372171556822, 27.647936524739944 ], [ 86.20317853646327, 27.648058994137148 ], [ 86.20311757217695, 27.648097552268787 ], [ 86.202933406255269, 27.648211737538329 ], [ 86.202771347252337, 27.648312216024067 ], [ 86.202302430017355, 27.648670609111868 ], [ 86.201569751985915, 27.649054563583874 ], [ 86.201254194369184, 27.649233291022689 ], [ 86.201036078388768, 27.649412778968969 ], [ 86.20077486880578, 27.64962772780364 ], [ 86.200437983771522, 27.649950766400373 ], [ 86.200317746888288, 27.650056457266931 ], [ 86.200223726724673, 27.650139102841244 ], [ 86.199928832170812, 27.650263782851319 ], [ 86.19978665030871, 27.650299071257763 ], [ 86.199583580156315, 27.650343035245751 ], [ 86.199502549243348, 27.650333540145866 ], [ 86.19910654553702, 27.65042152554151 ], [ 86.198872076900898, 27.650600715820623 ], [ 86.198659066153439, 27.650617539249851 ], [ 86.198374898146497, 27.650661032667955 ], [ 86.197958684067146, 27.650739870638571 ], [ 86.197656806222199, 27.650807382472458 ], [ 86.197643906501881, 27.650810267202399 ], [ 86.197430170287276, 27.650926384245981 ], [ 86.19705441620188, 27.650970856565959 ], [ 86.196993878140702, 27.650978021318611 ], [ 86.196709642668722, 27.651030538150419 ], [ 86.196415401771091, 27.651064941909897 ], [ 86.196120434591748, 27.651198640519514 ], [ 86.195987463244364, 27.651360359811363 ], [ 86.195601656498098, 27.65143936697373 ], [ 86.195561305982679, 27.651412051111429 ], [ 86.195350535577859, 27.65142958492001 ], [ 86.194952679249013, 27.65146268161536 ], [ 86.194444100796147, 27.651694435656673 ], [ 86.19444271164852, 27.651883999656803 ], [ 86.194249641504285, 27.651946068331132 ], [ 86.193882318698343, 27.652268913569632 ], [ 86.193733062710777, 27.652567862773395 ], [ 86.193491341417712, 27.653052009362874 ], [ 86.193247052085368, 27.653185996505556 ], [ 86.192779144103213, 27.653399926405939 ], [ 86.192535052086058, 27.653506831699893 ], [ 86.192186733312639, 27.654001300390153 ], [ 86.19183478355373, 27.654348465963452 ], [ 86.191686349709613, 27.654494881517536 ], [ 86.19156496596257, 27.654458064739917 ], [ 86.190905891370292, 27.654625286464466 ], [ 86.190417241324013, 27.654749265307519 ], [ 86.190222833877229, 27.65499186506727 ], [ 86.190152921591647, 27.655287007300618 ], [ 86.190118199806705, 27.65543358814676 ], [ 86.189974744312352, 27.655640376257978 ], [ 86.189929536885913, 27.656272018213318 ], [ 86.189815494621584, 27.656614386441991 ], [ 86.189571792021113, 27.656667125214341 ], [ 86.189684649806253, 27.656733387401953 ], [ 86.190031206117865, 27.656686831998044 ], [ 86.1905570816687, 27.65642139418091 ], [ 86.191111080857354, 27.656429206782075 ], [ 86.191639331252858, 27.656357769893106 ], [ 86.19242839410505, 27.6563962072122 ], [ 86.192650893447805, 27.656458394658792 ], [ 86.193281643743362, 27.656504957414995 ], [ 86.193416580849316, 27.656544082331372 ], [ 86.193740706719879, 27.656925019267693 ], [ 86.194487456519155, 27.657342269216155 ], [ 86.195071080904128, 27.657449456889442 ], [ 86.195239955860416, 27.657529457398574 ], [ 86.196942269035546, 27.658699082186111 ], [ 86.197372705881605, 27.658967832137886 ], [ 86.198253955813115, 27.659575331702996 ], [ 86.198580143834377, 27.659886331880681 ], [ 86.199013644228515, 27.660299519262377 ], [ 86.199449143881267, 27.660965394833234 ], [ 86.199543393521125, 27.661117144244095 ], [ 86.199593956421978, 27.661173832089556 ], [ 86.200245706602189, 27.661547644817002 ], [ 86.202057143479237, 27.66297733223756 ], [ 86.202581893688148, 27.663219519301247 ], [ 86.203456445566971, 27.663230301217137 ], [ 86.203464095646297, 27.663229211117855 ], [ 86.20346678701668, 27.663230428678705 ], [ 86.203950894105816, 27.663236394585311 ], [ 86.204246659398649, 27.663210951660574 ], [ 86.204252090103068, 27.66320661253982 ] ] ] } },
{ "type": "Feature", "properties": { "id": 384800.0, "created": 1660733873901.0, "created_by": "supenlama.sl@gmail.com", "updated": 1781023986614.0, "updated_by": "sandhyashiwakoti777@gmail.com", "area": 247.29, "cfug_code": "MAK/HR/37/05", "division_f": "Makawanpur", "file_no": "BA/MA/HE/043", "geo_graphi": "CHURE", "hand_over_": "1997-12-08", "is_fecofun": "T", "main_ward": 18, "max_altitu": 650, "membership": "2019-07-16", "min_altitu": 500, "name": "Banshagopal cfug", "published": "F", "sub_divisi": "Harnamadi", "forest_id": 384802.0, "group_offi": 384831.0, "info_offic": 384832.0, "local_regi": 337.0, "map_data_i": 384801.0, "is_customa": "F", "has_pan_nu": "F", "pan_number": null, "reporting_": 384803.0, "palika": "Hetauda Sub-Metropolitan City", "district": "Makwanpur", "province": "Bagmati", "status": "DRAFT" }, "geometry": { "type": "Polygon", "coordinates": [ [ [ 85.153947124891474, 27.40323410766981 ], [ 85.154263239006568, 27.403075836135987 ], [ 85.154714681729601, 27.402684695529604 ], [ 85.155186491310232, 27.402284797428976 ], [ 85.155628267025079, 27.401866449599876 ], [ 85.155946921645068, 27.401554776403032 ], [ 85.156682108035412, 27.401735979118516 ], [ 85.157747337205066, 27.402138147805211 ], [ 85.157487536920883, 27.401340482638265 ], [ 85.157216582247784, 27.400605847214067 ], [ 85.157350025792056, 27.399876555704676 ], [ 85.157482569309224, 27.399201404272098 ], [ 85.15754996279523, 27.398796152995253 ], [ 85.157615260617092, 27.398517229176456 ], [ 85.157802538472978, 27.397590089849768 ], [ 85.158150415575449, 27.39917412544585 ], [ 85.159091376299116, 27.39914142380567 ], [ 85.159657376670054, 27.399157920063882 ], [ 85.159829393122081, 27.399151164749352 ], [ 85.160001857944451, 27.399117339001162 ], [ 85.160011124286044, 27.398557887756311 ], [ 85.16006635873805, 27.397665103900948 ], [ 85.160495149165925, 27.397418049994101 ], [ 85.160883499141477, 27.397170461369214 ], [ 85.16142543312138, 27.396807566511654 ], [ 85.161940617675299, 27.396227707534528 ], [ 85.162177167878497, 27.395987139584768 ], [ 85.162488811561701, 27.395485824321739 ], [ 85.162675109975112, 27.395226542503487 ], [ 85.162674438114863, 27.394044207308092 ], [ 85.163491060448806, 27.394190344102057 ], [ 85.163781579435877, 27.39374289963795 ], [ 85.163998796148164, 27.393447921253987 ], [ 85.164454908423465, 27.393381721764335 ], [ 85.165143855533756, 27.39268680608863 ], [ 85.165575743964311, 27.392250242573013 ], [ 85.165914561208879, 27.391938809369471 ], [ 85.166377217837137, 27.391475571492755 ], [ 85.166967716943034, 27.391230621923565 ], [ 85.167810205191373, 27.390420379244922 ], [ 85.16740391734092, 27.389918644020327 ], [ 85.166600852371957, 27.389565124826557 ], [ 85.16564111338775, 27.388902676958455 ], [ 85.165080973049967, 27.38853429310938 ], [ 85.164102349171358, 27.388404085587609 ], [ 85.163975527186764, 27.388736356198905 ], [ 85.164011192592056, 27.389025638540964 ], [ 85.163786858117945, 27.389140015693542 ], [ 85.163657380264354, 27.389020980901851 ], [ 85.16335277051482, 27.389098198857564 ], [ 85.163106278525831, 27.389329613311393 ], [ 85.162823790140479, 27.389903518287166 ], [ 85.162583674408992, 27.390360650593536 ], [ 85.16248049519514, 27.390485646865844 ], [ 85.162557488456613, 27.39072132148295 ], [ 85.161370547384323, 27.390958390826285 ], [ 85.161170754677883, 27.390811350654992 ], [ 85.161084551207111, 27.390521401595436 ], [ 85.160931870247424, 27.390582566251485 ], [ 85.160830883091691, 27.391185935840117 ], [ 85.160720532253421, 27.391744054839197 ], [ 85.161150402935135, 27.392652262070325 ], [ 85.161922314321714, 27.39427798226648 ], [ 85.161435719840995, 27.394352796810423 ], [ 85.160517606634869, 27.393618659314889 ], [ 85.160183251975994, 27.393659375894238 ], [ 85.160070952192441, 27.394334798285488 ], [ 85.159564341407147, 27.393786590705773 ], [ 85.15912182958219, 27.393031643688659 ], [ 85.158788730465318, 27.392386444452775 ], [ 85.158246334192015, 27.391557973221378 ], [ 85.158210085267839, 27.391304783836016 ], [ 85.158363815352175, 27.39118045842908 ], [ 85.15811294388233, 27.390455115033959 ], [ 85.157528479982176, 27.38972536500787 ], [ 85.157445065047469, 27.3898776946006 ], [ 85.157670690090981, 27.390295842581111 ], [ 85.157468061192773, 27.390320242097548 ], [ 85.157343760745775, 27.390499107626411 ], [ 85.157218262834732, 27.390750160248377 ], [ 85.157094859332631, 27.390874885084624 ], [ 85.156934611037386, 27.390782513820326 ], [ 85.156836813173044, 27.390582663116945 ], [ 85.156698130600105, 27.390409348172703 ], [ 85.156487038935765, 27.390334355238323 ], [ 85.156273552280609, 27.390403736384833 ], [ 85.156173210794506, 27.390357283061508 ], [ 85.156019629331965, 27.390472582604115 ], [ 85.155746985560555, 27.390450927046743 ], [ 85.155578876505558, 27.390223069698642 ], [ 85.155312072060809, 27.391067926526905 ], [ 85.155196981980453, 27.390082638463518 ], [ 85.154996300655597, 27.389989730267963 ], [ 85.154724107875111, 27.389941002601017 ], [ 85.154573522443044, 27.389875832687874 ], [ 85.154524925681557, 27.389757859845592 ], [ 85.15439440862842, 27.389701980650269 ], [ 85.154282610930807, 27.389736602779347 ], [ 85.154162802458131, 27.389644763586539 ], [ 85.153991850061118, 27.389588348908724 ], [ 85.153977993941552, 27.389813799825365 ], [ 85.153903334083324, 27.390047471334974 ], [ 85.153749001319099, 27.390207885219027 ], [ 85.1535251046258, 27.390295175044127 ], [ 85.153279640079518, 27.390463407254899 ], [ 85.153077910102013, 27.390433660029231 ], [ 85.152885989274296, 27.390422093155674 ], [ 85.152755472381315, 27.390366212433221 ], [ 85.152710536571504, 27.390636378315801 ], [ 85.152553801117136, 27.390941164813416 ], [ 85.152435550698158, 27.391363790648672 ], [ 85.15222646734837, 27.391776187608471 ], [ 85.15204150223677, 27.391954244285287 ], [ 85.151824258090471, 27.392249202671696 ], [ 85.151768159214441, 27.392582397683658 ], [ 85.151510476220324, 27.392876819585563 ], [ 85.151173269250776, 27.393088958537554 ], [ 85.150957221730081, 27.393311728355631 ], [ 85.151052007845394, 27.393692050071678 ], [ 85.15098504557379, 27.394070227365287 ], [ 85.150890908280601, 27.394258511777331 ], [ 85.151068521687222, 27.394522601974096 ], [ 85.151233924524263, 27.394912885110553 ], [ 85.151345328151777, 27.395510035508693 ], [ 85.15160852537295, 27.396100172438231 ], [ 85.151741802189349, 27.39659833352605 ], [ 85.151505379229164, 27.396829859197815 ], [ 85.151225614930311, 27.396627592773036 ], [ 85.151014966435682, 27.396525521119713 ], [ 85.150915973632024, 27.396397853609052 ], [ 85.150845657544622, 27.396369845188683 ], [ 85.150725544894371, 27.396296049637428 ], [ 85.150718439275195, 27.39611544831395 ], [ 85.15074196247491, 27.395917202427732 ], [ 85.150612942505418, 27.395771085840625 ], [ 85.150504442182992, 27.395607190565336 ], [ 85.150413607383285, 27.395596960536455 ], [ 85.150292594498708, 27.395577304832521 ], [ 85.150214573347597, 27.395404788250662 ], [ 85.149994569947594, 27.395257464303707 ], [ 85.149906440068079, 27.395084813470259 ], [ 85.149827969053149, 27.394939366788773 ], [ 85.149779676077756, 27.39480334579282 ], [ 85.149743145466431, 27.39456820194194 ], [ 85.149620781388236, 27.394629755952543 ], [ 85.149528895532669, 27.394682688904616 ], [ 85.1493881160077, 27.39463569411852 ], [ 85.149205396152368, 27.394678396136751 ], [ 85.149013919720957, 27.394639753524924 ], [ 85.148995354585651, 27.394540228252549 ], [ 85.149019180975301, 27.394323936036692 ], [ 85.14897073890522, 27.394196938168541 ], [ 85.14902399118985, 27.394035188605525 ], [ 85.14914075482622, 27.393702800187686 ], [ 85.149133651692665, 27.393522198855866 ], [ 85.148943079186552, 27.393429416093078 ], [ 85.148751454659077, 27.39339979658266 ], [ 85.148529953616105, 27.393342704138355 ], [ 85.14840653777415, 27.393467420613213 ], [ 85.148244188435086, 27.393501366525815 ], [ 85.148155009879403, 27.393391878225781 ], [ 85.148028703270853, 27.393083339146497 ], [ 85.147837230065022, 27.393044695066884 ], [ 85.147730090126075, 27.392799587734757 ], [ 85.147732346346075, 27.392664237447278 ], [ 85.147663086402872, 27.392573064097771 ], [ 85.147512953409034, 27.392480816554166 ], [ 85.147614796974025, 27.392437042490815 ], [ 85.14734500949379, 27.392243926673924 ], [ 85.147215697250701, 27.39211585400491 ], [ 85.147136479418549, 27.392015522781271 ], [ 85.146994350138925, 27.392049735927216 ], [ 85.146861727960498, 27.392120176638382 ], [ 85.146729858080747, 27.392145500473852 ], [ 85.146617604365204, 27.392207186246726 ], [ 85.146524966729601, 27.392305233999686 ], [ 85.146424628089278, 27.392258773788651 ], [ 85.14634435723984, 27.392221605570608 ], [ 85.146325794788098, 27.392122080048924 ], [ 85.146296972741339, 27.392031443512032 ], [ 85.146298478003786, 27.391941210050742 ], [ 85.146380253832092, 27.391888144819628 ], [ 85.146471687130244, 27.391862283924166 ], [ 85.14660355671333, 27.391836960318177 ], [ 85.146725618144771, 27.391793455560112 ], [ 85.146960684959566, 27.391643147949203 ], [ 85.146943325781294, 27.391471435678721 ], [ 85.147097669774368, 27.391311029931362 ], [ 85.147303611504654, 27.391088131943395 ], [ 85.147215940153131, 27.390888409626228 ], [ 85.147309478565504, 27.390736221188895 ], [ 85.147450853939517, 27.390747124395538 ], [ 85.147271600084679, 27.390582287063744 ], [ 85.147140033019895, 27.390589564683101 ], [ 85.146931656743391, 27.390352137256297 ], [ 85.146975252201898, 27.390163184086099 ], [ 85.146885174625041, 27.390107835229546 ], [ 85.146595627559677, 27.389887379577402 ], [ 85.146586873057643, 27.389806035095447 ], [ 85.14652471474011, 27.389895462611829 ], [ 85.146413065287902, 27.389921054948292 ], [ 85.14635346541202, 27.389857085441605 ], [ 85.146375188272074, 27.389767120638094 ], [ 85.146326600436211, 27.389649145370811 ], [ 85.14618537715468, 27.389629217748798 ], [ 85.14607357738322, 27.389663833171824 ], [ 85.145963885083503, 27.389572121637215 ], [ 85.145814660811126, 27.389425732416278 ], [ 85.145909253509288, 27.389210381489338 ], [ 85.145701635157494, 27.388927835702848 ], [ 85.145453582698522, 27.388644752033219 ], [ 85.146156055996883, 27.388356253715621 ], [ 85.146036105572193, 27.38827343127895 ], [ 85.145286100375486, 27.388380790018612 ], [ 85.144908612152477, 27.388583353015839 ], [ 85.144806470021038, 27.388645171933462 ], [ 85.144407707864829, 27.388910627957294 ], [ 85.144256678523718, 27.388872517281076 ], [ 85.144156193265601, 27.388835078956504 ], [ 85.144066871675832, 27.388734611697583 ], [ 85.144039107023374, 27.388580811414972 ], [ 85.143799058569527, 27.3884241862796 ], [ 85.143639730001851, 27.38827766040264 ], [ 85.143513591846158, 27.387960094594185 ], [ 85.143362564144297, 27.387921983024061 ], [ 85.143406315125873, 27.387724007825401 ], [ 85.143408576120947, 27.387588657771563 ], [ 85.143199007412051, 27.387423412037389 ], [ 85.143050241956146, 27.387249950132595 ], [ 85.143003467803553, 27.387023693869626 ], [ 85.142884878211035, 27.386859658877292 ], [ 85.142694925681042, 27.38673077497906 ], [ 85.142524436772064, 27.386647276728478 ], [ 85.142397398588059, 27.386383850092255 ], [ 85.142193266671001, 27.38649846093389 ], [ 85.141918675982055, 27.386594082244329 ], [ 85.141850027872195, 27.386466813035526 ], [ 85.141648309178535, 27.386437049768666 ], [ 85.141250302805631, 27.386657380222491 ], [ 85.141005734935646, 27.386771450425581 ], [ 85.140816384358828, 27.387211168263416 ], [ 85.140716203779562, 27.387155680935969 ], [ 85.140500607528168, 27.386746666907253 ], [ 85.140272035637324, 27.386508960958182 ], [ 85.139986126904944, 27.386676630174499 ], [ 85.139526558836252, 27.386950286628945 ], [ 85.139392125996153, 27.387129000157078 ], [ 85.138907214907164, 27.387104480477433 ], [ 85.139043763615703, 27.386799441036032 ], [ 85.138461227235098, 27.387170731868974 ], [ 85.138731893087694, 27.387309723747013 ], [ 85.139028806188676, 27.387692749222854 ], [ 85.139339304494499, 27.387868372735607 ], [ 85.139597447787324, 27.388151601278548 ], [ 85.139883351165395, 27.388588630226508 ], [ 85.140001635818876, 27.388770714240525 ], [ 85.140179214506887, 27.389034816782647 ], [ 85.140337029363465, 27.389271579617393 ], [ 85.140415937036366, 27.3893899609775 ], [ 85.140513552740813, 27.389598845031294 ], [ 85.140621277654361, 27.389807863790214 ], [ 85.140738507976238, 27.390053110514287 ], [ 85.140807156737552, 27.390180380255433 ], [ 85.140895570605721, 27.390334989417791 ], [ 85.141013103923399, 27.390562189309865 ], [ 85.141179371260776, 27.390898342608462 ], [ 85.14119687238346, 27.391061031840703 ], [ 85.141213618871888, 27.391268837674861 ], [ 85.141229761661009, 27.391512736787419 ], [ 85.141227044827076, 27.391675156559185 ], [ 85.141223573283838, 27.391882692928352 ], [ 85.141250730796727, 27.392072586830345 ], [ 85.141287242797503, 27.392307732050956 ], [ 85.141340803566123, 27.392732636422775 ], [ 85.141487309201139, 27.393041450058512 ], [ 85.141614804546265, 27.393277807596473 ], [ 85.14169341438712, 27.393414235020078 ], [ 85.141791186516045, 27.393614095040327 ], [ 85.141918683106411, 27.393850452346935 ], [ 85.14203622184138, 27.394077651557637 ], [ 85.142133995111664, 27.394277511379276 ], [ 85.142202647823424, 27.394404780569989 ], [ 85.142179260835775, 27.394594000992157 ], [ 85.142165530432919, 27.394810426037196 ], [ 85.141959873291697, 27.39501526882502 ], [ 85.141764022917926, 27.395238292606042 ], [ 85.141569077340719, 27.39540717616136 ], [ 85.141405365023786, 27.395522323705368 ], [ 85.141342142527421, 27.395674911686918 ], [ 85.141258097178351, 27.39586332340718 ], [ 85.141144327110183, 27.396015237549843 ], [ 85.141329160371541, 27.39645091681346 ], [ 85.14148789299108, 27.396633538862865 ], [ 85.141732329172015, 27.397133189256511 ], [ 85.141921995708842, 27.397280121748757 ], [ 85.142260288263131, 27.398214237565529 ], [ 85.142481342391676, 27.39829841021324 ], [ 85.142640381169045, 27.398462984492603 ], [ 85.142851175588547, 27.398556045255386 ], [ 85.14311870693821, 27.398884519793619 ], [ 85.143342332205151, 27.399419991860164 ], [ 85.143501072218314, 27.39960261191943 ], [ 85.143454751669992, 27.399953983067121 ], [ 85.143321519205855, 27.400665210091599 ], [ 85.143468039566827, 27.400974022108155 ], [ 85.143911367204822, 27.401070177235738 ], [ 85.144471794145304, 27.401420598528038 ], [ 85.144863218514331, 27.401597288005235 ], [ 85.145252384064847, 27.401909326361366 ], [ 85.145506339061399, 27.401840501492192 ], [ 85.147034729295243, 27.401147818743802 ], [ 85.148870226515911, 27.401442958214719 ], [ 85.151287657352697, 27.402621249422847 ], [ 85.153133718011901, 27.404107820667107 ], [ 85.153947124891474, 27.40323410766981 ] ] ] } },
{ "type": "Feature", "properties": { "id": 24219.0, "created": 1651662751362.0, "created_by": "creationsharma5@gmail.com", "updated": 1653661310287.0, "updated_by": "creationsharma5@gmail.com", "area": 730.6, "cfug_code": "DAN/KA/10/03", "division_f": "Gorahi", "file_no": "LU/DA/BA/005", "geo_graphi": "TERAI", "hand_over_": "2021-04-14", "is_fecofun": "T", "main_ward": 7, "max_altitu": 600, "membership": "2021-04-14", "min_altitu": 500, "name": "Saatpokhari Hurum", "published": "F", "sub_divisi": "Purandhara", "forest_id": 24221.0, "group_offi": 24260.0, "info_offic": 24261.0, "local_regi": 548.0, "map_data_i": 24220.0, "is_customa": "F", "has_pan_nu": "?", "pan_number": null, "reporting_": 24222.0, "palika": "Babai Rural Municipality", "district": "Dang", "province": "Lumbini", "status": "DRAFT" }, "geometry": { "type": "Polygon", "coordinates": [ [ [ 82.099849824677221, 28.160562793757848 ], [ 82.099946153583005, 28.160022886939871 ], [ 82.100047587242443, 28.158986672673944 ], [ 82.100341448793188, 28.157844919521512 ], [ 82.100375914364122, 28.157231796146565 ], [ 82.10031880432507, 28.156626644627949 ], [ 82.099924918089528, 28.155953484840108 ], [ 82.099509005609434, 28.155117489828392 ], [ 82.099576383538079, 28.153738157081172 ], [ 82.099321423622314, 28.152706019346706 ], [ 82.099994619667996, 28.15181298134565 ], [ 82.100436316977721, 28.151187688199371 ], [ 82.101041061221622, 28.150573445640184 ], [ 82.101486439350992, 28.150308880224163 ], [ 82.10182061069645, 28.150124148844931 ], [ 82.102386173268314, 28.149662868879798 ], [ 82.10291320970282, 28.149417462416402 ], [ 82.103380335727707, 28.149288668006403 ], [ 82.103990790201351, 28.14923376791986 ], [ 82.105699286912568, 28.14900490123949 ], [ 82.106114368361887, 28.148766951747351 ], [ 82.107174793200102, 28.147906496454581 ], [ 82.1075586634106, 28.147604992599629 ], [ 82.107536622672342, 28.147442382148792 ], [ 82.107205785403494, 28.146959469353511 ], [ 82.10674217925407, 28.146438877952978 ], [ 82.106494591047522, 28.146128658119981 ], [ 82.106152650259901, 28.145555419781193 ], [ 82.10607727826573, 28.145157407483921 ], [ 82.10588996950537, 28.144766866051615 ], [ 82.106074390932918, 28.143885299944483 ], [ 82.106464169628453, 28.1431688745486 ], [ 82.106410929176491, 28.142942491291837 ], [ 82.107017263828311, 28.14249076989001 ], [ 82.107268069696147, 28.142124311007901 ], [ 82.107612018007785, 28.14190363053698 ], [ 82.107874397537671, 28.141672585090024 ], [ 82.108564050868154, 28.14140234678203 ], [ 82.107981286942959, 28.140185359123485 ], [ 82.107907675788738, 28.139958695192636 ], [ 82.107710556010716, 28.13960408988385 ], [ 82.107488891866524, 28.138843155562192 ], [ 82.107382968824822, 28.138444722575134 ], [ 82.107348984281998, 28.138110400584079 ], [ 82.107344065036159, 28.137632207476422 ], [ 82.107370720535982, 28.137253637451924 ], [ 82.107501069549471, 28.13705683799391 ], [ 82.107499491772614, 28.136903526724119 ], [ 82.107640208560042, 28.136724905100085 ], [ 82.108390938199591, 28.136455730584348 ], [ 82.108521561254747, 28.136285985721138 ], [ 82.108456000220031, 28.135852041130146 ], [ 82.107517886732239, 28.1357218815359 ], [ 82.10731079854304, 28.136377490509041 ], [ 82.107097681902815, 28.136446908611614 ], [ 82.106294163153507, 28.135542464655867 ], [ 82.105709426861722, 28.135119385979305 ], [ 82.105299021408428, 28.134815933616984 ], [ 82.10515858035069, 28.135021608468172 ], [ 82.105121457541827, 28.135372982018573 ], [ 82.104949813452549, 28.135514883761584 ], [ 82.104460161121096, 28.135426965829428 ], [ 82.104122892546002, 28.135304861244379 ], [ 82.103736187738832, 28.135326567370516 ], [ 82.103703695582226, 28.135136760196886 ], [ 82.103720641054679, 28.134803142362731 ], [ 82.103515859984327, 28.13469210671316 ], [ 82.103283851291053, 28.134905308264624 ], [ 82.103038795001339, 28.134838800930797 ], [ 82.10295381344622, 28.134494755910783 ], [ 82.102525176247582, 28.134398657687242 ], [ 82.102661188109778, 28.133759885081034 ], [ 82.102396600530483, 28.133774259384339 ], [ 82.101781428500544, 28.133359760955098 ], [ 82.101517580857035, 28.133446279349929 ], [ 82.100854355667252, 28.133310861793795 ], [ 82.100695015280508, 28.133660542561838 ], [ 82.100084461329971, 28.133697173470672 ], [ 82.099929863412399, 28.133514469528535 ], [ 82.100083400087897, 28.132596414438066 ], [ 82.099829272599891, 28.132637980526148 ], [ 82.100415307795629, 28.132195022497264 ], [ 82.101515859249048, 28.132282392202583 ], [ 82.101759245619178, 28.132186572575179 ], [ 82.102837583224755, 28.132093284058978 ], [ 82.10360764246434, 28.131724992971666 ], [ 82.104035253054462, 28.13172188588128 ], [ 82.104672919609584, 28.131351758764328 ], [ 82.105318821268156, 28.130792161386243 ], [ 82.105173847114202, 28.130555494025433 ], [ 82.104328911518678, 28.13057087283741 ], [ 82.104540078144055, 28.130312296831107 ], [ 82.105036373483017, 28.130057435335729 ], [ 82.104892049741466, 28.12988411898457 ], [ 82.104484812531155, 28.129887510323933 ], [ 82.104312715586275, 28.129984320043558 ], [ 82.104243096371647, 28.130145664424287 ], [ 82.103918713459279, 28.130285676722302 ], [ 82.103591552760918, 28.130154693875649 ], [ 82.103231627261266, 28.129806848948359 ], [ 82.103240701369941, 28.129698770313421 ], [ 82.103490106994286, 28.129197041149251 ], [ 82.103538526280317, 28.12895402822425 ], [ 82.10310009639943, 28.128893864865258 ], [ 82.102813951089047, 28.128790498653334 ], [ 82.102696119458415, 28.128220574217323 ], [ 82.102359616372269, 28.128170835052327 ], [ 82.102240677108057, 28.127492467469732 ], [ 82.10207645711489, 28.127363957802878 ], [ 82.102135891793296, 28.127202250417092 ], [ 82.102122754557058, 28.126913301146782 ], [ 82.102607843058649, 28.126559106065955 ], [ 82.102326810942031, 28.125959873196688 ], [ 82.10238578269491, 28.125753074531655 ], [ 82.102892803726718, 28.125552693566075 ], [ 82.103141255502123, 28.125953100258879 ], [ 82.103821563476231, 28.125772922710091 ], [ 82.103867026045918, 28.125241323541353 ], [ 82.103750485461205, 28.124797655007903 ], [ 82.103859350609127, 28.12449235820641 ], [ 82.103715036704671, 28.124318817284127 ], [ 82.103720319166314, 28.123840764492694 ], [ 82.10388037544908, 28.123563225362002 ], [ 82.103990351082757, 28.123366370167822 ], [ 82.103857330919709, 28.123301412901345 ], [ 82.104210579069331, 28.12299949130038 ], [ 82.104188176454045, 28.122800584495561 ], [ 82.104508933785837, 28.12230885559477 ], [ 82.105010377941653, 28.121566920290473 ], [ 82.105809417553246, 28.121054518503065 ], [ 82.106248005060479, 28.121132930802606 ], [ 82.106616977718659, 28.121372465181363 ], [ 82.106964295904618, 28.121485683922639 ], [ 82.107626430224627, 28.121521867208831 ], [ 82.108425458427519, 28.121009449628573 ], [ 82.108668442815542, 28.120877542879967 ], [ 82.108666214626282, 28.120660879926181 ], [ 82.109054724336602, 28.12081974599684 ], [ 82.109102662128862, 28.120531638370299 ], [ 82.109505218511913, 28.120077092282827 ], [ 82.109680546389427, 28.120295916871733 ], [ 82.110235182859469, 28.119780342756883 ], [ 82.110557667154353, 28.11945994666867 ], [ 82.110676226846408, 28.119109690690564 ], [ 82.110965558560565, 28.118536358622144 ], [ 82.111683837312739, 28.118095167120543 ], [ 82.111791184172034, 28.117645345660289 ], [ 82.112269740377087, 28.117651929161891 ], [ 82.11290093610296, 28.117651591915692 ], [ 82.113247031753417, 28.117647333465438 ], [ 82.113707277865615, 28.11785225856757 ], [ 82.114206386322621, 28.117877152169129 ], [ 82.114606567483861, 28.118180436842227 ], [ 82.114833840401843, 28.118499378719477 ], [ 82.115150701545645, 28.118620953406442 ], [ 82.115443648828659, 28.118399549071363 ], [ 82.116098761151079, 28.118742176087743 ], [ 82.116985438857228, 28.117852190893512 ], [ 82.117663988727145, 28.117509609953238 ], [ 82.118465844425373, 28.117277144822999 ], [ 82.119042375474237, 28.116915123785077 ], [ 82.119364075711928, 28.116522557775607 ], [ 82.118655059894081, 28.115890215934364 ], [ 82.117970718594734, 28.115673217334773 ], [ 82.117369333922397, 28.115601850090925 ], [ 82.117228659626562, 28.11578026167718 ], [ 82.116901903762482, 28.11568560798014 ], [ 82.116245777404401, 28.115243561004068 ], [ 82.115690821025055, 28.114739557732115 ], [ 82.115006029838696, 28.114477676697867 ], [ 82.11463547393214, 28.114084629282228 ], [ 82.114518714428414, 28.113622708955802 ], [ 82.113931272993796, 28.11292889397803 ], [ 82.113404835399706, 28.112227120767336 ], [ 82.110034832789097, 28.112189553636593 ], [ 82.1103518048767, 28.113312703412166 ], [ 82.109067093406338, 28.114107213925113 ], [ 82.10699530178681, 28.114592850062952 ], [ 82.107436563645024, 28.115925111468673 ], [ 82.10512943577487, 28.116299267880681 ], [ 82.102096720889676, 28.118395738521553 ], [ 82.099664424662478, 28.119480859894974 ], [ 82.099885620118584, 28.120205730553725 ], [ 82.094412176695187, 28.123594373854537 ], [ 82.092196781828534, 28.126008534933948 ], [ 82.090194131422322, 28.128326653656018 ], [ 82.089359374018386, 28.130353984462847 ], [ 82.08801355183823, 28.134205970429882 ], [ 82.087816241488326, 28.137857322040521 ], [ 82.087925192026887, 28.138562610631514 ], [ 82.087763340736274, 28.138668557903941 ], [ 82.087868829199579, 28.139030929620127 ], [ 82.087700255331583, 28.139479651562638 ], [ 82.087593243690208, 28.139974538463097 ], [ 82.087272361270152, 28.140466220240185 ], [ 82.087206901574973, 28.141042615913861 ], [ 82.086866101541091, 28.141579325839849 ], [ 82.086868105223402, 28.14177772756145 ], [ 82.086654322687536, 28.14178376192438 ], [ 82.085337901196908, 28.141503900420364 ], [ 82.078320364642423, 28.142371022133009 ], [ 82.078385357744992, 28.142759884476593 ], [ 82.078771586820949, 28.143703502008982 ], [ 82.078903749759775, 28.144697883959751 ], [ 82.079192539444193, 28.145062829412343 ], [ 82.079416060529184, 28.145011857828308 ], [ 82.079780353873502, 28.144782295105955 ], [ 82.080633875099011, 28.144595869825295 ], [ 82.081083052267786, 28.145720923961786 ], [ 82.081476963998284, 28.14641216715173 ], [ 82.082179715973325, 28.14642199636949 ], [ 82.082829619641416, 28.147252069842711 ], [ 82.099473265348934, 28.161586178022521 ], [ 82.099849824677221, 28.160562793757848 ] ] ] } },
{ "type": "Feature", "properties": { "id": 7260.0, "created": 1651335620557.0, "created_by": "tezrazz.oli33@gmail.com", "updated": 1654018569211.0, "updated_by": "tezrazz.oli33@gmail.com", "area": 1.94, "cfug_code": "DAN/MA/15/05", "division_f": "Ghorahi", "file_no": "LU/DA/TU/008", "geo_graphi": "TERAI", "hand_over_": "2003-07-09", "is_fecofun": "T", "main_ward": 16, "max_altitu": 586, "membership": "2022-04-14", "min_altitu": 584, "name": "Pardiya danda", "published": "F", "sub_divisi": "Bijauri", "forest_id": 7262.0, "group_offi": 7337.0, "info_offic": 7338.0, "local_regi": 540.0, "map_data_i": 7261.0, "is_customa": "F", "has_pan_nu": "?", "pan_number": null, "reporting_": 7263.0, "palika": "Tulsipur Sub-Metropolitan City", "district": "Dang", "province": "Lumbini", "status": "DRAFT" }, "geometry": { "type": "Polygon", "coordinates": [ [ [ 82.298623793409206, 28.08744725900004 ], [ 82.298008032434154, 28.088243305000056 ], [ 82.298072790843435, 28.088268176000046 ], [ 82.298162729595788, 28.088183420000071 ], [ 82.298204277351033, 28.088275550000052 ], [ 82.298313893610612, 28.088176725000029 ], [ 82.29843347723363, 28.088162271000048 ], [ 82.29855393152684, 28.088119142000039 ], [ 82.298677417507861, 28.088154872000075 ], [ 82.298782178782858, 28.088208166000076 ], [ 82.29884048452368, 28.088305801000043 ], [ 82.29895332432352, 28.088383705000084 ], [ 82.299063742917497, 28.088422846000068 ], [ 82.299247275630478, 28.088270510000033 ], [ 82.29929889581399, 28.088203260000054 ], [ 82.29956686164951, 28.087970490000036 ], [ 82.299326737062074, 28.087445786000046 ], [ 82.299278259393759, 28.087309653000034 ], [ 82.299259849649388, 28.087154766000026 ], [ 82.299263713823166, 28.086982584000054 ], [ 82.299312287941575, 28.086921092000065 ], [ 82.299224017595407, 28.08678009900007 ], [ 82.29909557296196, 28.086905695000041 ], [ 82.298864340875298, 28.087160156000035 ], [ 82.298753159644548, 28.087264324000053 ], [ 82.298623793409206, 28.08744725900004 ] ] ] } },
{ "type": "Feature", "properties": { "id": 8046.0, "created": 1651373015091.0, "created_by": "tezrazz.oli33@gmail.com", "updated": 1653844522116.0, "updated_by": "tezrazz.oli33@gmail.com", "area": 104.68, "cfug_code": "DAN/NA/03/01", "division_f": "Ghorahi", "file_no": "LU/DA/TU/010", "geo_graphi": "TERAI", "hand_over_": "1996-03-18", "is_fecofun": "T", "main_ward": 18, "max_altitu": 664, "membership": "2022-04-14", "min_altitu": 619, "name": "Kattikerani", "published": "F", "sub_divisi": "Bijauri", "forest_id": 8048.0, "group_offi": 8077.0, "info_offic": 8078.0, "local_regi": 540.0, "map_data_i": 8047.0, "is_customa": "F", "has_pan_nu": "?", "pan_number": null, "reporting_": 8049.0, "palika": "Tulsipur Sub-Metropolitan City", "district": "Dang", "province": "Lumbini", "status": "DRAFT" }, "geometry": { "type": "Polygon", "coordinates": [ [ [ 82.388686975755263, 28.100345237849151 ], [ 82.389106095943134, 28.100485404388802 ], [ 82.389691597141791, 28.100109420178239 ], [ 82.389739807753358, 28.099901341076684 ], [ 82.389553714776412, 28.099677584625841 ], [ 82.389562263328116, 28.099551138503077 ], [ 82.38977156119654, 28.099206042056977 ], [ 82.389748067827895, 28.09896258677059 ], [ 82.389561046089511, 28.098666634225722 ], [ 82.389589948346838, 28.098539981876748 ], [ 82.389863561664242, 28.09844695272119 ], [ 82.389718992111739, 28.098285955375268 ], [ 82.38980279333191, 28.09768038565727 ], [ 82.389368160220329, 28.097125196700112 ], [ 82.389750457019545, 28.096778347780006 ], [ 82.389393342018593, 28.096709760199499 ], [ 82.388992849970236, 28.096434020232842 ], [ 82.389023627503775, 28.094872265009826 ], [ 82.388237595383544, 28.094690683003016 ], [ 82.388079604774248, 28.094277100190968 ], [ 82.388427767669782, 28.093650804047776 ], [ 82.389220431272406, 28.092767286864326 ], [ 82.388770186167676, 28.091788045722399 ], [ 82.388404654571787, 28.091854925661508 ], [ 82.388324058207218, 28.091918921215917 ], [ 82.387836253037676, 28.091183750416057 ], [ 82.387717467208859, 28.090652436180676 ], [ 82.387070801283699, 28.090225742866654 ], [ 82.386563125473913, 28.089526870662869 ], [ 82.386925518745556, 28.089216333683691 ], [ 82.386307652806863, 28.088653959724876 ], [ 82.385423482221086, 28.08795888679936 ], [ 82.385224925412331, 28.087554735137353 ], [ 82.384917780058458, 28.08661916276877 ], [ 82.384109610633459, 28.086293367318675 ], [ 82.383734264993109, 28.086387410581981 ], [ 82.383295092673507, 28.087059741733963 ], [ 82.383103373344056, 28.087188034605013 ], [ 82.383166977786459, 28.08818022120111 ], [ 82.383191150205676, 28.089272087923725 ], [ 82.382842507271562, 28.089862273581705 ], [ 82.382213321165182, 28.090798262180122 ], [ 82.381834601750597, 28.09142485128028 ], [ 82.381108489062171, 28.092740891073998 ], [ 82.380437988205813, 28.093632159397465 ], [ 82.380856146861333, 28.09370015625526 ], [ 82.381002085341606, 28.093969458234689 ], [ 82.380713896534871, 28.094513901598578 ], [ 82.379752896318678, 28.094974856699704 ], [ 82.3790691960603, 28.09563158311769 ], [ 82.378679226851091, 28.096177045721568 ], [ 82.378524704487063, 28.096828449657522 ], [ 82.378599403484259, 28.097098470075856 ], [ 82.378593954839744, 28.097468578750338 ], [ 82.378900042327587, 28.09832294380459 ], [ 82.378497234371025, 28.098660943856711 ], [ 82.378892726439517, 28.099342921776568 ], [ 82.379726662416942, 28.099289406691952 ], [ 82.380297152500134, 28.099328795083579 ], [ 82.380765177716967, 28.099315058457087 ], [ 82.381803692958783, 28.099340702339042 ], [ 82.38254776969552, 28.09942346083178 ], [ 82.382977056084201, 28.099563543948211 ], [ 82.383657063008286, 28.099412274399093 ], [ 82.384228595532477, 28.099532867058254 ], [ 82.385110539209563, 28.100047453095922 ], [ 82.385388796275947, 28.100315413280324 ], [ 82.385695732722525, 28.100438672135894 ], [ 82.38660276849987, 28.100528787468203 ], [ 82.388038780598436, 28.100595492855032 ], [ 82.388686975755263, 28.100345237849151 ] ] ] } },
{ "type": "Feature", "properties": { "id": 11288.0, "created": 1651457765766.0, "created_by": "tezrazz.oli33@gmail.com", "updated": 1653844804581.0, "updated_by": "tezrazz.oli33@gmail.com", "area": 293.14, "cfug_code": "DAN/MA/29/08", "division_f": "Ghorahi", "file_no": "LU/DA/TU/018", "geo_graphi": "CHURE", "hand_over_": "1998-01-12", "is_fecofun": "T", "main_ward": 13, "max_altitu": 1300, "membership": "2022-04-14", "min_altitu": 790, "name": "Barahababa Kattike", "published": "F", "sub_divisi": "Bijauri", "forest_id": 11290.0, "group_offi": 11364.0, "info_offic": 11365.0, "local_regi": 540.0, "map_data_i": 11289.0, "is_customa": "F", "has_pan_nu": "?", "pan_number": null, "reporting_": 11291.0, "palika": "Tulsipur Sub-Metropolitan City", "district": "Dang", "province": "Lumbini", "status": "DRAFT" }, "geometry": { "type": "Polygon", "coordinates": [ [ [ 82.312921327888034, 28.003440268493879 ], [ 82.317052736936603, 28.001983673070409 ], [ 82.31950038857758, 28.00172552639005 ], [ 82.322734876943287, 28.000114902400707 ], [ 82.321679063839838, 27.995260071156199 ], [ 82.320757502107881, 27.994736395703605 ], [ 82.319705145258922, 27.99349189275457 ], [ 82.317754409275949, 27.992788525377438 ], [ 82.314279920596164, 27.991368599000452 ], [ 82.313432111928705, 27.991051764870939 ], [ 82.312044254562352, 27.989801377875597 ], [ 82.310913547931705, 27.988792226154825 ], [ 82.30939115700312, 27.988183937919921 ], [ 82.309286732634064, 27.985432006311143 ], [ 82.304558172763791, 27.976938344366964 ], [ 82.304398955311626, 27.976380241784391 ], [ 82.300888207741082, 27.976964076161504 ], [ 82.300640450848732, 27.977498954052606 ], [ 82.300921752525028, 27.97806493274522 ], [ 82.301694383844733, 27.978906068167024 ], [ 82.301855784433428, 27.980493118443313 ], [ 82.300306330609601, 27.981852651611941 ], [ 82.301583551045042, 27.98406999403689 ], [ 82.303053741285112, 27.985418998292094 ], [ 82.303649562934879, 27.987615695094998 ], [ 82.304330113285687, 27.990091390162384 ], [ 82.303293910634238, 27.991861283882034 ], [ 82.303335339063779, 27.991924073145075 ], [ 82.305127649568021, 27.991302331480973 ], [ 82.306017523165792, 27.991736155700696 ], [ 82.306258174881805, 27.993141923502517 ], [ 82.306198538688477, 27.994099244390892 ], [ 82.307703713362571, 27.99496045709348 ], [ 82.30777075025253, 27.997144106183459 ], [ 82.307197728368919, 27.997691114295183 ], [ 82.305590138828848, 27.997616130143797 ], [ 82.305210343329236, 27.999009737262806 ], [ 82.303919892990962, 27.999094190448822 ], [ 82.303420037555043, 27.998963540676066 ], [ 82.30668694229098, 28.004239801222081 ], [ 82.307675855525304, 28.005286435454419 ], [ 82.312921327888034, 28.003440268493879 ] ] ] } },
{ "type": "Feature", "properties": { "id": 9900.0, "created": 1651390794294.0, "created_by": "tezrazz.oli33@gmail.com", "updated": 1653813154715.0, "updated_by": "tezrazz.oli33@gmail.com", "area": 13.2, "cfug_code": "DAN/MA/27/02", "division_f": "Ghorahi", "file_no": "LU/DA/TU/015", "geo_graphi": "TERAI", "hand_over_": "1991-09-22", "is_fecofun": "T", "main_ward": 11, "max_altitu": 725, "membership": "2022-04-14", "min_altitu": 690, "name": "Belganar", "published": "F", "sub_divisi": "Tulsipur", "forest_id": 9902.0, "group_offi": 9991.0, "info_offic": 9992.0, "local_regi": 540.0, "map_data_i": 9901.0, "is_customa": "F", "has_pan_nu": "?", "pan_number": null, "reporting_": 9903.0, "palika": "Tulsipur Sub-Metropolitan City", "district": "Dang", "province": "Lumbini", "status": "DRAFT" }, "geometry": { "type": "Polygon", "coordinates": [ [ [ 82.223746844159905, 28.088999880296999 ], [ 82.2243727784371, 28.088552020366183 ], [ 82.224879969609901, 28.088403076679107 ], [ 82.224926652386785, 28.088032592865247 ], [ 82.224688495858572, 28.087673677965899 ], [ 82.224236671754625, 28.086423092548653 ], [ 82.224660188192502, 28.086076323823782 ], [ 82.224502217548434, 28.085608380273669 ], [ 82.224454857467208, 28.085022111031989 ], [ 82.223848008259665, 28.084458885358828 ], [ 82.223196217441, 28.084419567401426 ], [ 82.2225346074556, 28.085310015321696 ], [ 82.222302447829861, 28.08458097496538 ], [ 82.221542497863993, 28.08487657596368 ], [ 82.222061531443615, 28.085774557451497 ], [ 82.222742220619693, 28.087465386772848 ], [ 82.222638561506756, 28.088197418977146 ], [ 82.223150615696795, 28.089375264397137 ], [ 82.223746844159905, 28.088999880296999 ] ] ] } },
{ "type": "Feature", "properties": { "id": 15144.0, "created": 1651509769553.0, "created_by": "poudelneshan96@gmail.com", "updated": 1653793216645.0, "updated_by": "poudelneshan96@gmail.com", "area": 69.2, "cfug_code": "ROL/RT/01/36", "division_f": "Division forest office Rolpa", "file_no": "LU/RO/RU/007", "geo_graphi": "MID_HILL", "hand_over_": "1996-07-08", "is_fecofun": "T", "main_ward": 7, "max_altitu": 1908, "membership": "2021-04-14", "min_altitu": 1010, "name": "Banraj Community Forest", "published": "F", "sub_divisi": "Runtigadhi Sub division forest office", "forest_id": 15146.0, "group_offi": 15257.0, "info_offic": 15258.0, "local_regi": 559.0, "map_data_i": 15145.0, "is_customa": "F", "has_pan_nu": "?", "pan_number": null, "reporting_": 15147.0, "palika": "Runtigadi Rural Municipality", "district": "Rolpa", "province": "Lumbini", "status": "DRAFT" }, "geometry": { "type": "Polygon", "coordinates": [ [ [ 82.474944417364895, 28.193455901379775 ], [ 82.475232594821136, 28.193242569946964 ], [ 82.475812981079798, 28.193249035270835 ], [ 82.475848903821316, 28.192870485802064 ], [ 82.475272615614813, 28.192575342982042 ], [ 82.474726685613859, 28.193011367110142 ], [ 82.474944417364895, 28.193455901379775 ] ] ] } },
{ "type": "Feature", "properties": { "id": 13405.0, "created": 1651498762470.0, "created_by": "tezrazz.oli33@gmail.com", "updated": 1653814445450.0, "updated_by": "tezrazz.oli33@gmail.com", "area": 356.41, "cfug_code": "DAN/MA/29/10", "division_f": "Ghorahi", "file_no": "LU/DA/TU/023", "geo_graphi": "TERAI", "hand_over_": "1999-04-07", "is_fecofun": "T", "main_ward": 13, "max_altitu": 881, "membership": "2022-04-14", "min_altitu": 610, "name": "Gauri shankhar", "published": "F", "sub_divisi": "Bijauri", "forest_id": 13407.0, "group_offi": 13517.0, "info_offic": 13518.0, "local_regi": 540.0, "map_data_i": 13406.0, "is_customa": "F", "has_pan_nu": "?", "pan_number": null, "reporting_": 13408.0, "palika": "Tulsipur Sub-Metropolitan City", "district": "Dang", "province": "Lumbini", "status": "DRAFT" }, "geometry": { "type": "Polygon", "coordinates": [ [ [ 82.325853391434066, 27.979063425857856 ], [ 82.328543697774876, 27.977909221446229 ], [ 82.330010206787847, 27.977281283794706 ], [ 82.330245546938386, 27.976574983432869 ], [ 82.330558774992824, 27.975588124617264 ], [ 82.332893925777171, 27.974500454405423 ], [ 82.334592278988566, 27.973716781517378 ], [ 82.335112935281359, 27.973892248159416 ], [ 82.337017239304259, 27.973323169580688 ], [ 82.33761142694857, 27.972866095839276 ], [ 82.338443755579647, 27.972758714649039 ], [ 82.338269414554816, 27.971812686576698 ], [ 82.338383266585879, 27.971152684916177 ], [ 82.339744182070717, 27.970218791659658 ], [ 82.3391849072068, 27.969384824076439 ], [ 82.339129957079422, 27.969051398904348 ], [ 82.338854724657722, 27.968990896067741 ], [ 82.338239342730958, 27.969375973350505 ], [ 82.337033051764593, 27.969658480734861 ], [ 82.336719355545938, 27.968127117170994 ], [ 82.337008684524335, 27.967682034012061 ], [ 82.336412786738947, 27.967173344283978 ], [ 82.335899547208101, 27.966772160720417 ], [ 82.33422160363989, 27.965073510386325 ], [ 82.332409094029572, 27.964829321777259 ], [ 82.328100977523718, 27.964175974089915 ], [ 82.326698035991285, 27.96583223689926 ], [ 82.322868262417614, 27.968558856038328 ], [ 82.321110667893663, 27.969487369403875 ], [ 82.317662525514606, 27.969339918614857 ], [ 82.317987512447871, 27.970149144662795 ], [ 82.318522571062203, 27.97067655085473 ], [ 82.320611549948808, 27.975250737626673 ], [ 82.323541871563066, 27.978769779656478 ], [ 82.324156985559966, 27.980018468441919 ], [ 82.325616903079208, 27.980509859219609 ], [ 82.325853391434066, 27.979063425857856 ] ] ] } },
{ "type": "Feature", "properties": { "id": 8774.0, "created": 1651381710242.0, "created_by": "mastailaramesh100@gmail.com", "updated": 1651382372110.0, "updated_by": "mastailaramesh100@gmail.com", "area": 86.32, "cfug_code": "BAD/BG/33/11", "division_f": "Bardiya", "file_no": "LU/BA/BA/006", "geo_graphi": "TERAI", "hand_over_": "2007-04-02", "is_fecofun": "T", "main_ward": 4, "max_altitu": 150, "membership": "2020-04-13", "min_altitu": 133, "name": "Devi cf", "published": "F", "sub_divisi": "Bansgadhi", "forest_id": 8776.0, "group_offi": 8869.0, "info_offic": 8870.0, "local_regi": 583.0, "map_data_i": 8775.0, "is_customa": "F", "has_pan_nu": "?", "pan_number": null, "reporting_": 8777.0, "palika": "Basgadhi Municipality", "district": "Bardiya", "province": "Lumbini", "status": "DRAFT" }, "geometry": { "type": "Polygon", "coordinates": [ [ [ 81.527074905519839, 28.26791609120097 ], [ 81.528223614732269, 28.275494105736726 ], [ 81.534188916441053, 28.273530167033655 ], [ 81.533900277281646, 28.272899424873799 ], [ 81.533671829558443, 28.272069859056774 ], [ 81.533775749558117, 28.270417562867127 ], [ 81.532348615466617, 28.270477290947458 ], [ 81.530714344466105, 28.269887884543348 ], [ 81.530019876896404, 28.269655885250113 ], [ 81.529447357461322, 28.269342169360009 ], [ 81.529895207844675, 28.269186978925966 ], [ 81.527074905519839, 28.26791609120097 ] ] ] } },
{ "type": "Feature", "properties": { "id": 9074.0, "created": 1651384900016.0, "created_by": "tezrazz.oli33@gmail.com", "updated": 1653845285398.0, "updated_by": "tezrazz.oli33@gmail.com", "area": 2.16, "cfug_code": "DAN/DU/01/07", "division_f": "Ghorahi", "file_no": "LU/DA/TU/013", "geo_graphi": "TERAI", "hand_over_": "2007-01-31", "is_fecofun": "T", "main_ward": 14, "max_altitu": 680, "membership": "2022-04-14", "min_altitu": 645, "name": "Nabadurga", "published": "F", "sub_divisi": "Bijauri", "forest_id": 9076.0, "group_offi": 9153.0, "info_offic": 9154.0, "local_regi": 540.0, "map_data_i": 9075.0, "is_customa": "F", "has_pan_nu": "?", "pan_number": null, "reporting_": 9077.0, "palika": "Tulsipur Sub-Metropolitan City", "district": "Dang", "province": "Lumbini", "status": "DRAFT" }, "geometry": { "type": "Polygon", "coordinates": [ [ [ 82.348277173703536, 28.026050830371876 ], [ 82.348317002819385, 28.025165905420433 ], [ 82.348033250425942, 28.025249922477848 ], [ 82.347737753996626, 28.025207692130973 ], [ 82.347696399199776, 28.025153942632635 ], [ 82.347483500197995, 28.025210185961239 ], [ 82.347111306677107, 28.024726439233717 ], [ 82.346839073521551, 28.024918651232696 ], [ 82.346767432114575, 28.024883250036609 ], [ 82.346242179104593, 28.025177225294009 ], [ 82.346833450603299, 28.026101094173299 ], [ 82.347507046128158, 28.026284032314123 ], [ 82.348277173703536, 28.026050830371876 ] ] ] } },
{ "type": "Feature", "properties": { "id": 11840.0, "created": 1651460263227.0, "created_by": "tezrazz.oli33@gmail.com", "updated": 1653812747978.0, "updated_by": "tezrazz.oli33@gmail.com", "area": 311.55, "cfug_code": "DAN/TU/05/14", "division_f": "Ghorahi", "file_no": "LU/DA/TU/019", "geo_graphi": "TERAI", "hand_over_": "1998-07-09", "is_fecofun": "T", "main_ward": 3, "max_altitu": 1050, "membership": "2022-04-14", "min_altitu": 650, "name": "Dharmashala", "published": "F", "sub_divisi": "Tulsipur", "forest_id": 11842.0, "group_offi": 11872.0, "info_offic": 11873.0, "local_regi": 540.0, "map_data_i": 11841.0, "is_customa": "F", "has_pan_nu": "?", "pan_number": null, "reporting_": 11843.0, "palika": "Tulsipur Sub-Metropolitan City", "district": "Dang", "province": "Lumbini", "status": "DRAFT" }, "geometry": { "type": "Polygon", "coordinates": [ [ [ 82.298671709664632, 28.212831085679376 ], [ 82.298751903988887, 28.212722015631492 ], [ 82.298862771305721, 28.212621680033305 ], [ 82.298974402598105, 28.212584517169944 ], [ 82.299147490994073, 28.212573847770784 ], [ 82.299210147815756, 28.212699612857435 ], [ 82.299302277679089, 28.21273484074225 ], [ 82.299290996801574, 28.212644690636619 ], [ 82.29934073536424, 28.21254493524394 ], [ 82.299330001114868, 28.212499908575865 ], [ 82.299288593989331, 28.212446147515159 ], [ 82.299267563037574, 28.212392192916631 ], [ 82.299235905928072, 28.21230223632281 ], [ 82.299214984348509, 28.212257306401241 ], [ 82.299183983530384, 28.212221497919845 ], [ 82.299203922215383, 28.212185205654453 ], [ 82.299192750651855, 28.212104080217262 ], [ 82.299161860253662, 28.212077296416751 ], [ 82.299130421713926, 28.2120053891657 ], [ 82.299068528984208, 28.21194279683635 ], [ 82.298975853831507, 28.211862445318356 ], [ 82.298863350588363, 28.211827410643682 ], [ 82.298852069652639, 28.211737260474813 ], [ 82.298748771019746, 28.2116209067566 ], [ 82.298665956652258, 28.211513384213642 ], [ 82.298614471161272, 28.211468744323199 ], [ 82.298603629285935, 28.211414692886272 ], [ 82.298451245180331, 28.211452242218336 ], [ 82.298257128917612, 28.211408955895681 ], [ 82.298043619201053, 28.211447084869548 ], [ 82.297862744831946, 28.211656392734792 ], [ 82.297617688484024, 28.211613588778079 ], [ 82.297403633303475, 28.211606593297091 ], [ 82.297354656038806, 28.211769520911268 ], [ 82.297357055882458, 28.211968064204857 ], [ 82.297459590365179, 28.212021246145525 ], [ 82.297590507369023, 28.211893644215213 ], [ 82.297702465555631, 28.211883556478696 ], [ 82.297785278409719, 28.211991079621896 ], [ 82.297837201156653, 28.212071818597053 ], [ 82.297919468779583, 28.212134218182698 ], [ 82.298043907561805, 28.212313552036989 ], [ 82.298066466522869, 28.212493852531516 ], [ 82.298057369829621, 28.21258419612219 ], [ 82.298139856255148, 28.212664644936215 ], [ 82.298171511909459, 28.212754601805969 ], [ 82.298273610591423, 28.212771684329184 ], [ 82.298385898058768, 28.21278867007732 ], [ 82.298559859511442, 28.212850198927267 ], [ 82.298671709664632, 28.212831085679376 ] ] ] } },
{ "type": "Feature", "properties": { "id": 12143.0, "created": 1651466201003.0, "created_by": "tezrazz.oli33@gmail.com", "updated": 1653813690247.0, "updated_by": "tezrazz.oli33@gmail.com", "area": 2.53, "cfug_code": "DAN/MA/26/16", "division_f": "Ghorahi", "file_no": "LU/DA/TU/020", "geo_graphi": "TERAI", "hand_over_": "2014-04-14", "is_fecofun": "T", "main_ward": 14, "max_altitu": 680, "membership": "2022-04-14", "min_altitu": 650, "name": "Chaupariya", "published": "F", "sub_divisi": "Bijauri", "forest_id": 12145.0, "group_offi": 12174.0, "info_offic": 12175.0, "local_regi": 540.0, "map_data_i": 12144.0, "is_customa": "F", "has_pan_nu": "?", "pan_number": null, "reporting_": 12146.0, "palika": "Tulsipur Sub-Metropolitan City", "district": "Dang", "province": "Lumbini", "status": "DRAFT" }, "geometry": { "type": "Polygon", "coordinates": [ [ [ 82.311715081101283, 28.037326136224038 ], [ 82.311122510698624, 28.037115171775433 ], [ 82.310011427500285, 28.035248380921292 ], [ 82.30875191220548, 28.037083624115425 ], [ 82.309484473778866, 28.03709469405814 ], [ 82.310150976118166, 28.036691197758554 ], [ 82.310379667847883, 28.037095182738717 ], [ 82.31048127374379, 28.037085187468975 ], [ 82.310648281418253, 28.037435604898032 ], [ 82.310922364878934, 28.037387859721463 ], [ 82.311015985789709, 28.037558458638969 ], [ 82.311715081101283, 28.037326136224038 ] ] ] } },
{ "type": "Feature", "properties": { "id": 12405.0, "created": 1651473519458.0, "created_by": "tezrazz.oli33@gmail.com", "updated": 1653812899164.0, "updated_by": "tezrazz.oli33@gmail.com", "area": 179.93, "cfug_code": "DAN/TU/04/10", "division_f": "Ghorahi", "file_no": "LU/DA/TU/021", "geo_graphi": "TERAI", "hand_over_": "2011-12-29", "is_fecofun": "T", "main_ward": 4, "max_altitu": 1100, "membership": "2022-04-14", "min_altitu": 900, "name": "Mulpani", "published": "F", "sub_divisi": "Tulsipur", "forest_id": 12407.0, "group_offi": 12437.0, "info_offic": 12438.0, "local_regi": 540.0, "map_data_i": 12406.0, "is_customa": "F", "has_pan_nu": "?", "pan_number": null, "reporting_": 12408.0, "palika": "Tulsipur Sub-Metropolitan City", "district": "Dang", "province": "Lumbini", "status": "DRAFT" }, "geometry": { "type": "Polygon", "coordinates": [ [ [ 82.378252669179346, 28.167854122538387 ], [ 82.377705777471419, 28.167300037423299 ], [ 82.377513564017136, 28.167401252934638 ], [ 82.377967763692141, 28.167875041032708 ], [ 82.378252669179346, 28.167854122538387 ] ] ] } },
{ "type": "Feature", "properties": { "id": 10447.0, "created": 1651392737928.0, "created_by": "tezrazz.oli33@gmail.com", "updated": 1653813964981.0, "updated_by": "tezrazz.oli33@gmail.com", "area": 406.65, "cfug_code": "DAN/MA/29/04", "division_f": "Ghorahi", "file_no": "LU/DA/TU/016", "geo_graphi": "CHURE", "hand_over_": "1994-03-17", "is_fecofun": "T", "main_ward": 13, "max_altitu": 1300, "membership": "2022-04-14", "min_altitu": 600, "name": "Jumlikot leruwa pahad", "published": "F", "sub_divisi": "Bijauri", "forest_id": 10449.0, "group_offi": 10548.0, "info_offic": 10549.0, "local_regi": 540.0, "map_data_i": 10448.0, "is_customa": "F", "has_pan_nu": "?", "pan_number": null, "reporting_": 10450.0, "palika": "Tulsipur Sub-Metropolitan City", "district": "Dang", "province": "Lumbini", "status": "DRAFT" }, "geometry": { "type": "Polygon", "coordinates": [ [ [ 82.264496975170914, 28.008028170839147 ], [ 82.266099083470181, 28.008491803217247 ], [ 82.266668962838594, 28.008522656838121 ], [ 82.267079762706999, 28.007995359949234 ], [ 82.267225852760021, 28.007443424455868 ], [ 82.26748421904631, 28.006926557704986 ], [ 82.268069566925988, 28.00654206505806 ], [ 82.269128594838548, 28.006658655752901 ], [ 82.26955620147055, 28.007566337101878 ], [ 82.270835246948991, 28.006498471030994 ], [ 82.27314511523582, 28.005745987184078 ], [ 82.272473866702057, 28.004876677072506 ], [ 82.271251515718177, 28.002974466146529 ], [ 82.270931953447871, 28.002607353201125 ], [ 82.270524706807919, 27.999099985607096 ], [ 82.269914000586141, 27.998184970957588 ], [ 82.270008917548694, 27.996739925915115 ], [ 82.269734820991289, 27.995912060590726 ], [ 82.267873282835353, 27.995857030986045 ], [ 82.266263828729279, 27.995619133478343 ], [ 82.263115586247295, 27.995097501867662 ], [ 82.26171515166061, 27.994469509106107 ], [ 82.260549362341408, 27.995653591484501 ], [ 82.258416970085818, 27.996792358553446 ], [ 82.255659369053319, 27.997512579184615 ], [ 82.255656211229507, 27.998117355346345 ], [ 82.255567922897171, 27.999273499709094 ], [ 82.255671784223523, 28.000337628218148 ], [ 82.25564565428067, 28.001592491353275 ], [ 82.256778403243516, 28.003685214974645 ], [ 82.257384626893327, 28.005972292335979 ], [ 82.25727591116447, 28.007119597048671 ], [ 82.258349829935469, 28.008517835493286 ], [ 82.259011548361741, 28.008574958335227 ], [ 82.25897012517089, 28.007636627491944 ], [ 82.259464920673054, 28.00645870677749 ], [ 82.260273167747073, 28.005999995736278 ], [ 82.261487164476421, 28.007198351599762 ], [ 82.263019582896959, 28.008664551872148 ], [ 82.263853543030564, 28.008665912170894 ], [ 82.264496975170914, 28.008028170839147 ] ] ] } },
{ "type": "Feature", "properties": { "id": 13901.0, "created": 1651503169653.0, "created_by": "tezrazz.oli33@gmail.com", "updated": 1653837355255.0, "updated_by": "tezrazz.oli33@gmail.com", "area": 127.18, "cfug_code": "DAN/MA/29/03", "division_f": "Ghorahi", "file_no": "LU/DA/TU/024", "geo_graphi": "CHURE", "hand_over_": "1993-07-05", "is_fecofun": "T", "main_ward": 13, "max_altitu": 1200, "membership": "2022-04-14", "min_altitu": 800, "name": "Chisapani", "published": "F", "sub_divisi": "Bijauri", "forest_id": 13903.0, "group_offi": 13959.0, "info_offic": 13960.0, "local_regi": 540.0, "map_data_i": 13902.0, "is_customa": "F", "has_pan_nu": "?", "pan_number": null, "reporting_": 13904.0, "palika": "Tulsipur Sub-Metropolitan City", "district": "Dang", "province": "Lumbini", "status": "DRAFT" }, "geometry": { "type": "Polygon", "coordinates": [ [ [ 82.274345623736735, 28.004922519803944 ], [ 82.275398792233318, 28.004542684947641 ], [ 82.274281928373966, 28.003830960067837 ], [ 82.274479664571118, 27.99989377462482 ], [ 82.275231601670384, 28.000708171186844 ], [ 82.275984749372583, 27.999897865595035 ], [ 82.276672437787056, 28.001299542558403 ], [ 82.276934991008602, 28.00286763367324 ], [ 82.276473950012587, 28.003440555518946 ], [ 82.277098054124508, 28.003759695910833 ], [ 82.277930955751799, 28.002813248416505 ], [ 82.279063412628602, 28.002261154526419 ], [ 82.280165067058988, 28.000824787741973 ], [ 82.280993730237242, 28.000383819441819 ], [ 82.281654230086133, 28.00034155924266 ], [ 82.281968245573808, 28.001096817402807 ], [ 82.282221257337369, 28.001852643681261 ], [ 82.282656460942235, 28.001677089349943 ], [ 82.282381293538492, 28.000768028197516 ], [ 82.282071869121864, 28.000400847221051 ], [ 82.281408937822562, 27.999378061012681 ], [ 82.281792867579497, 27.999166883372894 ], [ 82.282727036334109, 27.999049858137553 ], [ 82.283245390630327, 27.999026968734004 ], [ 82.283879653841723, 27.999345983803153 ], [ 82.28396591899218, 27.999760375155848 ], [ 82.285163288062904, 28.000399060485648 ], [ 82.285721460764762, 28.000303581204001 ], [ 82.286070296075195, 28.001419544276729 ], [ 82.286137642106041, 28.002808920380016 ], [ 82.287077974353451, 28.004063760942511 ], [ 82.287772968702484, 28.004355110187632 ], [ 82.288402123725973, 28.004240902634599 ], [ 82.288663710874971, 28.004003774436285 ], [ 82.289655270404182, 28.003579279182016 ], [ 82.288212481304072, 28.001977151801757 ], [ 82.28827549982816, 28.001290584465458 ], [ 82.286857621686067, 28.000924771728755 ], [ 82.28681137325475, 28.000455851891324 ], [ 82.285931025689933, 27.999967658495269 ], [ 82.28412968153134, 27.99899163379504 ], [ 82.28358009114163, 27.997236691430203 ], [ 82.281420404673554, 27.995189876480183 ], [ 82.281094673555344, 27.993441861360459 ], [ 82.28085377777461, 27.992848387244152 ], [ 82.279550326929893, 27.992689028382909 ], [ 82.270650989550631, 27.993394353634702 ], [ 82.270283658523113, 27.996755439881301 ], [ 82.271568100317381, 28.000489376207497 ], [ 82.272139355540276, 28.004103533893222 ], [ 82.273144372389652, 28.005682811817138 ], [ 82.274345623736735, 28.004922519803944 ] ] ] } },
{ "type": "Feature", "properties": { "id": 10800.0, "created": 1651404396567.0, "created_by": "mastailaramesh100@gmail.com", "updated": 1652255961483.0, "updated_by": "mastailaramesh100@gmail.com", "area": 110.55, "cfug_code": "BAD/BS/28/14", "division_f": "Bardiya", "file_no": "LU/BA/BA/008", "geo_graphi": "TERAI", "hand_over_": "2007-04-19", "is_fecofun": "T", "main_ward": 8, "max_altitu": 162, "membership": "2021-06-18", "min_altitu": 136, "name": "Nawa Durga CF", "published": "F", "sub_divisi": "Bansgadhi", "forest_id": 10802.0, "group_offi": 10832.0, "info_offic": 10833.0, "local_regi": 583.0, "map_data_i": 10801.0, "is_customa": "F", "has_pan_nu": "?", "pan_number": null, "reporting_": 10803.0, "palika": "Basgadhi Municipality", "district": "Bardiya", "province": "Lumbini", "status": "DRAFT" }, "geometry": { "type": "Polygon", "coordinates": [ [ [ 81.477501631772611, 28.274399000180914 ], [ 81.476824805722572, 28.262079822276284 ], [ 81.476315295149107, 28.262135759715044 ], [ 81.476231607201044, 28.261657632065976 ], [ 81.474581020243932, 28.261889043402252 ], [ 81.474298355635256, 28.262521899311782 ], [ 81.472673118172679, 28.26388154723541 ], [ 81.471912374603562, 28.264768800759157 ], [ 81.471943754877429, 28.264949227955317 ], [ 81.471975256048609, 28.265156735060401 ], [ 81.47199584642658, 28.265201797836443 ], [ 81.472067451162729, 28.265255711159728 ], [ 81.472200905845966, 28.265462865960895 ], [ 81.472241728100926, 28.26547175167466 ], [ 81.472416760516353, 28.265859298098949 ], [ 81.472571324266028, 28.26622886150356 ], [ 81.472602509893477, 28.266364155300167 ], [ 81.47263373126043, 28.266508475724123 ], [ 81.472777344926726, 28.266706567990767 ], [ 81.472951384785119, 28.266868447686214 ], [ 81.473023430909961, 28.267021653482786 ], [ 81.473074846668169, 28.267120770011555 ], [ 81.473004714818671, 28.267400842806524 ], [ 81.472984402440488, 28.267418966662248 ], [ 81.473015389405191, 28.267509127149648 ], [ 81.473036058188882, 28.267572243015014 ], [ 81.473046852042899, 28.267707607260196 ], [ 81.473088591592386, 28.267924105328962 ], [ 81.473099703434855, 28.268131682644597 ], [ 81.473121171933599, 28.268375331190825 ], [ 81.473183104477357, 28.268546625425561 ], [ 81.473225281457417, 28.268862416395496 ], [ 81.473256586410571, 28.269024789873502 ], [ 81.473246908804867, 28.269142171426012 ], [ 81.473288370179944, 28.269295482942404 ], [ 81.473330708919093, 28.269647380370149 ], [ 81.473413551750127, 28.269935950039443 ], [ 81.473445017298218, 28.270134429970589 ], [ 81.47353861562442, 28.27054933704936 ], [ 81.473662801843602, 28.270964137997485 ], [ 81.473766677023377, 28.271397062764965 ], [ 81.47402401274303, 28.271946803081196 ], [ 81.474189187167212, 28.272406595063757 ], [ 81.474509263585787, 28.273308160444397 ], [ 81.47452209959738, 28.273903882362365 ], [ 81.474699396872893, 28.274796916108016 ], [ 81.477501631772611, 28.274399000180914 ] ] ] } },
{ "type": "Feature", "properties": { "id": 13896.0, "created": 1651503011455.0, "created_by": "poudelneshan96@gmail.com", "updated": 1653793442781.0, "updated_by": "poudelneshan96@gmail.com", "area": 77.32, "cfug_code": "Rol/RT/01/13", "division_f": "Division forest office Rolpa", "file_no": "LU/RO/RU/005", "geo_graphi": "MID_HILL", "hand_over_": "1995-07-16", "is_fecofun": "T", "main_ward": 4, "max_altitu": 1700, "membership": "2021-04-14", "min_altitu": 1300, "name": "Ujhipok Community Forest", "published": "F", "sub_divisi": "Runtigadhi Sub division forest office", "forest_id": 13898.0, "group_offi": 13961.0, "info_offic": 13962.0, "local_regi": 559.0, "map_data_i": 13897.0, "is_customa": "F", "has_pan_nu": "?", "pan_number": null, "reporting_": 13899.0, "palika": "Runtigadi Rural Municipality", "district": "Rolpa", "province": "Lumbini", "status": "DRAFT" }, "geometry": { "type": "Polygon", "coordinates": [ [ [ 82.556817895150743, 28.192773302902317 ], [ 82.556708402291406, 28.192584090309612 ], [ 82.555475226661656, 28.191839996469298 ], [ 82.554107185918838, 28.190221978596586 ], [ 82.552226778119802, 28.190505049585852 ], [ 82.551752020430285, 28.190077223783888 ], [ 82.550481732876506, 28.191698107001589 ], [ 82.550072947109584, 28.193724382967574 ], [ 82.550762256840244, 28.194194908960235 ], [ 82.55087333638221, 28.195538404564221 ], [ 82.551492535800207, 28.196090947641164 ], [ 82.553404750709888, 28.198704608567173 ], [ 82.554622448515147, 28.197670933186394 ], [ 82.556120382214431, 28.198402996534629 ], [ 82.556725272152107, 28.19937083541928 ], [ 82.556817895150743, 28.192773302902317 ] ] ] } },
{ "type": "Feature", "properties": { "id": 14532.0, "created": 1651506428780.0, "created_by": "poudelneshan96@gmail.com", "updated": 1653793318078.0, "updated_by": "poudelneshan96@gmail.com", "area": 51.71, "cfug_code": "ROL/RT/01/12", "division_f": "Division forest office Rolpa", "file_no": "LU/RO/RU/006", "geo_graphi": "MID_HILL", "hand_over_": "1995-07-16", "is_fecofun": "T", "main_ward": 4, "max_altitu": 1600, "membership": "2021-04-14", "min_altitu": 1320, "name": "Masina Community Forest", "published": "F", "sub_divisi": "Runtigadhi Sub division forest office", "forest_id": 14534.0, "group_offi": 14773.0, "info_offic": 14774.0, "local_regi": 559.0, "map_data_i": 14533.0, "is_customa": "F", "has_pan_nu": "?", "pan_number": null, "reporting_": 14535.0, "palika": "Runtigadi Rural Municipality", "district": "Rolpa", "province": "Lumbini", "status": "DRAFT" }, "geometry": { "type": "Polygon", "coordinates": [ [ [ 82.573507033637725, 28.171074544831374 ], [ 82.571954091545194, 28.170740401077946 ], [ 82.571457711630501, 28.172316479769023 ], [ 82.569300756556913, 28.172467572139183 ], [ 82.567484966653865, 28.176459452948503 ], [ 82.570438984024804, 28.178573589257208 ], [ 82.57063147961162, 28.17710930314103 ], [ 82.571453305368777, 28.176892293023037 ], [ 82.571586005447898, 28.17551894378667 ], [ 82.571862033975776, 28.174893038034234 ], [ 82.572686895786319, 28.174188626960042 ], [ 82.573143174056895, 28.173353069231936 ], [ 82.573749801260419, 28.1730482670031 ], [ 82.574221137969289, 28.172546464086636 ], [ 82.573507033637725, 28.171074544831374 ] ] ] } },
{ "type": "Feature", "properties": { "id": 6963.0, "created": 1651332641042.0, "created_by": "poudelneshan96@gmail.com", "updated": 1653619692713.0, "updated_by": "poudelneshan96@gmail.com", "area": 89.64, "cfug_code": "Rol/Rt/01/07", "division_f": "Division forest office Rolpa", "file_no": "LU/RO/RU/002", "geo_graphi": "MID_HILL", "hand_over_": "2010-09-18", "is_fecofun": "T", "main_ward": 2, "max_altitu": 1400, "membership": "2021-04-14", "min_altitu": 1000, "name": "Bhirkuna Salleri", "published": "F", "sub_divisi": "Runtigadhi Sub division forest office", "forest_id": 6965.0, "group_offi": 7264.0, "info_offic": 7265.0, "local_regi": 559.0, "map_data_i": 6964.0, "is_customa": "F", "has_pan_nu": "?", "pan_number": null, "reporting_": 6966.0, "palika": "Runtigadi Rural Municipality", "district": "Rolpa", "province": "Lumbini", "status": "DRAFT" }, "geometry": { "type": "Polygon", "coordinates": [ [ [ 82.612686540232971, 28.200906772330026 ], [ 82.613324314530473, 28.199960649477763 ], [ 82.614129493536893, 28.200664131091123 ], [ 82.617882224498317, 28.200240756614136 ], [ 82.620411449170206, 28.199750550124765 ], [ 82.622029423597269, 28.199632103821404 ], [ 82.621408084174618, 28.198962591663271 ], [ 82.620821015036199, 28.199213222778877 ], [ 82.620216949319001, 28.199012801510374 ], [ 82.619699928036425, 28.198504496293459 ], [ 82.618922872119583, 28.198992018838091 ], [ 82.616726783569902, 28.199279710882809 ], [ 82.61622634442756, 28.199195372753309 ], [ 82.616191849927418, 28.198934054218608 ], [ 82.615123606286943, 28.199704771012506 ], [ 82.613798841775861, 28.198998399277716 ], [ 82.614572552964091, 28.196931562729652 ], [ 82.615172526042443, 28.196861306790641 ], [ 82.616048175666947, 28.196156040089623 ], [ 82.614735140639823, 28.194871934781094 ], [ 82.614109068876132, 28.196594079217029 ], [ 82.613406278949697, 28.197279245762125 ], [ 82.613269358174875, 28.198336790088835 ], [ 82.612216753303073, 28.198114545417241 ], [ 82.612114386050962, 28.197402772937401 ], [ 82.611263737489935, 28.197060815441645 ], [ 82.611161005857866, 28.198361631967781 ], [ 82.611416285217274, 28.199080629537782 ], [ 82.60981623607222, 28.19903628853179 ], [ 82.608712251065299, 28.199464425144029 ], [ 82.608858361491002, 28.199697358537794 ], [ 82.61027545039542, 28.200447817486037 ], [ 82.612205875804648, 28.202139842504234 ], [ 82.612703616672661, 28.202043726047989 ], [ 82.613231506838929, 28.201920177205288 ], [ 82.612686540232971, 28.200906772330026 ] ] ] } },
{ "type": "Feature", "properties": { "id": 8320.0, "created": 1651376783569.0, "created_by": "tezrazz.oli33@gmail.com", "updated": 1653737074659.0, "updated_by": "tezrazz.oli33@gmail.com", "area": 24.4, "cfug_code": "DAN/TU/14/04", "division_f": "Ghorahi", "file_no": "LU/DA/TU/011", "geo_graphi": "TERAI", "hand_over_": "2003-04-14", "is_fecofun": "T", "main_ward": 10, "max_altitu": 680, "membership": "2022-04-14", "min_altitu": 650, "name": "Kirateshwor", "published": "F", "sub_divisi": "Tulsipur", "forest_id": 8322.0, "group_offi": 8352.0, "info_offic": 8353.0, "local_regi": 540.0, "map_data_i": 8321.0, "is_customa": "F", "has_pan_nu": "?", "pan_number": null, "reporting_": 8323.0, "palika": "Tulsipur Sub-Metropolitan City", "district": "Dang", "province": "Lumbini", "status": "DRAFT" }, "geometry": { "type": "Polygon", "coordinates": [ [ [ 82.249038339825347, 28.10394460531343 ], [ 82.247210324509069, 28.103428709879807 ], [ 82.24653978733113, 28.102658573107242 ], [ 82.245667059847619, 28.10200760687378 ], [ 82.24403796182014, 28.101083692333933 ], [ 82.242947075224947, 28.100931115223894 ], [ 82.24221188784577, 28.100730178342339 ], [ 82.241244695847854, 28.100711856847834 ], [ 82.239882865396794, 28.100011122031223 ], [ 82.240411163133103, 28.100809657528277 ], [ 82.241239606693853, 28.101154175816824 ], [ 82.242445466166828, 28.101567478340549 ], [ 82.243814283283427, 28.101988318235179 ], [ 82.245014046668075, 28.102753665739154 ], [ 82.245601586066186, 28.103389174535131 ], [ 82.246667498548049, 28.104020332941779 ], [ 82.24772632191889, 28.104037781844006 ], [ 82.248197435692418, 28.10428622179759 ], [ 82.248720378440339, 28.104615421763253 ], [ 82.249501542712096, 28.105267201687425 ], [ 82.250350406568032, 28.10561147721317 ], [ 82.250267515366431, 28.105485869559249 ], [ 82.249556859314907, 28.104770270050899 ], [ 82.249038339825347, 28.10394460531343 ] ] ] } },
{ "type": "Feature", "properties": { "id": 12813.0, "created": 1651494567001.0, "created_by": "poudelneshan96@gmail.com", "updated": 1653793376767.0, "updated_by": "poudelneshan96@gmail.com", "area": 257.43, "cfug_code": "Rol/RT/01/84", "division_f": "Division forest office Rolpa", "file_no": "LU/RO/RU/004", "geo_graphi": "MID_HILL", "hand_over_": "2008-07-15", "is_fecofun": "T", "main_ward": 9, "max_altitu": 1500, "membership": "2021-04-14", "min_altitu": 1000, "name": "Balparbhu Community Forest", "published": "F", "sub_divisi": "Runtigadhi Sub division forest office", "forest_id": 12815.0, "group_offi": 13034.0, "info_offic": 13035.0, "local_regi": 559.0, "map_data_i": 12814.0, "is_customa": "F", "has_pan_nu": "?", "pan_number": null, "reporting_": 12816.0, "palika": "Runtigadi Rural Municipality", "district": "Rolpa", "province": "Lumbini", "status": "DRAFT" }, "geometry": { "type": "Polygon", "coordinates": [ [ [ 82.532941780227702, 28.243455127892574 ], [ 82.531801065080799, 28.241939648285623 ], [ 82.531853625026997, 28.240900314782049 ], [ 82.532456477812957, 28.240630886878467 ], [ 82.531850560102612, 28.239742208537169 ], [ 82.531159841571935, 28.239523094434912 ], [ 82.530198687221855, 28.238368850859491 ], [ 82.528992404579185, 28.237922788309071 ], [ 82.528350640786812, 28.237915881515448 ], [ 82.528196569590364, 28.237264590566248 ], [ 82.52917308837641, 28.236634489924246 ], [ 82.530386282072868, 28.236575354942591 ], [ 82.530593691160902, 28.235590448167734 ], [ 82.528449435543735, 28.23591391154735 ], [ 82.524965037067886, 28.236661335297669 ], [ 82.522537651006132, 28.236851668430536 ], [ 82.519621301267762, 28.237036664466757 ], [ 82.519609925802797, 28.238875895802668 ], [ 82.520337124704383, 28.24071845310522 ], [ 82.51924127410166, 28.242354426160336 ], [ 82.520359472488053, 28.242294235367186 ], [ 82.52101178310113, 28.242657107002223 ], [ 82.520551650843117, 28.243486060227614 ], [ 82.52140431443695, 28.243715365003226 ], [ 82.522025430051144, 28.245678487249108 ], [ 82.524112260085531, 28.245322906453794 ], [ 82.527026847645175, 28.245282164159427 ], [ 82.529400809551589, 28.243800940381554 ], [ 82.531622098002117, 28.246766210039407 ], [ 82.534906005545054, 28.249526296404746 ], [ 82.532941780227702, 28.243455127892574 ] ] ] } },
{ "type": "Feature", "properties": { "id": 8596.0, "created": 1651379530131.0, "created_by": "tezrazz.oli33@gmail.com", "updated": 1653816003282.0, "updated_by": "tezrazz.oli33@gmail.com", "area": 440.23, "cfug_code": "DAN/MA/15/03", "division_f": "Ghorahi", "file_no": "LU/DA/TU/012", "geo_graphi": "TERAI", "hand_over_": "1998-07-09", "is_fecofun": "T", "main_ward": 15, "max_altitu": 1040, "membership": "2022-04-14", "min_altitu": 300, "name": "Pakhapani", "published": "F", "sub_divisi": "Bijauri", "forest_id": 8598.0, "group_offi": 8627.0, "info_offic": 8628.0, "local_regi": 540.0, "map_data_i": 8597.0, "is_customa": "F", "has_pan_nu": "?", "pan_number": null, "reporting_": 8599.0, "palika": "Tulsipur Sub-Metropolitan City", "district": "Dang", "province": "Lumbini", "status": "DRAFT" }, "geometry": { "type": "Polygon", "coordinates": [ [ [ 82.247644944116473, 27.992106699621711 ], [ 82.249294119537808, 27.99138769009253 ], [ 82.250038003316149, 27.991525347166007 ], [ 82.251077786670066, 27.99175056923248 ], [ 82.251945562602486, 27.992049558281376 ], [ 82.253482513187919, 27.992179973460861 ], [ 82.253502115432639, 27.992116612114739 ], [ 82.272805496817455, 27.989827187479875 ], [ 82.270230501017068, 27.98615031190214 ], [ 82.269107121508569, 27.983994426939578 ], [ 82.26693189953221, 27.981442050819954 ], [ 82.262765132414643, 27.978113639301046 ], [ 82.262983915745281, 27.976820899629477 ], [ 82.262432117830031, 27.976582260561571 ], [ 82.261687484220602, 27.976372466375828 ], [ 82.260370099800639, 27.975870055998826 ], [ 82.260074118443299, 27.974022417285777 ], [ 82.260059126885608, 27.97360735396213 ], [ 82.2600698096212, 27.972776854772953 ], [ 82.258725436404347, 27.973448068006558 ], [ 82.257733491656836, 27.973827211182691 ], [ 82.254115820163861, 27.974853112368791 ], [ 82.252028750139289, 27.975485900019869 ], [ 82.2512790785986, 27.975718374291784 ], [ 82.251043493975885, 27.975567073124179 ], [ 82.250807699107099, 27.975397721188422 ], [ 82.250251283170655, 27.975637458621442 ], [ 82.249138753919397, 27.976144002472854 ], [ 82.248806812101975, 27.976453904505934 ], [ 82.248921340273228, 27.976687543781843 ], [ 82.246032847964671, 27.977480960224835 ], [ 82.246022681880277, 27.977481052316126 ], [ 82.245547778031323, 27.977738084947358 ], [ 82.245419042243157, 27.978037112736185 ], [ 82.245418937178329, 27.978028087551049 ], [ 82.245076190331019, 27.978283921960177 ], [ 82.244986146572046, 27.978411102747501 ], [ 82.243695870798547, 27.978494984389702 ], [ 82.242814826371614, 27.978800810142296 ], [ 82.241076258884277, 27.97969204283299 ], [ 82.23967150086537, 27.980435827708764 ], [ 82.238768756622449, 27.980624483937319 ], [ 82.238341870193835, 27.980637354181166 ], [ 82.23902162181912, 27.981398453653338 ], [ 82.240663030359428, 27.982674393456236 ], [ 82.240656479727477, 27.982990366998482 ], [ 82.240830241178628, 27.983070034553791 ], [ 82.240739671920892, 27.983152086790138 ], [ 82.240751492383424, 27.983296398182031 ], [ 82.240905748156365, 27.983448450606815 ], [ 82.241174009453971, 27.983789022666109 ], [ 82.241349906835239, 27.984942778972023 ], [ 82.241341396817006, 27.985087273779495 ], [ 82.241473771980964, 27.985104131113292 ], [ 82.242200033273548, 27.986370256081138 ], [ 82.242678658338264, 27.988207259960763 ], [ 82.242387848149519, 27.988561906147019 ], [ 82.24251264781924, 27.988804483717157 ], [ 82.243346542934887, 27.989699557899929 ], [ 82.243439706857316, 27.989843133325326 ], [ 82.243756756768562, 27.990002736065708 ], [ 82.244958458526526, 27.991047916404746 ], [ 82.245326973672491, 27.99126120604409 ], [ 82.24668961961288, 27.992151468912528 ], [ 82.246955322043505, 27.992266398960197 ], [ 82.247644944116473, 27.992106699621711 ] ] ] } },
{ "type": "Feature", "properties": { "id": 10899.0, "created": 1651455036286.0, "created_by": "tezrazz.oli33@gmail.com", "updated": 1653837214971.0, "updated_by": "tezrazz.oli33@gmail.com", "area": 380.64, "cfug_code": "DAN/MA/29/07", "division_f": "Ghorahi", "file_no": "LU/DA/TU/017", "geo_graphi": "CHURE", "hand_over_": "1993-07-05", "is_fecofun": "T", "main_ward": 13, "max_altitu": 1020, "membership": "2022-04-14", "min_altitu": 690, "name": "Barahababa", "published": "F", "sub_divisi": "Bijauri", "forest_id": 10901.0, "group_offi": 11069.0, "info_offic": 11070.0, "local_regi": 540.0, "map_data_i": 10900.0, "is_customa": "F", "has_pan_nu": "?", "pan_number": null, "reporting_": 10902.0, "palika": "Tulsipur Sub-Metropolitan City", "district": "Dang", "province": "Lumbini", "status": "DRAFT" }, "geometry": { "type": "Polygon", "coordinates": [ [ [ 82.286864340887405, 27.999778404973483 ], [ 82.285226746811531, 27.998891122072191 ], [ 82.284420590847731, 27.997797481317615 ], [ 82.285100760753267, 27.996843392935542 ], [ 82.287086218944751, 27.995344553129236 ], [ 82.288456024078187, 27.994239575049352 ], [ 82.289144835143816, 27.994016494091369 ], [ 82.290224520431366, 27.994168835126938 ], [ 82.291966610704549, 27.996147225155273 ], [ 82.292395804543048, 27.996323711566696 ], [ 82.294728570850566, 27.994965914941197 ], [ 82.296873077284545, 27.993176607486781 ], [ 82.296391555573791, 27.992025819633149 ], [ 82.297830546973273, 27.991615100890737 ], [ 82.300633643462788, 27.99048744331003 ], [ 82.302304871322121, 27.991635978930027 ], [ 82.30329419876216, 27.991039915798652 ], [ 82.304389052500483, 27.989919337237307 ], [ 82.303463374439161, 27.986507262275147 ], [ 82.302948930242565, 27.985158237333287 ], [ 82.302029791113455, 27.983975509964047 ], [ 82.301550104166381, 27.982978163821521 ], [ 82.301371531619225, 27.982501475248384 ], [ 82.300954803882632, 27.981665998949875 ], [ 82.300878873851616, 27.981269572704313 ], [ 82.30021667300025, 27.982006941412465 ], [ 82.298030696692877, 27.982857983126721 ], [ 82.296782050281763, 27.983871650039827 ], [ 82.294956858153455, 27.983437547076452 ], [ 82.294090554874856, 27.983265180887617 ], [ 82.294066377566196, 27.984646389576525 ], [ 82.293088187871035, 27.985323516073159 ], [ 82.289870911161415, 27.984965610206189 ], [ 82.286507260287181, 27.98512348183516 ], [ 82.28555384313222, 27.985321944256683 ], [ 82.284043822437525, 27.985742223172853 ], [ 82.283503585204016, 27.986487401502046 ], [ 82.282675552763976, 27.987830981053946 ], [ 82.28138429945102, 27.989557966757481 ], [ 82.279985147877596, 27.990762434989776 ], [ 82.280843397136778, 27.992830431871788 ], [ 82.283437839534599, 27.998104517819456 ], [ 82.284016655758023, 27.998893403207394 ], [ 82.284859633364249, 27.999661765231593 ], [ 82.285881149407942, 28.000049359169569 ], [ 82.286738588532899, 28.000321142937807 ], [ 82.286652008595411, 28.000737149972931 ], [ 82.28808764310088, 28.000886174262032 ], [ 82.286864340887405, 27.999778404973483 ] ] ] } },
{ "type": "Feature", "properties": { "id": 12794.0, "created": 1651494243485.0, "created_by": "tezrazz.oli33@gmail.com", "updated": 1653837290148.0, "updated_by": "tezrazz.oli33@gmail.com", "area": 280.83, "cfug_code": "DAN/TU/05/10", "division_f": "Ghorahi", "file_no": "LU/DA/TU/022", "geo_graphi": "CHURE", "hand_over_": "1996-07-09", "is_fecofun": "T", "main_ward": 3, "max_altitu": 1050, "membership": "2022-04-14", "min_altitu": 670, "name": "Bhairab", "published": "F", "sub_divisi": "Tulsipur", "forest_id": 12796.0, "group_offi": 12841.0, "info_offic": 12842.0, "local_regi": 540.0, "map_data_i": 12795.0, "is_customa": "F", "has_pan_nu": "?", "pan_number": null, "reporting_": 12797.0, "palika": "Tulsipur Sub-Metropolitan City", "district": "Dang", "province": "Lumbini", "status": "DRAFT" }, "geometry": { "type": "Polygon", "coordinates": [ [ [ 82.317653303674888, 28.201963146288762 ], [ 82.31806266203057, 28.201282276074167 ], [ 82.318914592731744, 28.200967193287035 ], [ 82.319952286605258, 28.199188150227123 ], [ 82.320201720460318, 28.197931171602569 ], [ 82.322109496686608, 28.19814742110265 ], [ 82.323795353469905, 28.197715940862341 ], [ 82.325020632066298, 28.197938750315789 ], [ 82.325415293453261, 28.198548675266032 ], [ 82.329285174666438, 28.199251243623703 ], [ 82.331584225117695, 28.198976171861347 ], [ 82.333030377456453, 28.1972923419052 ], [ 82.333179925335571, 28.19702914045028 ], [ 82.332288556615822, 28.195801303485155 ], [ 82.33140626916429, 28.195304451915181 ], [ 82.329611604975071, 28.19434712606936 ], [ 82.328398871759418, 28.191840735356227 ], [ 82.328552584513091, 28.191090110860738 ], [ 82.328285328403581, 28.190072801438777 ], [ 82.328518883208744, 28.188364678232663 ], [ 82.327205911860801, 28.186806944094212 ], [ 82.326775783440098, 28.186621574327916 ], [ 82.325338573835324, 28.185723901471366 ], [ 82.32517739222385, 28.184218168864998 ], [ 82.325358505768236, 28.18238419649985 ], [ 82.325626713049132, 28.18183103121688 ], [ 82.325297453440726, 28.181563447895993 ], [ 82.32512770651374, 28.181014522701997 ], [ 82.324622304062359, 28.180504948257479 ], [ 82.324025353940669, 28.18000528294159 ], [ 82.324289737909567, 28.178314916743894 ], [ 82.324059227015823, 28.177793654630005 ], [ 82.32342977944063, 28.177962203673985 ], [ 82.32315745978849, 28.178181453108817 ], [ 82.322451941494364, 28.177962626902946 ], [ 82.321913595602382, 28.1780851603903 ], [ 82.321684008173179, 28.178466457359352 ], [ 82.321258467971347, 28.178651079332546 ], [ 82.321017361013219, 28.178924177731343 ], [ 82.321082018781453, 28.179212376951018 ], [ 82.31968150351895, 28.179632042111784 ], [ 82.318907123000827, 28.179612427493677 ], [ 82.319017383793835, 28.17946695356812 ], [ 82.318412605149206, 28.179156878650328 ], [ 82.318347731838003, 28.179680995614724 ], [ 82.316938129602931, 28.179360610651486 ], [ 82.316760332789272, 28.179813607435463 ], [ 82.31683526042616, 28.180941102956254 ], [ 82.317610530357342, 28.181863293235306 ], [ 82.317144892527722, 28.182102443116964 ], [ 82.317338723922148, 28.183788388700524 ], [ 82.319068226206582, 28.184439637324822 ], [ 82.319872445426881, 28.18605651450175 ], [ 82.318967717583291, 28.187040012854556 ], [ 82.318716620153282, 28.18650088913936 ], [ 82.318925530533306, 28.186092718982465 ], [ 82.316470587451477, 28.187759033229014 ], [ 82.3155736081535, 28.186883136481359 ], [ 82.314778142725118, 28.186809548055848 ], [ 82.31414701702306, 28.188512445348938 ], [ 82.313348302559461, 28.189007500843722 ], [ 82.313453434850089, 28.190107630506677 ], [ 82.313071588927414, 28.192205262317366 ], [ 82.314336261595599, 28.193989241145896 ], [ 82.315467132779304, 28.194826793052098 ], [ 82.315524474484846, 28.195349733280878 ], [ 82.315304794639815, 28.195712873393841 ], [ 82.315379746316466, 28.196010001541367 ], [ 82.315139471669681, 28.196355287935347 ], [ 82.314889007771853, 28.196700671818597 ], [ 82.31432808865793, 28.196651905924917 ], [ 82.313658023311291, 28.196008488240622 ], [ 82.313054303172976, 28.197458396915188 ], [ 82.313641527609434, 28.198824669687333 ], [ 82.315484821680002, 28.201261954652924 ], [ 82.315535076195374, 28.202037682213966 ], [ 82.316314265190158, 28.202436345289012 ], [ 82.317653303674888, 28.201963146288762 ] ] ] } },
{ "type": "Feature", "properties": { "id": 14527.0, "created": 1651506414903.0, "created_by": "tezrazz.oli33@gmail.com", "updated": 1653837421555.0, "updated_by": "tezrazz.oli33@gmail.com", "area": 269.82, "cfug_code": "DAN/MA/29/06", "division_f": "Ghorahi", "file_no": "LU/DA/TU/025", "geo_graphi": "CHURE", "hand_over_": "1995-12-10", "is_fecofun": "T", "main_ward": 13, "max_altitu": 560, "membership": "2022-04-14", "min_altitu": 509, "name": "Jhakridhunga", "published": "F", "sub_divisi": "Bijauri", "forest_id": 14529.0, "group_offi": 14564.0, "info_offic": 14565.0, "local_regi": 540.0, "map_data_i": 14528.0, "is_customa": "F", "has_pan_nu": "?", "pan_number": null, "reporting_": 14530.0, "palika": "Tulsipur Sub-Metropolitan City", "district": "Dang", "province": "Lumbini", "status": "DRAFT" }, "geometry": { "type": "Polygon", "coordinates": [ [ [ 82.2889793504728, 28.003829803159881 ], [ 82.288935463817324, 28.00376655042675 ], [ 82.288905925466679, 28.00384806144767 ], [ 82.2889793504728, 28.003829803159881 ] ] ] } },
{ "type": "Feature", "properties": { "id": 7750.0, "created": 1651338149368.0, "created_by": "tezrazz.oli33@gmail.com", "updated": 1653837655439.0, "updated_by": "tezrazz.oli33@gmail.com", "area": 132.45, "cfug_code": "DAN/CH/06/03", "division_f": "Ghorahi", "file_no": "LU/DA/TU/009", "geo_graphi": "TERAI", "hand_over_": "1996-07-09", "is_fecofun": "T", "main_ward": 1, "max_altitu": 1000, "membership": "2022-04-14", "min_altitu": 685, "name": "Manakamana", "published": "F", "sub_divisi": "Tulsipur", "forest_id": 7752.0, "group_offi": 7789.0, "info_offic": 7790.0, "local_regi": 540.0, "map_data_i": 7751.0, "is_customa": "F", "has_pan_nu": "?", "pan_number": null, "reporting_": 7753.0, "palika": "Tulsipur Sub-Metropolitan City", "district": "Dang", "province": "Lumbini", "status": "DRAFT" }, "geometry": { "type": "Polygon", "coordinates": [ [ [ 82.261939772579353, 28.176101781028127 ], [ 82.261931026296224, 28.175785331957368 ], [ 82.261707922501955, 28.175800139001105 ], [ 82.261482286790852, 28.175819727969081 ], [ 82.261504560301546, 28.175968283029523 ], [ 82.261530182498973, 28.176110314022491 ], [ 82.261939772579353, 28.176101781028127 ] ] ] } }
]
}
