{
"type": "FeatureCollection",
"crs": { "type": "name", "properties": { "name": "urn:ogc:def:crs:OGC:1.3:CRS84" } },
"features": [
{ "type": "Feature", "properties": { "fid": 1 }, "geometry": { "type": "Polygon", "coordinates": [ [ [ 83.03408, 27.44886 ], [ 83.01894, 27.45402 ], [ 82.96655, 27.46425 ], [ 82.95416, 27.46793 ], [ 82.94469, 27.47703 ], [ 82.9395, 27.49132 ], [ 82.92938, 27.50116 ], [ 82.91325, 27.50133 ], [ 82.87975, 27.49864 ], [ 82.8703, 27.49859 ], [ 82.84901, 27.49948 ], [ 82.83239, 27.50204 ], [ 82.80188, 27.49651 ], [ 82.78526, 27.50018 ], [ 82.73536, 27.50266 ], [ 82.73509, 27.50841 ], [ 82.73756, 27.50859 ], [ 82.73658, 27.50966 ], [ 82.73719, 27.51197 ], [ 82.73659, 27.51311 ], [ 82.73738, 27.51374 ], [ 82.73613, 27.51522 ], [ 82.73672, 27.51803 ], [ 82.73866, 27.51873 ], [ 82.74305, 27.5167 ], [ 82.74332, 27.51735 ], [ 82.74209, 27.51819 ], [ 82.742, 27.52112 ], [ 82.74619, 27.52105 ], [ 82.74703, 27.51956 ], [ 82.74941, 27.52281 ], [ 82.74747, 27.5232 ], [ 82.74783, 27.52414 ], [ 82.74928, 27.52462 ], [ 82.74844, 27.52672 ], [ 82.74766, 27.52714 ], [ 82.74641, 27.52587 ], [ 82.74694, 27.52797 ], [ 82.7451, 27.52895 ], [ 82.74701, 27.5303 ], [ 82.74717, 27.53155 ], [ 82.74446, 27.52979 ], [ 82.74501, 27.53223 ], [ 82.74396, 27.53167 ], [ 82.74339, 27.53249 ], [ 82.74198, 27.53209 ], [ 82.74279, 27.53379 ], [ 82.74451, 27.53436 ], [ 82.74375, 27.53587 ], [ 82.74246, 27.53643 ], [ 82.74161, 27.53573 ], [ 82.74047, 27.53699 ], [ 82.74174, 27.53719 ], [ 82.74223, 27.53898 ], [ 82.74142, 27.53992 ], [ 82.7431, 27.54149 ], [ 82.74172, 27.54128 ], [ 82.74115, 27.54262 ], [ 82.74258, 27.54321 ], [ 82.74064, 27.54481 ], [ 82.74185, 27.5463 ], [ 82.73896, 27.54531 ], [ 82.73774, 27.5466 ], [ 82.73823, 27.54816 ], [ 82.74094, 27.54996 ], [ 82.73841, 27.5505 ], [ 82.73811, 27.55204 ], [ 82.73999, 27.55166 ], [ 82.7417, 27.55409 ], [ 82.74703, 27.55504 ], [ 82.74404, 27.55852 ], [ 82.74351, 27.56089 ], [ 82.74449, 27.56205 ], [ 82.74997, 27.56372 ], [ 82.75123, 27.56525 ], [ 82.75132, 27.56678 ], [ 82.74831, 27.57012 ], [ 82.74768, 27.57195 ], [ 82.7492, 27.57426 ], [ 82.74876, 27.57622 ], [ 82.75094, 27.57698 ], [ 82.75079, 27.5798 ], [ 82.75236, 27.58484 ], [ 82.75563, 27.58648 ], [ 82.75576, 27.58773 ], [ 82.75015, 27.5935 ], [ 82.74486, 27.5953 ], [ 82.74534, 27.60029 ], [ 82.74345, 27.60201 ], [ 82.74217, 27.60466 ], [ 82.73714, 27.60714 ], [ 82.73484, 27.60962 ], [ 82.7362, 27.6114 ], [ 82.7345, 27.61468 ], [ 82.73508, 27.61627 ], [ 82.733, 27.61893 ], [ 82.73382, 27.6203 ], [ 82.73662, 27.62169 ], [ 82.7359, 27.62253 ], [ 82.7329, 27.62286 ], [ 82.73072, 27.624 ], [ 82.73161, 27.62465 ], [ 82.7347, 27.62438 ], [ 82.73662, 27.6261 ], [ 82.73356, 27.62854 ], [ 82.73814, 27.63196 ], [ 82.73496, 27.63555 ], [ 82.73752, 27.63755 ], [ 82.73767, 27.64029 ], [ 82.73622, 27.64311 ], [ 82.73333, 27.64266 ], [ 82.7327, 27.64442 ], [ 82.73373, 27.64588 ], [ 82.733, 27.64639 ], [ 82.73096, 27.64514 ], [ 82.72805, 27.64557 ], [ 82.72861, 27.64787 ], [ 82.73078, 27.64789 ], [ 82.73133, 27.649 ], [ 82.73039, 27.65034 ], [ 82.73038, 27.65273 ], [ 82.72714, 27.65542 ], [ 82.72552, 27.65838 ], [ 82.72386, 27.6591 ], [ 82.72032, 27.65729 ], [ 82.71897, 27.65901 ], [ 82.72027, 27.66164 ], [ 82.71417, 27.6626 ], [ 82.71169, 27.66506 ], [ 82.71191, 27.66589 ], [ 82.71489, 27.66629 ], [ 82.7158, 27.66804 ], [ 82.71537, 27.66902 ], [ 82.71322, 27.66995 ], [ 82.71315, 27.67089 ], [ 82.71592, 27.67251 ], [ 82.71614, 27.67559 ], [ 82.71421, 27.67715 ], [ 82.71521, 27.67917 ], [ 82.71479, 27.68141 ], [ 82.71823, 27.68742 ], [ 82.71564, 27.69178 ], [ 82.70987, 27.69537 ], [ 82.70704, 27.69921 ], [ 82.70583, 27.70284 ], [ 82.70515, 27.70622 ], [ 82.70558, 27.7112 ], [ 82.70759, 27.71736 ], [ 82.70794, 27.72185 ], [ 82.70509, 27.71653 ], [ 82.70189, 27.71632 ], [ 82.69918, 27.72194 ], [ 82.69522, 27.71835 ], [ 82.68919, 27.71509 ], [ 82.68062, 27.71372 ], [ 82.6716, 27.71421 ], [ 82.66644, 27.71562 ], [ 82.66414, 27.72205 ], [ 82.65517, 27.71327 ], [ 82.63845, 27.70908 ], [ 82.62776, 27.71148 ], [ 82.62748, 27.70915 ], [ 82.62309, 27.70499 ], [ 82.61878, 27.70222 ], [ 82.60498, 27.70593 ], [ 82.60003, 27.70419 ], [ 82.59362, 27.6969 ], [ 82.5911, 27.69683 ], [ 82.58487, 27.69857 ], [ 82.56184, 27.69175 ], [ 82.55447, 27.68847 ], [ 82.54941, 27.6888 ], [ 82.54109, 27.6857 ], [ 82.53867, 27.68761 ], [ 82.5309, 27.68654 ], [ 82.51619, 27.69039 ], [ 82.50025, 27.68498 ], [ 82.49243, 27.68416 ], [ 82.49001, 27.6812 ], [ 82.48395, 27.68076 ], [ 82.48185, 27.68278 ], [ 82.47316, 27.67647 ], [ 82.44868, 27.67869 ], [ 82.437, 27.68506 ], [ 82.42723, 27.68825 ], [ 82.41282, 27.6982 ], [ 82.40157, 27.70285 ], [ 82.39291, 27.70982 ], [ 82.3823, 27.72031 ], [ 82.36711, 27.74264 ], [ 82.33653, 27.75479 ], [ 82.30384, 27.77259 ], [ 82.25272, 27.81012 ], [ 82.23043, 27.82077 ], [ 82.20822, 27.8431 ], [ 82.17702, 27.8547 ], [ 82.15395, 27.86618 ], [ 82.14996, 27.8579 ], [ 82.13938, 27.85991 ], [ 82.1233, 27.86501 ], [ 82.11417, 27.87754 ], [ 82.10086, 27.88611 ], [ 82.09135, 27.89464 ], [ 82.09004, 27.89939 ], [ 82.0805, 27.90909 ], [ 82.07091, 27.92262 ], [ 82.06245, 27.9217 ], [ 82.04506, 27.92448 ], [ 82.02549, 27.92508 ], [ 81.99114, 27.9292 ], [ 81.97769, 27.9285 ], [ 81.96817, 27.92894 ], [ 81.96167, 27.92315 ], [ 81.95927, 27.91639 ], [ 81.9509, 27.9102 ], [ 81.9477, 27.9035 ], [ 81.93806, 27.89374 ], [ 81.938, 27.88792 ], [ 81.92998, 27.88264 ], [ 81.92536, 27.87579 ], [ 81.92611, 27.85976 ], [ 81.90115, 27.85366 ], [ 81.89281, 27.85602 ], [ 81.88544, 27.85699 ], [ 81.88248, 27.85923 ], [ 81.87792, 27.8656 ], [ 81.87354, 27.8694 ], [ 81.84754, 27.8872 ], [ 81.83997, 27.89105 ], [ 81.83268, 27.89806 ], [ 81.82541, 27.90057 ], [ 81.82434, 27.90189 ], [ 81.8211, 27.90345 ], [ 81.81353, 27.90455 ], [ 81.80921, 27.90319 ], [ 81.80485, 27.90337 ], [ 81.69828, 27.98819 ], [ 81.69323, 27.98946 ], [ 81.64341, 27.99381 ], [ 81.63922, 27.99712 ], [ 81.636, 27.99744 ], [ 81.62794, 28.00158 ], [ 81.62429, 28.00137 ], [ 81.6192, 28.0086 ], [ 81.61703, 28.0104 ], [ 81.59851, 28.01993 ], [ 81.5866, 28.02477 ], [ 81.57535, 28.03109 ], [ 81.55914, 28.04221 ], [ 81.54724, 28.04919 ], [ 81.49594, 28.07299 ], [ 81.47835, 28.08253 ], [ 81.47972, 28.11009 ], [ 81.48398, 28.11824 ], [ 81.47261, 28.12559 ], [ 81.46761, 28.1272 ], [ 81.44988, 28.14087 ], [ 81.45007, 28.15064 ], [ 81.44591, 28.15596 ], [ 81.44708, 28.15923 ], [ 81.44581, 28.16131 ], [ 81.42645, 28.17065 ], [ 81.41481, 28.17424 ], [ 81.38987, 28.17376 ], [ 81.37464, 28.17694 ], [ 81.3734, 28.17548 ], [ 81.37397, 28.17313 ], [ 81.37242, 28.17294 ], [ 81.372, 28.1717 ], [ 81.36972, 28.17056 ], [ 81.36684, 28.16534 ], [ 81.36758, 28.16405 ], [ 81.36692, 28.1628 ], [ 81.36836, 28.16097 ], [ 81.37707, 28.1587 ], [ 81.37831, 28.15549 ], [ 81.37742, 28.15468 ], [ 81.37779, 28.15274 ], [ 81.37656, 28.15159 ], [ 81.37664, 28.14972 ], [ 81.37508, 28.14865 ], [ 81.37123, 28.14238 ], [ 81.36777, 28.14142 ], [ 81.36568, 28.14179 ], [ 81.34209, 28.13956 ], [ 81.33439, 28.14018 ], [ 81.32066, 28.13381 ], [ 81.31797, 28.13354 ], [ 81.31538, 28.13696 ], [ 81.3183, 28.14522 ], [ 81.32785, 28.14827 ], [ 81.32011, 28.16024 ], [ 81.31059, 28.15556 ], [ 81.30968, 28.16068 ], [ 81.30305, 28.16301 ], [ 81.30191, 28.16439 ], [ 81.30175, 28.16607 ], [ 81.30216, 28.16778 ], [ 81.30439, 28.1685 ], [ 81.3142, 28.16766 ], [ 81.32119, 28.16882 ], [ 81.32469, 28.17503 ], [ 81.31829, 28.18237 ], [ 81.32053, 28.19725 ], [ 81.29955, 28.21984 ], [ 81.29185, 28.22286 ], [ 81.28603, 28.22852 ], [ 81.25776, 28.25952 ], [ 81.23267, 28.28897 ], [ 81.23451, 28.32463 ], [ 81.2195, 28.34486 ], [ 81.21334, 28.35826 ], [ 81.21059, 28.36056 ], [ 81.16623, 28.36892 ], [ 81.13317, 28.37391 ], [ 81.08539, 28.38323 ], [ 81.07976, 28.38492 ], [ 81.04588, 28.40999 ], [ 81.03477, 28.41335 ], [ 81.03227, 28.39874 ], [ 81.02096, 28.41032 ], [ 81.01669, 28.41575 ], [ 81.03371, 28.42791 ], [ 81.02952, 28.43854 ], [ 81.01915, 28.43167 ], [ 81.01293, 28.43821 ], [ 81.0174, 28.45162 ], [ 80.99965, 28.45399 ], [ 80.98912, 28.44163 ], [ 80.97779, 28.44248 ], [ 80.97904, 28.43434 ], [ 80.96516, 28.43777 ], [ 80.96803, 28.44287 ], [ 80.96478, 28.4446 ], [ 80.97978, 28.45524 ], [ 80.96699, 28.45698 ], [ 80.96402, 28.44957 ], [ 80.95169, 28.44752 ], [ 80.95154, 28.45558 ], [ 80.94466, 28.45471 ], [ 80.93222, 28.45858 ], [ 80.94519, 28.46611 ], [ 80.94249, 28.46842 ], [ 80.93232, 28.46304 ], [ 80.93052, 28.4576 ], [ 80.91753, 28.45973 ], [ 80.9195, 28.46374 ], [ 80.91442, 28.4678 ], [ 80.91558, 28.45763 ], [ 80.90565, 28.46577 ], [ 80.90136, 28.48568 ], [ 80.90692, 28.48966 ], [ 80.90855, 28.49756 ], [ 80.8997, 28.50048 ], [ 80.89605, 28.50563 ], [ 80.88573, 28.50717 ], [ 80.87578, 28.50974 ], [ 80.8615, 28.50413 ], [ 80.86549, 28.48955 ], [ 80.85523, 28.49709 ], [ 80.8443, 28.49545 ], [ 80.84348, 28.4997 ], [ 80.83629, 28.50533 ], [ 80.82993, 28.51172 ], [ 80.8154, 28.52064 ], [ 80.79969, 28.5211 ], [ 80.78893, 28.52435 ], [ 80.78448, 28.52926 ], [ 80.78947, 28.54335 ], [ 80.78265, 28.54677 ], [ 80.76946, 28.54969 ], [ 80.7679, 28.5656 ], [ 80.73834, 28.5742 ], [ 80.73869, 28.56586 ], [ 80.72446, 28.57478 ], [ 80.71456, 28.56786 ], [ 80.70385, 28.57875 ], [ 80.69021, 28.58706 ], [ 80.69565, 28.60335 ], [ 80.67732, 28.60433 ], [ 80.67949, 28.62044 ], [ 80.67069, 28.62832 ], [ 80.66754, 28.64187 ], [ 80.65117, 28.63389 ], [ 80.64144, 28.64325 ], [ 80.63321, 28.6373 ], [ 80.61151, 28.63928 ], [ 80.60618, 28.65234 ], [ 80.58965, 28.64772 ], [ 80.59753, 28.65594 ], [ 80.58012, 28.66126 ], [ 80.59034, 28.67971 ], [ 80.56861, 28.68788 ], [ 80.55003, 28.69155 ], [ 80.53978, 28.69062 ], [ 80.50609, 28.67097 ], [ 80.50347, 28.66519 ], [ 80.51127, 28.62373 ], [ 80.51476, 28.6159 ], [ 80.52155, 28.57688 ], [ 80.52555, 28.57323 ], [ 80.52983, 28.57486 ], [ 80.53066, 28.57224 ], [ 80.52289, 28.55296 ], [ 80.51985, 28.55426 ], [ 80.51887, 28.55225 ], [ 80.51757, 28.55179 ], [ 80.51519, 28.55731 ], [ 80.50638, 28.56805 ], [ 80.50413, 28.56928 ], [ 80.49974, 28.56968 ], [ 80.4949, 28.5753 ], [ 80.48869, 28.57969 ], [ 80.48368, 28.58205 ], [ 80.48106, 28.58534 ], [ 80.47853, 28.58531 ], [ 80.47537, 28.58306 ], [ 80.46994, 28.58255 ], [ 80.4682, 28.58337 ], [ 80.47094, 28.58457 ], [ 80.47169, 28.59021 ], [ 80.46613, 28.60074 ], [ 80.46248, 28.61253 ], [ 80.46025, 28.61376 ], [ 80.46181, 28.61538 ], [ 80.46375, 28.61432 ], [ 80.46428, 28.61491 ], [ 80.46288, 28.61701 ], [ 80.45957, 28.61753 ], [ 80.45978, 28.61826 ], [ 80.46166, 28.61861 ], [ 80.4605, 28.6216 ], [ 80.4562, 28.62357 ], [ 80.45157, 28.62861 ], [ 80.44255, 28.62847 ], [ 80.43988, 28.63095 ], [ 80.43763, 28.63531 ], [ 80.43235, 28.63725 ], [ 80.42395, 28.63708 ], [ 80.41997, 28.63786 ], [ 80.41838, 28.639 ], [ 80.41466, 28.63914 ], [ 80.40457, 28.63484 ], [ 80.38698, 28.63061 ], [ 80.38608, 28.62965 ], [ 80.38285, 28.63061 ], [ 80.37632, 28.62831 ], [ 80.37528, 28.62843 ], [ 80.37424, 28.62998 ], [ 80.37127, 28.62909 ], [ 80.37088, 28.63234 ], [ 80.36754, 28.63522 ], [ 80.36071, 28.63549 ], [ 80.35717, 28.64065 ], [ 80.35777, 28.64277 ], [ 80.36059, 28.64458 ], [ 80.36034, 28.64535 ], [ 80.35564, 28.64676 ], [ 80.35333, 28.65028 ], [ 80.34729, 28.65431 ], [ 80.33724, 28.66067 ], [ 80.32588, 28.66633 ], [ 80.32593, 28.6698 ], [ 80.32121, 28.68125 ], [ 80.32263, 28.6857 ], [ 80.32189, 28.6914 ], [ 80.32026, 28.69568 ], [ 80.31726, 28.69981 ], [ 80.30787, 28.70463 ], [ 80.29889, 28.7064 ], [ 80.29686, 28.70971 ], [ 80.29363, 28.7113 ], [ 80.27755, 28.70995 ], [ 80.27476, 28.71149 ], [ 80.26636, 28.72135 ], [ 80.25618, 28.72935 ], [ 80.25979, 28.73115 ], [ 80.26299, 28.73426 ], [ 80.26452, 28.73782 ], [ 80.26505, 28.7435 ], [ 80.26363, 28.74701 ], [ 80.26092, 28.75034 ], [ 80.25144, 28.75735 ], [ 80.24962, 28.75789 ], [ 80.24585, 28.75602 ], [ 80.24145, 28.75613 ], [ 80.23718, 28.75704 ], [ 80.23477, 28.75919 ], [ 80.23347, 28.75926 ], [ 80.21604, 28.75535 ], [ 80.17093, 28.78233 ], [ 80.13845, 28.81383 ], [ 80.1181, 28.82877 ], [ 80.07497, 28.82433 ], [ 80.06473, 28.83732 ], [ 80.05847, 28.91637 ], [ 80.09605, 28.97525 ], [ 80.10023, 28.98642 ], [ 80.11792, 28.98164 ], [ 80.12679, 29.00599 ], [ 80.13557, 29.00724 ], [ 80.13626, 29.00954 ], [ 80.12456, 29.01302 ], [ 80.13134, 29.03035 ], [ 80.12643, 29.03167 ], [ 80.13646, 29.05885 ], [ 80.12848, 29.06102 ], [ 80.14436, 29.10296 ], [ 80.14996, 29.10606 ], [ 80.1639, 29.11693 ], [ 80.16561, 29.11929 ], [ 80.16652, 29.12454 ], [ 80.16776, 29.12571 ], [ 80.17103, 29.12692 ], [ 80.17489, 29.1267 ], [ 80.17808, 29.12849 ], [ 80.18147, 29.13535 ], [ 80.18344, 29.13705 ], [ 80.1865, 29.13658 ], [ 80.19087, 29.13342 ], [ 80.19659, 29.13071 ], [ 80.20341, 29.1293 ], [ 80.20578, 29.12498 ], [ 80.20969, 29.1218 ], [ 80.21303, 29.12192 ], [ 80.23326, 29.11842 ], [ 80.23768, 29.12085 ], [ 80.24046, 29.12425 ], [ 80.2443, 29.12705 ], [ 80.2463, 29.127 ], [ 80.24879, 29.12893 ], [ 80.25209, 29.13586 ], [ 80.25406, 29.13791 ], [ 80.25921, 29.13989 ], [ 80.26906, 29.14051 ], [ 80.27163, 29.14204 ], [ 80.2728, 29.14393 ], [ 80.27182, 29.14665 ], [ 80.26561, 29.15345 ], [ 80.25832, 29.16573 ], [ 80.25837, 29.17042 ], [ 80.26061, 29.17462 ], [ 80.2579, 29.1873 ], [ 80.25006, 29.19559 ], [ 80.24186, 29.20035 ], [ 80.24077, 29.20241 ], [ 80.24101, 29.20414 ], [ 80.24409, 29.20951 ], [ 80.24443, 29.21239 ], [ 80.24707, 29.21525 ], [ 80.24697, 29.21923 ], [ 80.24829, 29.22096 ], [ 80.25267, 29.22141 ], [ 80.25598, 29.21939 ], [ 80.25718, 29.21721 ], [ 80.2578, 29.21067 ], [ 80.26078, 29.20667 ], [ 80.26407, 29.20606 ], [ 80.27497, 29.20702 ], [ 80.28106, 29.20165 ], [ 80.28444, 29.19677 ], [ 80.28721, 29.19515 ], [ 80.29008, 29.19526 ], [ 80.29323, 29.19723 ], [ 80.29725, 29.20504 ], [ 80.29732, 29.20642 ], [ 80.29399, 29.21113 ], [ 80.29602, 29.22135 ], [ 80.29085, 29.22967 ], [ 80.29066, 29.23153 ], [ 80.30032, 29.24207 ], [ 80.30032, 29.24544 ], [ 80.29853, 29.24959 ], [ 80.29874, 29.25203 ], [ 80.30017, 29.25495 ], [ 80.29914, 29.26051 ], [ 80.29954, 29.26275 ], [ 80.3016, 29.26448 ], [ 80.30397, 29.27278 ], [ 80.30426, 29.28524 ], [ 80.30609, 29.28894 ], [ 80.30977, 29.29 ], [ 80.31136, 29.29153 ], [ 80.31621, 29.30009 ], [ 80.31792, 29.30159 ], [ 80.31846, 29.30385 ], [ 80.31589, 29.30816 ], [ 80.31689, 29.31472 ], [ 80.30837, 29.32277 ], [ 80.29617, 29.32417 ], [ 80.29086, 29.33061 ], [ 80.29125, 29.33471 ], [ 80.29049, 29.33666 ], [ 80.2846, 29.34056 ], [ 80.2801, 29.3462 ], [ 80.27914, 29.34894 ], [ 80.27974, 29.35415 ], [ 80.27931, 29.35939 ], [ 80.27276, 29.36238 ], [ 80.27109, 29.36446 ], [ 80.27187, 29.37014 ], [ 80.27127, 29.37361 ], [ 80.27427, 29.3765 ], [ 80.27889, 29.3785 ], [ 80.27807, 29.38039 ], [ 80.27506, 29.38281 ], [ 80.2729, 29.38613 ], [ 80.27325, 29.38853 ], [ 80.27554, 29.39117 ], [ 80.27462, 29.39296 ], [ 80.27173, 29.39514 ], [ 80.26408, 29.39715 ], [ 80.25712, 29.40114 ], [ 80.25395, 29.40398 ], [ 80.24594, 29.40733 ], [ 80.24161, 29.41154 ], [ 80.24593, 29.41604 ], [ 80.24411, 29.41987 ], [ 80.24396, 29.42341 ], [ 80.24661, 29.42974 ], [ 80.24744, 29.43464 ], [ 80.24684, 29.43768 ], [ 80.24299, 29.44107 ], [ 80.24293, 29.44372 ], [ 80.24519, 29.44643 ], [ 80.2556, 29.44799 ], [ 80.25694, 29.45112 ], [ 80.2581, 29.45173 ], [ 80.26688, 29.44848 ], [ 80.26975, 29.45061 ], [ 80.27425, 29.44947 ], [ 80.27495, 29.45096 ], [ 80.27401, 29.45256 ], [ 80.2699, 29.45376 ], [ 80.26914, 29.45498 ], [ 80.27124, 29.45682 ], [ 80.27618, 29.45848 ], [ 80.27907, 29.45845 ], [ 80.28045, 29.45754 ], [ 80.27895, 29.45387 ], [ 80.28045, 29.45086 ], [ 80.28601, 29.4516 ], [ 80.28831, 29.45002 ], [ 80.29442, 29.45371 ], [ 80.2962, 29.45324 ], [ 80.29761, 29.45075 ], [ 80.29939, 29.45103 ], [ 80.30247, 29.45304 ], [ 80.30279, 29.45441 ], [ 80.30155, 29.4566 ], [ 80.29649, 29.46036 ], [ 80.29199, 29.46647 ], [ 80.29036, 29.47001 ], [ 80.28744, 29.47275 ], [ 80.28661, 29.47682 ], [ 80.2886, 29.47815 ], [ 80.29136, 29.47801 ], [ 80.293, 29.47882 ], [ 80.29628, 29.48338 ], [ 80.29602, 29.48799 ], [ 80.29905, 29.49053 ], [ 80.30081, 29.49052 ], [ 80.30447, 29.48594 ], [ 80.31303, 29.48446 ], [ 80.31415, 29.48643 ], [ 80.31461, 29.4898 ], [ 80.31282, 29.49655 ], [ 80.31383, 29.49899 ], [ 80.32868, 29.50528 ], [ 80.33039, 29.50724 ], [ 80.33229, 29.51286 ], [ 80.33492, 29.51281 ], [ 80.33867, 29.51041 ], [ 80.34124, 29.5099 ], [ 80.34962, 29.51885 ], [ 80.34848, 29.52408 ], [ 80.35544, 29.52773 ], [ 80.35796, 29.53247 ], [ 80.3565, 29.5345 ], [ 80.35159, 29.53678 ], [ 80.34852, 29.54041 ], [ 80.34658, 29.54097 ], [ 80.3442, 29.53995 ], [ 80.3418, 29.54026 ], [ 80.34154, 29.5427 ], [ 80.34563, 29.54854 ], [ 80.34268, 29.55172 ], [ 80.34266, 29.55285 ], [ 80.34884, 29.55525 ], [ 80.3572, 29.555 ], [ 80.36399, 29.55655 ], [ 80.36414, 29.55818 ], [ 80.36245, 29.56016 ], [ 80.36229, 29.56148 ], [ 80.36232, 29.56268 ], [ 80.36361, 29.564 ], [ 80.36808, 29.56262 ], [ 80.3719, 29.56284 ], [ 80.37589, 29.5612 ], [ 80.3788, 29.56126 ], [ 80.37908, 29.57142 ], [ 80.3879, 29.57169 ], [ 80.39019, 29.57454 ], [ 80.39141, 29.58155 ], [ 80.39646, 29.58459 ], [ 80.39803, 29.58688 ], [ 80.40317, 29.58951 ], [ 80.40796, 29.59531 ], [ 80.4089, 29.60467 ], [ 80.40785, 29.60751 ], [ 80.40795, 29.60972 ], [ 80.40568, 29.61277 ], [ 80.40815, 29.61505 ], [ 80.40801, 29.61995 ], [ 80.41063, 29.62493 ], [ 80.41307, 29.62598 ], [ 80.41805, 29.6263 ], [ 80.42091, 29.62971 ], [ 80.42105, 29.63152 ], [ 80.41938, 29.63396 ], [ 80.4202, 29.63906 ], [ 80.41587, 29.64155 ], [ 80.414, 29.64427 ], [ 80.41452, 29.64827 ], [ 80.41651, 29.65089 ], [ 80.41449, 29.6539 ], [ 80.41003, 29.65363 ], [ 80.40911, 29.65643 ], [ 80.40564, 29.65993 ], [ 80.40036, 29.65833 ], [ 80.39808, 29.65878 ], [ 80.39768, 29.65971 ], [ 80.39926, 29.66148 ], [ 80.39893, 29.66232 ], [ 80.39084, 29.66409 ], [ 80.3893, 29.66734 ], [ 80.39005, 29.671 ], [ 80.38447, 29.67433 ], [ 80.38331, 29.67941 ], [ 80.38521, 29.68501 ], [ 80.38035, 29.68848 ], [ 80.37928, 29.69927 ], [ 80.37984, 29.70096 ], [ 80.37711, 29.70238 ], [ 80.37419, 29.71011 ], [ 80.37444, 29.71279 ], [ 80.37199, 29.71523 ], [ 80.3723, 29.71619 ], [ 80.37534, 29.71811 ], [ 80.37533, 29.7202 ], [ 80.37308, 29.72157 ], [ 80.36842, 29.72162 ], [ 80.36603, 29.72477 ], [ 80.36611, 29.72984 ], [ 80.36965, 29.73435 ], [ 80.36415, 29.7397 ], [ 80.36576, 29.74769 ], [ 80.36871, 29.75091 ], [ 80.37233, 29.74908 ], [ 80.38116, 29.75057 ], [ 80.38575, 29.75034 ], [ 80.38636, 29.7513 ], [ 80.38483, 29.75612 ], [ 80.38513, 29.75846 ], [ 80.39011, 29.7603 ], [ 80.39441, 29.75823 ], [ 80.3975, 29.75921 ], [ 80.39633, 29.76502 ], [ 80.3985, 29.76813 ], [ 80.39986, 29.77376 ], [ 80.4046, 29.77831 ], [ 80.40364, 29.78168 ], [ 80.4071, 29.78393 ], [ 80.40618, 29.78837 ], [ 80.4076, 29.79156 ], [ 80.40686, 29.79437 ], [ 80.40789, 29.79447 ], [ 80.41079, 29.79181 ], [ 80.4131, 29.79177 ], [ 80.41593, 29.79563 ], [ 80.42193, 29.79598 ], [ 80.42889, 29.79802 ], [ 80.43471, 29.80594 ], [ 80.43724, 29.80533 ], [ 80.44033, 29.80108 ], [ 80.44413, 29.79905 ], [ 80.44902, 29.79912 ], [ 80.45419, 29.80235 ], [ 80.46391, 29.80219 ], [ 80.47643, 29.79787 ], [ 80.47953, 29.79562 ], [ 80.48282, 29.79632 ], [ 80.49331, 29.79546 ], [ 80.49449, 29.79833 ], [ 80.49268, 29.80196 ], [ 80.4949, 29.80212 ], [ 80.49545, 29.8047 ], [ 80.50024, 29.80863 ], [ 80.49747, 29.81027 ], [ 80.49736, 29.8115 ], [ 80.49971, 29.81398 ], [ 80.50124, 29.81739 ], [ 80.50507, 29.81925 ], [ 80.50723, 29.82302 ], [ 80.51359, 29.82513 ], [ 80.51723, 29.82505 ], [ 80.52172, 29.82696 ], [ 80.52389, 29.82911 ], [ 80.52377, 29.83201 ], [ 80.52813, 29.83346 ], [ 80.53115, 29.83814 ], [ 80.53579, 29.83859 ], [ 80.5366, 29.84247 ], [ 80.53887, 29.84707 ], [ 80.54364, 29.8462 ], [ 80.54847, 29.85001 ], [ 80.55267, 29.85032 ], [ 80.55348, 29.85296 ], [ 80.55146, 29.85513 ], [ 80.55149, 29.85643 ], [ 80.55437, 29.8595 ], [ 80.55476, 29.86196 ], [ 80.56154, 29.86632 ], [ 80.55743, 29.86849 ], [ 80.55686, 29.87053 ], [ 80.55981, 29.87425 ], [ 80.56589, 29.87913 ], [ 80.57022, 29.89134 ], [ 80.5726, 29.89518 ], [ 80.571, 29.9023 ], [ 80.57129, 29.90465 ], [ 80.56966, 29.90893 ], [ 80.57098, 29.91506 ], [ 80.57305, 29.91889 ], [ 80.57422, 29.92338 ], [ 80.57818, 29.92811 ], [ 80.57877, 29.9319 ], [ 80.58133, 29.93623 ], [ 80.58827, 29.94425 ], [ 80.5904, 29.94834 ], [ 80.59535, 29.95296 ], [ 80.60389, 29.9588 ], [ 80.60866, 29.95852 ], [ 80.61623, 29.96104 ], [ 80.62139, 29.96389 ], [ 80.62514, 29.96366 ], [ 80.62978, 29.96506 ], [ 80.6379, 29.96277 ], [ 80.64065, 29.95963 ], [ 80.64856, 29.95583 ], [ 80.65675, 29.95512 ], [ 80.65878, 29.95605 ], [ 80.66901, 29.95734 ], [ 80.67311, 29.9568 ], [ 80.67788, 29.95881 ], [ 80.68257, 29.96286 ], [ 80.68365, 29.96685 ], [ 80.68693, 29.96962 ], [ 80.68998, 29.97409 ], [ 80.69605, 29.97802 ], [ 80.697, 29.97942 ], [ 80.70045, 29.9799 ], [ 80.7045, 29.98563 ], [ 80.70788, 29.98683 ], [ 80.70929, 29.98907 ], [ 80.71228, 29.99009 ], [ 80.71931, 30.00008 ], [ 80.72092, 30.00058 ], [ 80.72549, 29.99975 ], [ 80.72779, 30.00034 ], [ 80.73803, 29.99943 ], [ 80.74187, 30.00291 ], [ 80.74415, 30.00356 ], [ 80.74761, 30.00648 ], [ 80.75148, 30.01251 ], [ 80.75413, 30.02032 ], [ 80.75748, 30.02381 ], [ 80.75819, 30.0275 ], [ 80.75544, 30.03159 ], [ 80.75565, 30.03952 ], [ 80.75931, 30.04344 ], [ 80.75834, 30.04496 ], [ 80.76069, 30.04728 ], [ 80.76116, 30.04942 ], [ 80.76552, 30.05187 ], [ 80.77604, 30.05426 ], [ 80.77939, 30.05657 ], [ 80.78198, 30.06021 ], [ 80.78388, 30.0615 ], [ 80.78614, 30.06612 ], [ 80.78903, 30.06923 ], [ 80.78895, 30.0717 ], [ 80.78978, 30.07302 ], [ 80.79164, 30.07351 ], [ 80.79495, 30.07775 ], [ 80.79942, 30.0808 ], [ 80.80159, 30.08552 ], [ 80.80573, 30.08956 ], [ 80.8139, 30.09288 ], [ 80.81426, 30.09515 ], [ 80.81537, 30.09627 ], [ 80.81939, 30.09696 ], [ 80.82039, 30.09897 ], [ 80.82167, 30.09972 ], [ 80.82619, 30.09995 ], [ 80.82783, 30.09772 ], [ 80.82999, 30.09707 ], [ 80.83338, 30.09778 ], [ 80.83642, 30.09715 ], [ 80.84065, 30.09933 ], [ 80.84518, 30.10224 ], [ 80.84583, 30.10461 ], [ 80.84605, 30.10653 ], [ 80.84178, 30.11033 ], [ 80.84423, 30.11544 ], [ 80.84701, 30.11699 ], [ 80.85416, 30.11875 ], [ 80.85493, 30.12016 ], [ 80.85925, 30.12126 ], [ 80.86245, 30.12084 ], [ 80.86791, 30.12526 ], [ 80.87394, 30.12614 ], [ 80.87788, 30.12914 ], [ 80.87849, 30.13287 ], [ 80.87609, 30.13644 ], [ 80.876, 30.14098 ], [ 80.8735, 30.14412 ], [ 80.87316, 30.14758 ], [ 80.87085, 30.15316 ], [ 80.87165, 30.15811 ], [ 80.87107, 30.16121 ], [ 80.86689, 30.16651 ], [ 80.86385, 30.16701 ], [ 80.86281, 30.16884 ], [ 80.859, 30.1719 ], [ 80.85443, 30.17748 ], [ 80.85386, 30.1815 ], [ 80.84837, 30.18544 ], [ 80.84684, 30.18778 ], [ 80.83937, 30.19364 ], [ 80.8372, 30.19966 ], [ 80.83263, 30.20383 ], [ 80.83287, 30.20504 ], [ 80.82718, 30.20842 ], [ 80.82714, 30.21017 ], [ 80.82491, 30.21408 ], [ 80.82202, 30.2169 ], [ 80.82229, 30.21856 ], [ 80.82112, 30.22038 ], [ 80.82015, 30.2205 ], [ 80.81883, 30.22366 ], [ 80.81566, 30.22512 ], [ 80.81301, 30.2245 ], [ 80.81131, 30.22845 ], [ 80.80816, 30.22916 ], [ 80.8032, 30.2323 ], [ 80.79844, 30.23687 ], [ 80.79574, 30.23835 ], [ 80.79378, 30.24174 ], [ 80.79004, 30.24527 ], [ 80.78676, 30.24998 ], [ 80.78522, 30.25514 ], [ 80.78263, 30.25996 ], [ 80.77668, 30.26558 ], [ 80.77714, 30.26704 ], [ 80.76661, 30.27813 ], [ 80.76189, 30.27888 ], [ 80.7616, 30.28303 ], [ 80.75978, 30.28658 ], [ 80.76094, 30.29443 ], [ 80.75924, 30.29718 ], [ 80.75985, 30.29834 ], [ 80.75888, 30.3019 ], [ 80.75669, 30.30554 ], [ 80.75281, 30.3081 ], [ 80.74307, 30.30636 ], [ 80.73751, 30.30792 ], [ 80.73393, 30.31148 ], [ 80.73425, 30.3136 ], [ 80.73368, 30.3144 ], [ 80.73443, 30.31615 ], [ 80.7339, 30.31688 ], [ 80.72665, 30.32116 ], [ 80.7237, 30.3221 ], [ 80.72078, 30.32451 ], [ 80.71864, 30.32504 ], [ 80.71656, 30.32826 ], [ 80.71464, 30.32954 ], [ 80.70809, 30.33053 ], [ 80.70467, 30.33341 ], [ 80.69812, 30.33429 ], [ 80.69714, 30.33522 ], [ 80.69592, 30.33395 ], [ 80.69084, 30.33295 ], [ 80.68923, 30.33408 ], [ 80.68769, 30.33343 ], [ 80.68383, 30.33445 ], [ 80.67959, 30.33889 ], [ 80.67398, 30.33945 ], [ 80.67293, 30.34084 ], [ 80.66893, 30.34212 ], [ 80.66613, 30.34462 ], [ 80.66501, 30.34839 ], [ 80.66284, 30.35039 ], [ 80.6609, 30.35084 ], [ 80.66119, 30.35299 ], [ 80.65869, 30.3546 ], [ 80.65895, 30.35555 ], [ 80.6606, 30.35583 ], [ 80.65983, 30.35864 ], [ 80.66015, 30.36075 ], [ 80.65772, 30.36687 ], [ 80.65565, 30.37784 ], [ 80.65373, 30.38106 ], [ 80.64931, 30.38314 ], [ 80.64695, 30.38646 ], [ 80.64098, 30.38879 ], [ 80.63816, 30.39093 ], [ 80.63798, 30.39284 ], [ 80.63624, 30.39457 ], [ 80.63566, 30.39813 ], [ 80.63389, 30.39857 ], [ 80.63434, 30.40293 ], [ 80.63251, 30.40546 ], [ 80.62791, 30.40881 ], [ 80.62669, 30.41086 ], [ 80.62613, 30.41437 ], [ 80.627, 30.41604 ], [ 80.62875, 30.41653 ], [ 80.62906, 30.41788 ], [ 80.62543, 30.42039 ], [ 80.62262, 30.42534 ], [ 80.6219, 30.43369 ], [ 80.61543, 30.43971 ], [ 80.61172, 30.44545 ], [ 80.60738, 30.44651 ], [ 80.60459, 30.44863 ], [ 80.60242, 30.44921 ], [ 80.59769, 30.44873 ], [ 80.59033, 30.44561 ], [ 80.58271, 30.44547 ], [ 80.57333, 30.4423 ], [ 80.56559, 30.43723 ], [ 80.55905, 30.42962 ], [ 80.54917, 30.42323 ], [ 80.54459, 30.41806 ], [ 80.53923, 30.41515 ], [ 80.53776, 30.41522 ], [ 80.53166, 30.42163 ], [ 80.52543, 30.42512 ], [ 80.52864, 30.42994 ], [ 80.52893, 30.43428 ], [ 80.52819, 30.43606 ], [ 80.53102, 30.43861 ], [ 80.53622, 30.44102 ], [ 80.54066, 30.44822 ], [ 80.54795, 30.44866 ], [ 80.55242, 30.4506 ], [ 80.55345, 30.45222 ], [ 80.55946, 30.45397 ], [ 80.55975, 30.45556 ], [ 80.56542, 30.46009 ], [ 80.56494, 30.46386 ], [ 80.56717, 30.46741 ], [ 80.56828, 30.46424 ], [ 80.57327, 30.46462 ], [ 80.57613, 30.46383 ], [ 80.58167, 30.46782 ], [ 80.58413, 30.4684 ], [ 80.59705, 30.46785 ], [ 80.59895, 30.47293 ], [ 80.60625, 30.47297 ], [ 80.60913, 30.46517 ], [ 80.61367, 30.46089 ], [ 80.61552, 30.46093 ], [ 80.62338, 30.46423 ], [ 80.62782, 30.45867 ], [ 80.63026, 30.45794 ], [ 80.63626, 30.45279 ], [ 80.64091, 30.45307 ], [ 80.64495, 30.45117 ], [ 80.64799, 30.44826 ], [ 80.65829, 30.44522 ], [ 80.65982, 30.4427 ], [ 80.66511, 30.44006 ], [ 80.66713, 30.43812 ], [ 80.6677, 30.43645 ], [ 80.67112, 30.43415 ], [ 80.67601, 30.43255 ], [ 80.67808, 30.43048 ], [ 80.67725, 30.42704 ], [ 80.67771, 30.42572 ], [ 80.6789, 30.42453 ], [ 80.68562, 30.4233 ], [ 80.68713, 30.42146 ], [ 80.68789, 30.41757 ], [ 80.696, 30.41566 ], [ 80.69976, 30.41565 ], [ 80.70267, 30.42029 ], [ 80.70614, 30.42052 ], [ 80.71701, 30.41469 ], [ 80.7179, 30.41269 ], [ 80.7292, 30.4041 ], [ 80.73379, 30.40378 ], [ 80.73563, 30.40079 ], [ 80.7374, 30.39985 ], [ 80.74515, 30.39161 ], [ 80.74909, 30.3904 ], [ 80.75063, 30.38674 ], [ 80.75097, 30.38291 ], [ 80.75861, 30.37902 ], [ 80.76228, 30.37467 ], [ 80.7653, 30.37533 ], [ 80.76778, 30.37088 ], [ 80.77225, 30.36906 ], [ 80.77562, 30.36563 ], [ 80.77806, 30.36016 ], [ 80.77965, 30.35869 ], [ 80.78662, 30.35744 ], [ 80.78548, 30.35574 ], [ 80.78435, 30.35039 ], [ 80.78603, 30.34657 ], [ 80.79085, 30.34212 ], [ 80.80263, 30.3362 ], [ 80.80096, 30.3305 ], [ 80.80223, 30.32748 ], [ 80.81882, 30.32664 ], [ 80.82029, 30.32569 ], [ 80.82092, 30.32235 ], [ 80.82592, 30.31813 ], [ 80.82889, 30.31822 ], [ 80.83431, 30.31663 ], [ 80.84155, 30.31836 ], [ 80.84576, 30.32022 ], [ 80.85593, 30.31786 ], [ 80.86249, 30.31721 ], [ 80.86748, 30.3116 ], [ 80.87193, 30.30942 ], [ 80.87407, 30.30373 ], [ 80.879, 30.30398 ], [ 80.88355, 30.30327 ], [ 80.88542, 30.30223 ], [ 80.89376, 30.30419 ], [ 80.90281, 30.30234 ], [ 80.90348, 30.30131 ], [ 80.90658, 30.30001 ], [ 80.91377, 30.29152 ], [ 80.92549, 30.28642 ], [ 80.93063, 30.28117 ], [ 80.9309, 30.27849 ], [ 80.9267, 30.27639 ], [ 80.9261, 30.27286 ], [ 80.92675, 30.27111 ], [ 80.93566, 30.26494 ], [ 80.9361, 30.26628 ], [ 80.94008, 30.26943 ], [ 80.95222, 30.27299 ], [ 80.96749, 30.27175 ], [ 80.97638, 30.27259 ], [ 80.97765, 30.26977 ], [ 80.98502, 30.26795 ], [ 80.98934, 30.27063 ], [ 81.00522, 30.26513 ], [ 81.00894, 30.26171 ], [ 81.00797, 30.25688 ], [ 81.02007, 30.25386 ], [ 81.02155, 30.25135 ], [ 81.02261, 30.25088 ], [ 81.03188, 30.24929 ], [ 81.03183, 30.24687 ], [ 81.02897, 30.243 ], [ 81.03036, 30.23782 ], [ 81.02572, 30.22678 ], [ 81.02931, 30.22563 ], [ 81.02983, 30.22335 ], [ 81.02882, 30.221 ], [ 81.02906, 30.21962 ], [ 81.0339, 30.21845 ], [ 81.03665, 30.21591 ], [ 81.04005, 30.21529 ], [ 81.04234, 30.21187 ], [ 81.0446, 30.21105 ], [ 81.04557, 30.20748 ], [ 81.04273, 30.20434 ], [ 81.03414, 30.20141 ], [ 81.03515, 30.19833 ], [ 81.03348, 30.19686 ], [ 81.04238, 30.19352 ], [ 81.04234, 30.1908 ], [ 81.0436, 30.18676 ], [ 81.04273, 30.18316 ], [ 81.04378, 30.18051 ], [ 81.0455, 30.17945 ], [ 81.05029, 30.17973 ], [ 81.05161, 30.17887 ], [ 81.053, 30.1757 ], [ 81.05605, 30.17333 ], [ 81.05686, 30.16981 ], [ 81.06148, 30.16771 ], [ 81.064, 30.1587 ], [ 81.06605, 30.15735 ], [ 81.07728, 30.1548 ], [ 81.07881, 30.15171 ], [ 81.08296, 30.14829 ], [ 81.08191, 30.14603 ], [ 81.08246, 30.14345 ], [ 81.08169, 30.14123 ], [ 81.08182, 30.13747 ], [ 81.08273, 30.13567 ], [ 81.07859, 30.127 ], [ 81.07816, 30.12458 ], [ 81.07937, 30.12288 ], [ 81.0818, 30.12159 ], [ 81.08441, 30.11679 ], [ 81.08438, 30.10663 ], [ 81.08119, 30.10033 ], [ 81.08259, 30.09944 ], [ 81.08694, 30.0989 ], [ 81.09455, 30.10073 ], [ 81.09821, 30.09994 ], [ 81.10186, 30.09705 ], [ 81.10209, 30.09528 ], [ 81.10453, 30.09112 ], [ 81.10765, 30.08866 ], [ 81.10862, 30.08608 ], [ 81.10604, 30.07919 ], [ 81.10711, 30.07773 ], [ 81.10072, 30.07473 ], [ 81.0988, 30.0646 ], [ 81.09554, 30.06164 ], [ 81.09406, 30.05772 ], [ 81.09079, 30.05414 ], [ 81.09502, 30.05199 ], [ 81.09911, 30.04761 ], [ 81.10654, 30.0443 ], [ 81.10767, 30.04152 ], [ 81.10756, 30.0395 ], [ 81.11065, 30.03557 ], [ 81.11308, 30.03441 ], [ 81.11805, 30.03415 ], [ 81.11964, 30.03093 ], [ 81.12203, 30.02842 ], [ 81.12377, 30.02022 ], [ 81.13324, 30.01597 ], [ 81.14244, 30.01657 ], [ 81.14478, 30.01577 ], [ 81.14908, 30.01153 ], [ 81.15638, 30.01236 ], [ 81.16301, 30.0104 ], [ 81.17093, 30.01439 ], [ 81.17793, 30.01499 ], [ 81.18034, 30.0139 ], [ 81.18391, 30.01071 ], [ 81.18567, 30.01173 ], [ 81.1903, 30.01715 ], [ 81.19126, 30.01937 ], [ 81.19471, 30.0228 ], [ 81.20068, 30.02134 ], [ 81.20387, 30.02194 ], [ 81.20761, 30.02037 ], [ 81.21058, 30.01553 ], [ 81.2141, 30.01395 ], [ 81.21744, 30.00722 ], [ 81.22481, 30.00802 ], [ 81.2316, 30.00762 ], [ 81.23519, 30.01043 ], [ 81.23966, 30.01244 ], [ 81.24188, 30.01251 ], [ 81.24503, 30.011 ], [ 81.24759, 30.01323 ], [ 81.25354, 30.01962 ], [ 81.25315, 30.02356 ], [ 81.24729, 30.02731 ], [ 81.23727, 30.03171 ], [ 81.24324, 30.03393 ], [ 81.24399, 30.03509 ], [ 81.2499, 30.03853 ], [ 81.26191, 30.03985 ], [ 81.26308, 30.04058 ], [ 81.26387, 30.04327 ], [ 81.27185, 30.04519 ], [ 81.27133, 30.0514 ], [ 81.27409, 30.05455 ], [ 81.27449, 30.05897 ], [ 81.2784, 30.06059 ], [ 81.27821, 30.0622 ], [ 81.27963, 30.06597 ], [ 81.28736, 30.06973 ], [ 81.28755, 30.07288 ], [ 81.28944, 30.07426 ], [ 81.28586, 30.07837 ], [ 81.28885, 30.08322 ], [ 81.28704, 30.08823 ], [ 81.28842, 30.09085 ], [ 81.28909, 30.0947 ], [ 81.28847, 30.0985 ], [ 81.28557, 30.10261 ], [ 81.2851, 30.10506 ], [ 81.28816, 30.10671 ], [ 81.28847, 30.1099 ], [ 81.29038, 30.11245 ], [ 81.2873, 30.11366 ], [ 81.2851, 30.11573 ], [ 81.28354, 30.11826 ], [ 81.28242, 30.12293 ], [ 81.27858, 30.12464 ], [ 81.27303, 30.13077 ], [ 81.27227, 30.13325 ], [ 81.26437, 30.13607 ], [ 81.25705, 30.14368 ], [ 81.25615, 30.14646 ], [ 81.25798, 30.15122 ], [ 81.26472, 30.15206 ], [ 81.27296, 30.15526 ], [ 81.27412, 30.1545 ], [ 81.28677, 30.15492 ], [ 81.29094, 30.1577 ], [ 81.30346, 30.15927 ], [ 81.30431, 30.15954 ], [ 81.30341, 30.16313 ], [ 81.30475, 30.16419 ], [ 81.30639, 30.16406 ], [ 81.30907, 30.16134 ], [ 81.30942, 30.15671 ], [ 81.31665, 30.1519 ], [ 81.32201, 30.15287 ], [ 81.33202, 30.15315 ], [ 81.33399, 30.16033 ], [ 81.34254, 30.16807 ], [ 81.35052, 30.17797 ], [ 81.35712, 30.18043 ], [ 81.35892, 30.18276 ], [ 81.37013, 30.18652 ], [ 81.37086, 30.19105 ], [ 81.37443, 30.19664 ], [ 81.37758, 30.19763 ], [ 81.39146, 30.20554 ], [ 81.39494, 30.20655 ], [ 81.39633, 30.20892 ], [ 81.39513, 30.21425 ], [ 81.39688, 30.21851 ], [ 81.39424, 30.22419 ], [ 81.39406, 30.22662 ], [ 81.39076, 30.23047 ], [ 81.39017, 30.23361 ], [ 81.3953, 30.23981 ], [ 81.39631, 30.24238 ], [ 81.39549, 30.24645 ], [ 81.39189, 30.25046 ], [ 81.39459, 30.25096 ], [ 81.39885, 30.25504 ], [ 81.4083, 30.26099 ], [ 81.41028, 30.26784 ], [ 81.41273, 30.27037 ], [ 81.41493, 30.27476 ], [ 81.41649, 30.28159 ], [ 81.41513, 30.28405 ], [ 81.40728, 30.28313 ], [ 81.40354, 30.28139 ], [ 81.39948, 30.28149 ], [ 81.40195, 30.28302 ], [ 81.40345, 30.28508 ], [ 81.40187, 30.29001 ], [ 81.4018, 30.29301 ], [ 81.40315, 30.29386 ], [ 81.41021, 30.29495 ], [ 81.41138, 30.29734 ], [ 81.41682, 30.30252 ], [ 81.42239, 30.30413 ], [ 81.42316, 30.30503 ], [ 81.42005, 30.308 ], [ 81.41887, 30.3116 ], [ 81.41461, 30.31634 ], [ 81.40527, 30.31604 ], [ 81.40053, 30.32087 ], [ 81.39629, 30.32334 ], [ 81.39817, 30.32597 ], [ 81.39876, 30.32874 ], [ 81.40571, 30.33656 ], [ 81.40551, 30.33973 ], [ 81.40343, 30.34144 ], [ 81.40244, 30.34399 ], [ 81.40411, 30.34979 ], [ 81.40593, 30.35309 ], [ 81.40479, 30.3545 ], [ 81.40219, 30.35528 ], [ 81.39926, 30.35757 ], [ 81.39968, 30.36458 ], [ 81.39517, 30.36787 ], [ 81.39651, 30.37002 ], [ 81.39897, 30.3711 ], [ 81.40225, 30.37028 ], [ 81.40675, 30.37121 ], [ 81.40982, 30.37085 ], [ 81.41151, 30.37197 ], [ 81.41425, 30.37081 ], [ 81.41999, 30.3705 ], [ 81.42224, 30.37353 ], [ 81.4225, 30.37622 ], [ 81.42923, 30.38332 ], [ 81.4288, 30.38427 ], [ 81.42599, 30.38399 ], [ 81.42057, 30.38531 ], [ 81.4201, 30.38889 ], [ 81.41651, 30.3889 ], [ 81.41411, 30.39054 ], [ 81.41182, 30.39353 ], [ 81.40954, 30.39311 ], [ 81.40661, 30.39549 ], [ 81.40206, 30.39533 ], [ 81.40058, 30.39614 ], [ 81.40034, 30.3978 ], [ 81.40324, 30.40131 ], [ 81.40494, 30.40539 ], [ 81.40469, 30.40715 ], [ 81.40268, 30.40986 ], [ 81.40648, 30.41388 ], [ 81.40694, 30.41534 ], [ 81.40594, 30.41851 ], [ 81.4082, 30.42119 ], [ 81.41373, 30.42023 ], [ 81.42103, 30.42028 ], [ 81.4258, 30.4206 ], [ 81.42757, 30.42184 ], [ 81.42982, 30.4185 ], [ 81.43214, 30.41671 ], [ 81.43235, 30.41362 ], [ 81.43385, 30.41273 ], [ 81.43622, 30.41338 ], [ 81.43852, 30.41861 ], [ 81.44491, 30.41583 ], [ 81.44704, 30.41335 ], [ 81.45269, 30.41093 ], [ 81.45586, 30.40644 ], [ 81.46093, 30.40558 ], [ 81.46761, 30.40321 ], [ 81.47131, 30.39913 ], [ 81.47269, 30.39396 ], [ 81.4761, 30.38856 ], [ 81.48162, 30.38608 ], [ 81.48935, 30.3812 ], [ 81.49253, 30.38106 ], [ 81.49559, 30.38247 ], [ 81.50075, 30.38099 ], [ 81.50675, 30.38061 ], [ 81.5148, 30.37869 ], [ 81.53498, 30.37124 ], [ 81.5398, 30.37103 ], [ 81.54642, 30.37211 ], [ 81.55172, 30.36975 ], [ 81.55414, 30.37162 ], [ 81.55553, 30.37394 ], [ 81.55508, 30.3752 ], [ 81.5508, 30.37826 ], [ 81.54971, 30.38093 ], [ 81.55067, 30.40258 ], [ 81.55136, 30.40476 ], [ 81.55328, 30.40657 ], [ 81.55935, 30.40736 ], [ 81.55768, 30.4156 ], [ 81.55776, 30.4194 ], [ 81.55891, 30.42486 ], [ 81.56071, 30.42795 ], [ 81.56465, 30.42975 ], [ 81.57417, 30.42658 ], [ 81.57746, 30.42454 ], [ 81.58286, 30.42281 ], [ 81.58737, 30.41769 ], [ 81.58917, 30.41671 ], [ 81.59874, 30.41408 ], [ 81.60228, 30.414 ], [ 81.6067, 30.4121 ], [ 81.61171, 30.41424 ], [ 81.61671, 30.42081 ], [ 81.61918, 30.42181 ], [ 81.62184, 30.4243 ], [ 81.62137, 30.42738 ], [ 81.61897, 30.43318 ], [ 81.61745, 30.4409 ], [ 81.61782, 30.44583 ], [ 81.62004, 30.4472 ], [ 81.62518, 30.44583 ], [ 81.63389, 30.44502 ], [ 81.6391, 30.44049 ], [ 81.64645, 30.43969 ], [ 81.65351, 30.43476 ], [ 81.66084, 30.43251 ], [ 81.66431, 30.43049 ], [ 81.66773, 30.43009 ], [ 81.67221, 30.42752 ], [ 81.68929, 30.4254 ], [ 81.69472, 30.42372 ], [ 81.69987, 30.41923 ], [ 81.70649, 30.41703 ], [ 81.71045, 30.41369 ], [ 81.71426, 30.41172 ], [ 81.72673, 30.41124 ], [ 81.72914, 30.40912 ], [ 81.72925, 30.40212 ], [ 81.73158, 30.39821 ], [ 81.73655, 30.39632 ], [ 81.7391, 30.39336 ], [ 81.74561, 30.39267 ], [ 81.74806, 30.38965 ], [ 81.75101, 30.38869 ], [ 81.76208, 30.38901 ], [ 81.76434, 30.38752 ], [ 81.76823, 30.3868 ], [ 81.77394, 30.38427 ], [ 81.78278, 30.38535 ], [ 81.79062, 30.38891 ], [ 81.79751, 30.38659 ], [ 81.80365, 30.38617 ], [ 81.80888, 30.38718 ], [ 81.81089, 30.3844 ], [ 81.81512, 30.38351 ], [ 81.81761, 30.37958 ], [ 81.81942, 30.37816 ], [ 81.82627, 30.37498 ], [ 81.82914, 30.37571 ], [ 81.83148, 30.37484 ], [ 81.84044, 30.37652 ], [ 81.84402, 30.37434 ], [ 81.84977, 30.37305 ], [ 81.84978, 30.37635 ], [ 81.85377, 30.37928 ], [ 81.8564, 30.37916 ], [ 81.86199, 30.37721 ], [ 81.86758, 30.37724 ], [ 81.87108, 30.37531 ], [ 81.87291, 30.37234 ], [ 81.87796, 30.36941 ], [ 81.87866, 30.36829 ], [ 81.87846, 30.36532 ], [ 81.88205, 30.36072 ], [ 81.8886, 30.36071 ], [ 81.89198, 30.35738 ], [ 81.89632, 30.35654 ], [ 81.90418, 30.35319 ], [ 81.90928, 30.35366 ], [ 81.91165, 30.35118 ], [ 81.91438, 30.3499 ], [ 81.91945, 30.35106 ], [ 81.9233, 30.34888 ], [ 81.93938, 30.34748 ], [ 81.94492, 30.34984 ], [ 81.94469, 30.3522 ], [ 81.94593, 30.35699 ], [ 81.94922, 30.35887 ], [ 81.95397, 30.35433 ], [ 81.96041, 30.35295 ], [ 81.96209, 30.3507 ], [ 81.96203, 30.34609 ], [ 81.95656, 30.34117 ], [ 81.96232, 30.33904 ], [ 81.96911, 30.33775 ], [ 81.97323, 30.33299 ], [ 81.9747, 30.32976 ], [ 81.98194, 30.3295 ], [ 81.98343, 30.32709 ], [ 81.98626, 30.32581 ], [ 81.98734, 30.32284 ], [ 81.98709, 30.32113 ], [ 81.98845, 30.32069 ], [ 81.99365, 30.32217 ], [ 81.99556, 30.32055 ], [ 81.99803, 30.3206 ], [ 82.00526, 30.32894 ], [ 82.00811, 30.32982 ], [ 82.01204, 30.32909 ], [ 82.01255, 30.33246 ], [ 82.01104, 30.34176 ], [ 82.01133, 30.34259 ], [ 82.01619, 30.34407 ], [ 82.02146, 30.34432 ], [ 82.02263, 30.34226 ], [ 82.03086, 30.33746 ], [ 82.0382, 30.34085 ], [ 82.0411, 30.34087 ], [ 82.05491, 30.3341 ], [ 82.05589, 30.33251 ], [ 82.05647, 30.34003 ], [ 82.05909, 30.34151 ], [ 82.06009, 30.34517 ], [ 82.06522, 30.3472 ], [ 82.06448, 30.35197 ], [ 82.06558, 30.3549 ], [ 82.06715, 30.35662 ], [ 82.06993, 30.35612 ], [ 82.0733, 30.35862 ], [ 82.07652, 30.35923 ], [ 82.08157, 30.35979 ], [ 82.08549, 30.35898 ], [ 82.08952, 30.35547 ], [ 82.08983, 30.35378 ], [ 82.09184, 30.3512 ], [ 82.09433, 30.34988 ], [ 82.09772, 30.34936 ], [ 82.0997, 30.34796 ], [ 82.10065, 30.34938 ], [ 82.10462, 30.34955 ], [ 82.11065, 30.34469 ], [ 82.11119, 30.34346 ], [ 82.11022, 30.3387 ], [ 82.11071, 30.33488 ], [ 82.11365, 30.32908 ], [ 82.1164, 30.32836 ], [ 82.11859, 30.32673 ], [ 82.12098, 30.3218 ], [ 82.11778, 30.31953 ], [ 82.1199, 30.31887 ], [ 82.1227, 30.31003 ], [ 82.12529, 30.30523 ], [ 82.12818, 30.30218 ], [ 82.12534, 30.30176 ], [ 82.11629, 30.29414 ], [ 82.1164, 30.29281 ], [ 82.11783, 30.29117 ], [ 82.11628, 30.28601 ], [ 82.11395, 30.28444 ], [ 82.11359, 30.2809 ], [ 82.11232, 30.27837 ], [ 82.10931, 30.27711 ], [ 82.11043, 30.27544 ], [ 82.11413, 30.27476 ], [ 82.11602, 30.27237 ], [ 82.11709, 30.26921 ], [ 82.11532, 30.26414 ], [ 82.11797, 30.2624 ], [ 82.11832, 30.25941 ], [ 82.117, 30.25753 ], [ 82.11212, 30.25688 ], [ 82.10727, 30.25501 ], [ 82.10734, 30.2517 ], [ 82.10454, 30.24837 ], [ 82.1049, 30.24411 ], [ 82.09828, 30.23925 ], [ 82.09967, 30.23657 ], [ 82.10639, 30.23125 ], [ 82.10927, 30.22593 ], [ 82.11263, 30.22476 ], [ 82.12584, 30.22627 ], [ 82.12722, 30.22571 ], [ 82.12811, 30.22344 ], [ 82.1306, 30.22209 ], [ 82.1332, 30.21923 ], [ 82.13303, 30.21701 ], [ 82.13092, 30.21439 ], [ 82.13256, 30.21075 ], [ 82.13204, 30.20763 ], [ 82.13948, 30.20253 ], [ 82.13797, 30.20053 ], [ 82.13901, 30.19884 ], [ 82.14932, 30.19437 ], [ 82.15207, 30.19411 ], [ 82.15325, 30.19156 ], [ 82.15505, 30.19053 ], [ 82.15652, 30.19075 ], [ 82.15864, 30.18922 ], [ 82.16246, 30.18926 ], [ 82.17856, 30.19237 ], [ 82.18437, 30.19075 ], [ 82.18708, 30.18495 ], [ 82.1838, 30.18004 ], [ 82.18472, 30.17748 ], [ 82.18637, 30.17599 ], [ 82.1864, 30.17285 ], [ 82.18516, 30.16933 ], [ 82.18133, 30.16553 ], [ 82.18195, 30.1608 ], [ 82.19336, 30.15973 ], [ 82.19466, 30.15795 ], [ 82.20103, 30.15649 ], [ 82.20538, 30.15381 ], [ 82.20468, 30.15072 ], [ 82.20074, 30.14537 ], [ 82.19746, 30.14257 ], [ 82.19678, 30.13868 ], [ 82.19873, 30.1362 ], [ 82.19702, 30.13667 ], [ 82.19374, 30.1351 ], [ 82.18685, 30.1337 ], [ 82.18497, 30.13177 ], [ 82.18177, 30.13101 ], [ 82.17907, 30.1291 ], [ 82.17649, 30.12188 ], [ 82.1749, 30.12136 ], [ 82.17071, 30.12191 ], [ 82.17148, 30.11757 ], [ 82.17638, 30.11797 ], [ 82.17915, 30.11714 ], [ 82.18127, 30.11453 ], [ 82.18644, 30.11087 ], [ 82.18376, 30.10927 ], [ 82.17933, 30.1023 ], [ 82.17907, 30.09983 ], [ 82.18164, 30.09621 ], [ 82.17699, 30.08887 ], [ 82.17383, 30.08666 ], [ 82.16895, 30.08641 ], [ 82.16577, 30.08135 ], [ 82.16611, 30.076 ], [ 82.1681, 30.07425 ], [ 82.16847, 30.0719 ], [ 82.1718, 30.06515 ], [ 82.17848, 30.06725 ], [ 82.18267, 30.06725 ], [ 82.18836, 30.06969 ], [ 82.19771, 30.06794 ], [ 82.19936, 30.06675 ], [ 82.20568, 30.06749 ], [ 82.21071, 30.06602 ], [ 82.21403, 30.06767 ], [ 82.21997, 30.06821 ], [ 82.22383, 30.06629 ], [ 82.22815, 30.06601 ], [ 82.23112, 30.0648 ], [ 82.23377, 30.0697 ], [ 82.23869, 30.07185 ], [ 82.24297, 30.07506 ], [ 82.24661, 30.07513 ], [ 82.24958, 30.07422 ], [ 82.25157, 30.07241 ], [ 82.25254, 30.06801 ], [ 82.25481, 30.06903 ], [ 82.25863, 30.06503 ], [ 82.2615, 30.0645 ], [ 82.26543, 30.06213 ], [ 82.2716, 30.06191 ], [ 82.27829, 30.06275 ], [ 82.28121, 30.06109 ], [ 82.28296, 30.05935 ], [ 82.28266, 30.05611 ], [ 82.28527, 30.05169 ], [ 82.28513, 30.04718 ], [ 82.28937, 30.04326 ], [ 82.29685, 30.04039 ], [ 82.2984, 30.03783 ], [ 82.30088, 30.03902 ], [ 82.305, 30.03737 ], [ 82.30983, 30.03756 ], [ 82.31558, 30.04027 ], [ 82.31848, 30.04342 ], [ 82.31841, 30.04699 ], [ 82.31986, 30.04944 ], [ 82.32688, 30.04703 ], [ 82.3295, 30.04769 ], [ 82.33401, 30.04684 ], [ 82.33777, 30.0409 ], [ 82.34132, 30.03906 ], [ 82.34351, 30.03676 ], [ 82.34468, 30.02881 ], [ 82.34762, 30.0271 ], [ 82.34914, 30.02483 ], [ 82.35173, 30.02614 ], [ 82.35441, 30.02574 ], [ 82.3594, 30.02158 ], [ 82.35994, 30.01929 ], [ 82.3619, 30.01696 ], [ 82.3629, 30.01037 ], [ 82.37259, 30.01557 ], [ 82.37528, 30.01233 ], [ 82.37775, 30.01112 ], [ 82.37703, 30.01461 ], [ 82.37556, 30.01691 ], [ 82.37753, 30.02035 ], [ 82.37589, 30.02327 ], [ 82.37585, 30.02636 ], [ 82.38204, 30.02706 ], [ 82.38357, 30.02318 ], [ 82.3871, 30.02038 ], [ 82.39075, 30.02385 ], [ 82.39276, 30.02453 ], [ 82.39539, 30.02393 ], [ 82.39797, 30.0224 ], [ 82.39996, 30.01962 ], [ 82.4008, 30.01619 ], [ 82.40242, 30.0145 ], [ 82.40384, 30.01548 ], [ 82.40635, 30.01522 ], [ 82.40883, 30.01069 ], [ 82.41445, 30.00854 ], [ 82.41684, 30.00541 ], [ 82.42083, 30.00397 ], [ 82.42162, 29.99994 ], [ 82.42358, 29.99575 ], [ 82.43204, 29.98895 ], [ 82.43487, 29.98967 ], [ 82.43652, 29.98803 ], [ 82.43847, 29.98863 ], [ 82.43959, 29.98692 ], [ 82.44372, 29.98547 ], [ 82.44678, 29.98207 ], [ 82.45397, 29.97934 ], [ 82.45618, 29.97685 ], [ 82.45723, 29.97984 ], [ 82.4611, 29.98048 ], [ 82.4631, 29.982 ], [ 82.4649, 29.97871 ], [ 82.47605, 29.97358 ], [ 82.47701, 29.96895 ], [ 82.47376, 29.9652 ], [ 82.47852, 29.96193 ], [ 82.48101, 29.95901 ], [ 82.48582, 29.95705 ], [ 82.48828, 29.95323 ], [ 82.49463, 29.95083 ], [ 82.49914, 29.94596 ], [ 82.50407, 29.94815 ], [ 82.50823, 29.94893 ], [ 82.51403, 29.95211 ], [ 82.51681, 29.95535 ], [ 82.51897, 29.95647 ], [ 82.52159, 29.96098 ], [ 82.52312, 29.96185 ], [ 82.52576, 29.96717 ], [ 82.52962, 29.9711 ], [ 82.53242, 29.9707 ], [ 82.54295, 29.96476 ], [ 82.54925, 29.96316 ], [ 82.55208, 29.95947 ], [ 82.56298, 29.95515 ], [ 82.56246, 29.94976 ], [ 82.56465, 29.94648 ], [ 82.56329, 29.94258 ], [ 82.56541, 29.93916 ], [ 82.56656, 29.93241 ], [ 82.56995, 29.93029 ], [ 82.57179, 29.92676 ], [ 82.57675, 29.92457 ], [ 82.57955, 29.92153 ], [ 82.58272, 29.92192 ], [ 82.58466, 29.92124 ], [ 82.58809, 29.91483 ], [ 82.58994, 29.90891 ], [ 82.59424, 29.90547 ], [ 82.59576, 29.90311 ], [ 82.59616, 29.89975 ], [ 82.60138, 29.89338 ], [ 82.60141, 29.89066 ], [ 82.60228, 29.889 ], [ 82.6085, 29.88442 ], [ 82.61956, 29.87923 ], [ 82.63056, 29.87765 ], [ 82.6345, 29.87626 ], [ 82.6389, 29.87396 ], [ 82.64218, 29.87046 ], [ 82.6427, 29.86725 ], [ 82.64041, 29.86287 ], [ 82.63345, 29.85892 ], [ 82.63135, 29.85671 ], [ 82.63079, 29.85406 ], [ 82.63162, 29.84957 ], [ 82.62977, 29.84845 ], [ 82.62739, 29.84888 ], [ 82.62239, 29.84773 ], [ 82.62021, 29.84498 ], [ 82.61883, 29.84197 ], [ 82.61952, 29.83864 ], [ 82.62087, 29.83723 ], [ 82.6396, 29.83382 ], [ 82.6463, 29.83613 ], [ 82.64845, 29.83822 ], [ 82.65564, 29.83829 ], [ 82.65781, 29.84119 ], [ 82.66054, 29.84224 ], [ 82.66245, 29.84246 ], [ 82.66588, 29.84098 ], [ 82.66715, 29.84286 ], [ 82.66984, 29.84391 ], [ 82.67595, 29.84325 ], [ 82.6843, 29.8471 ], [ 82.68635, 29.85203 ], [ 82.69051, 29.85397 ], [ 82.69399, 29.85361 ], [ 82.69709, 29.85529 ], [ 82.70044, 29.85306 ], [ 82.70379, 29.84523 ], [ 82.71048, 29.83877 ], [ 82.71471, 29.83785 ], [ 82.7193, 29.83896 ], [ 82.72205, 29.83872 ], [ 82.7265, 29.83525 ], [ 82.72696, 29.83038 ], [ 82.73043, 29.82133 ], [ 82.73323, 29.81684 ], [ 82.73722, 29.81445 ], [ 82.73703, 29.81348 ], [ 82.73102, 29.80908 ], [ 82.72901, 29.80858 ], [ 82.7297, 29.80692 ], [ 82.72801, 29.80289 ], [ 82.71987, 29.80017 ], [ 82.71591, 29.79787 ], [ 82.71292, 29.79434 ], [ 82.71015, 29.79273 ], [ 82.70513, 29.79252 ], [ 82.70066, 29.79477 ], [ 82.69401, 29.79112 ], [ 82.69596, 29.78417 ], [ 82.69597, 29.78159 ], [ 82.68639, 29.77342 ], [ 82.68908, 29.77007 ], [ 82.68998, 29.76308 ], [ 82.69315, 29.76113 ], [ 82.69762, 29.76161 ], [ 82.70715, 29.76509 ], [ 82.71096, 29.76889 ], [ 82.71551, 29.7685 ], [ 82.7189, 29.76608 ], [ 82.72371, 29.77047 ], [ 82.7277, 29.76917 ], [ 82.73302, 29.77066 ], [ 82.73846, 29.76869 ], [ 82.74464, 29.76943 ], [ 82.74784, 29.76622 ], [ 82.7521, 29.76552 ], [ 82.75696, 29.76204 ], [ 82.75845, 29.76005 ], [ 82.75889, 29.75531 ], [ 82.76184, 29.74988 ], [ 82.76135, 29.74745 ], [ 82.76663, 29.7424 ], [ 82.76615, 29.73374 ], [ 82.76466, 29.73189 ], [ 82.76282, 29.73113 ], [ 82.77474, 29.72742 ], [ 82.77882, 29.72508 ], [ 82.78197, 29.72556 ], [ 82.79276, 29.72006 ], [ 82.79752, 29.71899 ], [ 82.80702, 29.72154 ], [ 82.81661, 29.7218 ], [ 82.81779, 29.72108 ], [ 82.82112, 29.71608 ], [ 82.82128, 29.71377 ], [ 82.82019, 29.71073 ], [ 82.81486, 29.70555 ], [ 82.81488, 29.7047 ], [ 82.81798, 29.69684 ], [ 82.82635, 29.68984 ], [ 82.83317, 29.68926 ], [ 82.83853, 29.69174 ], [ 82.84417, 29.6899 ], [ 82.84651, 29.68994 ], [ 82.84947, 29.68771 ], [ 82.85629, 29.68648 ], [ 82.85778, 29.68458 ], [ 82.86058, 29.68452 ], [ 82.8682, 29.68622 ], [ 82.87674, 29.69193 ], [ 82.88134, 29.69153 ], [ 82.88609, 29.6927 ], [ 82.88736, 29.69479 ], [ 82.88778, 29.69964 ], [ 82.89083, 29.70136 ], [ 82.89891, 29.70259 ], [ 82.9028, 29.70101 ], [ 82.9082, 29.70035 ], [ 82.91117, 29.70203 ], [ 82.91493, 29.70637 ], [ 82.91945, 29.70599 ], [ 82.92666, 29.70058 ], [ 82.93537, 29.70542 ], [ 82.93576, 29.70309 ], [ 82.94239, 29.69531 ], [ 82.94834, 29.69154 ], [ 82.94778, 29.68782 ], [ 82.94487, 29.68498 ], [ 82.94424, 29.68102 ], [ 82.94084, 29.67408 ], [ 82.94673, 29.67319 ], [ 82.94722, 29.66889 ], [ 82.9556, 29.6626 ], [ 82.96493, 29.66244 ], [ 82.97016, 29.66412 ], [ 82.97057, 29.66594 ], [ 82.97302, 29.66706 ], [ 82.9809, 29.66726 ], [ 82.98492, 29.6684 ], [ 82.98624, 29.66813 ], [ 82.99156, 29.66332 ], [ 82.996, 29.66481 ], [ 83.00043, 29.66453 ], [ 83.00849, 29.67252 ], [ 83.0108, 29.66744 ], [ 83.01367, 29.6649 ], [ 83.01397, 29.66039 ], [ 83.02095, 29.6577 ], [ 83.02039, 29.65372 ], [ 83.02095, 29.65063 ], [ 83.02346, 29.65016 ], [ 83.03337, 29.65417 ], [ 83.03834, 29.6479 ], [ 83.03873, 29.64404 ], [ 83.03975, 29.64309 ], [ 83.04151, 29.63788 ], [ 83.04215, 29.63269 ], [ 83.04326, 29.6308 ], [ 83.0498, 29.62997 ], [ 83.05449, 29.62669 ], [ 83.06201, 29.62742 ], [ 83.06536, 29.62603 ], [ 83.06619, 29.61852 ], [ 83.06529, 29.6165 ], [ 83.06819, 29.6135 ], [ 83.06925, 29.60988 ], [ 83.08151, 29.60666 ], [ 83.08365, 29.60377 ], [ 83.08559, 29.60271 ], [ 83.0922, 29.60537 ], [ 83.08941, 29.60841 ], [ 83.09006, 29.61195 ], [ 83.10102, 29.61427 ], [ 83.10218, 29.61641 ], [ 83.10531, 29.61835 ], [ 83.10847, 29.61683 ], [ 83.1164, 29.61639 ], [ 83.11674, 29.62473 ], [ 83.12025, 29.62854 ], [ 83.12296, 29.62687 ], [ 83.12548, 29.62325 ], [ 83.13143, 29.61784 ], [ 83.13561, 29.62245 ], [ 83.14193, 29.6248 ], [ 83.14491, 29.62253 ], [ 83.14997, 29.62379 ], [ 83.16293, 29.61777 ], [ 83.16504, 29.61594 ], [ 83.16354, 29.61284 ], [ 83.16341, 29.60903 ], [ 83.15976, 29.60298 ], [ 83.16009, 29.60152 ], [ 83.15883, 29.59808 ], [ 83.15897, 29.59636 ], [ 83.16058, 29.59623 ], [ 83.1639, 29.59429 ], [ 83.16805, 29.59571 ], [ 83.17526, 29.59224 ], [ 83.1799, 29.59295 ], [ 83.18832, 29.59743 ], [ 83.18869, 29.60079 ], [ 83.18614, 29.6059 ], [ 83.1876, 29.60824 ], [ 83.19097, 29.60818 ], [ 83.19331, 29.61003 ], [ 83.19672, 29.6111 ], [ 83.19875, 29.6062 ], [ 83.20503, 29.6075 ], [ 83.21255, 29.6057 ], [ 83.21802, 29.60544 ], [ 83.21798, 29.60114 ], [ 83.2162, 29.59776 ], [ 83.21665, 29.5945 ], [ 83.2144, 29.58924 ], [ 83.22938, 29.58142 ], [ 83.23084, 29.58038 ], [ 83.23192, 29.57782 ], [ 83.23912, 29.5775 ], [ 83.24224, 29.57819 ], [ 83.24693, 29.57664 ], [ 83.25099, 29.57752 ], [ 83.26109, 29.57756 ], [ 83.26138, 29.57362 ], [ 83.26935, 29.56826 ], [ 83.27293, 29.568 ], [ 83.27782, 29.56891 ], [ 83.28391, 29.56284 ], [ 83.28267, 29.56117 ], [ 83.28204, 29.55753 ], [ 83.27872, 29.55786 ], [ 83.27386, 29.55444 ], [ 83.26871, 29.5566 ], [ 83.26702, 29.55666 ], [ 83.26385, 29.55493 ], [ 83.25883, 29.55718 ], [ 83.2565, 29.55748 ], [ 83.25527, 29.55674 ], [ 83.25553, 29.55513 ], [ 83.25873, 29.55101 ], [ 83.25412, 29.5446 ], [ 83.25618, 29.54106 ], [ 83.25579, 29.53923 ], [ 83.26061, 29.53677 ], [ 83.26375, 29.53292 ], [ 83.26496, 29.52607 ], [ 83.26868, 29.52208 ], [ 83.2679, 29.5193 ], [ 83.26887, 29.51694 ], [ 83.26656, 29.51339 ], [ 83.26826, 29.51108 ], [ 83.26834, 29.50911 ], [ 83.26735, 29.50741 ], [ 83.27149, 29.50781 ], [ 83.27514, 29.50262 ], [ 83.28199, 29.49869 ], [ 83.29194, 29.50276 ], [ 83.29338, 29.50436 ], [ 83.30224, 29.49967 ], [ 83.30434, 29.50126 ], [ 83.30928, 29.50269 ], [ 83.31194, 29.5069 ], [ 83.31567, 29.5089 ], [ 83.32032, 29.5045 ], [ 83.32579, 29.50328 ], [ 83.32917, 29.50357 ], [ 83.33199, 29.49996 ], [ 83.34321, 29.49538 ], [ 83.34705, 29.49253 ], [ 83.34534, 29.48921 ], [ 83.34783, 29.48472 ], [ 83.34716, 29.48099 ], [ 83.34758, 29.47853 ], [ 83.34629, 29.4769 ], [ 83.34197, 29.475 ], [ 83.3434, 29.47317 ], [ 83.34397, 29.46841 ], [ 83.34227, 29.4658 ], [ 83.3467, 29.46259 ], [ 83.34908, 29.45971 ], [ 83.35147, 29.45881 ], [ 83.35371, 29.45137 ], [ 83.35661, 29.45065 ], [ 83.36186, 29.45179 ], [ 83.36612, 29.45002 ], [ 83.36545, 29.44796 ], [ 83.36302, 29.44619 ], [ 83.36433, 29.43972 ], [ 83.37063, 29.43434 ], [ 83.37133, 29.42851 ], [ 83.37703, 29.42731 ], [ 83.38105, 29.42315 ], [ 83.38561, 29.42322 ], [ 83.38756, 29.4224 ], [ 83.39094, 29.42282 ], [ 83.39671, 29.42145 ], [ 83.40457, 29.42238 ], [ 83.40984, 29.42139 ], [ 83.41317, 29.42176 ], [ 83.41474, 29.41982 ], [ 83.41588, 29.41037 ], [ 83.42062, 29.4053 ], [ 83.42466, 29.40397 ], [ 83.42612, 29.4024 ], [ 83.42036, 29.39743 ], [ 83.42121, 29.39167 ], [ 83.42349, 29.38707 ], [ 83.42258, 29.38464 ], [ 83.42042, 29.38303 ], [ 83.41172, 29.38026 ], [ 83.41538, 29.37602 ], [ 83.41506, 29.37102 ], [ 83.41309, 29.36686 ], [ 83.41723, 29.36408 ], [ 83.41679, 29.36145 ], [ 83.41507, 29.35926 ], [ 83.41632, 29.35676 ], [ 83.41785, 29.35619 ], [ 83.42295, 29.35659 ], [ 83.42703, 29.35268 ], [ 83.42903, 29.34962 ], [ 83.43787, 29.3501 ], [ 83.44033, 29.34781 ], [ 83.44481, 29.34039 ], [ 83.44234, 29.33568 ], [ 83.44645, 29.32907 ], [ 83.44439, 29.32563 ], [ 83.44306, 29.32062 ], [ 83.43929, 29.31689 ], [ 83.43987, 29.31265 ], [ 83.4381, 29.30909 ], [ 83.44415, 29.30646 ], [ 83.4444, 29.30376 ], [ 83.44346, 29.2999 ], [ 83.44826, 29.29926 ], [ 83.45132, 29.29751 ], [ 83.45063, 29.29354 ], [ 83.45579, 29.2906 ], [ 83.4548, 29.28652 ], [ 83.45989, 29.28613 ], [ 83.4603, 29.28402 ], [ 83.46208, 29.28246 ], [ 83.46244, 29.27678 ], [ 83.46514, 29.27453 ], [ 83.46811, 29.27354 ], [ 83.47146, 29.27417 ], [ 83.47363, 29.27753 ], [ 83.47869, 29.28101 ], [ 83.48713, 29.28014 ], [ 83.48769, 29.27972 ], [ 83.4872, 29.27615 ], [ 83.49188, 29.27521 ], [ 83.49338, 29.27378 ], [ 83.49306, 29.26998 ], [ 83.49091, 29.26656 ], [ 83.49146, 29.2648 ], [ 83.49395, 29.2627 ], [ 83.49661, 29.26273 ], [ 83.50011, 29.26025 ], [ 83.50265, 29.25947 ], [ 83.5041, 29.25555 ], [ 83.50834, 29.25697 ], [ 83.51196, 29.25557 ], [ 83.51472, 29.25581 ], [ 83.51421, 29.25259 ], [ 83.51598, 29.24806 ], [ 83.51713, 29.24639 ], [ 83.51943, 29.24505 ], [ 83.51768, 29.24056 ], [ 83.52229, 29.23922 ], [ 83.5227, 29.23824 ], [ 83.52137, 29.23534 ], [ 83.51638, 29.23138 ], [ 83.51505, 29.22799 ], [ 83.51808, 29.22664 ], [ 83.51746, 29.22142 ], [ 83.5188, 29.21847 ], [ 83.52015, 29.21713 ], [ 83.52303, 29.21666 ], [ 83.53036, 29.21336 ], [ 83.52999, 29.2096 ], [ 83.53083, 29.20826 ], [ 83.53413, 29.20649 ], [ 83.53595, 29.20381 ], [ 83.53902, 29.20267 ], [ 83.55229, 29.20011 ], [ 83.5554, 29.20399 ], [ 83.56001, 29.20445 ], [ 83.5631, 29.20605 ], [ 83.56526, 29.20425 ], [ 83.57196, 29.2025 ], [ 83.57216, 29.19918 ], [ 83.56934, 29.19673 ], [ 83.56985, 29.19045 ], [ 83.57549, 29.18814 ], [ 83.57681, 29.18462 ], [ 83.57597, 29.18017 ], [ 83.57844, 29.17878 ], [ 83.59007, 29.17417 ], [ 83.59604, 29.17492 ], [ 83.60431, 29.17808 ], [ 83.60739, 29.18103 ], [ 83.61011, 29.18074 ], [ 83.61431, 29.17478 ], [ 83.61462, 29.17133 ], [ 83.62271, 29.16829 ], [ 83.62379, 29.16672 ], [ 83.62658, 29.16548 ], [ 83.62685, 29.16362 ], [ 83.63073, 29.15968 ], [ 83.63328, 29.15844 ], [ 83.63857, 29.16066 ], [ 83.64049, 29.16066 ], [ 83.64428, 29.16376 ], [ 83.64386, 29.16701 ], [ 83.64602, 29.1688 ], [ 83.64952, 29.16843 ], [ 83.65222, 29.17153 ], [ 83.6548, 29.17276 ], [ 83.65563, 29.17507 ], [ 83.65845, 29.17674 ], [ 83.66315, 29.18284 ], [ 83.66346, 29.18404 ], [ 83.65802, 29.18744 ], [ 83.65768, 29.19273 ], [ 83.65841, 29.19604 ], [ 83.65766, 29.19848 ], [ 83.65585, 29.19998 ], [ 83.65579, 29.20394 ], [ 83.66043, 29.20399 ], [ 83.66784, 29.2072 ], [ 83.67492, 29.2077 ], [ 83.68412, 29.21308 ], [ 83.68875, 29.21723 ], [ 83.69658, 29.22631 ], [ 83.70077, 29.23464 ], [ 83.70269, 29.2362 ], [ 83.70716, 29.23781 ], [ 83.71116, 29.24455 ], [ 83.72174, 29.24154 ], [ 83.72722, 29.24306 ], [ 83.7305, 29.24488 ], [ 83.73803, 29.24405 ], [ 83.74053, 29.24543 ], [ 83.74628, 29.24339 ], [ 83.74939, 29.24406 ], [ 83.754, 29.24233 ], [ 83.75663, 29.24252 ], [ 83.76198, 29.23995 ], [ 83.76748, 29.2408 ], [ 83.77044, 29.24373 ], [ 83.77102, 29.24679 ], [ 83.77797, 29.24758 ], [ 83.77996, 29.24454 ], [ 83.78127, 29.24436 ], [ 83.79043, 29.24742 ], [ 83.79201, 29.24895 ], [ 83.79719, 29.25002 ], [ 83.79708, 29.25348 ], [ 83.80218, 29.25633 ], [ 83.80017, 29.2589 ], [ 83.79846, 29.26533 ], [ 83.79375, 29.27344 ], [ 83.7944, 29.27738 ], [ 83.79677, 29.27978 ], [ 83.79724, 29.2818 ], [ 83.8018, 29.28179 ], [ 83.80388, 29.2841 ], [ 83.80775, 29.28584 ], [ 83.8108, 29.29079 ], [ 83.80785, 29.29464 ], [ 83.81248, 29.29859 ], [ 83.81252, 29.30194 ], [ 83.82302, 29.30276 ], [ 83.8259, 29.29972 ], [ 83.82904, 29.2983 ], [ 83.83086, 29.29837 ], [ 83.83492, 29.30086 ], [ 83.83887, 29.29811 ], [ 83.84393, 29.29895 ], [ 83.84798, 29.29757 ], [ 83.85405, 29.30161 ], [ 83.85554, 29.30866 ], [ 83.85659, 29.30984 ], [ 83.86402, 29.31182 ], [ 83.8704, 29.31234 ], [ 83.87343, 29.31435 ], [ 83.88003, 29.3161 ], [ 83.88729, 29.3201 ], [ 83.89792, 29.31879 ], [ 83.90069, 29.32352 ], [ 83.90466, 29.32571 ], [ 83.91159, 29.32311 ], [ 83.91493, 29.32261 ], [ 83.91969, 29.32325 ], [ 83.92737, 29.31845 ], [ 83.93351, 29.31971 ], [ 83.94039, 29.31649 ], [ 83.94285, 29.31623 ], [ 83.94838, 29.31703 ], [ 83.95495, 29.32553 ], [ 83.96255, 29.33128 ], [ 83.97574, 29.32862 ], [ 83.98678, 29.32278 ], [ 83.98832, 29.32086 ], [ 83.99212, 29.32011 ], [ 83.995, 29.31677 ], [ 83.99894, 29.31486 ], [ 84.00085, 29.31196 ], [ 84.00099, 29.30938 ], [ 83.99914, 29.30628 ], [ 83.99553, 29.30422 ], [ 83.98952, 29.30327 ], [ 83.98891, 29.30258 ], [ 83.98766, 29.30046 ], [ 83.98987, 29.29837 ], [ 83.99634, 29.29659 ], [ 83.99841, 29.29483 ], [ 84.00422, 29.29588 ], [ 84.00871, 29.29494 ], [ 84.01182, 29.29348 ], [ 84.01563, 29.28896 ], [ 84.02315, 29.28916 ], [ 84.02505, 29.28781 ], [ 84.02629, 29.28558 ], [ 84.02962, 29.29284 ], [ 84.04226, 29.30079 ], [ 84.04485, 29.30052 ], [ 84.05275, 29.2975 ], [ 84.053, 29.29398 ], [ 84.05503, 29.29257 ], [ 84.05632, 29.29032 ], [ 84.06319, 29.28974 ], [ 84.069, 29.28522 ], [ 84.07153, 29.28528 ], [ 84.08045, 29.28844 ], [ 84.08568, 29.29454 ], [ 84.09009, 29.29409 ], [ 84.10014, 29.29015 ], [ 84.10215, 29.28697 ], [ 84.1085, 29.28505 ], [ 84.11444, 29.28023 ], [ 84.11725, 29.27922 ], [ 84.1202, 29.27954 ], [ 84.1177, 29.2779 ], [ 84.11742, 29.27676 ], [ 84.11927, 29.27463 ], [ 84.12174, 29.27352 ], [ 84.12155, 29.27031 ], [ 84.11855, 29.26511 ], [ 84.11226, 29.26299 ], [ 84.11277, 29.26065 ], [ 84.11476, 29.25858 ], [ 84.11171, 29.25374 ], [ 84.11353, 29.25182 ], [ 84.11222, 29.2481 ], [ 84.11622, 29.24415 ], [ 84.11935, 29.2453 ], [ 84.12789, 29.24311 ], [ 84.14107, 29.23617 ], [ 84.15114, 29.24071 ], [ 84.15729, 29.2417 ], [ 84.16763, 29.241 ], [ 84.1718, 29.23998 ], [ 84.17324, 29.2387 ], [ 84.17924, 29.23773 ], [ 84.18274, 29.24154 ], [ 84.19252, 29.24415 ], [ 84.19463, 29.24384 ], [ 84.19573, 29.24202 ], [ 84.20055, 29.24033 ], [ 84.20283, 29.2366 ], [ 84.19885, 29.23095 ], [ 84.19796, 29.22811 ], [ 84.19836, 29.22329 ], [ 84.19749, 29.22072 ], [ 84.19893, 29.21873 ], [ 84.19962, 29.21391 ], [ 84.19473, 29.21175 ], [ 84.1882, 29.20574 ], [ 84.18109, 29.20782 ], [ 84.17741, 29.20676 ], [ 84.17691, 29.20514 ], [ 84.17295, 29.20104 ], [ 84.16842, 29.19985 ], [ 84.16422, 29.19482 ], [ 84.16373, 29.19406 ], [ 84.1667, 29.19029 ], [ 84.16555, 29.18803 ], [ 84.16217, 29.18523 ], [ 84.16496, 29.17923 ], [ 84.16691, 29.17743 ], [ 84.1668, 29.17403 ], [ 84.16914, 29.17211 ], [ 84.16582, 29.1641 ], [ 84.16749, 29.15739 ], [ 84.17068, 29.15429 ], [ 84.17328, 29.14978 ], [ 84.17389, 29.14421 ], [ 84.1727, 29.14061 ], [ 84.17423, 29.13649 ], [ 84.1738, 29.13394 ], [ 84.17469, 29.13084 ], [ 84.17702, 29.12931 ], [ 84.18641, 29.12632 ], [ 84.20085, 29.12395 ], [ 84.19979, 29.11268 ], [ 84.20124, 29.10805 ], [ 84.20159, 29.10376 ], [ 84.19801, 29.09953 ], [ 84.1959, 29.09909 ], [ 84.1951, 29.09657 ], [ 84.1957, 29.09297 ], [ 84.19063, 29.08468 ], [ 84.18602, 29.08072 ], [ 84.18776, 29.07776 ], [ 84.18616, 29.0738 ], [ 84.1864, 29.06824 ], [ 84.1886, 29.0647 ], [ 84.18833, 29.05716 ], [ 84.1897, 29.05064 ], [ 84.18957, 29.04692 ], [ 84.19632, 29.04654 ], [ 84.20145, 29.04971 ], [ 84.20749, 29.0521 ], [ 84.2089, 29.05364 ], [ 84.22145, 29.05345 ], [ 84.22697, 29.05135 ], [ 84.23585, 29.04456 ], [ 84.2399, 29.04489 ], [ 84.24217, 29.04424 ], [ 84.24775, 29.03724 ], [ 84.24775, 29.03263 ], [ 84.24653, 29.02917 ], [ 84.24775, 29.02773 ], [ 84.24775, 29.01264 ], [ 84.2437, 29.00907 ], [ 84.24262, 29.00689 ], [ 84.23938, 28.99736 ], [ 84.24095, 28.99224 ], [ 84.23816, 28.98767 ], [ 84.23916, 28.98473 ], [ 84.23851, 28.98193 ], [ 84.24169, 28.9761 ], [ 84.23892, 28.97142 ], [ 84.23921, 28.96902 ], [ 84.23529, 28.96838 ], [ 84.23455, 28.96578 ], [ 84.23519, 28.9642 ], [ 84.23211, 28.96136 ], [ 84.23136, 28.95965 ], [ 84.23063, 28.95739 ], [ 84.23103, 28.95403 ], [ 84.22923, 28.94665 ], [ 84.2271, 28.94223 ], [ 84.22549, 28.94173 ], [ 84.22591, 28.93996 ], [ 84.22449, 28.92591 ], [ 84.22246, 28.9234 ], [ 84.22292, 28.92026 ], [ 84.22036, 28.91561 ], [ 84.22079, 28.91209 ], [ 84.22535, 28.90352 ], [ 84.2246, 28.89735 ], [ 84.22579, 28.89397 ], [ 84.22834, 28.89243 ], [ 84.23497, 28.89244 ], [ 84.23816, 28.89108 ], [ 84.25371, 28.89022 ], [ 84.25814, 28.89553 ], [ 84.26313, 28.8976 ], [ 84.26545, 28.89774 ], [ 84.26857, 28.89448 ], [ 84.27198, 28.89274 ], [ 84.27391, 28.88668 ], [ 84.27852, 28.8855 ], [ 84.28385, 28.88265 ], [ 84.28606, 28.88098 ], [ 84.2877, 28.87692 ], [ 84.2924, 28.87438 ], [ 84.30855, 28.86936 ], [ 84.3155, 28.86977 ], [ 84.32073, 28.86742 ], [ 84.3235, 28.86265 ], [ 84.32703, 28.86247 ], [ 84.33319, 28.86465 ], [ 84.33466, 28.86589 ], [ 84.335, 28.86853 ], [ 84.34059, 28.87241 ], [ 84.34302, 28.87293 ], [ 84.34738, 28.86834 ], [ 84.35448, 28.86291 ], [ 84.35689, 28.85934 ], [ 84.36073, 28.85953 ], [ 84.36526, 28.86167 ], [ 84.3691, 28.86083 ], [ 84.37514, 28.86438 ], [ 84.3823, 28.86167 ], [ 84.39216, 28.86044 ], [ 84.39712, 28.85853 ], [ 84.40384, 28.85427 ], [ 84.40883, 28.85354 ], [ 84.409, 28.84673 ], [ 84.40756, 28.84293 ], [ 84.40621, 28.8416 ], [ 84.40241, 28.84036 ], [ 84.39923, 28.83728 ], [ 84.40032, 28.83485 ], [ 84.40051, 28.83021 ], [ 84.40831, 28.82868 ], [ 84.41579, 28.83128 ], [ 84.41877, 28.83155 ], [ 84.42036, 28.83087 ], [ 84.42738, 28.82354 ], [ 84.43521, 28.82086 ], [ 84.4295, 28.81328 ], [ 84.43194, 28.80142 ], [ 84.43874, 28.79602 ], [ 84.44518, 28.79332 ], [ 84.44383, 28.78662 ], [ 84.44588, 28.7832 ], [ 84.4445, 28.78072 ], [ 84.43968, 28.77643 ], [ 84.43737, 28.77275 ], [ 84.43643, 28.76944 ], [ 84.44149, 28.76726 ], [ 84.45179, 28.76475 ], [ 84.4537, 28.761 ], [ 84.45749, 28.75755 ], [ 84.45803, 28.75443 ], [ 84.46029, 28.75128 ], [ 84.46615, 28.75174 ], [ 84.47551, 28.74693 ], [ 84.48019, 28.74712 ], [ 84.48191, 28.74528 ], [ 84.48322, 28.74145 ], [ 84.48639, 28.73992 ], [ 84.48943, 28.73537 ], [ 84.49176, 28.73471 ], [ 84.4942, 28.73573 ], [ 84.49734, 28.74064 ], [ 84.49978, 28.74282 ], [ 84.50216, 28.74423 ], [ 84.51005, 28.74525 ], [ 84.51461, 28.74854 ], [ 84.52376, 28.74365 ], [ 84.52478, 28.74217 ], [ 84.52883, 28.74293 ], [ 84.53359, 28.74535 ], [ 84.54029, 28.74421 ], [ 84.54569, 28.74635 ], [ 84.55141, 28.75051 ], [ 84.55458, 28.75086 ], [ 84.5566, 28.75214 ], [ 84.55713, 28.74693 ], [ 84.559, 28.74526 ], [ 84.56723, 28.74147 ], [ 84.57156, 28.73515 ], [ 84.58669, 28.73455 ], [ 84.59226, 28.73657 ], [ 84.60566, 28.7334 ], [ 84.61524, 28.73666 ], [ 84.61765, 28.7358 ], [ 84.62622, 28.73645 ], [ 84.6293, 28.73264 ], [ 84.6326, 28.73187 ], [ 84.6389, 28.72879 ], [ 84.64343, 28.72521 ], [ 84.64435, 28.71992 ], [ 84.64762, 28.71867 ], [ 84.65063, 28.7144 ], [ 84.64985, 28.7075 ], [ 84.65052, 28.70238 ], [ 84.65376, 28.7007 ], [ 84.65833, 28.70028 ], [ 84.6614, 28.69874 ], [ 84.66419, 28.69471 ], [ 84.66639, 28.69422 ], [ 84.66878, 28.68997 ], [ 84.66761, 28.68642 ], [ 84.66823, 28.68338 ], [ 84.67593, 28.67901 ], [ 84.68124, 28.67833 ], [ 84.6881, 28.6788 ], [ 84.69153, 28.67686 ], [ 84.69632, 28.67177 ], [ 84.70484, 28.67107 ], [ 84.70134, 28.66513 ], [ 84.70046, 28.65908 ], [ 84.69712, 28.65346 ], [ 84.69863, 28.65057 ], [ 84.70165, 28.64736 ], [ 84.69798, 28.63952 ], [ 84.69467, 28.63641 ], [ 84.70069, 28.63444 ], [ 84.71368, 28.63295 ], [ 84.72148, 28.62743 ], [ 84.72262, 28.62586 ], [ 84.72297, 28.62344 ], [ 84.72507, 28.6206 ], [ 84.73081, 28.62017 ], [ 84.73274, 28.61846 ], [ 84.73668, 28.61686 ], [ 84.74143, 28.61676 ], [ 84.7447, 28.61827 ], [ 84.74677, 28.61828 ], [ 84.7552, 28.61354 ], [ 84.7637, 28.61269 ], [ 84.76764, 28.61049 ], [ 84.78058, 28.60947 ], [ 84.837, 28.58082 ], [ 84.83828, 28.57934 ], [ 84.83912, 28.57973 ], [ 84.85697, 28.57057 ], [ 84.85724, 28.57255 ], [ 84.86144, 28.57724 ], [ 84.86387, 28.57834 ], [ 84.86694, 28.5816 ], [ 84.86909, 28.58246 ], [ 84.87056, 28.58148 ], [ 84.87521, 28.58068 ], [ 84.8794, 28.58247 ], [ 84.88595, 28.58263 ], [ 84.89017, 28.58866 ], [ 84.892, 28.58945 ], [ 84.89904, 28.58988 ], [ 84.90085, 28.59324 ], [ 84.90525, 28.58877 ], [ 84.90686, 28.58814 ], [ 84.91263, 28.58964 ], [ 84.91956, 28.59522 ], [ 84.9319, 28.59375 ], [ 84.93575, 28.59424 ], [ 84.93868, 28.59566 ], [ 84.94478, 28.59479 ], [ 84.94734, 28.59022 ], [ 84.94691, 28.58796 ], [ 84.94877, 28.58015 ], [ 84.96466, 28.58676 ], [ 84.96779, 28.58615 ], [ 84.9718, 28.58672 ], [ 84.97254, 28.58833 ], [ 84.97442, 28.58967 ], [ 84.98048, 28.59023 ], [ 84.98329, 28.59137 ], [ 84.98831, 28.59473 ], [ 84.99273, 28.59978 ], [ 84.99269, 28.60096 ], [ 84.98786, 28.6032 ], [ 84.98597, 28.60508 ], [ 84.98584, 28.60685 ], [ 84.98872, 28.61287 ], [ 85.00009, 28.62284 ], [ 85.0035, 28.62989 ], [ 85.00499, 28.63027 ], [ 85.0088, 28.63705 ], [ 85.01102, 28.63713 ], [ 85.01701, 28.63942 ], [ 85.02289, 28.6489 ], [ 85.02613, 28.65063 ], [ 85.03075, 28.65606 ], [ 85.04022, 28.65796 ], [ 85.04147, 28.66687 ], [ 85.04107, 28.6684 ], [ 85.05192, 28.67001 ], [ 85.05442, 28.67699 ], [ 85.05359, 28.68038 ], [ 85.05847, 28.68239 ], [ 85.06166, 28.68043 ], [ 85.06838, 28.6796 ], [ 85.07118, 28.67849 ], [ 85.0803, 28.67151 ], [ 85.08382, 28.67092 ], [ 85.08869, 28.6716 ], [ 85.09194, 28.67658 ], [ 85.09433, 28.6783 ], [ 85.10176, 28.68176 ], [ 85.11046, 28.68338 ], [ 85.11479, 28.68669 ], [ 85.12579, 28.67992 ], [ 85.12899, 28.67883 ], [ 85.13229, 28.67589 ], [ 85.1343, 28.67152 ], [ 85.13493, 28.66653 ], [ 85.13969, 28.66563 ], [ 85.14555, 28.66095 ], [ 85.14502, 28.65648 ], [ 85.15425, 28.64872 ], [ 85.15709, 28.64475 ], [ 85.15707, 28.64294 ], [ 85.16322, 28.64274 ], [ 85.16714, 28.64402 ], [ 85.17095, 28.64359 ], [ 85.17858, 28.64504 ], [ 85.17946, 28.64415 ], [ 85.18105, 28.64442 ], [ 85.18294, 28.64278 ], [ 85.18771, 28.64171 ], [ 85.18837, 28.6408 ], [ 85.18469, 28.63223 ], [ 85.18668, 28.63085 ], [ 85.19116, 28.63077 ], [ 85.19754, 28.62714 ], [ 85.19721, 28.6208 ], [ 85.19493, 28.61816 ], [ 85.19309, 28.61221 ], [ 85.18959, 28.60918 ], [ 85.18885, 28.60496 ], [ 85.18375, 28.60303 ], [ 85.17849, 28.59894 ], [ 85.17355, 28.59741 ], [ 85.17511, 28.59213 ], [ 85.17833, 28.59052 ], [ 85.18123, 28.58742 ], [ 85.18245, 28.58336 ], [ 85.18125, 28.58109 ], [ 85.18141, 28.57892 ], [ 85.18429, 28.57502 ], [ 85.18909, 28.57203 ], [ 85.19144, 28.56898 ], [ 85.18753, 28.56316 ], [ 85.18461, 28.56135 ], [ 85.18825, 28.55386 ], [ 85.18788, 28.5519 ], [ 85.18883, 28.54722 ], [ 85.18866, 28.54455 ], [ 85.1863, 28.54015 ], [ 85.18676, 28.53424 ], [ 85.18534, 28.53305 ], [ 85.17818, 28.53255 ], [ 85.16881, 28.53343 ], [ 85.16601, 28.53205 ], [ 85.16492, 28.52625 ], [ 85.16598, 28.52127 ], [ 85.16322, 28.5193 ], [ 85.16199, 28.51496 ], [ 85.15688, 28.50949 ], [ 85.15734, 28.5039 ], [ 85.1562, 28.50091 ], [ 85.15691, 28.49788 ], [ 85.15277, 28.4905 ], [ 85.14439, 28.48556 ], [ 85.14122, 28.48637 ], [ 85.13061, 28.48584 ], [ 85.12918, 28.48626 ], [ 85.12862, 28.48748 ], [ 85.12647, 28.4878 ], [ 85.12355, 28.48759 ], [ 85.12186, 28.48614 ], [ 85.11838, 28.48552 ], [ 85.11656, 28.48123 ], [ 85.11318, 28.47959 ], [ 85.11251, 28.47132 ], [ 85.10419, 28.46002 ], [ 85.09939, 28.45683 ], [ 85.10014, 28.45159 ], [ 85.10269, 28.44779 ], [ 85.10748, 28.44504 ], [ 85.11418, 28.44314 ], [ 85.11256, 28.43329 ], [ 85.11406, 28.42548 ], [ 85.11736, 28.41574 ], [ 85.11744, 28.41324 ], [ 85.11571, 28.40878 ], [ 85.11884, 28.40212 ], [ 85.12476, 28.39684 ], [ 85.12652, 28.39236 ], [ 85.12631, 28.39095 ], [ 85.12187, 28.38588 ], [ 85.12104, 28.37962 ], [ 85.12213, 28.37473 ], [ 85.12176, 28.37264 ], [ 85.12077, 28.37128 ], [ 85.11622, 28.36912 ], [ 85.11507, 28.36711 ], [ 85.1129, 28.35713 ], [ 85.10784, 28.34653 ], [ 85.10832, 28.34534 ], [ 85.12066, 28.33569 ], [ 85.12403, 28.33612 ], [ 85.12853, 28.338 ], [ 85.13223, 28.33589 ], [ 85.13493, 28.33242 ], [ 85.13683, 28.33241 ], [ 85.14026, 28.3304 ], [ 85.14282, 28.33126 ], [ 85.16671, 28.33155 ], [ 85.17068, 28.32848 ], [ 85.17403, 28.32784 ], [ 85.18175, 28.32422 ], [ 85.18543, 28.32781 ], [ 85.19348, 28.33313 ], [ 85.19543, 28.3368 ], [ 85.19821, 28.33928 ], [ 85.20234, 28.34059 ], [ 85.21013, 28.3362 ], [ 85.21528, 28.33197 ], [ 85.21879, 28.33076 ], [ 85.22549, 28.32604 ], [ 85.22851, 28.32502 ], [ 85.23003, 28.32301 ], [ 85.23625, 28.32104 ], [ 85.24134, 28.31775 ], [ 85.2445, 28.3128 ], [ 85.24699, 28.30317 ], [ 85.25295, 28.29842 ], [ 85.25466, 28.2944 ], [ 85.25881, 28.29497 ], [ 85.26667, 28.29812 ], [ 85.27036, 28.29733 ], [ 85.27346, 28.29374 ], [ 85.27279, 28.28772 ], [ 85.29238, 28.28739 ], [ 85.29436, 28.28928 ], [ 85.29798, 28.29069 ], [ 85.30345, 28.28984 ], [ 85.30581, 28.29132 ], [ 85.30803, 28.29115 ], [ 85.31846, 28.294 ], [ 85.32278, 28.29597 ], [ 85.32527, 28.29907 ], [ 85.33147, 28.30016 ], [ 85.34025, 28.30389 ], [ 85.34245, 28.30257 ], [ 85.34808, 28.30164 ], [ 85.34806, 28.29302 ], [ 85.34703, 28.29135 ], [ 85.34815, 28.28843 ], [ 85.35255, 28.28664 ], [ 85.35517, 28.28694 ], [ 85.36322, 28.28552 ], [ 85.37006, 28.2857 ], [ 85.37544, 28.28272 ], [ 85.37752, 28.27851 ], [ 85.3864, 28.28467 ], [ 85.38736, 28.28642 ], [ 85.39184, 28.28846 ], [ 85.39664, 28.29409 ], [ 85.39759, 28.29823 ], [ 85.4048, 28.30242 ], [ 85.40839, 28.30528 ], [ 85.40946, 28.30717 ], [ 85.41192, 28.30829 ], [ 85.414, 28.31599 ], [ 85.41303, 28.32372 ], [ 85.41527, 28.32706 ], [ 85.41797, 28.32724 ], [ 85.42449, 28.33012 ], [ 85.43012, 28.3302 ], [ 85.43725, 28.33472 ], [ 85.44387, 28.33556 ], [ 85.4518, 28.33521 ], [ 85.45789, 28.33695 ], [ 85.47527, 28.33329 ], [ 85.48345, 28.33313 ], [ 85.48726, 28.33112 ], [ 85.49642, 28.3323 ], [ 85.49765, 28.33356 ], [ 85.50641, 28.33394 ], [ 85.51158, 28.33188 ], [ 85.51831, 28.33084 ], [ 85.52593, 28.32828 ], [ 85.53519, 28.32315 ], [ 85.5387, 28.31995 ], [ 85.54308, 28.31905 ], [ 85.54766, 28.31508 ], [ 85.55215, 28.31416 ], [ 85.56164, 28.30976 ], [ 85.56571, 28.31027 ], [ 85.57032, 28.30944 ], [ 85.5758, 28.31029 ], [ 85.57834, 28.30914 ], [ 85.58066, 28.30623 ], [ 85.58561, 28.30786 ], [ 85.59183, 28.3086 ], [ 85.60048, 28.30429 ], [ 85.59652, 28.29896 ], [ 85.59677, 28.29243 ], [ 85.59836, 28.28914 ], [ 85.59885, 28.27919 ], [ 85.6035, 28.26458 ], [ 85.60618, 28.26105 ], [ 85.60688, 28.25695 ], [ 85.60857, 28.25681 ], [ 85.62549, 28.26602 ], [ 85.63037, 28.27104 ], [ 85.63532, 28.27386 ], [ 85.64201, 28.28255 ], [ 85.64499, 28.28973 ], [ 85.66061, 28.3029 ], [ 85.66152, 28.30476 ], [ 85.66121, 28.30582 ], [ 85.65589, 28.31239 ], [ 85.65377, 28.3159 ], [ 85.65364, 28.3174 ], [ 85.65718, 28.32447 ], [ 85.66122, 28.32617 ], [ 85.66428, 28.33167 ], [ 85.66428, 28.33559 ], [ 85.66561, 28.33846 ], [ 85.66621, 28.34564 ], [ 85.66563, 28.34796 ], [ 85.67608, 28.35063 ], [ 85.68141, 28.34961 ], [ 85.68365, 28.34725 ], [ 85.68523, 28.34638 ], [ 85.68608, 28.34688 ], [ 85.6838, 28.3824 ], [ 85.6952, 28.38566 ], [ 85.70081, 28.38455 ], [ 85.71173, 28.38606 ], [ 85.71233, 28.38309 ], [ 85.71764, 28.3755 ], [ 85.72068, 28.37352 ], [ 85.72421, 28.37329 ], [ 85.72018, 28.36962 ], [ 85.71879, 28.36727 ], [ 85.72044, 28.36236 ], [ 85.71982, 28.3594 ], [ 85.72192, 28.35367 ], [ 85.725, 28.35224 ], [ 85.72617, 28.3506 ], [ 85.72836, 28.3425 ], [ 85.73215, 28.33928 ], [ 85.73183, 28.33629 ], [ 85.7287, 28.33313 ], [ 85.72742, 28.32878 ], [ 85.73578, 28.32356 ], [ 85.73713, 28.3192 ], [ 85.73658, 28.31268 ], [ 85.73757, 28.30965 ], [ 85.73585, 28.30657 ], [ 85.73629, 28.30506 ], [ 85.73549, 28.30109 ], [ 85.73623, 28.29933 ], [ 85.73279, 28.29447 ], [ 85.73294, 28.29122 ], [ 85.7381, 28.28467 ], [ 85.73932, 28.27605 ], [ 85.74282, 28.27166 ], [ 85.74222, 28.2656 ], [ 85.74291, 28.25684 ], [ 85.74828, 28.24903 ], [ 85.74874, 28.23809 ], [ 85.75419, 28.23486 ], [ 85.7569, 28.22888 ], [ 85.75859, 28.22786 ], [ 85.76384, 28.22729 ], [ 85.76774, 28.2226 ], [ 85.77393, 28.21803 ], [ 85.77573, 28.21563 ], [ 85.77453, 28.21124 ], [ 85.77626, 28.20853 ], [ 85.78202, 28.20842 ], [ 85.78421, 28.20543 ], [ 85.79085, 28.20372 ], [ 85.79445, 28.20035 ], [ 85.79908, 28.19815 ], [ 85.7999, 28.19634 ], [ 85.8042, 28.19815 ], [ 85.80718, 28.19833 ], [ 85.81137, 28.20259 ], [ 85.81557, 28.20329 ], [ 85.81656, 28.20229 ], [ 85.81644, 28.19942 ], [ 85.81794, 28.19388 ], [ 85.82167, 28.19004 ], [ 85.82882, 28.18499 ], [ 85.84316, 28.18335 ], [ 85.8484, 28.1841 ], [ 85.8498, 28.17124 ], [ 85.85119, 28.16712 ], [ 85.8537, 28.16355 ], [ 85.85631, 28.16155 ], [ 85.85922, 28.16126 ], [ 85.85961, 28.15436 ], [ 85.86168, 28.15123 ], [ 85.87015, 28.1467 ], [ 85.87183, 28.14437 ], [ 85.87224, 28.14287 ], [ 85.86919, 28.13532 ], [ 85.86914, 28.13311 ], [ 85.87031, 28.13126 ], [ 85.86919, 28.12827 ], [ 85.87001, 28.1237 ], [ 85.87228, 28.12133 ], [ 85.87856, 28.11734 ], [ 85.88604, 28.11732 ], [ 85.88875, 28.11655 ], [ 85.8899, 28.11395 ], [ 85.89422, 28.11226 ], [ 85.89793, 28.109 ], [ 85.89963, 28.10365 ], [ 85.89895, 28.09797 ], [ 85.90319, 28.08916 ], [ 85.90066, 28.08511 ], [ 85.90124, 28.08098 ], [ 85.90059, 28.0782 ], [ 85.89624, 28.07423 ], [ 85.89653, 28.06736 ], [ 85.90066, 28.06157 ], [ 85.89989, 28.05751 ], [ 85.90078, 28.05382 ], [ 85.90922, 28.05049 ], [ 85.91299, 28.05022 ], [ 85.91478, 28.0493 ], [ 85.92363, 28.0389 ], [ 85.92822, 28.03153 ], [ 85.93117, 28.02983 ], [ 85.93572, 28.02409 ], [ 85.93795, 28.02465 ], [ 85.94177, 28.02302 ], [ 85.95374, 28.01447 ], [ 85.96084, 28.00725 ], [ 85.96431, 28.00209 ], [ 85.96751, 28.00029 ], [ 85.97423, 28.00101 ], [ 85.97441, 27.99972 ], [ 85.97702, 27.99664 ], [ 85.97697, 27.99378 ], [ 85.97852, 27.99125 ], [ 85.97818, 27.98782 ], [ 85.96548, 27.97465 ], [ 85.95965, 27.9675 ], [ 85.95787, 27.9612 ], [ 85.95837, 27.95892 ], [ 85.95772, 27.95671 ], [ 85.95573, 27.95492 ], [ 85.95158, 27.94548 ], [ 85.94816, 27.942 ], [ 85.94865, 27.94096 ], [ 85.95213, 27.93923 ], [ 85.95418, 27.93914 ], [ 85.96093, 27.93489 ], [ 85.96748, 27.93248 ], [ 85.97273, 27.92846 ], [ 85.97434, 27.92608 ], [ 85.97739, 27.92499 ], [ 85.98827, 27.91762 ], [ 85.99754, 27.9145 ], [ 85.99919, 27.91193 ], [ 86.00051, 27.91126 ], [ 86.00289, 27.91127 ], [ 86.00761, 27.91354 ], [ 86.01021, 27.91315 ], [ 86.01186, 27.91477 ], [ 86.01364, 27.91505 ], [ 86.02308, 27.90756 ], [ 86.02798, 27.90782 ], [ 86.03953, 27.90408 ], [ 86.04351, 27.90628 ], [ 86.04726, 27.90648 ], [ 86.05034, 27.90407 ], [ 86.05553, 27.90408 ], [ 86.05774, 27.90239 ], [ 86.06037, 27.90208 ], [ 86.0647, 27.89968 ], [ 86.06546, 27.9 ], [ 86.06537, 27.90177 ], [ 86.06685, 27.90382 ], [ 86.0693, 27.9056 ], [ 86.06629, 27.9096 ], [ 86.06639, 27.91102 ], [ 86.0749, 27.91076 ], [ 86.07947, 27.91418 ], [ 86.08716, 27.91681 ], [ 86.09033, 27.91998 ], [ 86.1011, 27.92288 ], [ 86.10392, 27.92479 ], [ 86.10885, 27.9243 ], [ 86.11789, 27.92723 ], [ 86.12288, 27.92694 ], [ 86.12387, 27.92757 ], [ 86.12435, 27.93162 ], [ 86.12615, 27.93364 ], [ 86.12355, 27.94153 ], [ 86.11527, 27.94543 ], [ 86.11306, 27.94958 ], [ 86.10702, 27.9558 ], [ 86.10902, 27.95798 ], [ 86.10935, 27.96142 ], [ 86.10863, 27.96525 ], [ 86.10668, 27.96786 ], [ 86.10347, 27.98414 ], [ 86.09924, 27.9929 ], [ 86.09629, 27.99588 ], [ 86.0957, 27.99882 ], [ 86.09348, 28.00017 ], [ 86.09136, 28.0051 ], [ 86.08889, 28.00599 ], [ 86.08649, 28.00866 ], [ 86.08554, 28.01134 ], [ 86.08221, 28.01358 ], [ 86.07927, 28.02029 ], [ 86.07985, 28.02243 ], [ 86.08803, 28.02873 ], [ 86.09036, 28.03312 ], [ 86.09002, 28.03534 ], [ 86.08731, 28.04037 ], [ 86.08897, 28.04376 ], [ 86.08878, 28.04706 ], [ 86.08739, 28.04928 ], [ 86.0895, 28.05753 ], [ 86.09474, 28.06179 ], [ 86.09144, 28.06927 ], [ 86.0894, 28.07264 ], [ 86.08752, 28.07382 ], [ 86.08463, 28.0817 ], [ 86.08398, 28.09013 ], [ 86.08266, 28.09086 ], [ 86.0858, 28.09315 ], [ 86.08889, 28.09423 ], [ 86.09202, 28.09775 ], [ 86.09882, 28.09635 ], [ 86.10401, 28.09295 ], [ 86.10791, 28.09353 ], [ 86.11023, 28.09158 ], [ 86.11373, 28.09204 ], [ 86.11773, 28.09132 ], [ 86.12403, 28.09525 ], [ 86.12758, 28.09956 ], [ 86.13008, 28.10006 ], [ 86.13092, 28.10416 ], [ 86.13276, 28.10597 ], [ 86.13156, 28.10746 ], [ 86.13297, 28.11086 ], [ 86.13224, 28.11656 ], [ 86.13681, 28.11838 ], [ 86.14038, 28.1177 ], [ 86.14178, 28.12036 ], [ 86.14133, 28.12399 ], [ 86.1419, 28.12601 ], [ 86.14543, 28.12833 ], [ 86.15223, 28.1304 ], [ 86.16016, 28.13794 ], [ 86.16296, 28.13856 ], [ 86.16603, 28.13804 ], [ 86.17799, 28.1435 ], [ 86.17879, 28.14513 ], [ 86.1788, 28.14925 ], [ 86.17574, 28.15479 ], [ 86.17648, 28.15931 ], [ 86.17611, 28.16251 ], [ 86.1737, 28.16655 ], [ 86.17374, 28.16819 ], [ 86.17568, 28.16997 ], [ 86.18218, 28.17173 ], [ 86.18661, 28.1741 ], [ 86.18927, 28.17288 ], [ 86.18866, 28.17078 ], [ 86.18944, 28.1683 ], [ 86.19246, 28.16666 ], [ 86.19156, 28.16436 ], [ 86.192, 28.16034 ], [ 86.19719, 28.15628 ], [ 86.19742, 28.15289 ], [ 86.19545, 28.15125 ], [ 86.19682, 28.14578 ], [ 86.19707, 28.1382 ], [ 86.20106, 28.1339 ], [ 86.20543, 28.13301 ], [ 86.20749, 28.12876 ], [ 86.20953, 28.12761 ], [ 86.21209, 28.12352 ], [ 86.21393, 28.11795 ], [ 86.21811, 28.1148 ], [ 86.21973, 28.11158 ], [ 86.21837, 28.10892 ], [ 86.22186, 28.09969 ], [ 86.2224, 28.0957 ], [ 86.20962, 28.0952 ], [ 86.20763, 28.09427 ], [ 86.20688, 28.09261 ], [ 86.20758, 28.08933 ], [ 86.20406, 28.08394 ], [ 86.20619, 28.07636 ], [ 86.20796, 28.07504 ], [ 86.20951, 28.0723 ], [ 86.21012, 28.06865 ], [ 86.20955, 28.06535 ], [ 86.21169, 28.05892 ], [ 86.21325, 28.05539 ], [ 86.21683, 28.05106 ], [ 86.21526, 28.04626 ], [ 86.21756, 28.04379 ], [ 86.21746, 28.04021 ], [ 86.21926, 28.0366 ], [ 86.22418, 28.03414 ], [ 86.22503, 28.03163 ], [ 86.2251, 28.02858 ], [ 86.22091, 28.02309 ], [ 86.22092, 28.01656 ], [ 86.21987, 28.01092 ], [ 86.22231, 28.00407 ], [ 86.22276, 27.99262 ], [ 86.2251, 27.98723 ], [ 86.22664, 27.98087 ], [ 86.23161, 27.97733 ], [ 86.23308, 27.97414 ], [ 86.23728, 27.97301 ], [ 86.24359, 27.97423 ], [ 86.24869, 27.97622 ], [ 86.24888, 27.97502 ], [ 86.25467, 27.97828 ], [ 86.26291, 27.97905 ], [ 86.26629, 27.98038 ], [ 86.27557, 27.9785 ], [ 86.27798, 27.97871 ], [ 86.28095, 27.97706 ], [ 86.28617, 27.97735 ], [ 86.28866, 27.97832 ], [ 86.29645, 27.97295 ], [ 86.29679, 27.97125 ], [ 86.29964, 27.96758 ], [ 86.2995, 27.96114 ], [ 86.30286, 27.95849 ], [ 86.30393, 27.95552 ], [ 86.3073, 27.95619 ], [ 86.31219, 27.95019 ], [ 86.31865, 27.94781 ], [ 86.33522, 27.96502 ], [ 86.33538, 27.95995 ], [ 86.33721, 27.956 ], [ 86.33935, 27.95351 ], [ 86.33751, 27.94939 ], [ 86.34099, 27.94653 ], [ 86.34198, 27.94379 ], [ 86.34783, 27.9375 ], [ 86.35445, 27.94062 ], [ 86.35817, 27.94134 ], [ 86.36392, 27.94054 ], [ 86.37044, 27.9409 ], [ 86.3812, 27.9378 ], [ 86.38345, 27.93474 ], [ 86.38715, 27.93177 ], [ 86.39075, 27.92581 ], [ 86.39289, 27.92584 ], [ 86.39694, 27.92412 ], [ 86.40015, 27.92021 ], [ 86.40529, 27.91663 ], [ 86.40633, 27.91455 ], [ 86.40621, 27.91266 ], [ 86.40882, 27.91014 ], [ 86.41064, 27.90651 ], [ 86.42123, 27.90902 ], [ 86.4291, 27.90948 ], [ 86.43921, 27.90759 ], [ 86.44234, 27.90565 ], [ 86.44562, 27.91192 ], [ 86.45084, 27.91446 ], [ 86.45549, 27.91502 ], [ 86.45656, 27.9189 ], [ 86.45933, 27.92225 ], [ 86.46976, 27.92997 ], [ 86.46983, 27.93481 ], [ 86.46632, 27.94126 ], [ 86.46927, 27.94613 ], [ 86.47458, 27.94826 ], [ 86.48141, 27.94786 ], [ 86.48613, 27.95149 ], [ 86.49337, 27.95235 ], [ 86.49375, 27.95477 ], [ 86.4976, 27.95715 ], [ 86.50089, 27.95658 ], [ 86.516, 27.95695 ], [ 86.51329, 27.96025 ], [ 86.51211, 27.96819 ], [ 86.51237, 27.96889 ], [ 86.51617, 27.96983 ], [ 86.51858, 27.97145 ], [ 86.52003, 27.9743 ], [ 86.51533, 27.97766 ], [ 86.51272, 27.98468 ], [ 86.51566, 27.98993 ], [ 86.51634, 27.99826 ], [ 86.51492, 28.00142 ], [ 86.51967, 28.00514 ], [ 86.5199, 28.01015 ], [ 86.52211, 28.01677 ], [ 86.52104, 28.01928 ], [ 86.52477, 28.02283 ], [ 86.52865, 28.02422 ], [ 86.52958, 28.0262 ], [ 86.53134, 28.02709 ], [ 86.53029, 28.03191 ], [ 86.5317, 28.03332 ], [ 86.53325, 28.03803 ], [ 86.53323, 28.04656 ], [ 86.53555, 28.05011 ], [ 86.53876, 28.05112 ], [ 86.54878, 28.05069 ], [ 86.55107, 28.05248 ], [ 86.5524, 28.0548 ], [ 86.55568, 28.05669 ], [ 86.55811, 28.06338 ], [ 86.56255, 28.06609 ], [ 86.56522, 28.06892 ], [ 86.56502, 28.07152 ], [ 86.56233, 28.07305 ], [ 86.56108, 28.07611 ], [ 86.55849, 28.0778 ], [ 86.55958, 28.08263 ], [ 86.5642, 28.08641 ], [ 86.56674, 28.09177 ], [ 86.56645, 28.09434 ], [ 86.56191, 28.10107 ], [ 86.56175, 28.10508 ], [ 86.56317, 28.10822 ], [ 86.56653, 28.1098 ], [ 86.56814, 28.11175 ], [ 86.57211, 28.1106 ], [ 86.57429, 28.11299 ], [ 86.57631, 28.11281 ], [ 86.57803, 28.1114 ], [ 86.58826, 28.10801 ], [ 86.58995, 28.1041 ], [ 86.60116, 28.10225 ], [ 86.60425, 28.10007 ], [ 86.6079, 28.09209 ], [ 86.60686, 28.09036 ], [ 86.60249, 28.08749 ], [ 86.60377, 28.08446 ], [ 86.60371, 28.08242 ], [ 86.60824, 28.07594 ], [ 86.61387, 28.07345 ], [ 86.62105, 28.07473 ], [ 86.6254, 28.07417 ], [ 86.63469, 28.07066 ], [ 86.63885, 28.07333 ], [ 86.64986, 28.07477 ], [ 86.65783, 28.08103 ], [ 86.65771, 28.08278 ], [ 86.65928, 28.08619 ], [ 86.66106, 28.09497 ], [ 86.6635, 28.09791 ], [ 86.66852, 28.10087 ], [ 86.67261, 28.10226 ], [ 86.68033, 28.10354 ], [ 86.68898, 28.10859 ], [ 86.70371, 28.10721 ], [ 86.70495, 28.1078 ], [ 86.70593, 28.10653 ], [ 86.70787, 28.10594 ], [ 86.71125, 28.1061 ], [ 86.71534, 28.10786 ], [ 86.72084, 28.10651 ], [ 86.72657, 28.10361 ], [ 86.7354, 28.10306 ], [ 86.73816, 28.10371 ], [ 86.742, 28.09842 ], [ 86.74575, 28.09827 ], [ 86.74819, 28.09489 ], [ 86.74726, 28.08601 ], [ 86.75073, 28.08127 ], [ 86.75326, 28.07928 ], [ 86.76077, 28.07765 ], [ 86.76481, 28.07455 ], [ 86.7633, 28.07274 ], [ 86.75652, 28.06954 ], [ 86.7551, 28.06812 ], [ 86.75258, 28.06362 ], [ 86.75083, 28.0536 ], [ 86.74675, 28.05049 ], [ 86.74708, 28.0456 ], [ 86.74921, 28.04442 ], [ 86.75063, 28.04029 ], [ 86.7528, 28.03786 ], [ 86.75855, 28.03495 ], [ 86.77322, 28.038 ], [ 86.77999, 28.03156 ], [ 86.77918, 28.02728 ], [ 86.78609, 28.02364 ], [ 86.78998, 28.01886 ], [ 86.80256, 28.02354 ], [ 86.8049, 28.02316 ], [ 86.8069, 28.02101 ], [ 86.81171, 28.01899 ], [ 86.81865, 28.0201 ], [ 86.82386, 28.0177 ], [ 86.82573, 28.01761 ], [ 86.82797, 28.0152 ], [ 86.8357, 28.01528 ], [ 86.83737, 28.01579 ], [ 86.83837, 28.01746 ], [ 86.84114, 28.01757 ], [ 86.84279, 28.01888 ], [ 86.8472, 28.01977 ], [ 86.848, 28.02472 ], [ 86.85193, 28.02764 ], [ 86.85919, 28.02735 ], [ 86.86731, 28.02519 ], [ 86.87239, 28.02208 ], [ 86.8727, 28.01987 ], [ 86.8711, 28.01623 ], [ 86.87086, 28.01366 ], [ 86.87293, 28.01044 ], [ 86.87877, 28.0068 ], [ 86.88154, 28.00276 ], [ 86.88892, 27.99966 ], [ 86.88981, 27.9969 ], [ 86.89952, 27.99428 ], [ 86.90881, 27.99311 ], [ 86.91583, 27.99061 ], [ 86.91723, 27.98913 ], [ 86.92121, 27.98904 ], [ 86.92523, 27.98782 ], [ 86.92579, 27.98433 ], [ 86.93011, 27.98154 ], [ 86.93296, 27.97802 ], [ 86.93236, 27.96568 ], [ 86.93336, 27.96254 ], [ 86.93429, 27.96194 ], [ 86.94933, 27.95679 ], [ 86.96454, 27.95575 ], [ 86.96708, 27.95471 ], [ 86.96944, 27.95513 ], [ 86.973, 27.9543 ], [ 86.98225, 27.9495 ], [ 86.98766, 27.95089 ], [ 86.99209, 27.95476 ], [ 86.99985, 27.95469 ], [ 87.00559, 27.95331 ], [ 87.00869, 27.95343 ], [ 87.0156, 27.95767 ], [ 87.01684, 27.95708 ], [ 87.01829, 27.95398 ], [ 87.02406, 27.94997 ], [ 87.02879, 27.95018 ], [ 87.03218, 27.94929 ], [ 87.03525, 27.95046 ], [ 87.03901, 27.95036 ], [ 87.04274, 27.9453 ], [ 87.04567, 27.93837 ], [ 87.05016, 27.9342 ], [ 87.05099, 27.9303 ], [ 87.05327, 27.92656 ], [ 87.06038, 27.92564 ], [ 87.06566, 27.92389 ], [ 87.07529, 27.91833 ], [ 87.07816, 27.91563 ], [ 87.07867, 27.91364 ], [ 87.0769, 27.9076 ], [ 87.07769, 27.90281 ], [ 87.08187, 27.89944 ], [ 87.08595, 27.89083 ], [ 87.08843, 27.88954 ], [ 87.08767, 27.88543 ], [ 87.08871, 27.88258 ], [ 87.09512, 27.87966 ], [ 87.10371, 27.87809 ], [ 87.10706, 27.8749 ], [ 87.10866, 27.85843 ], [ 87.10804, 27.85426 ], [ 87.10976, 27.85156 ], [ 87.1099, 27.848 ], [ 87.11579, 27.8403 ], [ 87.12182, 27.83925 ], [ 87.12477, 27.83668 ], [ 87.12622, 27.83416 ], [ 87.12796, 27.83566 ], [ 87.13248, 27.83685 ], [ 87.14038, 27.83709 ], [ 87.15266, 27.82964 ], [ 87.15662, 27.82445 ], [ 87.17182, 27.82108 ], [ 87.17892, 27.82067 ], [ 87.18303, 27.82223 ], [ 87.18762, 27.82066 ], [ 87.19306, 27.81995 ], [ 87.20021, 27.82217 ], [ 87.20265, 27.82229 ], [ 87.20466, 27.82094 ], [ 87.20604, 27.82189 ], [ 87.2177, 27.82356 ], [ 87.22053, 27.82254 ], [ 87.22349, 27.82275 ], [ 87.22556, 27.81968 ], [ 87.22864, 27.82596 ], [ 87.23569, 27.83334 ], [ 87.23853, 27.83944 ], [ 87.24237, 27.84179 ], [ 87.24738, 27.84349 ], [ 87.24986, 27.84303 ], [ 87.25436, 27.84592 ], [ 87.25663, 27.84899 ], [ 87.26033, 27.85091 ], [ 87.26365, 27.84962 ], [ 87.26537, 27.85093 ], [ 87.28466, 27.84449 ], [ 87.28779, 27.84595 ], [ 87.29318, 27.84371 ], [ 87.30349, 27.84341 ], [ 87.30424, 27.84161 ], [ 87.30434, 27.83545 ], [ 87.30615, 27.8335 ], [ 87.30931, 27.8327 ], [ 87.31545, 27.82881 ], [ 87.31775, 27.82571 ], [ 87.32356, 27.827 ], [ 87.32541, 27.82644 ], [ 87.32685, 27.82723 ], [ 87.3299, 27.8271 ], [ 87.33775, 27.82989 ], [ 87.34141, 27.82836 ], [ 87.3454, 27.82783 ], [ 87.34785, 27.83038 ], [ 87.35021, 27.82955 ], [ 87.35127, 27.82793 ], [ 87.3525, 27.82757 ], [ 87.35749, 27.8278 ], [ 87.36055, 27.82886 ], [ 87.36505, 27.83631 ], [ 87.36797, 27.8381 ], [ 87.36923, 27.84093 ], [ 87.37373, 27.84528 ], [ 87.37937, 27.84606 ], [ 87.38697, 27.84903 ], [ 87.391, 27.84853 ], [ 87.3976, 27.85147 ], [ 87.40249, 27.85188 ], [ 87.40727, 27.85659 ], [ 87.41513, 27.85905 ], [ 87.41846, 27.86247 ], [ 87.41909, 27.86053 ], [ 87.42392, 27.85989 ], [ 87.42553, 27.85876 ], [ 87.42583, 27.85213 ], [ 87.42973, 27.85064 ], [ 87.43306, 27.84618 ], [ 87.43164, 27.84237 ], [ 87.42983, 27.84106 ], [ 87.42633, 27.84028 ], [ 87.42188, 27.84112 ], [ 87.40877, 27.83878 ], [ 87.40478, 27.83718 ], [ 87.4035, 27.83404 ], [ 87.41153, 27.83377 ], [ 87.42254, 27.83157 ], [ 87.43877, 27.82524 ], [ 87.44968, 27.82228 ], [ 87.45928, 27.826 ], [ 87.46646, 27.83153 ], [ 87.47462, 27.83628 ], [ 87.47563, 27.83972 ], [ 87.47958, 27.84047 ], [ 87.48195, 27.84248 ], [ 87.48578, 27.84381 ], [ 87.48998, 27.84644 ], [ 87.4929, 27.8439 ], [ 87.50128, 27.84636 ], [ 87.50466, 27.84542 ], [ 87.50875, 27.84706 ], [ 87.5158, 27.84605 ], [ 87.52068, 27.84354 ], [ 87.53101, 27.84542 ], [ 87.53264, 27.84505 ], [ 87.53462, 27.84308 ], [ 87.53584, 27.84312 ], [ 87.54409, 27.84895 ], [ 87.54456, 27.8506 ], [ 87.54758, 27.85318 ], [ 87.55046, 27.85784 ], [ 87.55201, 27.86514 ], [ 87.55704, 27.86662 ], [ 87.56232, 27.86701 ], [ 87.5693, 27.86367 ], [ 87.57121, 27.86133 ], [ 87.57646, 27.86229 ], [ 87.57868, 27.86197 ], [ 87.58246, 27.85584 ], [ 87.58624, 27.85282 ], [ 87.58587, 27.84976 ], [ 87.58802, 27.84089 ], [ 87.59009, 27.83793 ], [ 87.59088, 27.83347 ], [ 87.59052, 27.83046 ], [ 87.58865, 27.82708 ], [ 87.58938, 27.82036 ], [ 87.59098, 27.81943 ], [ 87.59502, 27.8213 ], [ 87.60139, 27.82107 ], [ 87.60649, 27.8178 ], [ 87.61135, 27.81055 ], [ 87.61393, 27.81157 ], [ 87.61466, 27.81581 ], [ 87.61673, 27.81888 ], [ 87.62317, 27.82191 ], [ 87.62725, 27.82142 ], [ 87.63189, 27.82475 ], [ 87.63241, 27.83258 ], [ 87.6357, 27.83435 ], [ 87.64205, 27.83499 ], [ 87.64693, 27.8337 ], [ 87.65819, 27.83654 ], [ 87.66252, 27.83572 ], [ 87.66496, 27.8364 ], [ 87.66939, 27.83486 ], [ 87.66963, 27.83005 ], [ 87.66292, 27.82258 ], [ 87.66511, 27.81999 ], [ 87.6636, 27.81737 ], [ 87.66393, 27.81432 ], [ 87.66527, 27.81259 ], [ 87.6645, 27.80948 ], [ 87.66535, 27.80685 ], [ 87.67343, 27.80763 ], [ 87.67535, 27.81017 ], [ 87.67988, 27.80982 ], [ 87.68526, 27.81222 ], [ 87.68956, 27.81208 ], [ 87.69256, 27.81075 ], [ 87.69854, 27.81216 ], [ 87.70405, 27.81011 ], [ 87.70707, 27.81162 ], [ 87.71068, 27.81111 ], [ 87.71869, 27.80884 ], [ 87.72168, 27.8062 ], [ 87.72523, 27.80527 ], [ 87.72663, 27.80666 ], [ 87.72848, 27.80665 ], [ 87.73155, 27.80902 ], [ 87.73303, 27.80926 ], [ 87.73621, 27.81299 ], [ 87.73375, 27.81909 ], [ 87.73584, 27.82385 ], [ 87.74204, 27.8304 ], [ 87.74367, 27.83516 ], [ 87.74488, 27.83615 ], [ 87.75078, 27.83518 ], [ 87.75331, 27.83589 ], [ 87.75569, 27.84136 ], [ 87.75716, 27.84288 ], [ 87.75854, 27.8479 ], [ 87.76451, 27.85587 ], [ 87.76605, 27.8595 ], [ 87.76786, 27.86097 ], [ 87.7734, 27.86287 ], [ 87.77543, 27.86499 ], [ 87.77853, 27.86587 ], [ 87.77691, 27.86809 ], [ 87.77852, 27.87184 ], [ 87.77713, 27.87435 ], [ 87.77539, 27.87547 ], [ 87.77529, 27.87793 ], [ 87.77735, 27.88148 ], [ 87.77789, 27.88512 ], [ 87.78016, 27.89017 ], [ 87.78238, 27.89223 ], [ 87.78448, 27.89935 ], [ 87.79367, 27.9029 ], [ 87.79715, 27.90585 ], [ 87.80399, 27.90891 ], [ 87.80574, 27.91083 ], [ 87.80575, 27.91441 ], [ 87.81345, 27.92144 ], [ 87.81644, 27.92085 ], [ 87.81876, 27.92163 ], [ 87.81988, 27.91985 ], [ 87.82158, 27.91899 ], [ 87.82457, 27.92015 ], [ 87.82711, 27.92985 ], [ 87.82652, 27.93263 ], [ 87.82438, 27.9345 ], [ 87.82463, 27.93662 ], [ 87.82899, 27.94696 ], [ 87.83145, 27.94895 ], [ 87.83169, 27.95285 ], [ 87.83465, 27.95139 ], [ 87.84157, 27.95019 ], [ 87.8469, 27.94632 ], [ 87.85011, 27.94852 ], [ 87.85542, 27.94861 ], [ 87.85686, 27.94795 ], [ 87.85782, 27.94002 ], [ 87.85915, 27.93665 ], [ 87.85711, 27.93227 ], [ 87.8539, 27.92872 ], [ 87.85728, 27.92699 ], [ 87.8602, 27.92391 ], [ 87.86053, 27.92092 ], [ 87.86333, 27.918 ], [ 87.86389, 27.91404 ], [ 87.86578, 27.91076 ], [ 87.87134, 27.91362 ], [ 87.8766, 27.91477 ], [ 87.88774, 27.91013 ], [ 87.89908, 27.91114 ], [ 87.90773, 27.91689 ], [ 87.91068, 27.91632 ], [ 87.9154, 27.91726 ], [ 87.91659, 27.91601 ], [ 87.91979, 27.91593 ], [ 87.93206, 27.91787 ], [ 87.93375, 27.9168 ], [ 87.93638, 27.91231 ], [ 87.93903, 27.91079 ], [ 87.94155, 27.90985 ], [ 87.95559, 27.90904 ], [ 87.95639, 27.90695 ], [ 87.95749, 27.90633 ], [ 87.96638, 27.89317 ], [ 87.98318, 27.88763 ], [ 87.98473, 27.88593 ], [ 87.98676, 27.88794 ], [ 87.98983, 27.88891 ], [ 87.99402, 27.89211 ], [ 87.99758, 27.89362 ], [ 87.99874, 27.89582 ], [ 88.0023, 27.89808 ], [ 88.0162, 27.89859 ], [ 88.02147, 27.8966 ], [ 88.02619, 27.90462 ], [ 88.02768, 27.90574 ], [ 88.02996, 27.90588 ], [ 88.03704, 27.9043 ], [ 88.04211, 27.89968 ], [ 88.04689, 27.89904 ], [ 88.04999, 27.89748 ], [ 88.05387, 27.89682 ], [ 88.05579, 27.89143 ], [ 88.05808, 27.88844 ], [ 88.06432, 27.88631 ], [ 88.07189, 27.89371 ], [ 88.07652, 27.89453 ], [ 88.079, 27.89595 ], [ 88.08403, 27.89548 ], [ 88.08549, 27.89431 ], [ 88.0853, 27.89279 ], [ 88.08797, 27.89078 ], [ 88.08939, 27.88741 ], [ 88.09002, 27.87391 ], [ 88.09087, 27.87138 ], [ 88.09569, 27.86718 ], [ 88.1072, 27.86753 ], [ 88.11225, 27.86843 ], [ 88.11551, 27.87037 ], [ 88.11906, 27.875 ], [ 88.12633, 27.88169 ], [ 88.13478, 27.8817 ], [ 88.13795, 27.87967 ], [ 88.13922, 27.87767 ], [ 88.14284, 27.87835 ], [ 88.14865, 27.87675 ], [ 88.1524, 27.87322 ], [ 88.15379, 27.87073 ], [ 88.15705, 27.87074 ], [ 88.16409, 27.86839 ], [ 88.167, 27.86559 ], [ 88.17242, 27.86329 ], [ 88.17822, 27.85669 ], [ 88.18513, 27.85677 ], [ 88.18827, 27.85386 ], [ 88.19561, 27.85453 ], [ 88.19662, 27.85307 ], [ 88.19789, 27.84568 ], [ 88.20132, 27.84265 ], [ 88.20114, 27.83745 ], [ 88.19982, 27.83634 ], [ 88.19678, 27.83654 ], [ 88.19443, 27.83571 ], [ 88.19147, 27.8325 ], [ 88.19055, 27.82928 ], [ 88.18736, 27.82533 ], [ 88.1825, 27.82304 ], [ 88.17915, 27.82285 ], [ 88.17301, 27.82046 ], [ 88.17341, 27.81746 ], [ 88.17882, 27.81576 ], [ 88.18513, 27.81059 ], [ 88.18671, 27.80141 ], [ 88.18974, 27.79812 ], [ 88.19366, 27.79619 ], [ 88.19717, 27.79081 ], [ 88.19556, 27.78867 ], [ 88.19524, 27.78653 ], [ 88.18804, 27.78141 ], [ 88.18513, 27.7772 ], [ 88.18115, 27.77588 ], [ 88.18221, 27.77365 ], [ 88.18139, 27.76898 ], [ 88.18329, 27.76627 ], [ 88.18069, 27.76176 ], [ 88.17663, 27.75834 ], [ 88.17745, 27.75235 ], [ 88.17861, 27.75023 ], [ 88.17843, 27.74702 ], [ 88.17613, 27.74615 ], [ 88.17371, 27.74333 ], [ 88.16961, 27.7416 ], [ 88.16241, 27.74035 ], [ 88.15831, 27.74078 ], [ 88.15828, 27.73914 ], [ 88.15615, 27.73653 ], [ 88.15416, 27.72555 ], [ 88.15445, 27.72162 ], [ 88.15544, 27.72038 ], [ 88.15529, 27.71741 ], [ 88.15412, 27.71627 ], [ 88.15228, 27.71171 ], [ 88.14928, 27.70814 ], [ 88.149, 27.70538 ], [ 88.14734, 27.70296 ], [ 88.15053, 27.69906 ], [ 88.15072, 27.69637 ], [ 88.15466, 27.69066 ], [ 88.14868, 27.68401 ], [ 88.14667, 27.679 ], [ 88.1445, 27.66562 ], [ 88.13709, 27.65749 ], [ 88.13115, 27.65532 ], [ 88.12916, 27.65275 ], [ 88.12426, 27.64957 ], [ 88.12205, 27.64654 ], [ 88.11995, 27.64556 ], [ 88.12052, 27.63945 ], [ 88.11713, 27.62978 ], [ 88.11938, 27.62724 ], [ 88.11517, 27.62098 ], [ 88.11325, 27.61196 ], [ 88.11355, 27.61061 ], [ 88.1055, 27.6025 ], [ 88.09355, 27.59807 ], [ 88.08953, 27.5951 ], [ 88.08497, 27.59018 ], [ 88.08185, 27.58498 ], [ 88.0797, 27.58023 ], [ 88.07858, 27.57933 ], [ 88.07801, 27.57655 ], [ 88.07508, 27.57205 ], [ 88.07929, 27.5684 ], [ 88.08093, 27.56482 ], [ 88.07807, 27.56051 ], [ 88.07591, 27.5587 ], [ 88.07311, 27.55681 ], [ 88.06911, 27.55582 ], [ 88.06801, 27.5509 ], [ 88.06842, 27.54639 ], [ 88.06504, 27.54468 ], [ 88.06297, 27.54157 ], [ 88.06079, 27.54005 ], [ 88.05889, 27.53509 ], [ 88.05972, 27.53148 ], [ 88.06149, 27.53014 ], [ 88.06516, 27.52956 ], [ 88.06707, 27.52631 ], [ 88.06361, 27.52635 ], [ 88.0613, 27.5253 ], [ 88.05731, 27.51789 ], [ 88.05719, 27.51608 ], [ 88.06075, 27.51343 ], [ 88.06143, 27.5121 ], [ 88.05747, 27.50945 ], [ 88.05634, 27.50702 ], [ 88.05467, 27.50557 ], [ 88.05473, 27.50465 ], [ 88.05071, 27.5044 ], [ 88.04882, 27.50223 ], [ 88.04643, 27.50146 ], [ 88.04363, 27.49597 ], [ 88.04446, 27.49296 ], [ 88.04383, 27.48495 ], [ 88.04516, 27.48166 ], [ 88.04385, 27.47848 ], [ 88.04835, 27.47249 ], [ 88.05107, 27.47178 ], [ 88.05342, 27.46927 ], [ 88.05661, 27.4675 ], [ 88.06034, 27.46111 ], [ 88.06283, 27.45928 ], [ 88.06693, 27.45788 ], [ 88.06597, 27.45487 ], [ 88.0644, 27.45377 ], [ 88.06626, 27.45245 ], [ 88.06713, 27.4496 ], [ 88.06986, 27.44813 ], [ 88.07239, 27.44527 ], [ 88.06763, 27.43902 ], [ 88.06784, 27.43831 ], [ 88.07269, 27.43393 ], [ 88.07807, 27.43241 ], [ 88.08011, 27.42981 ], [ 88.07995, 27.42669 ], [ 88.06702, 27.42526 ], [ 88.06297, 27.42211 ], [ 88.06008, 27.42092 ], [ 88.05801, 27.41845 ], [ 88.05526, 27.41813 ], [ 88.05044, 27.41291 ], [ 88.04943, 27.40715 ], [ 88.0468, 27.40539 ], [ 88.04831, 27.40081 ], [ 88.04574, 27.39569 ], [ 88.04572, 27.39244 ], [ 88.04468, 27.3899 ], [ 88.04505, 27.38823 ], [ 88.04399, 27.38458 ], [ 88.04495, 27.38239 ], [ 88.0449, 27.38002 ], [ 88.04156, 27.37201 ], [ 88.04187, 27.36984 ], [ 88.04654, 27.36438 ], [ 88.04716, 27.36216 ], [ 88.04933, 27.35937 ], [ 88.05071, 27.35826 ], [ 88.05347, 27.35808 ], [ 88.0575, 27.35563 ], [ 88.05871, 27.35146 ], [ 88.06153, 27.3466 ], [ 88.06167, 27.34415 ], [ 88.06461, 27.34132 ], [ 88.06649, 27.3359 ], [ 88.06341, 27.33433 ], [ 88.06007, 27.32998 ], [ 88.06002, 27.32846 ], [ 88.0524, 27.3245 ], [ 88.05211, 27.32285 ], [ 88.04931, 27.31873 ], [ 88.04957, 27.31544 ], [ 88.04841, 27.31266 ], [ 88.04495, 27.31007 ], [ 88.04141, 27.30434 ], [ 88.04092, 27.30148 ], [ 88.04469, 27.2937 ], [ 88.04286, 27.2916 ], [ 88.03801, 27.2917 ], [ 88.03664, 27.28985 ], [ 88.03496, 27.28943 ], [ 88.03375, 27.28737 ], [ 88.0316, 27.28621 ], [ 88.03293, 27.28133 ], [ 88.03109, 27.27711 ], [ 88.03016, 27.27203 ], [ 88.03176, 27.26595 ], [ 88.03052, 27.26325 ], [ 88.03086, 27.25795 ], [ 88.03007, 27.25488 ], [ 88.03104, 27.25246 ], [ 88.03074, 27.25 ], [ 88.02758, 27.24933 ], [ 88.02677, 27.24638 ], [ 88.0241, 27.24202 ], [ 88.0247, 27.23723 ], [ 88.02343, 27.23791 ], [ 88.02161, 27.23762 ], [ 88.01912, 27.23586 ], [ 88.01967, 27.23199 ], [ 88.01877, 27.22502 ], [ 88.01752, 27.22284 ], [ 88.01577, 27.22216 ], [ 88.01206, 27.216 ], [ 88.01395, 27.21219 ], [ 88.01552, 27.21082 ], [ 88.01156, 27.20375 ], [ 88.01533, 27.19979 ], [ 88.01588, 27.19614 ], [ 88.0159, 27.1932 ], [ 88.01379, 27.19076 ], [ 88.01286, 27.18273 ], [ 88.01343, 27.17941 ], [ 88.01235, 27.17753 ], [ 88.01743, 27.17387 ], [ 88.01925, 27.17099 ], [ 88.01542, 27.16878 ], [ 88.01422, 27.16686 ], [ 88.01281, 27.16717 ], [ 88.01086, 27.16576 ], [ 88.01143, 27.16311 ], [ 88.01099, 27.15917 ], [ 88.0095, 27.15763 ], [ 88.01019, 27.15466 ], [ 88.00921, 27.15274 ], [ 88.00937, 27.15105 ], [ 88.00819, 27.14973 ], [ 88.00856, 27.14821 ], [ 88.00729, 27.14325 ], [ 88.00524, 27.14312 ], [ 88.00418, 27.14118 ], [ 88.00232, 27.14121 ], [ 88.00056, 27.1402 ], [ 88.00055, 27.13823 ], [ 87.999, 27.13651 ], [ 87.99969, 27.13488 ], [ 87.99853, 27.13361 ], [ 87.9911, 27.13077 ], [ 87.99072, 27.12592 ], [ 87.98869, 27.12355 ], [ 87.98905, 27.12082 ], [ 87.98731, 27.1193 ], [ 87.98847, 27.11884 ], [ 87.98921, 27.11667 ], [ 87.98954, 27.1119 ], [ 87.99093, 27.11057 ], [ 87.99082, 27.10637 ], [ 87.9915, 27.10541 ], [ 87.99513, 27.10344 ], [ 88.00029, 27.10374 ], [ 88.00152, 27.1049 ], [ 88.00329, 27.1044 ], [ 88.00811, 27.10084 ], [ 88.00857, 27.0986 ], [ 88.01176, 27.09736 ], [ 88.01252, 27.09358 ], [ 88.01586, 27.08839 ], [ 88.01951, 27.08731 ], [ 88.02099, 27.08768 ], [ 88.02081, 27.08239 ], [ 88.01829, 27.07991 ], [ 88.01746, 27.07792 ], [ 88.01593, 27.07698 ], [ 88.01615, 27.07378 ], [ 88.01843, 27.07023 ], [ 88.02109, 27.06925 ], [ 88.02283, 27.06489 ], [ 88.02288, 27.06193 ], [ 88.02577, 27.05774 ], [ 88.02577, 27.05464 ], [ 88.02746, 27.05098 ], [ 88.02998, 27.04872 ], [ 88.03024, 27.04685 ], [ 88.03303, 27.04384 ], [ 88.03486, 27.0432 ], [ 88.03752, 27.03658 ], [ 88.03915, 27.03598 ], [ 88.04566, 27.03666 ], [ 88.04835, 27.03467 ], [ 88.05775, 27.03172 ], [ 88.05958, 27.02907 ], [ 88.06433, 27.03115 ], [ 88.06918, 27.03128 ], [ 88.07589, 27.03556 ], [ 88.07751, 27.03531 ], [ 88.08132, 27.03164 ], [ 88.0829, 27.02895 ], [ 88.08358, 27.02276 ], [ 88.08848, 27.01533 ], [ 88.0876, 27.01125 ], [ 88.08863, 27.00922 ], [ 88.08819, 27.0083 ], [ 88.09215, 27.00448 ], [ 88.09905, 27.0037 ], [ 88.10427, 26.99744 ], [ 88.1087, 26.99506 ], [ 88.10899, 26.99273 ], [ 88.11015, 26.9916 ], [ 88.11247, 26.9909 ], [ 88.11496, 26.98877 ], [ 88.11962, 26.98727 ], [ 88.1289, 26.9877 ], [ 88.13417, 26.9865 ], [ 88.13543, 26.98485 ], [ 88.13044, 26.98056 ], [ 88.12244, 26.96832 ], [ 88.12185, 26.96527 ], [ 88.123, 26.96006 ], [ 88.12126, 26.95614 ], [ 88.12035, 26.9504 ], [ 88.12773, 26.94142 ], [ 88.12859, 26.93943 ], [ 88.13205, 26.9381 ], [ 88.13764, 26.9333 ], [ 88.13927, 26.92878 ], [ 88.14592, 26.92098 ], [ 88.14389, 26.91756 ], [ 88.1449, 26.91554 ], [ 88.13869, 26.90528 ], [ 88.13904, 26.90181 ], [ 88.13664, 26.90052 ], [ 88.13627, 26.89867 ], [ 88.13882, 26.89715 ], [ 88.14173, 26.89393 ], [ 88.14247, 26.89145 ], [ 88.14505, 26.89091 ], [ 88.14638, 26.88878 ], [ 88.14815, 26.88866 ], [ 88.15229, 26.88518 ], [ 88.15472, 26.88557 ], [ 88.15729, 26.88481 ], [ 88.15741, 26.88306 ], [ 88.16185, 26.88061 ], [ 88.16337, 26.87819 ], [ 88.16442, 26.87334 ], [ 88.16665, 26.8714 ], [ 88.1665, 26.87043 ], [ 88.16952, 26.86903 ], [ 88.17172, 26.8693 ], [ 88.17241, 26.86589 ], [ 88.17341, 26.86546 ], [ 88.1717, 26.86028 ], [ 88.17439, 26.85955 ], [ 88.17352, 26.85845 ], [ 88.17333, 26.8554 ], [ 88.1746, 26.85337 ], [ 88.17286, 26.85185 ], [ 88.16987, 26.85141 ], [ 88.1673, 26.84978 ], [ 88.16762, 26.84728 ], [ 88.17055, 26.84518 ], [ 88.16948, 26.84249 ], [ 88.16836, 26.84176 ], [ 88.16743, 26.8377 ], [ 88.16859, 26.83643 ], [ 88.17273, 26.83512 ], [ 88.17413, 26.83348 ], [ 88.17185, 26.82977 ], [ 88.17171, 26.82782 ], [ 88.17879, 26.81653 ], [ 88.17743, 26.80361 ], [ 88.17919, 26.79814 ], [ 88.1806, 26.797 ], [ 88.18119, 26.79312 ], [ 88.18535, 26.78163 ], [ 88.18784, 26.77167 ], [ 88.18714, 26.76047 ], [ 88.18575, 26.75679 ], [ 88.18701, 26.75032 ], [ 88.18584, 26.74038 ], [ 88.18627, 26.7385 ], [ 88.1844, 26.73432 ], [ 88.18468, 26.73099 ], [ 88.1822, 26.72751 ], [ 88.18192, 26.71949 ], [ 88.17718, 26.71107 ], [ 88.17293, 26.70809 ], [ 88.16943, 26.70162 ], [ 88.16703, 26.69957 ], [ 88.16794, 26.69755 ], [ 88.16759, 26.68751 ], [ 88.16696, 26.68616 ], [ 88.16773, 26.68401 ], [ 88.16396, 26.67854 ], [ 88.16483, 26.6703 ], [ 88.16287, 26.65181 ], [ 88.16295, 26.64601 ], [ 88.16059, 26.64258 ], [ 88.15889, 26.64236 ], [ 88.15787, 26.6401 ], [ 88.16036, 26.63659 ], [ 88.15803, 26.63598 ], [ 88.15726, 26.63286 ], [ 88.15453, 26.63047 ], [ 88.14679, 26.62959 ], [ 88.14423, 26.62825 ], [ 88.14395, 26.62679 ], [ 88.1419, 26.62581 ], [ 88.14045, 26.62108 ], [ 88.14042, 26.61346 ], [ 88.13913, 26.6111 ], [ 88.13902, 26.60683 ], [ 88.13553, 26.60591 ], [ 88.12978, 26.60132 ], [ 88.13157, 26.59798 ], [ 88.1318, 26.59321 ], [ 88.12937, 26.58747 ], [ 88.12998, 26.58488 ], [ 88.1272, 26.5819 ], [ 88.12977, 26.57959 ], [ 88.13009, 26.57373 ], [ 88.12832, 26.57264 ], [ 88.12696, 26.57601 ], [ 88.12466, 26.57761 ], [ 88.12283, 26.57638 ], [ 88.12441, 26.57562 ], [ 88.12502, 26.57418 ], [ 88.12284, 26.57228 ], [ 88.12065, 26.57575 ], [ 88.1175, 26.57458 ], [ 88.11911, 26.57016 ], [ 88.11895, 26.56818 ], [ 88.11455, 26.5704 ], [ 88.11348, 26.57266 ], [ 88.11205, 26.57139 ], [ 88.11116, 26.56818 ], [ 88.11253, 26.56649 ], [ 88.11155, 26.5649 ], [ 88.11295, 26.56491 ], [ 88.11411, 26.56675 ], [ 88.11502, 26.56609 ], [ 88.113, 26.56335 ], [ 88.11049, 26.56219 ], [ 88.11343, 26.55968 ], [ 88.11329, 26.5583 ], [ 88.11165, 26.55712 ], [ 88.10929, 26.55705 ], [ 88.10833, 26.55787 ], [ 88.1076, 26.5605 ], [ 88.10529, 26.56095 ], [ 88.10529, 26.55074 ], [ 88.10741, 26.55054 ], [ 88.11033, 26.54767 ], [ 88.1114, 26.54521 ], [ 88.1069, 26.54139 ], [ 88.10369, 26.53973 ], [ 88.10046, 26.53959 ], [ 88.09804, 26.5374 ], [ 88.09828, 26.53559 ], [ 88.09936, 26.53469 ], [ 88.10255, 26.53658 ], [ 88.10357, 26.53638 ], [ 88.10263, 26.53067 ], [ 88.10483, 26.528 ], [ 88.10299, 26.51891 ], [ 88.09502, 26.51646 ], [ 88.09461, 26.5153 ], [ 88.09644, 26.51128 ], [ 88.09118, 26.50857 ], [ 88.09024, 26.50684 ], [ 88.09251, 26.50466 ], [ 88.09487, 26.50477 ], [ 88.09809, 26.5062 ], [ 88.09859, 26.50578 ], [ 88.09925, 26.50103 ], [ 88.10036, 26.4989 ], [ 88.09955, 26.49689 ], [ 88.10016, 26.49449 ], [ 88.10095, 26.49323 ], [ 88.10301, 26.49259 ], [ 88.10317, 26.49062 ], [ 88.10563, 26.4895 ], [ 88.1043, 26.48691 ], [ 88.10101, 26.48394 ], [ 88.10018, 26.47983 ], [ 88.10156, 26.47866 ], [ 88.10609, 26.47726 ], [ 88.10714, 26.47524 ], [ 88.10654, 26.47342 ], [ 88.1043, 26.47206 ], [ 88.10208, 26.47168 ], [ 88.09776, 26.47262 ], [ 88.09854, 26.47128 ], [ 88.10348, 26.46821 ], [ 88.10294, 26.46579 ], [ 88.10013, 26.46483 ], [ 88.09403, 26.46487 ], [ 88.09178, 26.46309 ], [ 88.09678, 26.45228 ], [ 88.0957, 26.43959 ], [ 88.09457, 26.43768 ], [ 88.089, 26.43478 ], [ 88.08612, 26.4323 ], [ 88.08468, 26.43054 ], [ 88.08357, 26.42622 ], [ 88.07849, 26.42014 ], [ 88.0696, 26.41349 ], [ 88.06932, 26.41125 ], [ 88.07125, 26.40809 ], [ 88.06844, 26.40796 ], [ 88.06699, 26.40967 ], [ 88.0644, 26.40804 ], [ 88.06374, 26.41067 ], [ 88.05994, 26.4097 ], [ 88.05846, 26.40784 ], [ 88.05671, 26.4078 ], [ 88.05749, 26.40648 ], [ 88.05546, 26.40581 ], [ 88.05634, 26.40472 ], [ 88.05604, 26.40352 ], [ 88.05407, 26.40252 ], [ 88.0553, 26.4008 ], [ 88.0522, 26.40104 ], [ 88.05146, 26.399 ], [ 88.05023, 26.40069 ], [ 88.04816, 26.4004 ], [ 88.04721, 26.40115 ], [ 88.04512, 26.39978 ], [ 88.04635, 26.39765 ], [ 88.04387, 26.39699 ], [ 88.04502, 26.39661 ], [ 88.04493, 26.39598 ], [ 88.04242, 26.39628 ], [ 88.04234, 26.39535 ], [ 88.04029, 26.39538 ], [ 88.04197, 26.39438 ], [ 88.0403, 26.39476 ], [ 88.03765, 26.39391 ], [ 88.03788, 26.39202 ], [ 88.03675, 26.39157 ], [ 88.03638, 26.39035 ], [ 88.03415, 26.39208 ], [ 88.03432, 26.38858 ], [ 88.03193, 26.3883 ], [ 88.03127, 26.38591 ], [ 88.03188, 26.38526 ], [ 88.03065, 26.38238 ], [ 88.02934, 26.38325 ], [ 88.02704, 26.38189 ], [ 88.02807, 26.37902 ], [ 88.03126, 26.3785 ], [ 88.03059, 26.37605 ], [ 88.02881, 26.37679 ], [ 88.02977, 26.37425 ], [ 88.02803, 26.37364 ], [ 88.02865, 26.372 ], [ 88.02705, 26.3711 ], [ 88.02763, 26.36921 ], [ 88.03071, 26.36698 ], [ 88.02974, 26.3649 ], [ 88.00753, 26.36111 ], [ 88.00559, 26.36172 ], [ 88.0052, 26.36359 ], [ 88.004, 26.36468 ], [ 88.00177, 26.36527 ], [ 88.00285, 26.36596 ], [ 88.00226, 26.3666 ], [ 88.00103, 26.36602 ], [ 87.99969, 26.36651 ], [ 87.9978, 26.3651 ], [ 87.99529, 26.36617 ], [ 87.99489, 26.36749 ], [ 87.99333, 26.36812 ], [ 87.9939, 26.3693 ], [ 87.99234, 26.36969 ], [ 87.99191, 26.37147 ], [ 87.9915, 26.39258 ], [ 87.96565, 26.39719 ], [ 87.95439, 26.4051 ], [ 87.93237, 26.41808 ], [ 87.92708, 26.41791 ], [ 87.92618, 26.41985 ], [ 87.92675, 26.42466 ], [ 87.9259, 26.42772 ], [ 87.92393, 26.42923 ], [ 87.91689, 26.43027 ], [ 87.91585, 26.43186 ], [ 87.91731, 26.43489 ], [ 87.92313, 26.43784 ], [ 87.92523, 26.44003 ], [ 87.92569, 26.44159 ], [ 87.92469, 26.44556 ], [ 87.92349, 26.4469 ], [ 87.89857, 26.44879 ], [ 87.9095, 26.45781 ], [ 87.89991, 26.47748 ], [ 87.88797, 26.48673 ], [ 87.88544, 26.47651 ], [ 87.86337, 26.46798 ], [ 87.86244, 26.46438 ], [ 87.85799, 26.46359 ], [ 87.85813, 26.46106 ], [ 87.85953, 26.45979 ], [ 87.85836, 26.45917 ], [ 87.85806, 26.45632 ], [ 87.85969, 26.45406 ], [ 87.86243, 26.45302 ], [ 87.86085, 26.45105 ], [ 87.86126, 26.44893 ], [ 87.85084, 26.4453 ], [ 87.84853, 26.4365 ], [ 87.82807, 26.44015 ], [ 87.82955, 26.45025 ], [ 87.82503, 26.4522 ], [ 87.81705, 26.45909 ], [ 87.81134, 26.46186 ], [ 87.79267, 26.46888 ], [ 87.79178, 26.46846 ], [ 87.79146, 26.46664 ], [ 87.79044, 26.46643 ], [ 87.79024, 26.46868 ], [ 87.78881, 26.46926 ], [ 87.78602, 26.46735 ], [ 87.78959, 26.46613 ], [ 87.78965, 26.46497 ], [ 87.78788, 26.46429 ], [ 87.78623, 26.46576 ], [ 87.78548, 26.46364 ], [ 87.78825, 26.46236 ], [ 87.78847, 26.4615 ], [ 87.78395, 26.45811 ], [ 87.78225, 26.45403 ], [ 87.78073, 26.45328 ], [ 87.77768, 26.45375 ], [ 87.77736, 26.45313 ], [ 87.77888, 26.45167 ], [ 87.77883, 26.45072 ], [ 87.77542, 26.45113 ], [ 87.77372, 26.45046 ], [ 87.77425, 26.44907 ], [ 87.77651, 26.44794 ], [ 87.77667, 26.44497 ], [ 87.77543, 26.44289 ], [ 87.77761, 26.4427 ], [ 87.77434, 26.44077 ], [ 87.7743, 26.43821 ], [ 87.77281, 26.4361 ], [ 87.77471, 26.4355 ], [ 87.77655, 26.43706 ], [ 87.77765, 26.43587 ], [ 87.7758, 26.43001 ], [ 87.77491, 26.42996 ], [ 87.77367, 26.43136 ], [ 87.77243, 26.43011 ], [ 87.77323, 26.42837 ], [ 87.7755, 26.4281 ], [ 87.77526, 26.42726 ], [ 87.77273, 26.42709 ], [ 87.77095, 26.42822 ], [ 87.77038, 26.42752 ], [ 87.77332, 26.42555 ], [ 87.7759, 26.42527 ], [ 87.77291, 26.42047 ], [ 87.77469, 26.42101 ], [ 87.77558, 26.42248 ], [ 87.7761, 26.42193 ], [ 87.77479, 26.42018 ], [ 87.77259, 26.41952 ], [ 87.77201, 26.42134 ], [ 87.77089, 26.4219 ], [ 87.76885, 26.4188 ], [ 87.76743, 26.41888 ], [ 87.76802, 26.41529 ], [ 87.76543, 26.41329 ], [ 87.76697, 26.41135 ], [ 87.75368, 26.40818 ], [ 87.74732, 26.41787 ], [ 87.73898, 26.4176 ], [ 87.73352, 26.40779 ], [ 87.72273, 26.41258 ], [ 87.72374, 26.4156 ], [ 87.72205, 26.41782 ], [ 87.7222, 26.41923 ], [ 87.7211, 26.41899 ], [ 87.71819, 26.42239 ], [ 87.71748, 26.42189 ], [ 87.71692, 26.4227 ], [ 87.71581, 26.42192 ], [ 87.71471, 26.42327 ], [ 87.71361, 26.42302 ], [ 87.71356, 26.42521 ], [ 87.71102, 26.42737 ], [ 87.69834, 26.42822 ], [ 87.69193, 26.43565 ], [ 87.67755, 26.43539 ], [ 87.6782, 26.41583 ], [ 87.65014, 26.40589 ], [ 87.65171, 26.39352 ], [ 87.62734, 26.39384 ], [ 87.612, 26.39018 ], [ 87.60707, 26.38118 ], [ 87.60449, 26.3808 ], [ 87.58696, 26.38216 ], [ 87.58678, 26.38466 ], [ 87.58825, 26.38836 ], [ 87.58729, 26.39079 ], [ 87.58764, 26.39261 ], [ 87.57347, 26.39606 ], [ 87.55271, 26.40574 ], [ 87.54741, 26.41854 ], [ 87.53411, 26.42161 ], [ 87.51639, 26.43003 ], [ 87.51626, 26.43094 ], [ 87.49088, 26.43638 ], [ 87.46605, 26.44033 ], [ 87.44473, 26.433 ], [ 87.44291, 26.43308 ], [ 87.42765, 26.42243 ], [ 87.41902, 26.42272 ], [ 87.3884, 26.41907 ], [ 87.37597, 26.40704 ], [ 87.36856, 26.40808 ], [ 87.35627, 26.38821 ], [ 87.35323, 26.37203 ], [ 87.35819, 26.36107 ], [ 87.34762, 26.35162 ], [ 87.34086, 26.34776 ], [ 87.33683, 26.35148 ], [ 87.32177, 26.3602 ], [ 87.31325, 26.36761 ], [ 87.31222, 26.37148 ], [ 87.30121, 26.36628 ], [ 87.28934, 26.37373 ], [ 87.28245, 26.37268 ], [ 87.27229, 26.37262 ], [ 87.26576, 26.37388 ], [ 87.26422, 26.38714 ], [ 87.26555, 26.39123 ], [ 87.26603, 26.40564 ], [ 87.26048, 26.40934 ], [ 87.25614, 26.41114 ], [ 87.25449, 26.41034 ], [ 87.25264, 26.41074 ], [ 87.24986, 26.40946 ], [ 87.24933, 26.4107 ], [ 87.24767, 26.41163 ], [ 87.24776, 26.41391 ], [ 87.24651, 26.41432 ], [ 87.22866, 26.4137 ], [ 87.22866, 26.41264 ], [ 87.22659, 26.41197 ], [ 87.22754, 26.41135 ], [ 87.22607, 26.41083 ], [ 87.22621, 26.40896 ], [ 87.22393, 26.40884 ], [ 87.22416, 26.40713 ], [ 87.22309, 26.40674 ], [ 87.22361, 26.40591 ], [ 87.2222, 26.40565 ], [ 87.22148, 26.40459 ], [ 87.2207, 26.40509 ], [ 87.22035, 26.40361 ], [ 87.2188, 26.4032 ], [ 87.21711, 26.40667 ], [ 87.21081, 26.40953 ], [ 87.21185, 26.41039 ], [ 87.21084, 26.41158 ], [ 87.21122, 26.41314 ], [ 87.18581, 26.41426 ], [ 87.18893, 26.40552 ], [ 87.17324, 26.40339 ], [ 87.16236, 26.40405 ], [ 87.14816, 26.41 ], [ 87.13892, 26.41493 ], [ 87.09216, 26.44969 ], [ 87.0912, 26.45121 ], [ 87.08748, 26.47147 ], [ 87.08006, 26.52172 ], [ 87.07583, 26.53732 ], [ 87.07255, 26.54196 ], [ 87.07199, 26.56072 ], [ 87.07291, 26.57732 ], [ 87.07167, 26.58577 ], [ 87.04453, 26.58727 ], [ 87.04221, 26.56832 ], [ 87.01999, 26.54011 ], [ 87.01517, 26.5321 ], [ 86.9907, 26.52312 ], [ 86.97922, 26.52512 ], [ 86.97498, 26.52003 ], [ 86.96558, 26.52231 ], [ 86.96582, 26.52364 ], [ 86.96115, 26.52377 ], [ 86.95922, 26.52033 ], [ 86.95505, 26.52104 ], [ 86.95219, 26.52047 ], [ 86.94665, 26.52095 ], [ 86.94446, 26.51708 ], [ 86.93259, 26.5168 ], [ 86.93139, 26.51458 ], [ 86.92831, 26.49686 ], [ 86.92974, 26.4896 ], [ 86.89401, 26.48777 ], [ 86.89288, 26.48751 ], [ 86.89386, 26.48643 ], [ 86.89155, 26.48614 ], [ 86.89132, 26.48391 ], [ 86.89003, 26.48176 ], [ 86.89103, 26.48134 ], [ 86.89252, 26.4781 ], [ 86.89164, 26.47636 ], [ 86.89339, 26.47636 ], [ 86.89206, 26.47564 ], [ 86.89333, 26.47366 ], [ 86.89232, 26.47219 ], [ 86.89355, 26.47206 ], [ 86.89218, 26.46917 ], [ 86.89437, 26.46911 ], [ 86.89406, 26.46789 ], [ 86.89504, 26.46732 ], [ 86.89363, 26.4619 ], [ 86.88442, 26.46134 ], [ 86.88357, 26.46071 ], [ 86.88385, 26.45958 ], [ 86.88226, 26.45966 ], [ 86.87917, 26.45705 ], [ 86.87818, 26.45784 ], [ 86.87679, 26.45688 ], [ 86.87507, 26.45761 ], [ 86.87588, 26.4556 ], [ 86.87408, 26.45549 ], [ 86.87283, 26.45404 ], [ 86.87136, 26.45402 ], [ 86.87068, 26.45553 ], [ 86.86883, 26.45438 ], [ 86.86638, 26.45482 ], [ 86.86655, 26.45626 ], [ 86.86475, 26.4555 ], [ 86.86562, 26.45719 ], [ 86.86513, 26.45758 ], [ 86.86084, 26.45755 ], [ 86.86174, 26.45638 ], [ 86.85986, 26.45618 ], [ 86.85989, 26.45452 ], [ 86.85832, 26.45352 ], [ 86.85854, 26.45205 ], [ 86.85699, 26.45153 ], [ 86.85707, 26.4496 ], [ 86.85593, 26.44847 ], [ 86.85167, 26.44757 ], [ 86.84957, 26.44859 ], [ 86.8458, 26.44822 ], [ 86.84515, 26.44724 ], [ 86.84526, 26.4444 ], [ 86.84692, 26.44274 ], [ 86.84673, 26.44189 ], [ 86.8445, 26.44259 ], [ 86.84428, 26.44157 ], [ 86.8429, 26.44117 ], [ 86.84244, 26.44017 ], [ 86.83931, 26.44046 ], [ 86.83912, 26.44134 ], [ 86.84002, 26.4418 ], [ 86.83782, 26.44254 ], [ 86.83687, 26.44014 ], [ 86.836, 26.43992 ], [ 86.83638, 26.44075 ], [ 86.83494, 26.44104 ], [ 86.83331, 26.43901 ], [ 86.80434, 26.44631 ], [ 86.77384, 26.45683 ], [ 86.769, 26.45942 ], [ 86.76617, 26.45929 ], [ 86.76243, 26.45583 ], [ 86.76406, 26.45437 ], [ 86.76325, 26.45361 ], [ 86.76355, 26.45261 ], [ 86.76469, 26.45229 ], [ 86.76401, 26.45121 ], [ 86.76238, 26.4508 ], [ 86.76029, 26.45155 ], [ 86.76013, 26.4481 ], [ 86.75343, 26.44645 ], [ 86.75264, 26.44537 ], [ 86.75332, 26.44339 ], [ 86.75295, 26.442 ], [ 86.74991, 26.44138 ], [ 86.74714, 26.43617 ], [ 86.74387, 26.43495 ], [ 86.74417, 26.43394 ], [ 86.74698, 26.43359 ], [ 86.74634, 26.43089 ], [ 86.74692, 26.4285 ], [ 86.74317, 26.42718 ], [ 86.74062, 26.42454 ], [ 86.73787, 26.42571 ], [ 86.73695, 26.42336 ], [ 86.7327, 26.42438 ], [ 86.73102, 26.42232 ], [ 86.72961, 26.42244 ], [ 86.73029, 26.42603 ], [ 86.72851, 26.42678 ], [ 86.72715, 26.42479 ], [ 86.72495, 26.42615 ], [ 86.72002, 26.43486 ], [ 86.69969, 26.43735 ], [ 86.69986, 26.43922 ], [ 86.69843, 26.44277 ], [ 86.69538, 26.44468 ], [ 86.69595, 26.44886 ], [ 86.69432, 26.44905 ], [ 86.69325, 26.45117 ], [ 86.69017, 26.45089 ], [ 86.63991, 26.46335 ], [ 86.63827, 26.4639 ], [ 86.63837, 26.46554 ], [ 86.63705, 26.46634 ], [ 86.63433, 26.46616 ], [ 86.63326, 26.46452 ], [ 86.6301, 26.46864 ], [ 86.62921, 26.46814 ], [ 86.62974, 26.46658 ], [ 86.62733, 26.46699 ], [ 86.62974, 26.46954 ], [ 86.6269, 26.46885 ], [ 86.62602, 26.46948 ], [ 86.62749, 26.47569 ], [ 86.62924, 26.47803 ], [ 86.62796, 26.47894 ], [ 86.62729, 26.47826 ], [ 86.62767, 26.47731 ], [ 86.62689, 26.47701 ], [ 86.62579, 26.47876 ], [ 86.6259, 26.48069 ], [ 86.62375, 26.48057 ], [ 86.62308, 26.48188 ], [ 86.62148, 26.48172 ], [ 86.62139, 26.48349 ], [ 86.62049, 26.48436 ], [ 86.61842, 26.4836 ], [ 86.61728, 26.48454 ], [ 86.61511, 26.48476 ], [ 86.61367, 26.48705 ], [ 86.61272, 26.48706 ], [ 86.61146, 26.4856 ], [ 86.6109, 26.48636 ], [ 86.5885, 26.4934 ], [ 86.58053, 26.4939 ], [ 86.56981, 26.49668 ], [ 86.57032, 26.49793 ], [ 86.5689, 26.49771 ], [ 86.56937, 26.49852 ], [ 86.5687, 26.4991 ], [ 86.56431, 26.50101 ], [ 86.56348, 26.50563 ], [ 86.56126, 26.5096 ], [ 86.56024, 26.50954 ], [ 86.5603, 26.5105 ], [ 86.55447, 26.51613 ], [ 86.55407, 26.51866 ], [ 86.55552, 26.518 ], [ 86.55514, 26.52214 ], [ 86.55432, 26.5242 ], [ 86.55184, 26.5235 ], [ 86.55083, 26.5246 ], [ 86.55044, 26.53029 ], [ 86.5481, 26.5312 ], [ 86.54667, 26.53395 ], [ 86.54462, 26.53499 ], [ 86.54172, 26.53846 ], [ 86.53131, 26.54073 ], [ 86.52805, 26.54283 ], [ 86.52375, 26.54346 ], [ 86.52059, 26.54293 ], [ 86.51561, 26.53919 ], [ 86.49718, 26.5423 ], [ 86.49244, 26.54604 ], [ 86.45537, 26.56808 ], [ 86.43033, 26.57292 ], [ 86.39486, 26.58511 ], [ 86.39549, 26.58781 ], [ 86.39688, 26.58901 ], [ 86.39679, 26.59352 ], [ 86.35636, 26.60421 ], [ 86.34079, 26.606 ], [ 86.33885, 26.60852 ], [ 86.34059, 26.61193 ], [ 86.34209, 26.61145 ], [ 86.34196, 26.61305 ], [ 86.3431, 26.61427 ], [ 86.34336, 26.61615 ], [ 86.34471, 26.61673 ], [ 86.33317, 26.61893 ], [ 86.30774, 26.61997 ], [ 86.29276, 26.61324 ], [ 86.27551, 26.61732 ], [ 86.25316, 26.61478 ], [ 86.25234, 26.61555 ], [ 86.25323, 26.61592 ], [ 86.25307, 26.61668 ], [ 86.25204, 26.61706 ], [ 86.25044, 26.61447 ], [ 86.24951, 26.61421 ], [ 86.24921, 26.61265 ], [ 86.24767, 26.61231 ], [ 86.24895, 26.60993 ], [ 86.24828, 26.60864 ], [ 86.24627, 26.60864 ], [ 86.24597, 26.6075 ], [ 86.2448, 26.60936 ], [ 86.24375, 26.60827 ], [ 86.24427, 26.60626 ], [ 86.24229, 26.60579 ], [ 86.24309, 26.60277 ], [ 86.24008, 26.60343 ], [ 86.2399, 26.60129 ], [ 86.2372, 26.60158 ], [ 86.23692, 26.59927 ], [ 86.23441, 26.59792 ], [ 86.23519, 26.59737 ], [ 86.2343, 26.59077 ], [ 86.23121, 26.59305 ], [ 86.23061, 26.59144 ], [ 86.22871, 26.59212 ], [ 86.22677, 26.59045 ], [ 86.22363, 26.59133 ], [ 86.2221, 26.5899 ], [ 86.21717, 26.58842 ], [ 86.21454, 26.59097 ], [ 86.21302, 26.59108 ], [ 86.21239, 26.59251 ], [ 86.20957, 26.59225 ], [ 86.20807, 26.59292 ], [ 86.20526, 26.59661 ], [ 86.20149, 26.5944 ], [ 86.20142, 26.59655 ], [ 86.20052, 26.59716 ], [ 86.19783, 26.59344 ], [ 86.1969, 26.59323 ], [ 86.19553, 26.59435 ], [ 86.19536, 26.59555 ], [ 86.19661, 26.59785 ], [ 86.19489, 26.59836 ], [ 86.19646, 26.60105 ], [ 86.1951, 26.6056 ], [ 86.19534, 26.60803 ], [ 86.19143, 26.60991 ], [ 86.19009, 26.61183 ], [ 86.19088, 26.61264 ], [ 86.19301, 26.61128 ], [ 86.1938, 26.61181 ], [ 86.19214, 26.61467 ], [ 86.18844, 26.61522 ], [ 86.18647, 26.61499 ], [ 86.18505, 26.61365 ], [ 86.18236, 26.61368 ], [ 86.17586, 26.61542 ], [ 86.1737, 26.61394 ], [ 86.17144, 26.61711 ], [ 86.16758, 26.61432 ], [ 86.16273, 26.61405 ], [ 86.1612, 26.61489 ], [ 86.15495, 26.60992 ], [ 86.14566, 26.60868 ], [ 86.14235, 26.60502 ], [ 86.13592, 26.60652 ], [ 86.13913, 26.61635 ], [ 86.14081, 26.61664 ], [ 86.13834, 26.62892 ], [ 86.11927, 26.63002 ], [ 86.10062, 26.63706 ], [ 86.07383, 26.64971 ], [ 86.0698, 26.65695 ], [ 86.06787, 26.65785 ], [ 86.05276, 26.66026 ], [ 86.02689, 26.66666 ], [ 86.02644, 26.66523 ], [ 86.02223, 26.66376 ], [ 86.01863, 26.6611 ], [ 86.01354, 26.66053 ], [ 86.01175, 26.65954 ], [ 86.01264, 26.65838 ], [ 86.01109, 26.65454 ], [ 86.0097, 26.6539 ], [ 86.00576, 26.65627 ], [ 85.9997, 26.65489 ], [ 85.97578, 26.65821 ], [ 85.97405, 26.65708 ], [ 85.97308, 26.65483 ], [ 85.96998, 26.65509 ], [ 85.96975, 26.65392 ], [ 85.96776, 26.65304 ], [ 85.96751, 26.65192 ], [ 85.96495, 26.65286 ], [ 85.96296, 26.65052 ], [ 85.96007, 26.65134 ], [ 85.95894, 26.64932 ], [ 85.95638, 26.64923 ], [ 85.95602, 26.64759 ], [ 85.95462, 26.64707 ], [ 85.95481, 26.64534 ], [ 85.95321, 26.64386 ], [ 85.95386, 26.63937 ], [ 85.95233, 26.63742 ], [ 85.95544, 26.63057 ], [ 85.95147, 26.62431 ], [ 85.94934, 26.6247 ], [ 85.94919, 26.62363 ], [ 85.94603, 26.62117 ], [ 85.94611, 26.61759 ], [ 85.94781, 26.61677 ], [ 85.94672, 26.61563 ], [ 85.94803, 26.61495 ], [ 85.94788, 26.61348 ], [ 85.9463, 26.61416 ], [ 85.94547, 26.61276 ], [ 85.94241, 26.61359 ], [ 85.9402, 26.61322 ], [ 85.93988, 26.61457 ], [ 85.93792, 26.61619 ], [ 85.93262, 26.6135 ], [ 85.93054, 26.61601 ], [ 85.92842, 26.61649 ], [ 85.92896, 26.61421 ], [ 85.92628, 26.61162 ], [ 85.92704, 26.60964 ], [ 85.92339, 26.60915 ], [ 85.92171, 26.60997 ], [ 85.91578, 26.60855 ], [ 85.9138, 26.60889 ], [ 85.91268, 26.60674 ], [ 85.91295, 26.60454 ], [ 85.90953, 26.60464 ], [ 85.90623, 26.60356 ], [ 85.90559, 26.60218 ], [ 85.90254, 26.60149 ], [ 85.90201, 26.6003 ], [ 85.90028, 26.60036 ], [ 85.90113, 26.59793 ], [ 85.90058, 26.59502 ], [ 85.89736, 26.59458 ], [ 85.89632, 26.5937 ], [ 85.89393, 26.59489 ], [ 85.89158, 26.59441 ], [ 85.88767, 26.58317 ], [ 85.88534, 26.5823 ], [ 85.88232, 26.58369 ], [ 85.87939, 26.58379 ], [ 85.87844, 26.58174 ], [ 85.87563, 26.58117 ], [ 85.87258, 26.57865 ], [ 85.87051, 26.57961 ], [ 85.86901, 26.57816 ], [ 85.86911, 26.57642 ], [ 85.8681, 26.57493 ], [ 85.85841, 26.56888 ], [ 85.85787, 26.56895 ], [ 85.85825, 26.57112 ], [ 85.85674, 26.57203 ], [ 85.85314, 26.57063 ], [ 85.85194, 26.56861 ], [ 85.84902, 26.56885 ], [ 85.84822, 26.57685 ], [ 85.85765, 26.58991 ], [ 85.85088, 26.6085 ], [ 85.83109, 26.61129 ], [ 85.83051, 26.60162 ], [ 85.8174, 26.60274 ], [ 85.80321, 26.61491 ], [ 85.80128, 26.62426 ], [ 85.76918, 26.62992 ], [ 85.75957, 26.63621 ], [ 85.74822, 26.63893 ], [ 85.73762, 26.64842 ], [ 85.73588, 26.65121 ], [ 85.73406, 26.65051 ], [ 85.73525, 26.6524 ], [ 85.73219, 26.65377 ], [ 85.73212, 26.65551 ], [ 85.73355, 26.65581 ], [ 85.73482, 26.65751 ], [ 85.73635, 26.66393 ], [ 85.73304, 26.6645 ], [ 85.73171, 26.66571 ], [ 85.72991, 26.66562 ], [ 85.72981, 26.66682 ], [ 85.73071, 26.66743 ], [ 85.72953, 26.66776 ], [ 85.7287, 26.667 ], [ 85.72533, 26.6704 ], [ 85.72642, 26.67382 ], [ 85.72343, 26.67423 ], [ 85.72451, 26.676 ], [ 85.72478, 26.68201 ], [ 85.72352, 26.68305 ], [ 85.72526, 26.68515 ], [ 85.72324, 26.68682 ], [ 85.72512, 26.69279 ], [ 85.72448, 26.69402 ], [ 85.72519, 26.6954 ], [ 85.72513, 26.69734 ], [ 85.72341, 26.69975 ], [ 85.72481, 26.70035 ], [ 85.72437, 26.70321 ], [ 85.72629, 26.70647 ], [ 85.72507, 26.70739 ], [ 85.72478, 26.70962 ], [ 85.72608, 26.71118 ], [ 85.72776, 26.71778 ], [ 85.72616, 26.71915 ], [ 85.72588, 26.7213 ], [ 85.72794, 26.72505 ], [ 85.72938, 26.72517 ], [ 85.72813, 26.72972 ], [ 85.73131, 26.7306 ], [ 85.73022, 26.73137 ], [ 85.72975, 26.73453 ], [ 85.73051, 26.73581 ], [ 85.73397, 26.73743 ], [ 85.72861, 26.74998 ], [ 85.73489, 26.77743 ], [ 85.73432, 26.79585 ], [ 85.72844, 26.8028 ], [ 85.72859, 26.80811 ], [ 85.72058, 26.82053 ], [ 85.70416, 26.83218 ], [ 85.67929, 26.84368 ], [ 85.64224, 26.85322 ], [ 85.63429, 26.87221 ], [ 85.62335, 26.87356 ], [ 85.60681, 26.85724 ], [ 85.58506, 26.84717 ], [ 85.58465, 26.85038 ], [ 85.58625, 26.85259 ], [ 85.58356, 26.85693 ], [ 85.58364, 26.85814 ], [ 85.58163, 26.85853 ], [ 85.58003, 26.85633 ], [ 85.57806, 26.85636 ], [ 85.57805, 26.85952 ], [ 85.57655, 26.85944 ], [ 85.57521, 26.86103 ], [ 85.57194, 26.85692 ], [ 85.56559, 26.84093 ], [ 85.55752, 26.844 ], [ 85.55329, 26.8343 ], [ 85.54287, 26.83837 ], [ 85.51969, 26.8144 ], [ 85.50737, 26.81679 ], [ 85.50182, 26.81475 ], [ 85.50093, 26.81357 ], [ 85.49764, 26.81204 ], [ 85.49876, 26.81056 ], [ 85.49667, 26.80929 ], [ 85.49785, 26.80776 ], [ 85.49686, 26.80292 ], [ 85.49537, 26.80139 ], [ 85.49681, 26.79948 ], [ 85.49574, 26.79698 ], [ 85.47969, 26.80234 ], [ 85.47882, 26.80163 ], [ 85.47873, 26.79433 ], [ 85.47748, 26.79245 ], [ 85.4732, 26.79003 ], [ 85.46652, 26.78883 ], [ 85.46534, 26.78794 ], [ 85.46411, 26.78888 ], [ 85.46213, 26.78692 ], [ 85.45813, 26.78484 ], [ 85.45914, 26.78412 ], [ 85.45574, 26.78299 ], [ 85.45462, 26.78185 ], [ 85.45339, 26.78152 ], [ 85.45361, 26.78253 ], [ 85.45189, 26.78127 ], [ 85.43246, 26.7901 ], [ 85.42962, 26.78659 ], [ 85.42537, 26.7859 ], [ 85.42322, 26.78647 ], [ 85.4177, 26.79037 ], [ 85.4076, 26.79122 ], [ 85.40266, 26.78286 ], [ 85.39766, 26.77848 ], [ 85.39228, 26.77539 ], [ 85.38411, 26.77414 ], [ 85.37696, 26.76228 ], [ 85.37513, 26.76064 ], [ 85.36927, 26.75823 ], [ 85.3635, 26.76037 ], [ 85.36149, 26.76308 ], [ 85.35518, 26.76025 ], [ 85.3344, 26.74151 ], [ 85.324, 26.74535 ], [ 85.32273, 26.74485 ], [ 85.31914, 26.74899 ], [ 85.31516, 26.74932 ], [ 85.30655, 26.75218 ], [ 85.27926, 26.75341 ], [ 85.26019, 26.7552 ], [ 85.25135, 26.75922 ], [ 85.24012, 26.76188 ], [ 85.23134, 26.76223 ], [ 85.21903, 26.75875 ], [ 85.21167, 26.75788 ], [ 85.20579, 26.76149 ], [ 85.20039, 26.76885 ], [ 85.19702, 26.76992 ], [ 85.19154, 26.78211 ], [ 85.19346, 26.78252 ], [ 85.19471, 26.78433 ], [ 85.19298, 26.78854 ], [ 85.19326, 26.79055 ], [ 85.19129, 26.79147 ], [ 85.1865, 26.79089 ], [ 85.18599, 26.79201 ], [ 85.18678, 26.79503 ], [ 85.18588, 26.79557 ], [ 85.18228, 26.79465 ], [ 85.18024, 26.79574 ], [ 85.17939, 26.79835 ], [ 85.18236, 26.79993 ], [ 85.18233, 26.80083 ], [ 85.17664, 26.80966 ], [ 85.17689, 26.81512 ], [ 85.18476, 26.82227 ], [ 85.19106, 26.83121 ], [ 85.19262, 26.83881 ], [ 85.19058, 26.84711 ], [ 85.19273, 26.86295 ], [ 85.19248, 26.86671 ], [ 85.19144, 26.86887 ], [ 85.18976, 26.87007 ], [ 85.16712, 26.86847 ], [ 85.15362, 26.87061 ], [ 85.1399, 26.87112 ], [ 85.13405, 26.86777 ], [ 85.12608, 26.86977 ], [ 85.12332, 26.8714 ], [ 85.11104, 26.87243 ], [ 85.11069, 26.87134 ], [ 85.10945, 26.87087 ], [ 85.10539, 26.87151 ], [ 85.10471, 26.87082 ], [ 85.09939, 26.87105 ], [ 85.09598, 26.86704 ], [ 85.09156, 26.86784 ], [ 85.09017, 26.86909 ], [ 85.08969, 26.86789 ], [ 85.08849, 26.86834 ], [ 85.08892, 26.86733 ], [ 85.08659, 26.86736 ], [ 85.08572, 26.8665 ], [ 85.08559, 26.86452 ], [ 85.08887, 26.86128 ], [ 85.08924, 26.85955 ], [ 85.08692, 26.85919 ], [ 85.08734, 26.85673 ], [ 85.08424, 26.85544 ], [ 85.08732, 26.85406 ], [ 85.0871, 26.85286 ], [ 85.08357, 26.85376 ], [ 85.08274, 26.85472 ], [ 85.08334, 26.85659 ], [ 85.08222, 26.85666 ], [ 85.08254, 26.85586 ], [ 85.08102, 26.85556 ], [ 85.08142, 26.8571 ], [ 85.07982, 26.85651 ], [ 85.07816, 26.85877 ], [ 85.07668, 26.85789 ], [ 85.07844, 26.85658 ], [ 85.07811, 26.85578 ], [ 85.077, 26.85569 ], [ 85.07696, 26.85695 ], [ 85.07631, 26.85696 ], [ 85.07598, 26.8557 ], [ 85.07119, 26.85556 ], [ 85.07084, 26.85422 ], [ 85.06634, 26.85397 ], [ 85.06556, 26.85326 ], [ 85.06578, 26.85097 ], [ 85.06384, 26.84965 ], [ 85.06254, 26.85004 ], [ 85.06146, 26.85384 ], [ 85.06479, 26.85622 ], [ 85.06454, 26.85683 ], [ 85.06239, 26.8564 ], [ 85.06341, 26.85772 ], [ 85.06259, 26.85819 ], [ 85.06081, 26.85674 ], [ 85.06237, 26.85556 ], [ 85.06067, 26.8539 ], [ 85.05899, 26.8542 ], [ 85.05781, 26.85607 ], [ 85.05663, 26.85256 ], [ 85.05835, 26.85006 ], [ 85.0573, 26.84915 ], [ 85.02191, 26.85485 ], [ 85.02235, 26.85647 ], [ 85.02585, 26.85766 ], [ 85.02642, 26.85886 ], [ 85.02865, 26.85929 ], [ 85.02879, 26.86238 ], [ 85.02725, 26.86286 ], [ 85.02649, 26.8665 ], [ 85.02693, 26.86735 ], [ 85.03006, 26.86767 ], [ 85.02779, 26.87061 ], [ 85.02917, 26.87525 ], [ 85.03143, 26.87443 ], [ 85.03599, 26.87508 ], [ 85.03725, 26.87582 ], [ 85.03666, 26.87738 ], [ 85.03734, 26.87806 ], [ 85.03938, 26.87525 ], [ 85.04158, 26.87456 ], [ 85.04125, 26.87745 ], [ 85.04303, 26.87964 ], [ 85.04431, 26.87989 ], [ 85.04579, 26.87854 ], [ 85.05212, 26.88124 ], [ 85.052, 26.8826 ], [ 85.04972, 26.88231 ], [ 85.04805, 26.88426 ], [ 85.04826, 26.88519 ], [ 85.04918, 26.88526 ], [ 85.05054, 26.88319 ], [ 85.052, 26.88482 ], [ 85.05373, 26.88471 ], [ 85.05507, 26.88142 ], [ 85.05975, 26.88535 ], [ 85.06013, 26.88692 ], [ 85.05932, 26.88729 ], [ 85.05856, 26.88532 ], [ 85.05418, 26.88694 ], [ 85.05165, 26.88618 ], [ 85.05108, 26.88755 ], [ 85.05308, 26.88903 ], [ 85.03573, 26.8914 ], [ 85.02241, 26.89174 ], [ 85.01957, 26.8931 ], [ 85.00377, 26.89507 ], [ 84.99262, 26.90288 ], [ 84.99303, 26.90559 ], [ 84.99572, 26.90661 ], [ 84.99769, 26.9048 ], [ 85.00026, 26.9045 ], [ 85.0021, 26.90338 ], [ 85.00191, 26.90541 ], [ 85.00052, 26.90652 ], [ 85.00101, 26.90762 ], [ 85.00045, 26.90881 ], [ 85.00164, 26.90982 ], [ 84.9994, 26.91216 ], [ 84.96751, 26.91623 ], [ 84.97057, 26.91706 ], [ 84.97007, 26.92033 ], [ 84.97175, 26.92196 ], [ 84.9693, 26.92496 ], [ 84.97179, 26.92616 ], [ 84.97006, 26.92896 ], [ 84.97196, 26.92963 ], [ 84.97371, 26.93192 ], [ 84.97647, 26.93204 ], [ 84.9781, 26.93585 ], [ 84.9747, 26.93955 ], [ 84.97816, 26.94027 ], [ 84.96792, 26.95466 ], [ 84.96568, 26.95652 ], [ 84.96578, 26.95829 ], [ 84.96479, 26.9579 ], [ 84.96334, 26.95864 ], [ 84.96221, 26.96046 ], [ 84.95653, 26.961 ], [ 84.9558, 26.95989 ], [ 84.95322, 26.9597 ], [ 84.93422, 26.96751 ], [ 84.9293, 26.96866 ], [ 84.92392, 26.96754 ], [ 84.91713, 26.96894 ], [ 84.90983, 26.96795 ], [ 84.90181, 26.9702 ], [ 84.8993, 26.96981 ], [ 84.89551, 26.97292 ], [ 84.89196, 26.97226 ], [ 84.89273, 26.96954 ], [ 84.89133, 26.96979 ], [ 84.89006, 26.97132 ], [ 84.89054, 26.97469 ], [ 84.88876, 26.9757 ], [ 84.88845, 26.97749 ], [ 84.87136, 26.98189 ], [ 84.86884, 26.98276 ], [ 84.86893, 26.98395 ], [ 84.86747, 26.98402 ], [ 84.8675, 26.98312 ], [ 84.86465, 26.98417 ], [ 84.86178, 26.98708 ], [ 84.85875, 26.98795 ], [ 84.8589, 26.9891 ], [ 84.85597, 26.98652 ], [ 84.85525, 26.98821 ], [ 84.85726, 26.99065 ], [ 84.85477, 26.99251 ], [ 84.85538, 26.99322 ], [ 84.85756, 26.99257 ], [ 84.85791, 26.99524 ], [ 84.85667, 26.99638 ], [ 84.85769, 26.99768 ], [ 84.85426, 26.99882 ], [ 84.85305, 26.99808 ], [ 84.84999, 26.99836 ], [ 84.85172, 26.9994 ], [ 84.85163, 27.00069 ], [ 84.85253, 27.00177 ], [ 84.85142, 27.00186 ], [ 84.8511, 27.00301 ], [ 84.85274, 27.00604 ], [ 84.85523, 27.00718 ], [ 84.85458, 27.0082 ], [ 84.83835, 27.01404 ], [ 84.82961, 27.01949 ], [ 84.82547, 27.02089 ], [ 84.81664, 27.02078 ], [ 84.81335, 27.01818 ], [ 84.81276, 27.02036 ], [ 84.81194, 27.02076 ], [ 84.81231, 27.01584 ], [ 84.81077, 27.01616 ], [ 84.81049, 27.01828 ], [ 84.80894, 27.01821 ], [ 84.80681, 27.01466 ], [ 84.80747, 27.01374 ], [ 84.81, 27.01504 ], [ 84.81078, 27.01383 ], [ 84.80975, 27.01089 ], [ 84.808, 27.01213 ], [ 84.80664, 27.01051 ], [ 84.80681, 27.00818 ], [ 84.8082, 27.00777 ], [ 84.80125, 27.00437 ], [ 84.80015, 27.00071 ], [ 84.79944, 27.00106 ], [ 84.79896, 27.00349 ], [ 84.79701, 27.00415 ], [ 84.79656, 27.00269 ], [ 84.79569, 27.00252 ], [ 84.79628, 27.00049 ], [ 84.79465, 26.99904 ], [ 84.79346, 26.99578 ], [ 84.79046, 26.99737 ], [ 84.79083, 26.99837 ], [ 84.79186, 26.99799 ], [ 84.79081, 26.99961 ], [ 84.78974, 26.99897 ], [ 84.78938, 26.99714 ], [ 84.7883, 26.99724 ], [ 84.78832, 26.9988 ], [ 84.78619, 26.9985 ], [ 84.78767, 27.00308 ], [ 84.78685, 27.00541 ], [ 84.78798, 27.006 ], [ 84.78868, 27.00892 ], [ 84.78668, 27.0089 ], [ 84.7857, 27.01096 ], [ 84.78516, 27.008 ], [ 84.78411, 27.00801 ], [ 84.78241, 27.01154 ], [ 84.78253, 27.01413 ], [ 84.77296, 27.0178 ], [ 84.77085, 27.01718 ], [ 84.76715, 27.0139 ], [ 84.76459, 27.01294 ], [ 84.76046, 27.00514 ], [ 84.75665, 27.00282 ], [ 84.72956, 27.01494 ], [ 84.72749, 27.01349 ], [ 84.72128, 27.0143 ], [ 84.71923, 27.01545 ], [ 84.7188, 27.01751 ], [ 84.71703, 27.01756 ], [ 84.71647, 27.01978 ], [ 84.71443, 27.01991 ], [ 84.71394, 27.02147 ], [ 84.70948, 27.02144 ], [ 84.70132, 27.02699 ], [ 84.6798, 27.03221 ], [ 84.64267, 27.04644 ], [ 84.64265, 27.0485 ], [ 84.6443, 27.04903 ], [ 84.64312, 27.051 ], [ 84.64622, 27.05134 ], [ 84.64535, 27.05532 ], [ 84.6445, 27.05622 ], [ 84.64565, 27.05859 ], [ 84.64424, 27.05851 ], [ 84.64286, 27.05967 ], [ 84.64521, 27.06391 ], [ 84.64336, 27.06596 ], [ 84.64461, 27.06653 ], [ 84.64594, 27.07028 ], [ 84.64731, 27.07111 ], [ 84.64617, 27.07297 ], [ 84.64674, 27.07485 ], [ 84.64621, 27.07556 ], [ 84.64746, 27.07654 ], [ 84.64857, 27.0747 ], [ 84.64862, 27.07629 ], [ 84.64954, 27.07725 ], [ 84.65077, 27.07722 ], [ 84.65199, 27.07839 ], [ 84.65297, 27.07767 ], [ 84.65327, 27.07862 ], [ 84.6523, 27.08011 ], [ 84.6529, 27.0807 ], [ 84.65593, 27.07913 ], [ 84.65779, 27.08039 ], [ 84.65816, 27.07957 ], [ 84.65824, 27.0811 ], [ 84.65402, 27.08192 ], [ 84.65505, 27.08431 ], [ 84.6577, 27.08255 ], [ 84.65855, 27.0844 ], [ 84.66137, 27.0851 ], [ 84.66283, 27.08683 ], [ 84.66469, 27.08637 ], [ 84.66353, 27.08742 ], [ 84.66312, 27.08919 ], [ 84.66594, 27.08766 ], [ 84.6664, 27.09049 ], [ 84.66851, 27.08984 ], [ 84.67024, 27.09094 ], [ 84.67016, 27.09166 ], [ 84.66675, 27.09295 ], [ 84.66436, 27.09254 ], [ 84.66468, 27.09462 ], [ 84.66747, 27.09356 ], [ 84.6695, 27.09581 ], [ 84.66982, 27.09813 ], [ 84.67371, 27.09577 ], [ 84.67454, 27.09644 ], [ 84.67426, 27.09953 ], [ 84.67547, 27.10323 ], [ 84.67368, 27.10526 ], [ 84.67358, 27.107 ], [ 84.67471, 27.10873 ], [ 84.67388, 27.10901 ], [ 84.6709, 27.10721 ], [ 84.66979, 27.11038 ], [ 84.67155, 27.11162 ], [ 84.67254, 27.11404 ], [ 84.67507, 27.11412 ], [ 84.67688, 27.11517 ], [ 84.6769, 27.11913 ], [ 84.67515, 27.1208 ], [ 84.6755, 27.12345 ], [ 84.6774, 27.12442 ], [ 84.677, 27.1253 ], [ 84.67879, 27.12741 ], [ 84.67771, 27.12931 ], [ 84.67908, 27.1327 ], [ 84.67765, 27.13247 ], [ 84.67726, 27.13334 ], [ 84.67994, 27.13593 ], [ 84.68346, 27.1436 ], [ 84.68262, 27.14651 ], [ 84.68312, 27.14995 ], [ 84.68026, 27.15198 ], [ 84.68235, 27.15266 ], [ 84.68222, 27.15422 ], [ 84.68665, 27.1585 ], [ 84.68425, 27.16082 ], [ 84.68141, 27.15926 ], [ 84.67682, 27.16254 ], [ 84.67726, 27.16646 ], [ 84.68012, 27.16737 ], [ 84.6808, 27.16878 ], [ 84.67975, 27.17022 ], [ 84.67599, 27.16961 ], [ 84.67516, 27.17089 ], [ 84.676, 27.17223 ], [ 84.68069, 27.17523 ], [ 84.68221, 27.17749 ], [ 84.68359, 27.1779 ], [ 84.68164, 27.17881 ], [ 84.68139, 27.18003 ], [ 84.68518, 27.18051 ], [ 84.68504, 27.18142 ], [ 84.68346, 27.18207 ], [ 84.68431, 27.18303 ], [ 84.68383, 27.18411 ], [ 84.68126, 27.18344 ], [ 84.68068, 27.18434 ], [ 84.68147, 27.18583 ], [ 84.67959, 27.18495 ], [ 84.67912, 27.18565 ], [ 84.68178, 27.18839 ], [ 84.68345, 27.19657 ], [ 84.68287, 27.19824 ], [ 84.68102, 27.19934 ], [ 84.68043, 27.20065 ], [ 84.68339, 27.20356 ], [ 84.68405, 27.20574 ], [ 84.68564, 27.20634 ], [ 84.68567, 27.20839 ], [ 84.68717, 27.20907 ], [ 84.68689, 27.21054 ], [ 84.68595, 27.21062 ], [ 84.68459, 27.21301 ], [ 84.68671, 27.21326 ], [ 84.68755, 27.21507 ], [ 84.69086, 27.21497 ], [ 84.68937, 27.2182 ], [ 84.68945, 27.22347 ], [ 84.68693, 27.22397 ], [ 84.68512, 27.22643 ], [ 84.68558, 27.22899 ], [ 84.68348, 27.23205 ], [ 84.68183, 27.23663 ], [ 84.68105, 27.23694 ], [ 84.649, 27.29593 ], [ 84.63201, 27.32309 ], [ 84.62226, 27.33629 ], [ 84.6183, 27.3378 ], [ 84.6096, 27.33663 ], [ 84.60765, 27.33537 ], [ 84.60148, 27.33868 ], [ 84.58637, 27.34129 ], [ 84.58478, 27.34233 ], [ 84.58121, 27.34269 ], [ 84.56492, 27.34752 ], [ 84.55338, 27.34909 ], [ 84.54759, 27.3486 ], [ 84.53818, 27.35044 ], [ 84.53349, 27.35011 ], [ 84.52291, 27.35227 ], [ 84.52069, 27.35365 ], [ 84.51803, 27.35261 ], [ 84.5153, 27.35276 ], [ 84.51257, 27.35319 ], [ 84.51027, 27.35453 ], [ 84.50362, 27.35465 ], [ 84.5023, 27.35576 ], [ 84.49876, 27.35581 ], [ 84.48577, 27.35851 ], [ 84.47631, 27.36248 ], [ 84.47534, 27.36217 ], [ 84.47298, 27.35864 ], [ 84.47208, 27.35549 ], [ 84.46951, 27.35517 ], [ 84.466, 27.35675 ], [ 84.46464, 27.35972 ], [ 84.46175, 27.35933 ], [ 84.45861, 27.36082 ], [ 84.45764, 27.3621 ], [ 84.44634, 27.36372 ], [ 84.44457, 27.36511 ], [ 84.44377, 27.36859 ], [ 84.44108, 27.37019 ], [ 84.43522, 27.36952 ], [ 84.4306, 27.37114 ], [ 84.42799, 27.37085 ], [ 84.42414, 27.37196 ], [ 84.42024, 27.36985 ], [ 84.41392, 27.37076 ], [ 84.41026, 27.36849 ], [ 84.40597, 27.37036 ], [ 84.40043, 27.37017 ], [ 84.3987, 27.36943 ], [ 84.39694, 27.37035 ], [ 84.39173, 27.36815 ], [ 84.38751, 27.37232 ], [ 84.37274, 27.37662 ], [ 84.37159, 27.37525 ], [ 84.35603, 27.37343 ], [ 84.34796, 27.37416 ], [ 84.3377, 27.3778 ], [ 84.33248, 27.37738 ], [ 84.32853, 27.38021 ], [ 84.32391, 27.38037 ], [ 84.32217, 27.38151 ], [ 84.31743, 27.38212 ], [ 84.31367, 27.3852 ], [ 84.31047, 27.38672 ], [ 84.30456, 27.38786 ], [ 84.30046, 27.39041 ], [ 84.29755, 27.38881 ], [ 84.29477, 27.3844 ], [ 84.29203, 27.38481 ], [ 84.28878, 27.38769 ], [ 84.28705, 27.39041 ], [ 84.28523, 27.39147 ], [ 84.28438, 27.39461 ], [ 84.28238, 27.39651 ], [ 84.2763, 27.39563 ], [ 84.27544, 27.40105 ], [ 84.27723, 27.40283 ], [ 84.27905, 27.40666 ], [ 84.27747, 27.40975 ], [ 84.27806, 27.41563 ], [ 84.27348, 27.42132 ], [ 84.27223, 27.42581 ], [ 84.2725, 27.4288 ], [ 84.26792, 27.43165 ], [ 84.26593, 27.43444 ], [ 84.26181, 27.43547 ], [ 84.25855, 27.43874 ], [ 84.25813, 27.44111 ], [ 84.25938, 27.4458 ], [ 84.25464, 27.44936 ], [ 84.25415, 27.45206 ], [ 84.25054, 27.45344 ], [ 84.24602, 27.45305 ], [ 84.24402, 27.45467 ], [ 84.23906, 27.45251 ], [ 84.23507, 27.45376 ], [ 84.23158, 27.45628 ], [ 84.2269, 27.45103 ], [ 84.22393, 27.45037 ], [ 84.22082, 27.44763 ], [ 84.22088, 27.44275 ], [ 84.21943, 27.44039 ], [ 84.21641, 27.44152 ], [ 84.21244, 27.44121 ], [ 84.20844, 27.44258 ], [ 84.20652, 27.44659 ], [ 84.20822, 27.4529 ], [ 84.20726, 27.4542 ], [ 84.20768, 27.45627 ], [ 84.20378, 27.45957 ], [ 84.20874, 27.46535 ], [ 84.20572, 27.46966 ], [ 84.20158, 27.47069 ], [ 84.19949, 27.47209 ], [ 84.19574, 27.47192 ], [ 84.19438, 27.47325 ], [ 84.19102, 27.46922 ], [ 84.18862, 27.47209 ], [ 84.18398, 27.47245 ], [ 84.17981, 27.47475 ], [ 84.17875, 27.4739 ], [ 84.17597, 27.4738 ], [ 84.17365, 27.47541 ], [ 84.17146, 27.47568 ], [ 84.171, 27.47909 ], [ 84.16742, 27.47963 ], [ 84.16706, 27.4818 ], [ 84.16353, 27.4838 ], [ 84.15973, 27.48457 ], [ 84.15763, 27.48361 ], [ 84.1536, 27.48402 ], [ 84.15182, 27.48603 ], [ 84.14881, 27.48593 ], [ 84.14873, 27.489 ], [ 84.1453, 27.49286 ], [ 84.14613, 27.49548 ], [ 84.14432, 27.4969 ], [ 84.14984, 27.50091 ], [ 84.14824, 27.50301 ], [ 84.14931, 27.50433 ], [ 84.14859, 27.50576 ], [ 84.14951, 27.50694 ], [ 84.14918, 27.50933 ], [ 84.15118, 27.51016 ], [ 84.14979, 27.51248 ], [ 84.15099, 27.51643 ], [ 84.14715, 27.51725 ], [ 84.14579, 27.51879 ], [ 84.1436, 27.51709 ], [ 84.14151, 27.51794 ], [ 84.13822, 27.51762 ], [ 84.13691, 27.51611 ], [ 84.13463, 27.51464 ], [ 84.1336, 27.51496 ], [ 84.12972, 27.5119 ], [ 84.12407, 27.51105 ], [ 84.11742, 27.51367 ], [ 84.11655, 27.51926 ], [ 84.11376, 27.51928 ], [ 84.11256, 27.52005 ], [ 84.11081, 27.51941 ], [ 84.10854, 27.52173 ], [ 84.10505, 27.52081 ], [ 84.10071, 27.51774 ], [ 84.09775, 27.51721 ], [ 84.09754, 27.51552 ], [ 84.0989, 27.51354 ], [ 84.09965, 27.5104 ], [ 84.09843, 27.50807 ], [ 84.09862, 27.50557 ], [ 84.09709, 27.50501 ], [ 84.0986, 27.5025 ], [ 84.09536, 27.48958 ], [ 84.09361, 27.48863 ], [ 84.09133, 27.48884 ], [ 84.09079, 27.48608 ], [ 84.08955, 27.48629 ], [ 84.08393, 27.48324 ], [ 84.07804, 27.48403 ], [ 84.07271, 27.4805 ], [ 84.07155, 27.48059 ], [ 84.07138, 27.48162 ], [ 84.07065, 27.48173 ], [ 84.06895, 27.47935 ], [ 84.0681, 27.47625 ], [ 84.06833, 27.47342 ], [ 84.06716, 27.47226 ], [ 84.06658, 27.46964 ], [ 84.06198, 27.46693 ], [ 84.06208, 27.46521 ], [ 84.06069, 27.46197 ], [ 84.05842, 27.46121 ], [ 84.05921, 27.45844 ], [ 84.06152, 27.45698 ], [ 84.06166, 27.45589 ], [ 84.06086, 27.45466 ], [ 84.05832, 27.45372 ], [ 84.0584, 27.45206 ], [ 84.05744, 27.45098 ], [ 84.05459, 27.44938 ], [ 84.05198, 27.44274 ], [ 84.04356, 27.44333 ], [ 84.0432, 27.44232 ], [ 84.03879, 27.44269 ], [ 84.03553, 27.44086 ], [ 84.03161, 27.44162 ], [ 84.03093, 27.439 ], [ 84.02773, 27.43976 ], [ 84.0258, 27.43843 ], [ 84.02737, 27.43546 ], [ 84.0271, 27.43363 ], [ 84.02539, 27.43396 ], [ 84.02262, 27.43304 ], [ 84.01852, 27.43604 ], [ 84.01674, 27.43465 ], [ 84.01569, 27.43476 ], [ 84.01182, 27.43884 ], [ 84.00914, 27.43762 ], [ 84.0075, 27.4405 ], [ 84.00518, 27.43968 ], [ 84.00591, 27.44131 ], [ 84.00513, 27.44222 ], [ 84.00371, 27.44131 ], [ 84.00229, 27.44216 ], [ 84.0016, 27.44032 ], [ 83.99869, 27.44213 ], [ 83.99802, 27.44064 ], [ 83.99695, 27.44367 ], [ 83.99729, 27.44541 ], [ 83.99607, 27.44615 ], [ 83.99455, 27.44607 ], [ 83.99153, 27.44417 ], [ 83.9839, 27.44385 ], [ 83.97746, 27.4393 ], [ 83.97771, 27.44244 ], [ 83.97488, 27.44291 ], [ 83.97254, 27.44207 ], [ 83.96962, 27.4447 ], [ 83.966, 27.44658 ], [ 83.96467, 27.44624 ], [ 83.96248, 27.44396 ], [ 83.96024, 27.44426 ], [ 83.95772, 27.44306 ], [ 83.94584, 27.44115 ], [ 83.94309, 27.44348 ], [ 83.94413, 27.44597 ], [ 83.94209, 27.44772 ], [ 83.93924, 27.44887 ], [ 83.93572, 27.44827 ], [ 83.93111, 27.44956 ], [ 83.91335, 27.44142 ], [ 83.90715, 27.43959 ], [ 83.88225, 27.4351 ], [ 83.86926, 27.42964 ], [ 83.86735, 27.42753 ], [ 83.86732, 27.42465 ], [ 83.87014, 27.41811 ], [ 83.87136, 27.41245 ], [ 83.87548, 27.40566 ], [ 83.87273, 27.39234 ], [ 83.89353, 27.38973 ], [ 83.90515, 27.38972 ], [ 83.90626, 27.38292 ], [ 83.90341, 27.37645 ], [ 83.89922, 27.37198 ], [ 83.89724, 27.37014 ], [ 83.89202, 27.36771 ], [ 83.89127, 27.36271 ], [ 83.88779, 27.35953 ], [ 83.88772, 27.35836 ], [ 83.88453, 27.35781 ], [ 83.88116, 27.35519 ], [ 83.87132, 27.35177 ], [ 83.86592, 27.34768 ], [ 83.86267, 27.34664 ], [ 83.82989, 27.37029 ], [ 83.61457, 27.46956 ], [ 83.38874, 27.47964 ], [ 83.38961, 27.47847 ], [ 83.39182, 27.47778 ], [ 83.3923, 27.47643 ], [ 83.3889, 27.47313 ], [ 83.38855, 27.47067 ], [ 83.39058, 27.47114 ], [ 83.394, 27.46954 ], [ 83.3955, 27.46967 ], [ 83.39545, 27.46677 ], [ 83.39792, 27.46556 ], [ 83.39934, 27.46569 ], [ 83.40128, 27.46729 ], [ 83.40249, 27.46634 ], [ 83.39973, 27.46359 ], [ 83.39986, 27.45996 ], [ 83.40187, 27.45762 ], [ 83.39864, 27.44904 ], [ 83.39596, 27.44666 ], [ 83.39154, 27.44676 ], [ 83.38993, 27.44488 ], [ 83.38386, 27.44237 ], [ 83.38403, 27.44086 ], [ 83.38541, 27.44075 ], [ 83.38632, 27.4393 ], [ 83.38418, 27.43618 ], [ 83.38695, 27.43268 ], [ 83.39173, 27.42975 ], [ 83.39156, 27.42783 ], [ 83.39317, 27.42469 ], [ 83.39469, 27.42408 ], [ 83.39574, 27.42251 ], [ 83.40103, 27.42092 ], [ 83.40095, 27.4202 ], [ 83.39948, 27.42008 ], [ 83.3997, 27.41911 ], [ 83.40231, 27.41964 ], [ 83.40551, 27.4188 ], [ 83.40707, 27.41529 ], [ 83.40932, 27.41495 ], [ 83.40953, 27.41264 ], [ 83.40635, 27.41189 ], [ 83.40653, 27.40923 ], [ 83.40548, 27.40549 ], [ 83.40238, 27.4009 ], [ 83.39975, 27.39854 ], [ 83.39745, 27.398 ], [ 83.39655, 27.39604 ], [ 83.39256, 27.39569 ], [ 83.38825, 27.39164 ], [ 83.38476, 27.39036 ], [ 83.385, 27.38594 ], [ 83.38799, 27.38372 ], [ 83.38639, 27.38053 ], [ 83.38804, 27.37587 ], [ 83.38278, 27.37096 ], [ 83.37472, 27.36995 ], [ 83.37229, 27.36493 ], [ 83.374, 27.36021 ], [ 83.3737, 27.35729 ], [ 83.36963, 27.35815 ], [ 83.36798, 27.35575 ], [ 83.36602, 27.35525 ], [ 83.36451, 27.35577 ], [ 83.36141, 27.35245 ], [ 83.35789, 27.35076 ], [ 83.35919, 27.34815 ], [ 83.35914, 27.34325 ], [ 83.35587, 27.34461 ], [ 83.35109, 27.34261 ], [ 83.35087, 27.34167 ], [ 83.35268, 27.34062 ], [ 83.35237, 27.33998 ], [ 83.34958, 27.33992 ], [ 83.3467, 27.33844 ], [ 83.34398, 27.33821 ], [ 83.34316, 27.33506 ], [ 83.33971, 27.33423 ], [ 83.3375, 27.3328 ], [ 83.33492, 27.33369 ], [ 83.33168, 27.3327 ], [ 83.32885, 27.33443 ], [ 83.32694, 27.33407 ], [ 83.32506, 27.33525 ], [ 83.32445, 27.33681 ], [ 83.32318, 27.33637 ], [ 83.31787, 27.33732 ], [ 83.31856, 27.33592 ], [ 83.31651, 27.33471 ], [ 83.31543, 27.33284 ], [ 83.31772, 27.33101 ], [ 83.31748, 27.33015 ], [ 83.31567, 27.3314 ], [ 83.30804, 27.33355 ], [ 83.3047, 27.33139 ], [ 83.30043, 27.33445 ], [ 83.29466, 27.33337 ], [ 83.2943, 27.3349 ], [ 83.29155, 27.33499 ], [ 83.29251, 27.33637 ], [ 83.27272, 27.35264 ], [ 83.26556, 27.36554 ], [ 83.27221, 27.38361 ], [ 83.24004, 27.40653 ], [ 83.22609, 27.41166 ], [ 83.21758, 27.41729 ], [ 83.21044, 27.42432 ], [ 83.19593, 27.44607 ], [ 83.1878, 27.45441 ], [ 83.17543, 27.45536 ], [ 83.16881, 27.45727 ], [ 83.16443, 27.45763 ], [ 83.07479, 27.45278 ], [ 83.06831, 27.45132 ], [ 83.03408, 27.44886 ] ], [ [ 83.98984, 29.29635 ], [ 83.98985, 29.29672 ], [ 83.98987, 29.29837 ], [ 83.98984, 29.29635 ] ] ] } }
]
}
