{
"type": "FeatureCollection",
"crs": { "type": "name", "properties": { "name": "urn:ogc:def:crs:OGC::CRS84" } },
"features": [
{ "type": "Feature", "properties": { "fid": 66, "STATE_CODE": 1.0, "DISTRICT": "SUNSARI", "GaPa_NaPa": "Gadhi", "Type_GN": "Gaunpalika", "Province": "1" }, "geometry": { "type": "Polygon", "coordinates": [ [ [ 87.25753, 26.62948 ], [ 87.25614, 26.62785 ], [ 87.25576, 26.62677 ], [ 87.25525, 26.62418 ], [ 87.25484, 26.62356 ], [ 87.2543, 26.62196 ], [ 87.25348, 26.6182 ], [ 87.25373, 26.61761 ], [ 87.25595, 26.61707 ], [ 87.25998, 26.61556 ], [ 87.26001, 26.61531 ], [ 87.25897, 26.61374 ], [ 87.25777, 26.61143 ], [ 87.25744, 26.61039 ], [ 87.25736, 26.60913 ], [ 87.25695, 26.60855 ], [ 87.25682, 26.60803 ], [ 87.25636, 26.60768 ], [ 87.25616, 26.60641 ], [ 87.25549, 26.60592 ], [ 87.2549, 26.60584 ], [ 87.25345, 26.60512 ], [ 87.25327, 26.60479 ], [ 87.25333, 26.60376 ], [ 87.25306, 26.60294 ], [ 87.25204, 26.60208 ], [ 87.25153, 26.60211 ], [ 87.25124, 26.60193 ], [ 87.25027, 26.59987 ], [ 87.24841, 26.59846 ], [ 87.24716, 26.59705 ], [ 87.24665, 26.59722 ], [ 87.24614, 26.59714 ], [ 87.24339, 26.59528 ], [ 87.24117, 26.59267 ], [ 87.23956, 26.59029 ], [ 87.23861, 26.58991 ], [ 87.23819, 26.58949 ], [ 87.23776, 26.58931 ], [ 87.23653, 26.58958 ], [ 87.23544, 26.58711 ], [ 87.23491, 26.58689 ], [ 87.23461, 26.58645 ], [ 87.23277, 26.58532 ], [ 87.23197, 26.58401 ], [ 87.23047, 26.58257 ], [ 87.23009, 26.582 ], [ 87.22977, 26.58184 ], [ 87.22941, 26.58092 ], [ 87.22819, 26.5792 ], [ 87.22746, 26.57673 ], [ 87.22692, 26.5756 ], [ 87.22694, 26.57502 ], [ 87.22665, 26.57445 ], [ 87.22537, 26.5741 ], [ 87.22476, 26.57369 ], [ 87.22423, 26.57371 ], [ 87.22368, 26.5731 ], [ 87.22287, 26.57357 ], [ 87.22236, 26.57305 ], [ 87.22194, 26.57288 ], [ 87.22084, 26.57287 ], [ 87.21843, 26.57133 ], [ 87.21663, 26.56981 ], [ 87.21442, 26.56929 ], [ 87.21254, 26.56773 ], [ 87.21143, 26.56625 ], [ 87.21081, 26.56575 ], [ 87.20994, 26.56552 ], [ 87.2095, 26.56443 ], [ 87.20855, 26.56425 ], [ 87.20819, 26.564 ], [ 87.20735, 26.56302 ], [ 87.20663, 26.56124 ], [ 87.20589, 26.56095 ], [ 87.20443, 26.55982 ], [ 87.20572, 26.55797 ], [ 87.20762, 26.55593 ], [ 87.20805, 26.55576 ], [ 87.20883, 26.55606 ], [ 87.20953, 26.55597 ], [ 87.21055, 26.55641 ], [ 87.21106, 26.55642 ], [ 87.21176, 26.55598 ], [ 87.21185, 26.55554 ], [ 87.2126, 26.55447 ], [ 87.21262, 26.55325 ], [ 87.21239, 26.5529 ], [ 87.21223, 26.55206 ], [ 87.21242, 26.5516 ], [ 87.21351, 26.55093 ], [ 87.21357, 26.55061 ], [ 87.21283, 26.54994 ], [ 87.21237, 26.54842 ], [ 87.21159, 26.54805 ], [ 87.21, 26.54786 ], [ 87.20989, 26.54771 ], [ 87.20998, 26.5473 ], [ 87.20956, 26.54698 ], [ 87.2098, 26.54644 ], [ 87.20937, 26.5459 ], [ 87.20889, 26.54452 ], [ 87.20928, 26.54368 ], [ 87.20922, 26.54307 ], [ 87.20964, 26.54245 ], [ 87.21051, 26.54255 ], [ 87.21111, 26.54241 ], [ 87.21179, 26.54255 ], [ 87.21229, 26.54244 ], [ 87.21317, 26.54203 ], [ 87.21374, 26.54138 ], [ 87.21375, 26.54039 ], [ 87.21322, 26.53975 ], [ 87.21299, 26.53914 ], [ 87.21331, 26.53876 ], [ 87.21333, 26.53769 ], [ 87.21361, 26.53722 ], [ 87.21315, 26.5371 ], [ 87.21277, 26.53675 ], [ 87.21219, 26.53689 ], [ 87.21162, 26.53652 ], [ 87.2113, 26.53661 ], [ 87.2106, 26.53646 ], [ 87.21018, 26.53567 ], [ 87.21027, 26.53529 ], [ 87.2107, 26.53512 ], [ 87.21084, 26.53489 ], [ 87.21089, 26.53413 ], [ 87.21127, 26.53387 ], [ 87.21297, 26.53351 ], [ 87.21331, 26.53275 ], [ 87.21444, 26.53153 ], [ 87.2151, 26.53121 ], [ 87.21589, 26.53112 ], [ 87.21534, 26.52996 ], [ 87.2152, 26.52911 ], [ 87.21494, 26.52858 ], [ 87.21351, 26.52764 ], [ 87.21268, 26.52656 ], [ 87.21339, 26.52573 ], [ 87.21305, 26.52496 ], [ 87.21307, 26.52466 ], [ 87.21354, 26.52386 ], [ 87.21329, 26.52309 ], [ 87.21334, 26.52279 ], [ 87.2143, 26.52197 ], [ 87.21455, 26.52121 ], [ 87.2142, 26.52022 ], [ 87.2142, 26.5196 ], [ 87.21531, 26.51812 ], [ 87.21484, 26.51755 ], [ 87.21479, 26.51655 ], [ 87.21498, 26.51619 ], [ 87.21483, 26.51596 ], [ 87.21447, 26.51602 ], [ 87.21375, 26.51655 ], [ 87.21341, 26.51659 ], [ 87.21258, 26.51603 ], [ 87.21244, 26.51561 ], [ 87.21174, 26.51513 ], [ 87.21159, 26.5147 ], [ 87.21119, 26.51466 ], [ 87.2109, 26.51443 ], [ 87.21041, 26.51449 ], [ 87.21118, 26.51167 ], [ 87.21051, 26.50983 ], [ 87.20969, 26.50886 ], [ 87.20997, 26.50806 ], [ 87.20989, 26.50689 ], [ 87.21019, 26.50663 ], [ 87.20952, 26.50559 ], [ 87.20897, 26.50416 ], [ 87.20878, 26.50318 ], [ 87.20826, 26.50249 ], [ 87.20832, 26.50213 ], [ 87.2078, 26.50167 ], [ 87.20725, 26.50151 ], [ 87.20629, 26.50153 ], [ 87.20513, 26.50108 ], [ 87.2029, 26.50086 ], [ 87.20223, 26.50032 ], [ 87.20135, 26.49989 ], [ 87.19735, 26.49875 ], [ 87.19501, 26.49894 ], [ 87.19519, 26.50057 ], [ 87.1942, 26.50169 ], [ 87.19305, 26.50349 ], [ 87.19261, 26.50654 ], [ 87.19168, 26.50913 ], [ 87.19154, 26.51135 ], [ 87.19242, 26.51431 ], [ 87.19246, 26.51515 ], [ 87.19278, 26.51599 ], [ 87.19265, 26.51634 ], [ 87.19116, 26.51644 ], [ 87.18916, 26.51618 ], [ 87.18883, 26.51377 ], [ 87.18817, 26.51108 ], [ 87.18764, 26.50982 ], [ 87.18745, 26.50953 ], [ 87.18697, 26.50926 ], [ 87.18586, 26.50921 ], [ 87.18514, 26.50898 ], [ 87.18461, 26.50936 ], [ 87.18371, 26.50935 ], [ 87.18524, 26.51051 ], [ 87.18695, 26.5125 ], [ 87.18748, 26.5135 ], [ 87.1873, 26.51409 ], [ 87.1846, 26.51583 ], [ 87.18383, 26.5162 ], [ 87.18174, 26.51676 ], [ 87.17927, 26.51815 ], [ 87.17876, 26.51822 ], [ 87.17797, 26.51809 ], [ 87.17764, 26.51728 ], [ 87.17702, 26.51642 ], [ 87.17665, 26.51539 ], [ 87.17549, 26.51406 ], [ 87.17452, 26.51216 ], [ 87.17419, 26.51061 ], [ 87.17362, 26.51015 ], [ 87.17277, 26.51011 ], [ 87.17202, 26.50986 ], [ 87.16921, 26.50688 ], [ 87.16756, 26.50625 ], [ 87.16843, 26.50315 ], [ 87.16854, 26.50199 ], [ 87.16616, 26.50232 ], [ 87.16522, 26.50214 ], [ 87.16369, 26.50214 ], [ 87.16339, 26.50192 ], [ 87.16284, 26.50194 ], [ 87.16311, 26.50246 ], [ 87.16279, 26.50332 ], [ 87.1631, 26.50521 ], [ 87.16252, 26.50601 ], [ 87.16234, 26.50693 ], [ 87.16145, 26.50666 ], [ 87.16109, 26.50725 ], [ 87.16121, 26.50782 ], [ 87.1622, 26.50876 ], [ 87.16243, 26.50926 ], [ 87.1622, 26.50953 ], [ 87.16143, 26.50953 ], [ 87.16115, 26.50975 ], [ 87.16126, 26.51023 ], [ 87.16185, 26.51081 ], [ 87.16187, 26.51127 ], [ 87.16152, 26.51144 ], [ 87.1607, 26.51138 ], [ 87.16055, 26.51166 ], [ 87.16067, 26.51195 ], [ 87.16318, 26.51443 ], [ 87.16293, 26.51456 ], [ 87.16242, 26.51435 ], [ 87.1622, 26.51465 ], [ 87.1625, 26.51498 ], [ 87.16337, 26.51537 ], [ 87.16337, 26.51567 ], [ 87.16277, 26.5163 ], [ 87.16357, 26.5168 ], [ 87.16361, 26.51697 ], [ 87.16306, 26.51743 ], [ 87.16299, 26.51766 ], [ 87.16331, 26.51802 ], [ 87.16397, 26.51807 ], [ 87.16408, 26.5183 ], [ 87.16284, 26.51865 ], [ 87.1621, 26.51748 ], [ 87.16155, 26.51706 ], [ 87.16095, 26.51732 ], [ 87.15891, 26.51774 ], [ 87.15738, 26.51765 ], [ 87.15508, 26.51835 ], [ 87.15417, 26.51835 ], [ 87.15423, 26.51884 ], [ 87.15406, 26.51953 ], [ 87.15329, 26.52001 ], [ 87.15329, 26.52029 ], [ 87.15366, 26.52068 ], [ 87.15356, 26.521 ], [ 87.15326, 26.52127 ], [ 87.1529, 26.52134 ], [ 87.15239, 26.52105 ], [ 87.15217, 26.52115 ], [ 87.1523, 26.52149 ], [ 87.15285, 26.52201 ], [ 87.15272, 26.5223 ], [ 87.15132, 26.52241 ], [ 87.15114, 26.52269 ], [ 87.15112, 26.52321 ], [ 87.15071, 26.52353 ], [ 87.14959, 26.52297 ], [ 87.14927, 26.52318 ], [ 87.1487, 26.52316 ], [ 87.14762, 26.52543 ], [ 87.14753, 26.52658 ], [ 87.14646, 26.52831 ], [ 87.14663, 26.52951 ], [ 87.14755, 26.53101 ], [ 87.14751, 26.53124 ], [ 87.1471, 26.53164 ], [ 87.14712, 26.53215 ], [ 87.14839, 26.53333 ], [ 87.14996, 26.53418 ], [ 87.15123, 26.5346 ], [ 87.15171, 26.53506 ], [ 87.15269, 26.53845 ], [ 87.1524, 26.54143 ], [ 87.15219, 26.54208 ], [ 87.14996, 26.54718 ], [ 87.14909, 26.54836 ], [ 87.15069, 26.55017 ], [ 87.15045, 26.55095 ], [ 87.14985, 26.55608 ], [ 87.14923, 26.55799 ], [ 87.14918, 26.55873 ], [ 87.14944, 26.55935 ], [ 87.15007, 26.55971 ], [ 87.15066, 26.56065 ], [ 87.15372, 26.56402 ], [ 87.15372, 26.56435 ], [ 87.15304, 26.56451 ], [ 87.15204, 26.56502 ], [ 87.15197, 26.5652 ], [ 87.15335, 26.56583 ], [ 87.1539, 26.56672 ], [ 87.15489, 26.56739 ], [ 87.15453, 26.56837 ], [ 87.15507, 26.56996 ], [ 87.15496, 26.5704 ], [ 87.15564, 26.57103 ], [ 87.15582, 26.57165 ], [ 87.15568, 26.57186 ], [ 87.15466, 26.57204 ], [ 87.15484, 26.57266 ], [ 87.15476, 26.57333 ], [ 87.15518, 26.57348 ], [ 87.15688, 26.57355 ], [ 87.15722, 26.57324 ], [ 87.15787, 26.57351 ], [ 87.15842, 26.57399 ], [ 87.15776, 26.57445 ], [ 87.1577, 26.57483 ], [ 87.15784, 26.57529 ], [ 87.1582, 26.57545 ], [ 87.15897, 26.57503 ], [ 87.1594, 26.57429 ], [ 87.15993, 26.57452 ], [ 87.16031, 26.57427 ], [ 87.16052, 26.57444 ], [ 87.16056, 26.57477 ], [ 87.16088, 26.57494 ], [ 87.16113, 26.57483 ], [ 87.16114, 26.57431 ], [ 87.16131, 26.57424 ], [ 87.16188, 26.57445 ], [ 87.16226, 26.57422 ], [ 87.16277, 26.57463 ], [ 87.16315, 26.57444 ], [ 87.16359, 26.57457 ], [ 87.16467, 26.57546 ], [ 87.16548, 26.57588 ], [ 87.16624, 26.57684 ], [ 87.16669, 26.57717 ], [ 87.16766, 26.57704 ], [ 87.16775, 26.57675 ], [ 87.16809, 26.57649 ], [ 87.16886, 26.57659 ], [ 87.16975, 26.57619 ], [ 87.17145, 26.5762 ], [ 87.17162, 26.57639 ], [ 87.17158, 26.57694 ], [ 87.1727, 26.57771 ], [ 87.17257, 26.5781 ], [ 87.17266, 26.57856 ], [ 87.1735, 26.57994 ], [ 87.17485, 26.58121 ], [ 87.17545, 26.58138 ], [ 87.17558, 26.58088 ], [ 87.17662, 26.58026 ], [ 87.17747, 26.58135 ], [ 87.17759, 26.58235 ], [ 87.17787, 26.5826 ], [ 87.17828, 26.58195 ], [ 87.17828, 26.58149 ], [ 87.17887, 26.58159 ], [ 87.17932, 26.5813 ], [ 87.1796, 26.58151 ], [ 87.17959, 26.58174 ], [ 87.18, 26.58218 ], [ 87.18016, 26.58262 ], [ 87.18149, 26.58365 ], [ 87.18179, 26.58489 ], [ 87.182, 26.58518 ], [ 87.18462, 26.58576 ], [ 87.18489, 26.58617 ], [ 87.1853, 26.5864 ], [ 87.18555, 26.5863 ], [ 87.18551, 26.586 ], [ 87.18615, 26.58598 ], [ 87.18649, 26.58541 ], [ 87.18675, 26.58531 ], [ 87.18711, 26.58568 ], [ 87.18791, 26.58604 ], [ 87.18797, 26.58658 ], [ 87.18852, 26.58788 ], [ 87.18929, 26.5881 ], [ 87.18996, 26.58888 ], [ 87.19073, 26.58923 ], [ 87.19206, 26.5905 ], [ 87.19461, 26.59137 ], [ 87.19474, 26.59128 ], [ 87.19455, 26.59082 ], [ 87.19495, 26.59055 ], [ 87.19687, 26.59081 ], [ 87.19753, 26.59064 ], [ 87.19782, 26.59108 ], [ 87.19884, 26.5919 ], [ 87.19986, 26.59168 ], [ 87.20112, 26.59203 ], [ 87.20222, 26.59335 ], [ 87.20254, 26.59337 ], [ 87.20336, 26.59403 ], [ 87.20419, 26.59382 ], [ 87.2047, 26.59392 ], [ 87.20489, 26.59478 ], [ 87.20461, 26.59568 ], [ 87.20467, 26.59598 ], [ 87.20516, 26.5965 ], [ 87.20612, 26.59635 ], [ 87.20643, 26.59645 ], [ 87.20643, 26.59721 ], [ 87.20772, 26.59837 ], [ 87.20795, 26.59875 ], [ 87.20765, 26.59951 ], [ 87.20775, 26.60066 ], [ 87.20805, 26.60108 ], [ 87.20803, 26.6021 ], [ 87.20826, 26.60263 ], [ 87.209, 26.60292 ], [ 87.20946, 26.60398 ], [ 87.20963, 26.60404 ], [ 87.21263, 26.60316 ], [ 87.21339, 26.60275 ], [ 87.21371, 26.6028 ], [ 87.21422, 26.60325 ], [ 87.21501, 26.60319 ], [ 87.21577, 26.60352 ], [ 87.21768, 26.60387 ], [ 87.21831, 26.60423 ], [ 87.21865, 26.60483 ], [ 87.21846, 26.60533 ], [ 87.21975, 26.60678 ], [ 87.22008, 26.60765 ], [ 87.22097, 26.60761 ], [ 87.22333, 26.60798 ], [ 87.22386, 26.60772 ], [ 87.22527, 26.60606 ], [ 87.22614, 26.60642 ], [ 87.22662, 26.60706 ], [ 87.22671, 26.60744 ], [ 87.22658, 26.60782 ], [ 87.22685, 26.60828 ], [ 87.22706, 26.6092 ], [ 87.22706, 26.6105 ], [ 87.22727, 26.61079 ], [ 87.22745, 26.61186 ], [ 87.22796, 26.61261 ], [ 87.22792, 26.6133 ], [ 87.22846, 26.61429 ], [ 87.22844, 26.61471 ], [ 87.22878, 26.61485 ], [ 87.23203, 26.6139 ], [ 87.23265, 26.61394 ], [ 87.23305, 26.61494 ], [ 87.23497, 26.61768 ], [ 87.23469, 26.61798 ], [ 87.23165, 26.61889 ], [ 87.23099, 26.61971 ], [ 87.22982, 26.62067 ], [ 87.22833, 26.62168 ], [ 87.22748, 26.62198 ], [ 87.2272, 26.62236 ], [ 87.22677, 26.62362 ], [ 87.22577, 26.62444 ], [ 87.22538, 26.62528 ], [ 87.2256, 26.62534 ], [ 87.22702, 26.62941 ], [ 87.22781, 26.6289 ], [ 87.22851, 26.62806 ], [ 87.22909, 26.62782 ], [ 87.22968, 26.62794 ], [ 87.23006, 26.62822 ], [ 87.23048, 26.62925 ], [ 87.23137, 26.63008 ], [ 87.23411, 26.62966 ], [ 87.23568, 26.62828 ], [ 87.23596, 26.62759 ], [ 87.23584, 26.62614 ], [ 87.23605, 26.62589 ], [ 87.23658, 26.62574 ], [ 87.23697, 26.62586 ], [ 87.23844, 26.62703 ], [ 87.24031, 26.62746 ], [ 87.24277, 26.62742 ], [ 87.24425, 26.6277 ], [ 87.24565, 26.62818 ], [ 87.24616, 26.62813 ], [ 87.24758, 26.62746 ], [ 87.24917, 26.62751 ], [ 87.24949, 26.62769 ], [ 87.25055, 26.6291 ], [ 87.25118, 26.62907 ], [ 87.25167, 26.62927 ], [ 87.25298, 26.63076 ], [ 87.25753, 26.62948 ] ] ] } },
{ "type": "Feature", "properties": { "fid": 181, "STATE_CODE": 2.0, "DISTRICT": "DHANUSHA", "GaPa_NaPa": "Dhanusadham", "Type_GN": "Nagarpalika", "Province": "2" }, "geometry": { "type": "Polygon", "coordinates": [ [ [ 86.05291, 26.96044 ], [ 86.05341, 26.9601 ], [ 86.05525, 26.96042 ], [ 86.05635, 26.9601 ], [ 86.05648, 26.9594 ], [ 86.05725, 26.95892 ], [ 86.05794, 26.95789 ], [ 86.05825, 26.95641 ], [ 86.05901, 26.95587 ], [ 86.06039, 26.95588 ], [ 86.06077, 26.95516 ], [ 86.06199, 26.95445 ], [ 86.06303, 26.95355 ], [ 86.06318, 26.95334 ], [ 86.06321, 26.95271 ], [ 86.06368, 26.95224 ], [ 86.06476, 26.95173 ], [ 86.06566, 26.95103 ], [ 86.06456, 26.94985 ], [ 86.06337, 26.94931 ], [ 86.06138, 26.94801 ], [ 86.06019, 26.94641 ], [ 86.05919, 26.9458 ], [ 86.05852, 26.94363 ], [ 86.0569, 26.94183 ], [ 86.05622, 26.94062 ], [ 86.05584, 26.93944 ], [ 86.05584, 26.93828 ], [ 86.05563, 26.93754 ], [ 86.05339, 26.93467 ], [ 86.05323, 26.93365 ], [ 86.05293, 26.93314 ], [ 86.05296, 26.93259 ], [ 86.05266, 26.93149 ], [ 86.053, 26.93037 ], [ 86.05402, 26.9287 ], [ 86.05382, 26.92564 ], [ 86.05414, 26.92339 ], [ 86.05393, 26.92242 ], [ 86.05394, 26.92113 ], [ 86.05474, 26.91988 ], [ 86.05518, 26.91873 ], [ 86.05524, 26.91816 ], [ 86.05499, 26.91681 ], [ 86.05519, 26.91531 ], [ 86.05485, 26.91468 ], [ 86.05405, 26.91452 ], [ 86.05375, 26.91396 ], [ 86.05399, 26.91329 ], [ 86.05447, 26.91284 ], [ 86.05353, 26.91229 ], [ 86.05312, 26.91094 ], [ 86.05415, 26.91041 ], [ 86.05517, 26.90913 ], [ 86.05675, 26.90889 ], [ 86.05698, 26.9087 ], [ 86.05704, 26.90788 ], [ 86.05674, 26.90741 ], [ 86.05683, 26.9071 ], [ 86.05654, 26.90674 ], [ 86.05549, 26.90627 ], [ 86.05541, 26.90566 ], [ 86.05556, 26.90526 ], [ 86.05656, 26.90464 ], [ 86.05907, 26.90421 ], [ 86.06054, 26.90322 ], [ 86.06197, 26.9015 ], [ 86.06328, 26.89934 ], [ 86.06376, 26.89478 ], [ 86.06407, 26.89398 ], [ 86.06427, 26.89272 ], [ 86.064, 26.89143 ], [ 86.06302, 26.88979 ], [ 86.06293, 26.88925 ], [ 86.06327, 26.88869 ], [ 86.06477, 26.88809 ], [ 86.06548, 26.88755 ], [ 86.06563, 26.88669 ], [ 86.0653, 26.88608 ], [ 86.0637, 26.88537 ], [ 86.0636, 26.88508 ], [ 86.0638, 26.88459 ], [ 86.06702, 26.88331 ], [ 86.06701, 26.88248 ], [ 86.06675, 26.882 ], [ 86.06673, 26.88155 ], [ 86.06698, 26.88106 ], [ 86.06851, 26.88017 ], [ 86.06945, 26.87933 ], [ 86.06972, 26.87887 ], [ 86.06968, 26.8779 ], [ 86.06932, 26.87739 ], [ 86.0688, 26.87715 ], [ 86.06801, 26.87732 ], [ 86.06717, 26.87706 ], [ 86.0661, 26.87575 ], [ 86.06593, 26.87527 ], [ 86.06594, 26.87422 ], [ 86.06624, 26.87377 ], [ 86.06757, 26.8731 ], [ 86.06796, 26.87268 ], [ 86.06809, 26.87106 ], [ 86.06949, 26.87065 ], [ 86.0702, 26.87026 ], [ 86.07046, 26.87003 ], [ 86.0707, 26.86926 ], [ 86.07274, 26.86882 ], [ 86.07496, 26.86747 ], [ 86.07566, 26.86623 ], [ 86.07622, 26.86475 ], [ 86.07657, 26.86144 ], [ 86.07693, 26.86087 ], [ 86.07798, 26.85988 ], [ 86.07903, 26.85955 ], [ 86.08069, 26.85965 ], [ 86.08206, 26.85852 ], [ 86.08394, 26.85728 ], [ 86.08557, 26.85645 ], [ 86.092, 26.8562 ], [ 86.09265, 26.85543 ], [ 86.09293, 26.85387 ], [ 86.0936, 26.85205 ], [ 86.09368, 26.85116 ], [ 86.09346, 26.84926 ], [ 86.09278, 26.8461 ], [ 86.09273, 26.84422 ], [ 86.09289, 26.84226 ], [ 86.09279, 26.84171 ], [ 86.0919, 26.84044 ], [ 86.09148, 26.83935 ], [ 86.08966, 26.83608 ], [ 86.08854, 26.83477 ], [ 86.08804, 26.83331 ], [ 86.08869, 26.83073 ], [ 86.09098, 26.82658 ], [ 86.09178, 26.82561 ], [ 86.09298, 26.82498 ], [ 86.09467, 26.82378 ], [ 86.09553, 26.82345 ], [ 86.09568, 26.82185 ], [ 86.09541, 26.82096 ], [ 86.09534, 26.81998 ], [ 86.09467, 26.81871 ], [ 86.09392, 26.81675 ], [ 86.09382, 26.81367 ], [ 86.09356, 26.81291 ], [ 86.09294, 26.81192 ], [ 86.0923, 26.80924 ], [ 86.09209, 26.80878 ], [ 86.09165, 26.8084 ], [ 86.09132, 26.8065 ], [ 86.09094, 26.80559 ], [ 86.09084, 26.80632 ], [ 86.0902, 26.80725 ], [ 86.08984, 26.80814 ], [ 86.09016, 26.80921 ], [ 86.09003, 26.80958 ], [ 86.09017, 26.81004 ], [ 86.09013, 26.81137 ], [ 86.08996, 26.81225 ], [ 86.08916, 26.8126 ], [ 86.08775, 26.81284 ], [ 86.08742, 26.81352 ], [ 86.08687, 26.814 ], [ 86.0863, 26.81565 ], [ 86.08535, 26.81744 ], [ 86.08407, 26.81865 ], [ 86.08283, 26.81914 ], [ 86.07902, 26.81913 ], [ 86.07745, 26.81935 ], [ 86.07576, 26.81995 ], [ 86.07432, 26.81994 ], [ 86.07235, 26.82032 ], [ 86.07014, 26.82037 ], [ 86.06772, 26.82001 ], [ 86.06728, 26.82057 ], [ 86.06679, 26.82085 ], [ 86.06554, 26.81921 ], [ 86.06489, 26.81711 ], [ 86.06432, 26.8161 ], [ 86.0637, 26.81257 ], [ 86.06325, 26.81155 ], [ 86.06236, 26.81093 ], [ 86.06135, 26.81057 ], [ 86.06118, 26.8111 ], [ 86.06129, 26.81284 ], [ 86.06149, 26.81357 ], [ 86.06124, 26.81448 ], [ 86.06147, 26.81524 ], [ 86.06236, 26.81677 ], [ 86.06237, 26.81711 ], [ 86.0623, 26.81724 ], [ 86.06148, 26.81727 ], [ 86.06105, 26.81823 ], [ 86.06011, 26.81867 ], [ 86.06008, 26.81979 ], [ 86.05974, 26.82046 ], [ 86.05976, 26.82121 ], [ 86.0596, 26.82152 ], [ 86.05931, 26.82115 ], [ 86.05901, 26.81868 ], [ 86.05879, 26.81822 ], [ 86.05436, 26.81433 ], [ 86.05404, 26.81421 ], [ 86.0526, 26.8144 ], [ 86.05182, 26.81381 ], [ 86.05119, 26.81272 ], [ 86.05077, 26.81159 ], [ 86.05058, 26.80897 ], [ 86.04991, 26.80701 ], [ 86.04952, 26.80651 ], [ 86.04484, 26.80589 ], [ 86.04146, 26.80696 ], [ 86.0401, 26.80774 ], [ 86.03879, 26.80775 ], [ 86.0377, 26.8075 ], [ 86.03748, 26.80736 ], [ 86.03749, 26.80716 ], [ 86.03782, 26.80673 ], [ 86.03806, 26.80601 ], [ 86.03782, 26.8047 ], [ 86.03808, 26.80265 ], [ 86.03714, 26.80206 ], [ 86.03513, 26.80129 ], [ 86.0344, 26.8011 ], [ 86.03288, 26.80119 ], [ 86.03245, 26.8014 ], [ 86.03201, 26.80205 ], [ 86.0323, 26.80299 ], [ 86.03258, 26.80357 ], [ 86.0339, 26.8053 ], [ 86.03608, 26.80918 ], [ 86.03705, 26.81257 ], [ 86.03703, 26.81393 ], [ 86.0366, 26.81519 ], [ 86.03585, 26.81603 ], [ 86.03292, 26.81677 ], [ 86.03154, 26.81737 ], [ 86.03095, 26.81855 ], [ 86.03086, 26.81939 ], [ 86.02989, 26.82172 ], [ 86.02949, 26.82217 ], [ 86.02874, 26.821 ], [ 86.02804, 26.81824 ], [ 86.02732, 26.8164 ], [ 86.02661, 26.81515 ], [ 86.02557, 26.8142 ], [ 86.02263, 26.81236 ], [ 86.02209, 26.81173 ], [ 86.02043, 26.81046 ], [ 86.01943, 26.81083 ], [ 86.01821, 26.81161 ], [ 86.01897, 26.8125 ], [ 86.01916, 26.81327 ], [ 86.01976, 26.81379 ], [ 86.01971, 26.81447 ], [ 86.02023, 26.81483 ], [ 86.02087, 26.81674 ], [ 86.02076, 26.81693 ], [ 86.02021, 26.81713 ], [ 86.02027, 26.81787 ], [ 86.01957, 26.81824 ], [ 86.01944, 26.8186 ], [ 86.01914, 26.81875 ], [ 86.0197, 26.8211 ], [ 86.0202, 26.82219 ], [ 86.021, 26.82356 ], [ 86.02152, 26.82414 ], [ 86.02218, 26.82541 ], [ 86.02288, 26.82615 ], [ 86.02405, 26.82681 ], [ 86.02496, 26.82711 ], [ 86.02668, 26.82866 ], [ 86.02744, 26.83356 ], [ 86.02603, 26.83384 ], [ 86.02383, 26.83482 ], [ 86.02167, 26.83542 ], [ 86.01846, 26.83684 ], [ 86.01722, 26.83755 ], [ 86.01505, 26.83796 ], [ 86.01329, 26.83851 ], [ 86.01317, 26.83882 ], [ 86.01235, 26.83924 ], [ 86.00606, 26.84053 ], [ 86.00415, 26.84118 ], [ 85.99985, 26.8432 ], [ 85.9999, 26.84508 ], [ 85.99934, 26.8468 ], [ 86.00003, 26.84836 ], [ 86.00144, 26.84906 ], [ 86.00216, 26.84888 ], [ 86.00273, 26.84841 ], [ 86.00378, 26.84849 ], [ 86.00427, 26.84875 ], [ 86.00477, 26.84928 ], [ 86.005, 26.84995 ], [ 86.00442, 26.85122 ], [ 86.00447, 26.8527 ], [ 86.00393, 26.85395 ], [ 86.00385, 26.85459 ], [ 86.00425, 26.85598 ], [ 86.00527, 26.85759 ], [ 86.00527, 26.86088 ], [ 86.0056, 26.86194 ], [ 86.00553, 26.86308 ], [ 86.0059, 26.86486 ], [ 86.00579, 26.86585 ], [ 86.00552, 26.8665 ], [ 86.00478, 26.86981 ], [ 86.00457, 26.87272 ], [ 86.0053, 26.87466 ], [ 86.00583, 26.87753 ], [ 86.00577, 26.88197 ], [ 86.00638, 26.88278 ], [ 86.00651, 26.88331 ], [ 86.00583, 26.88392 ], [ 86.00452, 26.88571 ], [ 86.00455, 26.88676 ], [ 86.00526, 26.88797 ], [ 86.00682, 26.88867 ], [ 86.00774, 26.88928 ], [ 86.00876, 26.89151 ], [ 86.00897, 26.89241 ], [ 86.00908, 26.89493 ], [ 86.00849, 26.89683 ], [ 86.00799, 26.89774 ], [ 86.00776, 26.89944 ], [ 86.00879, 26.90145 ], [ 86.01008, 26.90329 ], [ 86.01094, 26.90501 ], [ 86.01211, 26.90625 ], [ 86.01285, 26.90788 ], [ 86.01282, 26.9093 ], [ 86.01256, 26.91054 ], [ 86.01128, 26.9135 ], [ 86.01051, 26.91692 ], [ 86.01065, 26.91921 ], [ 86.01039, 26.92009 ], [ 86.01042, 26.92078 ], [ 86.01144, 26.92325 ], [ 86.01129, 26.92449 ], [ 86.0111, 26.92488 ], [ 86.01061, 26.92519 ], [ 86.00807, 26.92571 ], [ 86.00758, 26.92602 ], [ 86.0072, 26.92648 ], [ 86.00706, 26.92771 ], [ 86.00767, 26.92854 ], [ 86.00975, 26.92961 ], [ 86.01312, 26.93246 ], [ 86.0137, 26.93369 ], [ 86.01496, 26.93566 ], [ 86.01699, 26.93822 ], [ 86.01886, 26.94001 ], [ 86.021, 26.94099 ], [ 86.02163, 26.94144 ], [ 86.02224, 26.94206 ], [ 86.02348, 26.94395 ], [ 86.02512, 26.94516 ], [ 86.03026, 26.94674 ], [ 86.03249, 26.94826 ], [ 86.03325, 26.94809 ], [ 86.03519, 26.9481 ], [ 86.03608, 26.9479 ], [ 86.03655, 26.94733 ], [ 86.03668, 26.94652 ], [ 86.03642, 26.94562 ], [ 86.03664, 26.94526 ], [ 86.03607, 26.94458 ], [ 86.03606, 26.94432 ], [ 86.0373, 26.9437 ], [ 86.03807, 26.94464 ], [ 86.0383, 26.94535 ], [ 86.03872, 26.94585 ], [ 86.03877, 26.94667 ], [ 86.03905, 26.94757 ], [ 86.03828, 26.9511 ], [ 86.03764, 26.9521 ], [ 86.03751, 26.95268 ], [ 86.03751, 26.95296 ], [ 86.03813, 26.95415 ], [ 86.03859, 26.95429 ], [ 86.03948, 26.95415 ], [ 86.04245, 26.95679 ], [ 86.04446, 26.95686 ], [ 86.04448, 26.95726 ], [ 86.04424, 26.95751 ], [ 86.04267, 26.95798 ], [ 86.04262, 26.95817 ], [ 86.04291, 26.95858 ], [ 86.0433, 26.95884 ], [ 86.04397, 26.95892 ], [ 86.04471, 26.9595 ], [ 86.04554, 26.95941 ], [ 86.04581, 26.95952 ], [ 86.04787, 26.96129 ], [ 86.0485, 26.96253 ], [ 86.04907, 26.96319 ], [ 86.04988, 26.96316 ], [ 86.05134, 26.9624 ], [ 86.05291, 26.96044 ] ] ] } },
{ "type": "Feature", "properties": { "fid": 188, "STATE_CODE": 2.0, "DISTRICT": "DHANUSHA", "GaPa_NaPa": "Mithila", "Type_GN": "Nagarpalika", "Province": "2" }, "geometry": { "type": "Polygon", "coordinates": [ [ [ 85.914, 27.12966 ], [ 85.91476, 27.12966 ], [ 85.91586, 27.12915 ], [ 85.91791, 27.1293 ], [ 85.91894, 27.12906 ], [ 85.91982, 27.12868 ], [ 85.92082, 27.12786 ], [ 85.92106, 27.12741 ], [ 85.92156, 27.12713 ], [ 85.92477, 27.12658 ], [ 85.92914, 27.12553 ], [ 85.92985, 27.12528 ], [ 85.93065, 27.12459 ], [ 85.93377, 27.12347 ], [ 85.93801, 27.12136 ], [ 85.93806, 27.11859 ], [ 85.93605, 27.11275 ], [ 85.93578, 27.11013 ], [ 85.93703, 27.10631 ], [ 85.93818, 27.10413 ], [ 85.94068, 27.09852 ], [ 85.94176, 27.09657 ], [ 85.9431, 27.09475 ], [ 85.94334, 27.09368 ], [ 85.94397, 27.09239 ], [ 85.94401, 27.09201 ], [ 85.94455, 27.09138 ], [ 85.94626, 27.09058 ], [ 85.94663, 27.08945 ], [ 85.94774, 27.08929 ], [ 85.94779, 27.08843 ], [ 85.94796, 27.08815 ], [ 85.94867, 27.08795 ], [ 85.95037, 27.08811 ], [ 85.95086, 27.08775 ], [ 85.95096, 27.08644 ], [ 85.95039, 27.08554 ], [ 85.95023, 27.08485 ], [ 85.94978, 27.0844 ], [ 85.94983, 27.08395 ], [ 85.95189, 27.08383 ], [ 85.95326, 27.08346 ], [ 85.95394, 27.08366 ], [ 85.95455, 27.08409 ], [ 85.95549, 27.08417 ], [ 85.95752, 27.08291 ], [ 85.96025, 27.08064 ], [ 85.9619, 27.07977 ], [ 85.96208, 27.07901 ], [ 85.96167, 27.07725 ], [ 85.96179, 27.07626 ], [ 85.96274, 27.07438 ], [ 85.96327, 27.07293 ], [ 85.96365, 27.07293 ], [ 85.96522, 27.07378 ], [ 85.96569, 27.07344 ], [ 85.96593, 27.07291 ], [ 85.96605, 27.07131 ], [ 85.96677, 27.07034 ], [ 85.96667, 27.0698 ], [ 85.96618, 27.0694 ], [ 85.96604, 27.06907 ], [ 85.96631, 27.06793 ], [ 85.96603, 27.06758 ], [ 85.96595, 27.06712 ], [ 85.96789, 27.06514 ], [ 85.96831, 27.06338 ], [ 85.96922, 27.06188 ], [ 85.96957, 27.06096 ], [ 85.96932, 27.05875 ], [ 85.97038, 27.05704 ], [ 85.97058, 27.05643 ], [ 85.9705, 27.05574 ], [ 85.96969, 27.05383 ], [ 85.9697, 27.05337 ], [ 85.97014, 27.05212 ], [ 85.97154, 27.0498 ], [ 85.97392, 27.04755 ], [ 85.97475, 27.04516 ], [ 85.97542, 27.0441 ], [ 85.97617, 27.0432 ], [ 85.97729, 27.0423 ], [ 85.97746, 27.04165 ], [ 85.97813, 27.04084 ], [ 85.97921, 27.04 ], [ 85.98024, 27.03871 ], [ 85.98099, 27.03813 ], [ 85.98192, 27.03705 ], [ 85.98237, 27.03679 ], [ 85.98246, 27.03626 ], [ 85.98232, 27.03534 ], [ 85.98252, 27.03496 ], [ 85.98312, 27.03443 ], [ 85.98564, 27.03313 ], [ 85.98586, 27.03269 ], [ 85.98594, 27.03132 ], [ 85.98657, 27.03041 ], [ 85.98691, 27.0291 ], [ 85.98887, 27.02677 ], [ 85.99155, 27.02477 ], [ 85.99292, 27.02434 ], [ 85.99402, 27.02448 ], [ 85.99479, 27.02427 ], [ 85.99624, 27.02341 ], [ 85.9982, 27.02309 ], [ 85.99904, 27.02262 ], [ 85.99955, 27.02188 ], [ 86.00081, 27.02116 ], [ 86.00175, 27.02094 ], [ 86.00294, 27.02094 ], [ 86.0047, 27.02184 ], [ 86.00564, 27.02196 ], [ 86.00916, 27.02009 ], [ 86.01076, 27.02044 ], [ 86.01106, 27.01985 ], [ 86.01149, 27.01943 ], [ 86.01145, 27.0189 ], [ 86.01209, 27.01863 ], [ 86.01252, 27.01869 ], [ 86.01339, 27.01942 ], [ 86.01485, 27.02007 ], [ 86.01775, 27.01955 ], [ 86.01953, 27.01949 ], [ 86.02064, 27.01915 ], [ 86.02149, 27.01927 ], [ 86.02306, 27.02014 ], [ 86.02519, 27.02033 ], [ 86.02566, 27.017 ], [ 86.02603, 27.01647 ], [ 86.02616, 27.01593 ], [ 86.02665, 27.01557 ], [ 86.0271, 27.01473 ], [ 86.028, 27.01409 ], [ 86.02784, 27.01336 ], [ 86.02827, 27.013 ], [ 86.02836, 27.01256 ], [ 86.02879, 27.01212 ], [ 86.02853, 27.01179 ], [ 86.02882, 27.01103 ], [ 86.02871, 27.01072 ], [ 86.02725, 27.00995 ], [ 86.027, 27.00954 ], [ 86.02728, 27.0087 ], [ 86.02724, 27.00817 ], [ 86.02801, 27.00771 ], [ 86.02804, 27.00739 ], [ 86.02723, 27.007 ], [ 86.02721, 27.00665 ], [ 86.0274, 27.00644 ], [ 86.02732, 27.00614 ], [ 86.02658, 27.00581 ], [ 86.02631, 27.00517 ], [ 86.02591, 27.0048 ], [ 86.02578, 27.00434 ], [ 86.02659, 27.00412 ], [ 86.02745, 27.00338 ], [ 86.02833, 27.00289 ], [ 86.02818, 27.00252 ], [ 86.02723, 27.00171 ], [ 86.02696, 27.00129 ], [ 86.02721, 27.00096 ], [ 86.02768, 27.00093 ], [ 86.02788, 27.00076 ], [ 86.02737, 27.00047 ], [ 86.02734, 27.00004 ], [ 86.02808, 26.99952 ], [ 86.02783, 26.99881 ], [ 86.0286, 26.99814 ], [ 86.02825, 26.99732 ], [ 86.02829, 26.99687 ], [ 86.02864, 26.99641 ], [ 86.02949, 26.99611 ], [ 86.02981, 26.995 ], [ 86.03033, 26.99456 ], [ 86.03043, 26.99387 ], [ 86.03108, 26.99271 ], [ 86.03069, 26.99185 ], [ 86.02951, 26.99129 ], [ 86.0294, 26.99108 ], [ 86.02936, 26.99066 ], [ 86.02989, 26.9901 ], [ 86.02996, 26.989 ], [ 86.03062, 26.9888 ], [ 86.03071, 26.98864 ], [ 86.0299, 26.98731 ], [ 86.03009, 26.98596 ], [ 86.02981, 26.98575 ], [ 86.02885, 26.98619 ], [ 86.02846, 26.9869 ], [ 86.02821, 26.98702 ], [ 86.02761, 26.98698 ], [ 86.02614, 26.98647 ], [ 86.02558, 26.98609 ], [ 86.0256, 26.98516 ], [ 86.02505, 26.9845 ], [ 86.02483, 26.98367 ], [ 86.02371, 26.98231 ], [ 86.02374, 26.98151 ], [ 86.02329, 26.98039 ], [ 86.02409, 26.97915 ], [ 86.02401, 26.97572 ], [ 86.02481, 26.97416 ], [ 86.0246, 26.97362 ], [ 86.02327, 26.9726 ], [ 86.02316, 26.97221 ], [ 86.02323, 26.97197 ], [ 86.02464, 26.97047 ], [ 86.02362, 26.96937 ], [ 86.0234, 26.96878 ], [ 86.0244, 26.96737 ], [ 86.02462, 26.9646 ], [ 86.02494, 26.96438 ], [ 86.02646, 26.96408 ], [ 86.0274, 26.96367 ], [ 86.02747, 26.96297 ], [ 86.02856, 26.9613 ], [ 86.02954, 26.96069 ], [ 86.03056, 26.95968 ], [ 86.03148, 26.95926 ], [ 86.03232, 26.95858 ], [ 86.03252, 26.95821 ], [ 86.03249, 26.95719 ], [ 86.03229, 26.9567 ], [ 86.03171, 26.95632 ], [ 86.03112, 26.95668 ], [ 86.03061, 26.95647 ], [ 86.03031, 26.95595 ], [ 86.03036, 26.95554 ], [ 86.03073, 26.95499 ], [ 86.03212, 26.95485 ], [ 86.03234, 26.95464 ], [ 86.0321, 26.9536 ], [ 86.03238, 26.95243 ], [ 86.03303, 26.95143 ], [ 86.03368, 26.95083 ], [ 86.03397, 26.95008 ], [ 86.03396, 26.94962 ], [ 86.0322, 26.94801 ], [ 86.03026, 26.94674 ], [ 86.02562, 26.94536 ], [ 86.02428, 26.94465 ], [ 86.02348, 26.94395 ], [ 86.02224, 26.94206 ], [ 86.02163, 26.94144 ], [ 86.021, 26.94099 ], [ 86.01886, 26.94001 ], [ 86.01699, 26.93822 ], [ 86.01496, 26.93566 ], [ 86.0137, 26.93369 ], [ 86.01312, 26.93246 ], [ 86.00975, 26.92961 ], [ 86.00767, 26.92854 ], [ 86.00719, 26.92804 ], [ 86.00706, 26.92768 ], [ 86.0072, 26.92648 ], [ 86.00758, 26.92602 ], [ 86.00807, 26.92571 ], [ 86.01061, 26.92519 ], [ 86.0111, 26.92488 ], [ 86.01129, 26.92449 ], [ 86.01144, 26.92325 ], [ 86.01042, 26.92078 ], [ 86.01039, 26.92009 ], [ 86.01065, 26.91921 ], [ 86.01051, 26.91692 ], [ 86.01128, 26.9135 ], [ 86.01256, 26.91054 ], [ 86.01282, 26.9093 ], [ 86.01285, 26.90788 ], [ 86.01271, 26.90733 ], [ 86.01211, 26.90625 ], [ 86.01094, 26.90501 ], [ 86.01008, 26.90329 ], [ 86.00879, 26.90145 ], [ 86.00776, 26.89944 ], [ 86.00799, 26.89774 ], [ 86.00849, 26.89683 ], [ 86.00889, 26.89548 ], [ 86.0066, 26.89611 ], [ 86.00577, 26.89657 ], [ 86.00454, 26.8968 ], [ 86.00276, 26.89694 ], [ 86.00103, 26.89664 ], [ 86.00052, 26.89682 ], [ 85.99998, 26.8976 ], [ 85.99982, 26.89863 ], [ 86.00036, 26.89988 ], [ 86.00053, 26.90073 ], [ 86.00043, 26.90152 ], [ 86.00077, 26.90217 ], [ 86.00154, 26.90307 ], [ 86.00175, 26.90383 ], [ 86.00149, 26.9051 ], [ 85.99996, 26.90705 ], [ 85.99928, 26.90735 ], [ 85.99779, 26.90701 ], [ 85.99756, 26.90683 ], [ 85.99705, 26.90702 ], [ 85.99568, 26.90708 ], [ 85.99442, 26.90748 ], [ 85.9935, 26.90521 ], [ 85.99319, 26.90292 ], [ 85.99225, 26.9018 ], [ 85.9911, 26.89989 ], [ 85.99024, 26.89919 ], [ 85.98712, 26.89103 ], [ 85.98652, 26.89038 ], [ 85.98544, 26.88824 ], [ 85.98529, 26.88694 ], [ 85.98555, 26.88549 ], [ 85.98606, 26.88367 ], [ 85.98715, 26.88086 ], [ 85.98614, 26.8801 ], [ 85.98482, 26.87848 ], [ 85.98423, 26.87832 ], [ 85.98284, 26.87855 ], [ 85.98279, 26.87885 ], [ 85.98312, 26.8797 ], [ 85.98264, 26.88018 ], [ 85.97923, 26.88037 ], [ 85.9756, 26.88127 ], [ 85.97184, 26.88171 ], [ 85.97014, 26.88164 ], [ 85.96777, 26.8818 ], [ 85.96647, 26.87924 ], [ 85.9647, 26.87677 ], [ 85.96381, 26.87414 ], [ 85.96233, 26.87147 ], [ 85.96117, 26.87061 ], [ 85.95973, 26.86982 ], [ 85.9575, 26.8692 ], [ 85.95616, 26.86908 ], [ 85.95398, 26.86924 ], [ 85.95189, 26.86901 ], [ 85.95092, 26.8684 ], [ 85.94952, 26.86794 ], [ 85.94781, 26.86694 ], [ 85.94675, 26.86549 ], [ 85.94523, 26.8643 ], [ 85.94456, 26.86479 ], [ 85.94414, 26.86564 ], [ 85.94458, 26.86691 ], [ 85.94446, 26.86777 ], [ 85.94425, 26.86845 ], [ 85.94331, 26.86993 ], [ 85.94299, 26.87166 ], [ 85.9431, 26.87377 ], [ 85.94357, 26.87645 ], [ 85.94386, 26.87689 ], [ 85.94456, 26.87743 ], [ 85.94473, 26.87778 ], [ 85.9431, 26.87968 ], [ 85.94325, 26.8809 ], [ 85.94386, 26.88183 ], [ 85.94398, 26.88229 ], [ 85.94393, 26.8829 ], [ 85.9432, 26.88473 ], [ 85.94259, 26.88562 ], [ 85.94233, 26.88638 ], [ 85.94269, 26.88765 ], [ 85.9423, 26.88801 ], [ 85.94153, 26.88815 ], [ 85.94106, 26.88842 ], [ 85.94069, 26.88885 ], [ 85.94001, 26.89026 ], [ 85.93981, 26.89106 ], [ 85.93986, 26.89167 ], [ 85.94022, 26.89244 ], [ 85.93918, 26.89366 ], [ 85.93934, 26.8942 ], [ 85.93974, 26.89451 ], [ 85.94044, 26.89454 ], [ 85.941, 26.89485 ], [ 85.94092, 26.89577 ], [ 85.94029, 26.89637 ], [ 85.94016, 26.89677 ], [ 85.94088, 26.89739 ], [ 85.94156, 26.89859 ], [ 85.94159, 26.89995 ], [ 85.94103, 26.9004 ], [ 85.94038, 26.90062 ], [ 85.94019, 26.90091 ], [ 85.94023, 26.90236 ], [ 85.94099, 26.90364 ], [ 85.94023, 26.90476 ], [ 85.93807, 26.90678 ], [ 85.93761, 26.90807 ], [ 85.93804, 26.90915 ], [ 85.93737, 26.9101 ], [ 85.9377, 26.91079 ], [ 85.93782, 26.91164 ], [ 85.93864, 26.91255 ], [ 85.93884, 26.91395 ], [ 85.93947, 26.91421 ], [ 85.94037, 26.91429 ], [ 85.94057, 26.91479 ], [ 85.94012, 26.91519 ], [ 85.93613, 26.91546 ], [ 85.93382, 26.91612 ], [ 85.93079, 26.91776 ], [ 85.92834, 26.91936 ], [ 85.92701, 26.92263 ], [ 85.92595, 26.92388 ], [ 85.92566, 26.92466 ], [ 85.92556, 26.92688 ], [ 85.92527, 26.92787 ], [ 85.92553, 26.93163 ], [ 85.9259, 26.93387 ], [ 85.92518, 26.93459 ], [ 85.92446, 26.93451 ], [ 85.92344, 26.93409 ], [ 85.9223, 26.93318 ], [ 85.9208, 26.93241 ], [ 85.91884, 26.93197 ], [ 85.91765, 26.93188 ], [ 85.9168, 26.93156 ], [ 85.9146, 26.93062 ], [ 85.91301, 26.92962 ], [ 85.91269, 26.93142 ], [ 85.91274, 26.93219 ], [ 85.91331, 26.93352 ], [ 85.91445, 26.93462 ], [ 85.91427, 26.93623 ], [ 85.91464, 26.937 ], [ 85.91494, 26.93838 ], [ 85.91467, 26.93961 ], [ 85.91385, 26.94113 ], [ 85.91373, 26.94253 ], [ 85.91484, 26.94471 ], [ 85.91539, 26.94667 ], [ 85.91606, 26.94735 ], [ 85.91689, 26.94856 ], [ 85.9168, 26.94933 ], [ 85.91714, 26.95023 ], [ 85.91669, 26.95176 ], [ 85.91673, 26.95215 ], [ 85.91708, 26.95274 ], [ 85.91687, 26.95404 ], [ 85.91699, 26.95474 ], [ 85.91748, 26.95581 ], [ 85.91796, 26.95835 ], [ 85.91789, 26.95875 ], [ 85.91765, 26.95902 ], [ 85.91705, 26.95905 ], [ 85.91457, 26.959 ], [ 85.91343, 26.95879 ], [ 85.91206, 26.959 ], [ 85.90776, 26.95867 ], [ 85.90736, 26.95878 ], [ 85.90684, 26.95931 ], [ 85.90613, 26.96087 ], [ 85.90751, 26.9658 ], [ 85.9082, 26.96772 ], [ 85.90888, 26.97109 ], [ 85.90887, 26.97293 ], [ 85.90853, 26.97437 ], [ 85.90833, 26.97651 ], [ 85.90859, 26.97834 ], [ 85.90988, 26.98234 ], [ 85.91267, 26.98819 ], [ 85.91343, 26.99033 ], [ 85.91356, 26.99121 ], [ 85.9136, 26.99746 ], [ 85.91372, 26.99906 ], [ 85.9141, 27.00026 ], [ 85.91393, 27.00071 ], [ 85.9123, 27.00211 ], [ 85.91174, 27.00392 ], [ 85.91129, 27.00749 ], [ 85.91175, 27.0095 ], [ 85.91328, 27.01311 ], [ 85.91506, 27.01633 ], [ 85.91676, 27.01831 ], [ 85.91903, 27.02019 ], [ 85.92091, 27.02147 ], [ 85.92408, 27.02451 ], [ 85.92548, 27.02623 ], [ 85.92677, 27.02848 ], [ 85.92689, 27.02894 ], [ 85.92691, 27.03031 ], [ 85.92674, 27.03085 ], [ 85.92574, 27.03218 ], [ 85.92431, 27.03461 ], [ 85.92286, 27.03587 ], [ 85.92169, 27.03657 ], [ 85.92066, 27.0369 ], [ 85.91905, 27.03646 ], [ 85.91755, 27.03555 ], [ 85.91611, 27.03529 ], [ 85.91459, 27.03577 ], [ 85.91405, 27.03656 ], [ 85.91385, 27.03746 ], [ 85.91493, 27.04122 ], [ 85.91543, 27.04197 ], [ 85.91593, 27.0424 ], [ 85.91669, 27.04281 ], [ 85.91752, 27.04297 ], [ 85.92027, 27.04214 ], [ 85.92251, 27.04189 ], [ 85.9248, 27.04199 ], [ 85.92704, 27.04156 ], [ 85.93048, 27.04211 ], [ 85.9319, 27.04293 ], [ 85.93362, 27.04455 ], [ 85.93491, 27.04707 ], [ 85.93631, 27.04934 ], [ 85.93709, 27.05024 ], [ 85.94043, 27.05332 ], [ 85.94087, 27.05431 ], [ 85.94445, 27.05926 ], [ 85.94505, 27.06049 ], [ 85.94519, 27.06156 ], [ 85.94489, 27.06324 ], [ 85.94351, 27.06697 ], [ 85.94128, 27.06908 ], [ 85.93964, 27.07096 ], [ 85.9373, 27.07285 ], [ 85.93564, 27.07462 ], [ 85.93518, 27.07544 ], [ 85.93476, 27.07681 ], [ 85.93478, 27.07903 ], [ 85.93589, 27.08216 ], [ 85.93792, 27.08567 ], [ 85.93821, 27.08644 ], [ 85.93851, 27.08827 ], [ 85.9386, 27.09102 ], [ 85.93835, 27.0927 ], [ 85.93778, 27.09468 ], [ 85.93676, 27.09673 ], [ 85.93542, 27.09826 ], [ 85.93288, 27.10005 ], [ 85.92584, 27.10305 ], [ 85.92225, 27.10432 ], [ 85.92154, 27.10464 ], [ 85.9198, 27.10587 ], [ 85.91901, 27.10657 ], [ 85.91678, 27.10931 ], [ 85.91646, 27.10992 ], [ 85.91603, 27.11205 ], [ 85.91506, 27.11319 ], [ 85.91418, 27.11403 ], [ 85.91336, 27.11455 ], [ 85.90995, 27.11572 ], [ 85.90886, 27.11644 ], [ 85.90703, 27.11805 ], [ 85.90567, 27.11947 ], [ 85.90435, 27.12126 ], [ 85.90314, 27.12322 ], [ 85.9024, 27.1249 ], [ 85.90156, 27.12568 ], [ 85.90075, 27.12689 ], [ 85.90072, 27.12712 ], [ 85.9017, 27.12779 ], [ 85.90212, 27.12835 ], [ 85.90357, 27.1324 ], [ 85.90407, 27.13281 ], [ 85.90475, 27.13296 ], [ 85.90548, 27.13378 ], [ 85.90674, 27.13372 ], [ 85.90868, 27.13267 ], [ 85.91163, 27.13231 ], [ 85.91244, 27.13164 ], [ 85.914, 27.12966 ] ] ] } },
{ "type": "Feature", "properties": { "fid": 196, "STATE_CODE": 2.0, "DISTRICT": "MAHOTTARI", "GaPa_NaPa": "Bardibas", "Type_GN": "Nagarpalika", "Province": "2" }, "geometry": { "type": "Polygon", "coordinates": [ [ [ 85.82713, 27.16752 ], [ 85.829, 27.16761 ], [ 85.83057, 27.1671 ], [ 85.83259, 27.16594 ], [ 85.83517, 27.164 ], [ 85.83619, 27.16367 ], [ 85.83834, 27.16237 ], [ 85.84097, 27.16144 ], [ 85.84337, 27.15996 ], [ 85.84335, 27.15959 ], [ 85.84228, 27.15859 ], [ 85.84049, 27.1558 ], [ 85.84016, 27.15374 ], [ 85.83964, 27.15252 ], [ 85.83925, 27.15231 ], [ 85.83862, 27.15228 ], [ 85.83753, 27.15178 ], [ 85.83622, 27.15007 ], [ 85.835, 27.14998 ], [ 85.83453, 27.14964 ], [ 85.83455, 27.14907 ], [ 85.8355, 27.14835 ], [ 85.83545, 27.14717 ], [ 85.83598, 27.14657 ], [ 85.83719, 27.14605 ], [ 85.83777, 27.14559 ], [ 85.83823, 27.14469 ], [ 85.8411, 27.14423 ], [ 85.84417, 27.1416 ], [ 85.84542, 27.14086 ], [ 85.84882, 27.1401 ], [ 85.85086, 27.1393 ], [ 85.85341, 27.13797 ], [ 85.85391, 27.1372 ], [ 85.85401, 27.13667 ], [ 85.85386, 27.13613 ], [ 85.85458, 27.13581 ], [ 85.85494, 27.13543 ], [ 85.85511, 27.13472 ], [ 85.8547, 27.13422 ], [ 85.85478, 27.13392 ], [ 85.85518, 27.13361 ], [ 85.85578, 27.13361 ], [ 85.85731, 27.13311 ], [ 85.85828, 27.13257 ], [ 85.85857, 27.13133 ], [ 85.85912, 27.13028 ], [ 85.86104, 27.12808 ], [ 85.86235, 27.1271 ], [ 85.86316, 27.12692 ], [ 85.86356, 27.127 ], [ 85.86389, 27.12816 ], [ 85.86501, 27.12959 ], [ 85.86661, 27.13124 ], [ 85.86818, 27.13353 ], [ 85.87103, 27.1363 ], [ 85.87295, 27.13719 ], [ 85.8737, 27.1379 ], [ 85.87463, 27.13962 ], [ 85.87538, 27.14032 ], [ 85.87752, 27.14167 ], [ 85.87885, 27.14216 ], [ 85.88078, 27.14348 ], [ 85.88213, 27.14567 ], [ 85.88278, 27.14633 ], [ 85.88335, 27.14623 ], [ 85.88484, 27.14551 ], [ 85.88646, 27.1457 ], [ 85.88721, 27.14512 ], [ 85.88875, 27.14314 ], [ 85.89029, 27.14227 ], [ 85.89049, 27.14159 ], [ 85.89076, 27.14125 ], [ 85.89166, 27.14104 ], [ 85.89294, 27.14104 ], [ 85.89458, 27.14012 ], [ 85.89522, 27.13904 ], [ 85.89769, 27.13747 ], [ 85.89847, 27.13714 ], [ 85.90028, 27.13704 ], [ 85.90063, 27.13678 ], [ 85.90151, 27.13548 ], [ 85.90422, 27.13463 ], [ 85.90548, 27.13378 ], [ 85.90475, 27.13296 ], [ 85.90407, 27.13281 ], [ 85.90357, 27.1324 ], [ 85.90212, 27.12835 ], [ 85.9017, 27.12779 ], [ 85.90072, 27.12712 ], [ 85.90156, 27.12568 ], [ 85.9024, 27.1249 ], [ 85.90314, 27.12322 ], [ 85.90567, 27.11947 ], [ 85.90703, 27.11805 ], [ 85.90954, 27.11597 ], [ 85.91029, 27.11558 ], [ 85.91336, 27.11455 ], [ 85.91418, 27.11403 ], [ 85.91506, 27.11319 ], [ 85.91603, 27.11205 ], [ 85.91646, 27.10992 ], [ 85.91678, 27.10931 ], [ 85.91901, 27.10657 ], [ 85.9198, 27.10587 ], [ 85.92154, 27.10464 ], [ 85.92225, 27.10432 ], [ 85.92584, 27.10305 ], [ 85.93288, 27.10005 ], [ 85.93542, 27.09826 ], [ 85.93706, 27.09627 ], [ 85.93778, 27.09468 ], [ 85.93853, 27.09171 ], [ 85.93863, 27.09003 ], [ 85.93851, 27.08827 ], [ 85.93821, 27.08644 ], [ 85.93792, 27.08567 ], [ 85.93589, 27.08216 ], [ 85.93478, 27.07903 ], [ 85.93476, 27.07681 ], [ 85.93518, 27.07544 ], [ 85.93564, 27.07462 ], [ 85.9373, 27.07285 ], [ 85.93964, 27.07096 ], [ 85.94128, 27.06908 ], [ 85.94351, 27.06697 ], [ 85.94489, 27.06324 ], [ 85.94519, 27.06156 ], [ 85.94505, 27.06049 ], [ 85.94445, 27.05926 ], [ 85.94087, 27.05431 ], [ 85.94043, 27.05332 ], [ 85.93709, 27.05024 ], [ 85.93631, 27.04934 ], [ 85.93491, 27.04707 ], [ 85.93362, 27.04455 ], [ 85.9319, 27.04293 ], [ 85.93048, 27.04211 ], [ 85.92704, 27.04156 ], [ 85.9248, 27.04199 ], [ 85.92251, 27.04189 ], [ 85.92027, 27.04214 ], [ 85.9179, 27.04295 ], [ 85.91707, 27.04292 ], [ 85.91593, 27.0424 ], [ 85.91503, 27.04145 ], [ 85.91429, 27.03922 ], [ 85.91385, 27.03746 ], [ 85.91405, 27.03656 ], [ 85.91474, 27.03567 ], [ 85.91611, 27.03529 ], [ 85.9173, 27.03549 ], [ 85.91905, 27.03646 ], [ 85.92066, 27.0369 ], [ 85.92169, 27.03657 ], [ 85.92338, 27.03548 ], [ 85.92431, 27.03461 ], [ 85.92574, 27.03218 ], [ 85.92674, 27.03085 ], [ 85.92691, 27.03031 ], [ 85.92689, 27.02894 ], [ 85.92677, 27.02848 ], [ 85.92548, 27.02623 ], [ 85.92408, 27.02451 ], [ 85.92091, 27.02147 ], [ 85.91903, 27.02019 ], [ 85.91676, 27.01831 ], [ 85.91506, 27.01633 ], [ 85.91278, 27.01204 ], [ 85.91175, 27.0095 ], [ 85.91137, 27.00802 ], [ 85.91129, 27.00726 ], [ 85.91165, 27.00443 ], [ 85.91217, 27.00232 ], [ 85.91275, 27.00162 ], [ 85.91393, 27.00071 ], [ 85.9141, 27.00026 ], [ 85.91372, 26.99906 ], [ 85.9136, 26.99746 ], [ 85.91356, 26.99121 ], [ 85.91343, 26.99033 ], [ 85.91267, 26.98819 ], [ 85.90988, 26.98234 ], [ 85.90859, 26.97834 ], [ 85.90833, 26.97651 ], [ 85.90853, 26.97437 ], [ 85.90887, 26.97293 ], [ 85.90888, 26.97109 ], [ 85.9082, 26.96772 ], [ 85.90751, 26.9658 ], [ 85.90613, 26.96087 ], [ 85.90684, 26.95931 ], [ 85.90736, 26.95878 ], [ 85.90776, 26.95867 ], [ 85.91206, 26.959 ], [ 85.91343, 26.95879 ], [ 85.91457, 26.959 ], [ 85.91705, 26.95905 ], [ 85.91765, 26.95902 ], [ 85.91789, 26.95875 ], [ 85.91796, 26.95835 ], [ 85.91748, 26.95581 ], [ 85.91699, 26.95474 ], [ 85.91687, 26.95404 ], [ 85.91708, 26.95274 ], [ 85.91673, 26.95215 ], [ 85.91669, 26.95176 ], [ 85.91714, 26.95023 ], [ 85.9168, 26.94933 ], [ 85.91689, 26.94856 ], [ 85.91606, 26.94735 ], [ 85.91539, 26.94667 ], [ 85.91484, 26.94471 ], [ 85.91373, 26.94253 ], [ 85.91385, 26.94113 ], [ 85.91467, 26.93961 ], [ 85.91494, 26.93838 ], [ 85.91464, 26.937 ], [ 85.91427, 26.93623 ], [ 85.91445, 26.93462 ], [ 85.91331, 26.93352 ], [ 85.9129, 26.93273 ], [ 85.91268, 26.9318 ], [ 85.91301, 26.92962 ], [ 85.91337, 26.92869 ], [ 85.9136, 26.92631 ], [ 85.91321, 26.92539 ], [ 85.91298, 26.92347 ], [ 85.91278, 26.92278 ], [ 85.91236, 26.92224 ], [ 85.90823, 26.92094 ], [ 85.90781, 26.92057 ], [ 85.90734, 26.91804 ], [ 85.90711, 26.91758 ], [ 85.90671, 26.91723 ], [ 85.90557, 26.91687 ], [ 85.90508, 26.91642 ], [ 85.90471, 26.91542 ], [ 85.90549, 26.91459 ], [ 85.90563, 26.9136 ], [ 85.90458, 26.91209 ], [ 85.90457, 26.91094 ], [ 85.90403, 26.90983 ], [ 85.90371, 26.90722 ], [ 85.90341, 26.9067 ], [ 85.90213, 26.90569 ], [ 85.90171, 26.90493 ], [ 85.90153, 26.90386 ], [ 85.90197, 26.90253 ], [ 85.90196, 26.90182 ], [ 85.90025, 26.90216 ], [ 85.89729, 26.90383 ], [ 85.89704, 26.90481 ], [ 85.89719, 26.90699 ], [ 85.89608, 26.90899 ], [ 85.89489, 26.90842 ], [ 85.89316, 26.90832 ], [ 85.8909, 26.9073 ], [ 85.88971, 26.90652 ], [ 85.88827, 26.90436 ], [ 85.88869, 26.90191 ], [ 85.88852, 26.90145 ], [ 85.88776, 26.9006 ], [ 85.88804, 26.89923 ], [ 85.88781, 26.89861 ], [ 85.88727, 26.89792 ], [ 85.88552, 26.89632 ], [ 85.88477, 26.89626 ], [ 85.88413, 26.89656 ], [ 85.8833, 26.89666 ], [ 85.88215, 26.89625 ], [ 85.88155, 26.8954 ], [ 85.8814, 26.89478 ], [ 85.88045, 26.89293 ], [ 85.88007, 26.89259 ], [ 85.87913, 26.89233 ], [ 85.87728, 26.89232 ], [ 85.87664, 26.89212 ], [ 85.87569, 26.8915 ], [ 85.87475, 26.89003 ], [ 85.87445, 26.88911 ], [ 85.87439, 26.88835 ], [ 85.8747, 26.88735 ], [ 85.87456, 26.88682 ], [ 85.87361, 26.88625 ], [ 85.87246, 26.88609 ], [ 85.87083, 26.88516 ], [ 85.86975, 26.88491 ], [ 85.86943, 26.88494 ], [ 85.87017, 26.88624 ], [ 85.87104, 26.88701 ], [ 85.87139, 26.88861 ], [ 85.87197, 26.88961 ], [ 85.87186, 26.89087 ], [ 85.87236, 26.89213 ], [ 85.87389, 26.89395 ], [ 85.87447, 26.89564 ], [ 85.87514, 26.89619 ], [ 85.87684, 26.89645 ], [ 85.87729, 26.89686 ], [ 85.87735, 26.89732 ], [ 85.87671, 26.89848 ], [ 85.87679, 26.90038 ], [ 85.87537, 26.89988 ], [ 85.87419, 26.89905 ], [ 85.87389, 26.89923 ], [ 85.87367, 26.89979 ], [ 85.87339, 26.89996 ], [ 85.87277, 26.89997 ], [ 85.87149, 26.89931 ], [ 85.87073, 26.89926 ], [ 85.86842, 26.89981 ], [ 85.86662, 26.90056 ], [ 85.86541, 26.90083 ], [ 85.86396, 26.90088 ], [ 85.8629, 26.90071 ], [ 85.86256, 26.90003 ], [ 85.86219, 26.89814 ], [ 85.86111, 26.89499 ], [ 85.86105, 26.89361 ], [ 85.86122, 26.89259 ], [ 85.8611, 26.89132 ], [ 85.86086, 26.89046 ], [ 85.86045, 26.88988 ], [ 85.86024, 26.88902 ], [ 85.86032, 26.88776 ], [ 85.86131, 26.88642 ], [ 85.861, 26.88592 ], [ 85.85865, 26.88351 ], [ 85.85833, 26.88259 ], [ 85.85848, 26.88162 ], [ 85.85806, 26.8811 ], [ 85.85565, 26.87968 ], [ 85.8516, 26.87823 ], [ 85.85047, 26.87762 ], [ 85.84964, 26.87677 ], [ 85.84913, 26.87567 ], [ 85.84856, 26.87547 ], [ 85.84501, 26.87563 ], [ 85.84402, 26.87541 ], [ 85.84221, 26.87551 ], [ 85.84319, 26.8772 ], [ 85.84302, 26.87743 ], [ 85.84284, 26.8788 ], [ 85.8424, 26.87935 ], [ 85.84174, 26.87974 ], [ 85.83978, 26.87995 ], [ 85.83877, 26.87976 ], [ 85.83775, 26.87978 ], [ 85.83333, 26.8785 ], [ 85.83235, 26.87911 ], [ 85.83201, 26.87979 ], [ 85.83217, 26.88064 ], [ 85.83293, 26.88168 ], [ 85.83344, 26.88473 ], [ 85.83398, 26.88623 ], [ 85.83492, 26.88691 ], [ 85.83575, 26.88796 ], [ 85.83709, 26.8902 ], [ 85.83805, 26.89106 ], [ 85.83903, 26.89283 ], [ 85.83991, 26.89537 ], [ 85.84026, 26.89595 ], [ 85.84094, 26.90116 ], [ 85.84136, 26.90246 ], [ 85.84127, 26.90384 ], [ 85.84176, 26.90484 ], [ 85.84169, 26.90591 ], [ 85.84187, 26.90652 ], [ 85.84222, 26.90693 ], [ 85.84258, 26.90808 ], [ 85.84243, 26.90942 ], [ 85.84051, 26.90876 ], [ 85.84074, 26.90792 ], [ 85.84064, 26.90754 ], [ 85.84001, 26.90709 ], [ 85.83816, 26.90726 ], [ 85.83661, 26.90642 ], [ 85.83566, 26.90621 ], [ 85.83537, 26.90577 ], [ 85.83516, 26.90477 ], [ 85.83488, 26.90457 ], [ 85.83459, 26.90451 ], [ 85.83388, 26.90473 ], [ 85.83302, 26.90429 ], [ 85.83256, 26.9049 ], [ 85.83213, 26.90508 ], [ 85.83092, 26.90389 ], [ 85.82939, 26.9031 ], [ 85.82888, 26.90315 ], [ 85.82804, 26.90363 ], [ 85.82765, 26.90365 ], [ 85.82682, 26.90172 ], [ 85.82639, 26.90261 ], [ 85.82633, 26.90359 ], [ 85.82645, 26.90393 ], [ 85.82767, 26.90502 ], [ 85.82937, 26.90714 ], [ 85.83064, 26.90766 ], [ 85.83115, 26.90764 ], [ 85.83172, 26.90786 ], [ 85.83252, 26.90996 ], [ 85.83341, 26.91107 ], [ 85.83376, 26.91193 ], [ 85.83381, 26.91337 ], [ 85.83346, 26.91387 ], [ 85.83277, 26.9144 ], [ 85.83211, 26.91546 ], [ 85.83284, 26.91765 ], [ 85.83285, 26.91805 ], [ 85.83269, 26.91862 ], [ 85.83169, 26.91978 ], [ 85.83157, 26.92047 ], [ 85.834, 26.92332 ], [ 85.83395, 26.92464 ], [ 85.83346, 26.92561 ], [ 85.83334, 26.9263 ], [ 85.83344, 26.92797 ], [ 85.83538, 26.93193 ], [ 85.83512, 26.93324 ], [ 85.83454, 26.93439 ], [ 85.8346, 26.93462 ], [ 85.83412, 26.9352 ], [ 85.83393, 26.937 ], [ 85.83421, 26.93775 ], [ 85.83545, 26.93978 ], [ 85.83749, 26.94194 ], [ 85.83844, 26.94454 ], [ 85.83846, 26.94581 ], [ 85.83827, 26.94638 ], [ 85.83917, 26.94841 ], [ 85.83917, 26.94946 ], [ 85.83798, 26.95163 ], [ 85.83839, 26.95317 ], [ 85.83915, 26.95469 ], [ 85.83928, 26.95537 ], [ 85.83919, 26.95594 ], [ 85.83968, 26.95687 ], [ 85.8395, 26.96041 ], [ 85.84015, 26.96357 ], [ 85.83983, 26.96483 ], [ 85.83993, 26.96672 ], [ 85.84184, 26.97014 ], [ 85.84232, 26.97215 ], [ 85.84357, 26.97596 ], [ 85.8443, 26.977 ], [ 85.84606, 26.97835 ], [ 85.84698, 26.97926 ], [ 85.84945, 26.98219 ], [ 85.85086, 26.98427 ], [ 85.85128, 26.98566 ], [ 85.85128, 26.98784 ], [ 85.85165, 26.99003 ], [ 85.85266, 26.99285 ], [ 85.85386, 26.99534 ], [ 85.85437, 26.99609 ], [ 85.85585, 26.99713 ], [ 85.85784, 26.99886 ], [ 85.85815, 26.99929 ], [ 85.85825, 27.00026 ], [ 85.85333, 27.00184 ], [ 85.84853, 27.00293 ], [ 85.8448, 27.00412 ], [ 85.83986, 27.00507 ], [ 85.83474, 27.00498 ], [ 85.83244, 27.0051 ], [ 85.82979, 27.00497 ], [ 85.82723, 27.00509 ], [ 85.82225, 27.00467 ], [ 85.81919, 27.00413 ], [ 85.8165, 27.00404 ], [ 85.81188, 27.00502 ], [ 85.81092, 27.00506 ], [ 85.80624, 27.00604 ], [ 85.80496, 27.00614 ], [ 85.8033, 27.00591 ], [ 85.80038, 27.00434 ], [ 85.79917, 27.004 ], [ 85.79759, 27.00392 ], [ 85.79473, 27.00442 ], [ 85.79248, 27.00514 ], [ 85.77738, 27.00887 ], [ 85.77026, 27.01015 ], [ 85.76565, 27.01073 ], [ 85.76417, 27.01106 ], [ 85.76283, 27.0111 ], [ 85.75777, 27.01204 ], [ 85.75636, 27.01212 ], [ 85.75271, 27.0127 ], [ 85.74913, 27.01273 ], [ 85.74639, 27.01245 ], [ 85.74046, 27.01271 ], [ 85.74095, 27.01366 ], [ 85.74188, 27.01474 ], [ 85.74309, 27.01657 ], [ 85.74403, 27.01825 ], [ 85.74553, 27.02196 ], [ 85.74604, 27.02403 ], [ 85.74733, 27.0268 ], [ 85.74725, 27.02962 ], [ 85.74689, 27.03158 ], [ 85.74761, 27.03449 ], [ 85.75159, 27.03944 ], [ 85.75393, 27.04461 ], [ 85.75601, 27.04757 ], [ 85.75687, 27.04928 ], [ 85.75761, 27.04997 ], [ 85.76236, 27.05221 ], [ 85.76489, 27.05374 ], [ 85.76541, 27.05423 ], [ 85.76778, 27.05794 ], [ 85.7705, 27.06064 ], [ 85.77429, 27.06554 ], [ 85.77772, 27.06946 ], [ 85.77959, 27.07096 ], [ 85.78037, 27.0718 ], [ 85.78149, 27.07348 ], [ 85.78173, 27.07456 ], [ 85.78113, 27.0757 ], [ 85.7809, 27.077 ], [ 85.78116, 27.07778 ], [ 85.7816, 27.07828 ], [ 85.7822, 27.07944 ], [ 85.78242, 27.08036 ], [ 85.78235, 27.08076 ], [ 85.78183, 27.08122 ], [ 85.78177, 27.0821 ], [ 85.78251, 27.08267 ], [ 85.78334, 27.08281 ], [ 85.78376, 27.0831 ], [ 85.78423, 27.08442 ], [ 85.78434, 27.08564 ], [ 85.78462, 27.08657 ], [ 85.78502, 27.08703 ], [ 85.78598, 27.08714 ], [ 85.78623, 27.08739 ], [ 85.78629, 27.08793 ], [ 85.78658, 27.08847 ], [ 85.78726, 27.08873 ], [ 85.7877, 27.08916 ], [ 85.78769, 27.08963 ], [ 85.78732, 27.0904 ], [ 85.78608, 27.09055 ], [ 85.78563, 27.09083 ], [ 85.78638, 27.09184 ], [ 85.78635, 27.09236 ], [ 85.78669, 27.09257 ], [ 85.78746, 27.09214 ], [ 85.78797, 27.09221 ], [ 85.78849, 27.09346 ], [ 85.78919, 27.09356 ], [ 85.78963, 27.09386 ], [ 85.79004, 27.09515 ], [ 85.79088, 27.09485 ], [ 85.7912, 27.09489 ], [ 85.7923, 27.09556 ], [ 85.79339, 27.09524 ], [ 85.79393, 27.09493 ], [ 85.79472, 27.09375 ], [ 85.79513, 27.09343 ], [ 85.79608, 27.09417 ], [ 85.79736, 27.09459 ], [ 85.79761, 27.09503 ], [ 85.79756, 27.09557 ], [ 85.79665, 27.09632 ], [ 85.79643, 27.09676 ], [ 85.79649, 27.09695 ], [ 85.79757, 27.09716 ], [ 85.79761, 27.09756 ], [ 85.79686, 27.09803 ], [ 85.79512, 27.09864 ], [ 85.79464, 27.09917 ], [ 85.79437, 27.10001 ], [ 85.79475, 27.10038 ], [ 85.79571, 27.10035 ], [ 85.79644, 27.10013 ], [ 85.79707, 27.09941 ], [ 85.79797, 27.09925 ], [ 85.79874, 27.09949 ], [ 85.79965, 27.10264 ], [ 85.80034, 27.10357 ], [ 85.80078, 27.1045 ], [ 85.80083, 27.10503 ], [ 85.80058, 27.10618 ], [ 85.80025, 27.10672 ], [ 85.79958, 27.10719 ], [ 85.79605, 27.10795 ], [ 85.79533, 27.10736 ], [ 85.79449, 27.10632 ], [ 85.79262, 27.10564 ], [ 85.79219, 27.10585 ], [ 85.79206, 27.10615 ], [ 85.79179, 27.10799 ], [ 85.79196, 27.10855 ], [ 85.79295, 27.109 ], [ 85.79301, 27.10946 ], [ 85.79337, 27.10998 ], [ 85.79457, 27.11071 ], [ 85.7965, 27.11228 ], [ 85.79721, 27.11316 ], [ 85.7976, 27.11431 ], [ 85.79718, 27.11503 ], [ 85.79634, 27.11562 ], [ 85.794, 27.11612 ], [ 85.79166, 27.1173 ], [ 85.79074, 27.11821 ], [ 85.79116, 27.11929 ], [ 85.79103, 27.12042 ], [ 85.79118, 27.12059 ], [ 85.79143, 27.12067 ], [ 85.79272, 27.12027 ], [ 85.7933, 27.12039 ], [ 85.79526, 27.12202 ], [ 85.79689, 27.12252 ], [ 85.79723, 27.12279 ], [ 85.79746, 27.12333 ], [ 85.79738, 27.12379 ], [ 85.79699, 27.12424 ], [ 85.79528, 27.12474 ], [ 85.79482, 27.1251 ], [ 85.79344, 27.12704 ], [ 85.79274, 27.12834 ], [ 85.7923, 27.12957 ], [ 85.79203, 27.13072 ], [ 85.79301, 27.13362 ], [ 85.79313, 27.13477 ], [ 85.79284, 27.13615 ], [ 85.79323, 27.13753 ], [ 85.79373, 27.13808 ], [ 85.7943, 27.13829 ], [ 85.79673, 27.13854 ], [ 85.79858, 27.13905 ], [ 85.79922, 27.13939 ], [ 85.79955, 27.13975 ], [ 85.80116, 27.14292 ], [ 85.80315, 27.14402 ], [ 85.80398, 27.14465 ], [ 85.8054, 27.14607 ], [ 85.80697, 27.14827 ], [ 85.80842, 27.14948 ], [ 85.80949, 27.15003 ], [ 85.81009, 27.15056 ], [ 85.81059, 27.15133 ], [ 85.81071, 27.15347 ], [ 85.81023, 27.155 ], [ 85.81024, 27.15554 ], [ 85.81071, 27.15638 ], [ 85.81266, 27.15838 ], [ 85.81516, 27.15953 ], [ 85.81559, 27.16035 ], [ 85.81575, 27.16123 ], [ 85.81697, 27.16249 ], [ 85.81863, 27.16334 ], [ 85.82015, 27.16387 ], [ 85.82064, 27.16436 ], [ 85.82247, 27.16701 ], [ 85.82386, 27.16796 ], [ 85.82522, 27.16836 ], [ 85.82565, 27.1683 ], [ 85.82636, 27.16778 ], [ 85.82713, 27.16752 ] ] ] } },
{ "type": "Feature", "properties": { "fid": 197, "STATE_CODE": 2.0, "DISTRICT": "MAHOTTARI", "GaPa_NaPa": "Bhangaha", "Type_GN": "Nagarpalika", "Province": "2" }, "geometry": { "type": "Polygon", "coordinates": [ [ [ 85.89608, 26.90899 ], [ 85.89669, 26.90769 ], [ 85.89719, 26.90699 ], [ 85.89704, 26.90481 ], [ 85.89729, 26.90383 ], [ 85.90025, 26.90216 ], [ 85.90196, 26.90182 ], [ 85.90196, 26.90159 ], [ 85.90176, 26.90074 ], [ 85.89953, 26.8952 ], [ 85.89875, 26.89274 ], [ 85.89952, 26.89045 ], [ 85.89903, 26.887 ], [ 85.89925, 26.8866 ], [ 85.90024, 26.88593 ], [ 85.90023, 26.88522 ], [ 85.89903, 26.88382 ], [ 85.89836, 26.88276 ], [ 85.89614, 26.88038 ], [ 85.89571, 26.879 ], [ 85.89522, 26.87827 ], [ 85.89498, 26.87756 ], [ 85.89547, 26.87549 ], [ 85.89572, 26.87519 ], [ 85.89546, 26.87465 ], [ 85.89626, 26.8742 ], [ 85.89685, 26.87349 ], [ 85.89771, 26.87302 ], [ 85.90029, 26.87235 ], [ 85.90112, 26.87235 ], [ 85.90418, 26.87108 ], [ 85.90669, 26.87029 ], [ 85.90828, 26.87089 ], [ 85.91034, 26.87025 ], [ 85.91195, 26.87011 ], [ 85.91457, 26.87055 ], [ 85.9166, 26.87127 ], [ 85.91647, 26.87043 ], [ 85.9158, 26.86956 ], [ 85.91584, 26.86879 ], [ 85.91515, 26.86811 ], [ 85.915, 26.86689 ], [ 85.91553, 26.86599 ], [ 85.91655, 26.86546 ], [ 85.91681, 26.86512 ], [ 85.91686, 26.86458 ], [ 85.91658, 26.86381 ], [ 85.91695, 26.86328 ], [ 85.91654, 26.86276 ], [ 85.91692, 26.86172 ], [ 85.91792, 26.86096 ], [ 85.91797, 26.86058 ], [ 85.91753, 26.86018 ], [ 85.91774, 26.85926 ], [ 85.91776, 26.85819 ], [ 85.91748, 26.85704 ], [ 85.9182, 26.85653 ], [ 85.91783, 26.8555 ], [ 85.91792, 26.85519 ], [ 85.91854, 26.85509 ], [ 85.91876, 26.8549 ], [ 85.91886, 26.85437 ], [ 85.91939, 26.85426 ], [ 85.91959, 26.85397 ], [ 85.91951, 26.85359 ], [ 85.91848, 26.85273 ], [ 85.91844, 26.85157 ], [ 85.91812, 26.85064 ], [ 85.9189, 26.85005 ], [ 85.91895, 26.8498 ], [ 85.91844, 26.84922 ], [ 85.91899, 26.84878 ], [ 85.91971, 26.84679 ], [ 85.91966, 26.84617 ], [ 85.91886, 26.84551 ], [ 85.91859, 26.84509 ], [ 85.91909, 26.84334 ], [ 85.91892, 26.84242 ], [ 85.91901, 26.84203 ], [ 85.91877, 26.84144 ], [ 85.91738, 26.84027 ], [ 85.91681, 26.83871 ], [ 85.91612, 26.8379 ], [ 85.91592, 26.83721 ], [ 85.91623, 26.83568 ], [ 85.91759, 26.83374 ], [ 85.91685, 26.83351 ], [ 85.91594, 26.83279 ], [ 85.91554, 26.83072 ], [ 85.91535, 26.82865 ], [ 85.91628, 26.82415 ], [ 85.91606, 26.82228 ], [ 85.91518, 26.81854 ], [ 85.91368, 26.81649 ], [ 85.91261, 26.81371 ], [ 85.9112, 26.81203 ], [ 85.91106, 26.81162 ], [ 85.91113, 26.8104 ], [ 85.91231, 26.80697 ], [ 85.91219, 26.80636 ], [ 85.91171, 26.80602 ], [ 85.91061, 26.80656 ], [ 85.90971, 26.8067 ], [ 85.90933, 26.80654 ], [ 85.90866, 26.80527 ], [ 85.90832, 26.80507 ], [ 85.90653, 26.80495 ], [ 85.9038, 26.80525 ], [ 85.90283, 26.80481 ], [ 85.90248, 26.80412 ], [ 85.90254, 26.80352 ], [ 85.90372, 26.80374 ], [ 85.90437, 26.80363 ], [ 85.9055, 26.80258 ], [ 85.90568, 26.802 ], [ 85.90469, 26.80036 ], [ 85.90392, 26.79968 ], [ 85.90301, 26.79855 ], [ 85.9022, 26.79843 ], [ 85.9017, 26.79909 ], [ 85.90092, 26.79955 ], [ 85.90072, 26.80001 ], [ 85.90067, 26.80039 ], [ 85.90119, 26.80103 ], [ 85.90171, 26.80242 ], [ 85.90156, 26.80318 ], [ 85.90132, 26.80354 ], [ 85.90051, 26.80389 ], [ 85.8998, 26.80323 ], [ 85.89861, 26.80302 ], [ 85.89715, 26.80453 ], [ 85.89533, 26.80679 ], [ 85.89431, 26.80873 ], [ 85.8928, 26.80995 ], [ 85.89213, 26.81001 ], [ 85.89169, 26.8097 ], [ 85.89129, 26.80897 ], [ 85.89153, 26.80853 ], [ 85.89086, 26.80796 ], [ 85.89075, 26.80701 ], [ 85.89013, 26.80638 ], [ 85.88881, 26.80569 ], [ 85.88766, 26.80535 ], [ 85.88714, 26.80595 ], [ 85.88606, 26.80662 ], [ 85.88448, 26.80606 ], [ 85.88403, 26.80607 ], [ 85.88374, 26.80677 ], [ 85.88426, 26.80726 ], [ 85.88374, 26.80775 ], [ 85.88312, 26.80952 ], [ 85.88329, 26.80987 ], [ 85.88387, 26.81034 ], [ 85.88392, 26.81085 ], [ 85.88423, 26.81126 ], [ 85.88411, 26.81195 ], [ 85.88333, 26.81274 ], [ 85.88368, 26.81303 ], [ 85.88371, 26.81365 ], [ 85.88298, 26.81404 ], [ 85.88196, 26.81379 ], [ 85.88016, 26.81449 ], [ 85.87867, 26.81532 ], [ 85.87809, 26.81545 ], [ 85.87795, 26.81516 ], [ 85.8785, 26.81469 ], [ 85.87899, 26.81349 ], [ 85.87921, 26.8134 ], [ 85.87965, 26.81368 ], [ 85.87984, 26.81351 ], [ 85.87977, 26.81278 ], [ 85.88015, 26.81204 ], [ 85.88032, 26.81104 ], [ 85.87984, 26.81071 ], [ 85.87954, 26.80975 ], [ 85.87878, 26.80937 ], [ 85.87824, 26.80884 ], [ 85.87819, 26.80844 ], [ 85.87875, 26.80811 ], [ 85.87884, 26.8078 ], [ 85.87793, 26.80679 ], [ 85.87802, 26.80656 ], [ 85.87845, 26.80644 ], [ 85.87861, 26.8059 ], [ 85.87912, 26.80586 ], [ 85.87953, 26.8055 ], [ 85.88026, 26.80446 ], [ 85.88009, 26.80415 ], [ 85.87816, 26.80212 ], [ 85.87491, 26.79996 ], [ 85.87308, 26.79903 ], [ 85.86894, 26.79707 ], [ 85.86477, 26.79565 ], [ 85.86357, 26.79507 ], [ 85.86204, 26.79499 ], [ 85.86089, 26.79463 ], [ 85.86023, 26.79624 ], [ 85.86039, 26.79687 ], [ 85.8612, 26.79761 ], [ 85.8616, 26.79874 ], [ 85.86188, 26.79885 ], [ 85.86236, 26.79833 ], [ 85.86283, 26.79905 ], [ 85.86352, 26.79958 ], [ 85.86354, 26.79977 ], [ 85.86308, 26.80016 ], [ 85.8624, 26.80174 ], [ 85.86103, 26.8032 ], [ 85.86091, 26.80377 ], [ 85.86275, 26.80536 ], [ 85.8638, 26.8061 ], [ 85.86468, 26.80638 ], [ 85.86491, 26.80663 ], [ 85.86552, 26.80771 ], [ 85.86542, 26.80838 ], [ 85.86619, 26.80897 ], [ 85.86641, 26.80933 ], [ 85.8665, 26.81013 ], [ 85.86694, 26.81124 ], [ 85.86684, 26.81198 ], [ 85.86739, 26.8134 ], [ 85.86722, 26.8137 ], [ 85.86644, 26.81421 ], [ 85.86596, 26.81532 ], [ 85.86597, 26.81606 ], [ 85.86572, 26.81643 ], [ 85.86565, 26.81752 ], [ 85.86536, 26.81804 ], [ 85.86549, 26.81848 ], [ 85.86395, 26.81713 ], [ 85.86284, 26.8168 ], [ 85.86173, 26.81671 ], [ 85.86068, 26.81704 ], [ 85.85654, 26.81734 ], [ 85.85501, 26.81716 ], [ 85.85462, 26.81688 ], [ 85.85501, 26.81575 ], [ 85.85499, 26.81523 ], [ 85.85445, 26.81478 ], [ 85.85334, 26.81444 ], [ 85.85254, 26.81437 ], [ 85.84974, 26.81486 ], [ 85.84569, 26.81595 ], [ 85.84325, 26.81559 ], [ 85.84053, 26.81803 ], [ 85.84013, 26.81824 ], [ 85.83932, 26.81834 ], [ 85.83921, 26.81942 ], [ 85.83879, 26.82032 ], [ 85.83894, 26.82064 ], [ 85.84037, 26.8214 ], [ 85.84394, 26.82089 ], [ 85.84502, 26.82091 ], [ 85.84549, 26.82106 ], [ 85.8456, 26.82129 ], [ 85.84571, 26.8219 ], [ 85.84556, 26.82413 ], [ 85.8461, 26.82661 ], [ 85.84602, 26.82738 ], [ 85.84424, 26.82973 ], [ 85.84245, 26.83118 ], [ 85.84047, 26.83032 ], [ 85.8384, 26.82992 ], [ 85.83568, 26.82994 ], [ 85.83458, 26.83033 ], [ 85.83407, 26.82992 ], [ 85.83336, 26.82895 ], [ 85.83039, 26.82804 ], [ 85.83015, 26.82764 ], [ 85.83038, 26.82643 ], [ 85.82979, 26.8258 ], [ 85.82875, 26.8259 ], [ 85.82755, 26.82563 ], [ 85.82638, 26.82516 ], [ 85.82545, 26.82457 ], [ 85.82423, 26.82793 ], [ 85.82409, 26.82847 ], [ 85.82418, 26.82893 ], [ 85.82388, 26.82912 ], [ 85.82322, 26.82882 ], [ 85.82299, 26.82955 ], [ 85.82233, 26.82969 ], [ 85.82187, 26.83036 ], [ 85.82144, 26.83068 ], [ 85.82121, 26.83049 ], [ 85.82111, 26.82893 ], [ 85.8207, 26.82876 ], [ 85.82032, 26.829 ], [ 85.81972, 26.82902 ], [ 85.81979, 26.82954 ], [ 85.8195, 26.82987 ], [ 85.81894, 26.83016 ], [ 85.81818, 26.83026 ], [ 85.81722, 26.83255 ], [ 85.81602, 26.83461 ], [ 85.81588, 26.8352 ], [ 85.81631, 26.83572 ], [ 85.81609, 26.83635 ], [ 85.81695, 26.83749 ], [ 85.81715, 26.83807 ], [ 85.81693, 26.83939 ], [ 85.81641, 26.84056 ], [ 85.81645, 26.84085 ], [ 85.8181, 26.8431 ], [ 85.81827, 26.84355 ], [ 85.81817, 26.84396 ], [ 85.81783, 26.84423 ], [ 85.81776, 26.84513 ], [ 85.8186, 26.84788 ], [ 85.81857, 26.84939 ], [ 85.81917, 26.85156 ], [ 85.81916, 26.85254 ], [ 85.81988, 26.85385 ], [ 85.82037, 26.85429 ], [ 85.82064, 26.85494 ], [ 85.82034, 26.85542 ], [ 85.8205, 26.8562 ], [ 85.82005, 26.85743 ], [ 85.82028, 26.86108 ], [ 85.82012, 26.86194 ], [ 85.82017, 26.86315 ], [ 85.82105, 26.86476 ], [ 85.82125, 26.8658 ], [ 85.82147, 26.86614 ], [ 85.82232, 26.86617 ], [ 85.82276, 26.86729 ], [ 85.82347, 26.86769 ], [ 85.82457, 26.86901 ], [ 85.82497, 26.87029 ], [ 85.82472, 26.87263 ], [ 85.82481, 26.87515 ], [ 85.82612, 26.87751 ], [ 85.82679, 26.87798 ], [ 85.82863, 26.88079 ], [ 85.83096, 26.88263 ], [ 85.83318, 26.88287 ], [ 85.83293, 26.88168 ], [ 85.83217, 26.88064 ], [ 85.83201, 26.88018 ], [ 85.83206, 26.87957 ], [ 85.83235, 26.87911 ], [ 85.83308, 26.87857 ], [ 85.83344, 26.8785 ], [ 85.83775, 26.87978 ], [ 85.83877, 26.87976 ], [ 85.83978, 26.87995 ], [ 85.84114, 26.87988 ], [ 85.84174, 26.87974 ], [ 85.8424, 26.87935 ], [ 85.84284, 26.8788 ], [ 85.84317, 26.87705 ], [ 85.84241, 26.87605 ], [ 85.84221, 26.87551 ], [ 85.84402, 26.87541 ], [ 85.84501, 26.87563 ], [ 85.84856, 26.87547 ], [ 85.84913, 26.87567 ], [ 85.84964, 26.87677 ], [ 85.85047, 26.87762 ], [ 85.8516, 26.87823 ], [ 85.85565, 26.87968 ], [ 85.85806, 26.8811 ], [ 85.85848, 26.88162 ], [ 85.85833, 26.88259 ], [ 85.85865, 26.88351 ], [ 85.861, 26.88592 ], [ 85.86131, 26.88642 ], [ 85.86032, 26.88776 ], [ 85.86024, 26.88902 ], [ 85.86045, 26.88988 ], [ 85.86086, 26.89046 ], [ 85.8611, 26.89132 ], [ 85.86122, 26.89259 ], [ 85.86105, 26.89361 ], [ 85.86111, 26.89499 ], [ 85.86219, 26.89814 ], [ 85.86256, 26.90003 ], [ 85.8629, 26.90071 ], [ 85.86396, 26.90088 ], [ 85.86541, 26.90083 ], [ 85.86662, 26.90056 ], [ 85.86842, 26.89981 ], [ 85.87073, 26.89926 ], [ 85.87149, 26.89931 ], [ 85.87277, 26.89997 ], [ 85.87339, 26.89996 ], [ 85.87367, 26.89979 ], [ 85.87389, 26.89923 ], [ 85.87419, 26.89905 ], [ 85.87537, 26.89988 ], [ 85.87679, 26.90038 ], [ 85.87671, 26.89848 ], [ 85.87735, 26.89732 ], [ 85.87729, 26.89686 ], [ 85.87684, 26.89645 ], [ 85.87514, 26.89619 ], [ 85.87457, 26.89578 ], [ 85.87418, 26.8951 ], [ 85.87389, 26.89395 ], [ 85.87247, 26.89234 ], [ 85.87186, 26.89087 ], [ 85.87197, 26.88961 ], [ 85.87139, 26.88861 ], [ 85.87104, 26.88701 ], [ 85.87017, 26.88624 ], [ 85.86943, 26.88494 ], [ 85.87083, 26.88516 ], [ 85.87246, 26.88609 ], [ 85.87361, 26.88625 ], [ 85.87456, 26.88682 ], [ 85.8747, 26.88735 ], [ 85.87439, 26.88835 ], [ 85.87445, 26.88911 ], [ 85.87475, 26.89003 ], [ 85.87569, 26.8915 ], [ 85.87664, 26.89212 ], [ 85.87728, 26.89232 ], [ 85.87913, 26.89233 ], [ 85.88007, 26.89259 ], [ 85.88045, 26.89293 ], [ 85.8814, 26.89478 ], [ 85.88155, 26.8954 ], [ 85.88215, 26.89625 ], [ 85.8833, 26.89666 ], [ 85.88413, 26.89656 ], [ 85.88477, 26.89626 ], [ 85.88552, 26.89632 ], [ 85.88727, 26.89792 ], [ 85.88781, 26.89861 ], [ 85.88804, 26.89923 ], [ 85.88776, 26.9006 ], [ 85.88852, 26.90145 ], [ 85.88869, 26.90191 ], [ 85.88827, 26.90436 ], [ 85.88984, 26.90664 ], [ 85.8909, 26.9073 ], [ 85.89316, 26.90832 ], [ 85.89489, 26.90842 ], [ 85.89608, 26.90899 ] ] ] } },
{ "type": "Feature", "properties": { "fid": 219, "STATE_CODE": 2.0, "DISTRICT": "SARLAHI", "GaPa_NaPa": "Haripur", "Type_GN": "Nagarpalika", "Province": "2" }, "geometry": { "type": "Polygon", "coordinates": [ [ [ 85.52983, 27.05325 ], [ 85.53099, 27.04867 ], [ 85.53099, 27.04691 ], [ 85.53117, 27.04576 ], [ 85.5319, 27.04309 ], [ 85.53216, 27.04255 ], [ 85.53259, 27.04221 ], [ 85.53319, 27.04212 ], [ 85.53329, 27.04279 ], [ 85.53405, 27.04355 ], [ 85.53511, 27.04341 ], [ 85.53569, 27.04312 ], [ 85.53589, 27.04276 ], [ 85.53582, 27.04077 ], [ 85.53616, 27.04039 ], [ 85.53661, 27.04026 ], [ 85.53714, 27.04034 ], [ 85.53808, 27.04095 ], [ 85.53867, 27.04107 ], [ 85.53891, 27.04095 ], [ 85.53919, 27.04025 ], [ 85.54024, 27.03993 ], [ 85.55404, 27.03704 ], [ 85.55498, 27.03716 ], [ 85.55925, 27.03856 ], [ 85.56215, 27.03932 ], [ 85.56299, 27.03931 ], [ 85.56427, 27.03955 ], [ 85.56543, 27.03932 ], [ 85.56645, 27.03948 ], [ 85.57544, 27.03951 ], [ 85.57818, 27.04002 ], [ 85.59143, 27.04156 ], [ 85.59516, 27.04264 ], [ 85.59461, 27.04107 ], [ 85.59466, 27.04015 ], [ 85.59381, 27.03848 ], [ 85.59369, 27.03762 ], [ 85.59393, 27.03696 ], [ 85.59455, 27.03648 ], [ 85.59483, 27.03572 ], [ 85.59528, 27.03547 ], [ 85.59552, 27.03485 ], [ 85.59595, 27.03433 ], [ 85.59601, 27.03414 ], [ 85.5958, 27.0337 ], [ 85.59606, 27.03324 ], [ 85.59547, 27.03024 ], [ 85.59486, 27.02993 ], [ 85.59456, 27.02953 ], [ 85.59495, 27.02901 ], [ 85.59499, 27.02833 ], [ 85.59562, 27.02747 ], [ 85.5953, 27.02604 ], [ 85.5946, 27.02552 ], [ 85.59426, 27.02506 ], [ 85.59395, 27.02391 ], [ 85.59395, 27.02322 ], [ 85.59456, 27.02189 ], [ 85.59458, 27.02139 ], [ 85.59409, 27.02101 ], [ 85.59322, 27.02096 ], [ 85.59243, 27.02021 ], [ 85.59192, 27.02029 ], [ 85.59102, 27.02074 ], [ 85.5903, 27.02041 ], [ 85.59017, 27.02001 ], [ 85.59034, 27.01987 ], [ 85.59124, 27.01994 ], [ 85.59152, 27.01958 ], [ 85.5915, 27.01912 ], [ 85.59078, 27.01712 ], [ 85.59085, 27.01665 ], [ 85.58962, 27.01555 ], [ 85.589, 27.01421 ], [ 85.5882, 27.01388 ], [ 85.58795, 27.01252 ], [ 85.5884, 27.01094 ], [ 85.58918, 27.00911 ], [ 85.59086, 27.00669 ], [ 85.59597, 27.00308 ], [ 85.59787, 27.00255 ], [ 85.59861, 27.00122 ], [ 85.59914, 27.0 ], [ 85.59918, 26.99919 ], [ 85.59852, 26.99792 ], [ 85.59802, 26.99734 ], [ 85.59796, 26.99694 ], [ 85.59816, 26.99648 ], [ 85.59894, 26.99597 ], [ 85.5994, 26.99546 ], [ 85.59971, 26.99485 ], [ 85.59976, 26.99422 ], [ 85.59876, 26.99162 ], [ 85.59819, 26.98912 ], [ 85.59821, 26.9887 ], [ 85.59865, 26.98848 ], [ 85.59872, 26.98813 ], [ 85.5983, 26.98763 ], [ 85.59763, 26.9882 ], [ 85.59654, 26.98789 ], [ 85.59484, 26.98774 ], [ 85.59347, 26.98649 ], [ 85.59313, 26.98633 ], [ 85.59258, 26.98635 ], [ 85.59208, 26.98569 ], [ 85.59119, 26.9852 ], [ 85.5912, 26.98468 ], [ 85.59039, 26.98339 ], [ 85.59021, 26.98114 ], [ 85.58985, 26.98016 ], [ 85.5881, 26.97734 ], [ 85.58649, 26.97546 ], [ 85.58499, 26.97462 ], [ 85.58424, 26.97394 ], [ 85.58251, 26.97169 ], [ 85.58156, 26.97089 ], [ 85.58086, 26.97065 ], [ 85.57869, 26.97045 ], [ 85.57811, 26.97019 ], [ 85.57644, 26.96935 ], [ 85.57284, 26.96667 ], [ 85.57018, 26.96496 ], [ 85.56942, 26.96462 ], [ 85.56596, 26.96366 ], [ 85.56552, 26.9642 ], [ 85.56324, 26.96511 ], [ 85.5628, 26.96583 ], [ 85.56184, 26.96626 ], [ 85.55837, 26.96657 ], [ 85.55741, 26.96682 ], [ 85.55626, 26.96623 ], [ 85.55557, 26.96553 ], [ 85.55, 26.96706 ], [ 85.54878, 26.96721 ], [ 85.54813, 26.96751 ], [ 85.54103, 26.96907 ], [ 85.54208, 26.96995 ], [ 85.54327, 26.97021 ], [ 85.54555, 26.97182 ], [ 85.54617, 26.97309 ], [ 85.5465, 26.97342 ], [ 85.54792, 26.974 ], [ 85.54805, 26.97392 ], [ 85.54802, 26.97343 ], [ 85.54828, 26.97333 ], [ 85.54845, 26.97343 ], [ 85.54865, 26.97401 ], [ 85.54861, 26.97468 ], [ 85.54997, 26.97502 ], [ 85.5501, 26.9752 ], [ 85.55003, 26.97566 ], [ 85.54972, 26.97611 ], [ 85.54945, 26.97703 ], [ 85.54922, 26.9788 ], [ 85.54938, 26.97955 ], [ 85.54922, 26.97984 ], [ 85.54669, 26.98036 ], [ 85.5443, 26.98129 ], [ 85.53741, 26.98318 ], [ 85.53643, 26.98359 ], [ 85.53497, 26.98388 ], [ 85.53218, 26.98485 ], [ 85.53061, 26.98575 ], [ 85.52905, 26.98699 ], [ 85.52816, 26.9878 ], [ 85.5267, 26.9896 ], [ 85.52567, 26.99002 ], [ 85.52645, 26.99042 ], [ 85.52866, 26.99085 ], [ 85.53035, 26.99141 ], [ 85.53101, 26.9919 ], [ 85.5313, 26.99236 ], [ 85.53137, 26.993 ], [ 85.53052, 26.99371 ], [ 85.53022, 26.99417 ], [ 85.52984, 26.99496 ], [ 85.52974, 26.99588 ], [ 85.53003, 26.9964 ], [ 85.53095, 26.99701 ], [ 85.53144, 26.99799 ], [ 85.53264, 26.99916 ], [ 85.53302, 27.00025 ], [ 85.53374, 27.00063 ], [ 85.53083, 27.00163 ], [ 85.52616, 27.00286 ], [ 85.52519, 27.00364 ], [ 85.52359, 27.0042 ], [ 85.52338, 27.00426 ], [ 85.52155, 27.00247 ], [ 85.52224, 27.00123 ], [ 85.52297, 27.00025 ], [ 85.52335, 27.00021 ], [ 85.52355, 26.9997 ], [ 85.52346, 26.99763 ], [ 85.5232, 26.99669 ], [ 85.52242, 26.99618 ], [ 85.52139, 26.99464 ], [ 85.5205, 26.99424 ], [ 85.51993, 26.99373 ], [ 85.51921, 26.99229 ], [ 85.51747, 26.99008 ], [ 85.51675, 26.98873 ], [ 85.51535, 26.9894 ], [ 85.51386, 26.99037 ], [ 85.51238, 26.99072 ], [ 85.51048, 26.99228 ], [ 85.51196, 26.99304 ], [ 85.51306, 26.99429 ], [ 85.5141, 26.99476 ], [ 85.51533, 26.9983 ], [ 85.51515, 26.9987 ], [ 85.51459, 26.99898 ], [ 85.51502, 27.00002 ], [ 85.51484, 27.00025 ], [ 85.51555, 27.00086 ], [ 85.51636, 27.00126 ], [ 85.51689, 27.0022 ], [ 85.51741, 27.00393 ], [ 85.51751, 27.00546 ], [ 85.51411, 27.00629 ], [ 85.51217, 27.00653 ], [ 85.51139, 27.00553 ], [ 85.51065, 27.00392 ], [ 85.51001, 27.00338 ], [ 85.50957, 27.00325 ], [ 85.5072, 27.00385 ], [ 85.50585, 27.00113 ], [ 85.50521, 27.00025 ], [ 85.50579, 27.00019 ], [ 85.50787, 26.99933 ], [ 85.50814, 26.99889 ], [ 85.50785, 26.99825 ], [ 85.50656, 26.99651 ], [ 85.50626, 26.99568 ], [ 85.50544, 26.99485 ], [ 85.50513, 26.99475 ], [ 85.50326, 26.99558 ], [ 85.50082, 26.99574 ], [ 85.49813, 26.99648 ], [ 85.49762, 26.99676 ], [ 85.49053, 26.99788 ], [ 85.48981, 26.99818 ], [ 85.49272, 27.00345 ], [ 85.49316, 27.00461 ], [ 85.49607, 27.01022 ], [ 85.49588, 27.01182 ], [ 85.49525, 27.0145 ], [ 85.495, 27.015 ], [ 85.49298, 27.01548 ], [ 85.49289, 27.01623 ], [ 85.49359, 27.0208 ], [ 85.49486, 27.02581 ], [ 85.49762, 27.033 ], [ 85.49837, 27.03447 ], [ 85.50068, 27.03726 ], [ 85.50737, 27.04662 ], [ 85.50898, 27.0493 ], [ 85.5094, 27.05043 ], [ 85.52032, 27.04979 ], [ 85.52021, 27.05476 ], [ 85.51992, 27.05683 ], [ 85.52006, 27.06004 ], [ 85.52031, 27.06134 ], [ 85.52131, 27.06356 ], [ 85.52169, 27.06481 ], [ 85.52287, 27.06361 ], [ 85.52434, 27.06101 ], [ 85.52583, 27.05993 ], [ 85.52662, 27.05903 ], [ 85.52794, 27.05659 ], [ 85.52863, 27.05585 ], [ 85.52922, 27.05425 ], [ 85.52983, 27.05325 ] ] ] } },
{ "type": "Feature", "properties": { "fid": 258, "STATE_CODE": 3.0, "DISTRICT": "SINDHUPALCHOK", "GaPa_NaPa": "Chautara SangachokGadhi", "Type_GN": "Nagarpalika", "Province": "Bagmati" }, "geometry": { "type": "Polygon", "coordinates": [ [ [ 85.71904, 27.83439 ], [ 85.72156, 27.83415 ], [ 85.72349, 27.8345 ], [ 85.72407, 27.83446 ], [ 85.72626, 27.83389 ], [ 85.7275, 27.83378 ], [ 85.73042, 27.83259 ], [ 85.73157, 27.83177 ], [ 85.73361, 27.83079 ], [ 85.73678, 27.83104 ], [ 85.7395, 27.8316 ], [ 85.74003, 27.83183 ], [ 85.74105, 27.83278 ], [ 85.74482, 27.83455 ], [ 85.74591, 27.83461 ], [ 85.75021, 27.83401 ], [ 85.74961, 27.83338 ], [ 85.74925, 27.83236 ], [ 85.74934, 27.83103 ], [ 85.7487, 27.82897 ], [ 85.74981, 27.82833 ], [ 85.75447, 27.82987 ], [ 85.75513, 27.82985 ], [ 85.75683, 27.82896 ], [ 85.758, 27.82868 ], [ 85.76027, 27.82878 ], [ 85.76191, 27.82833 ], [ 85.76514, 27.82837 ], [ 85.76923, 27.82724 ], [ 85.77009, 27.82715 ], [ 85.77025, 27.82574 ], [ 85.76967, 27.82317 ], [ 85.76885, 27.82088 ], [ 85.76853, 27.8186 ], [ 85.7677, 27.81668 ], [ 85.76806, 27.81335 ], [ 85.76796, 27.81229 ], [ 85.76718, 27.81112 ], [ 85.76727, 27.80995 ], [ 85.76715, 27.80949 ], [ 85.76568, 27.80849 ], [ 85.7648, 27.80764 ], [ 85.76483, 27.80668 ], [ 85.7655, 27.80603 ], [ 85.76666, 27.8054 ], [ 85.76685, 27.80483 ], [ 85.76584, 27.80399 ], [ 85.76533, 27.80316 ], [ 85.7656, 27.80243 ], [ 85.76417, 27.80085 ], [ 85.764, 27.80028 ], [ 85.76412, 27.79992 ], [ 85.76548, 27.79887 ], [ 85.76569, 27.79824 ], [ 85.76533, 27.79759 ], [ 85.76277, 27.79629 ], [ 85.7623, 27.7955 ], [ 85.76254, 27.79456 ], [ 85.76326, 27.79374 ], [ 85.76335, 27.79296 ], [ 85.76193, 27.78987 ], [ 85.76183, 27.78871 ], [ 85.7622, 27.78753 ], [ 85.76319, 27.78598 ], [ 85.76381, 27.78351 ], [ 85.76375, 27.77731 ], [ 85.76417, 27.77507 ], [ 85.76469, 27.77363 ], [ 85.76474, 27.76998 ], [ 85.76528, 27.76897 ], [ 85.76774, 27.76732 ], [ 85.77039, 27.76492 ], [ 85.77275, 27.76234 ], [ 85.77369, 27.76098 ], [ 85.77479, 27.75791 ], [ 85.77474, 27.75634 ], [ 85.7749, 27.75483 ], [ 85.77537, 27.75395 ], [ 85.77615, 27.75344 ], [ 85.77721, 27.75308 ], [ 85.77752, 27.75258 ], [ 85.77757, 27.7518 ], [ 85.77664, 27.75071 ], [ 85.77617, 27.74956 ], [ 85.77749, 27.74791 ], [ 85.77799, 27.74621 ], [ 85.77801, 27.7456 ], [ 85.77758, 27.74415 ], [ 85.77763, 27.74308 ], [ 85.77684, 27.7413 ], [ 85.77708, 27.74068 ], [ 85.77864, 27.73864 ], [ 85.77866, 27.73665 ], [ 85.77894, 27.73622 ], [ 85.77941, 27.73594 ], [ 85.77975, 27.7347 ], [ 85.77922, 27.73295 ], [ 85.77947, 27.73141 ], [ 85.77918, 27.7305 ], [ 85.77913, 27.72897 ], [ 85.7783, 27.72699 ], [ 85.77776, 27.72616 ], [ 85.77778, 27.72555 ], [ 85.77818, 27.72462 ], [ 85.77836, 27.72369 ], [ 85.77823, 27.72228 ], [ 85.77655, 27.72079 ], [ 85.7755, 27.72013 ], [ 85.77464, 27.71862 ], [ 85.77411, 27.7181 ], [ 85.77372, 27.71799 ], [ 85.7727, 27.71817 ], [ 85.77167, 27.71813 ], [ 85.77115, 27.71791 ], [ 85.77052, 27.7172 ], [ 85.76939, 27.71535 ], [ 85.76817, 27.71224 ], [ 85.76769, 27.7118 ], [ 85.76513, 27.71095 ], [ 85.76391, 27.71021 ], [ 85.76298, 27.70939 ], [ 85.76229, 27.70784 ], [ 85.76256, 27.70692 ], [ 85.7636, 27.70597 ], [ 85.76376, 27.70562 ], [ 85.76369, 27.70489 ], [ 85.76311, 27.70406 ], [ 85.76188, 27.70326 ], [ 85.76085, 27.70305 ], [ 85.7579, 27.70328 ], [ 85.75664, 27.70286 ], [ 85.75585, 27.70231 ], [ 85.7551, 27.7016 ], [ 85.75459, 27.69893 ], [ 85.75416, 27.69787 ], [ 85.75329, 27.69724 ], [ 85.74988, 27.69641 ], [ 85.74948, 27.69604 ], [ 85.74893, 27.69498 ], [ 85.74752, 27.69375 ], [ 85.74718, 27.69301 ], [ 85.74622, 27.69246 ], [ 85.74473, 27.69087 ], [ 85.74389, 27.68907 ], [ 85.7436, 27.68808 ], [ 85.74309, 27.68772 ], [ 85.73963, 27.68731 ], [ 85.73911, 27.68712 ], [ 85.73786, 27.68568 ], [ 85.73687, 27.68286 ], [ 85.73632, 27.68244 ], [ 85.7347, 27.68218 ], [ 85.73329, 27.68153 ], [ 85.73201, 27.68078 ], [ 85.73084, 27.67964 ], [ 85.73036, 27.67891 ], [ 85.73028, 27.67837 ], [ 85.73043, 27.67753 ], [ 85.73158, 27.67538 ], [ 85.73148, 27.67492 ], [ 85.7312, 27.67467 ], [ 85.73116, 27.67421 ], [ 85.73147, 27.67031 ], [ 85.72979, 27.6689 ], [ 85.72859, 27.66845 ], [ 85.72663, 27.66819 ], [ 85.72612, 27.66798 ], [ 85.72561, 27.66748 ], [ 85.72525, 27.66679 ], [ 85.72473, 27.66501 ], [ 85.72477, 27.66438 ], [ 85.7252, 27.66337 ], [ 85.72506, 27.66289 ], [ 85.72459, 27.6623 ], [ 85.72382, 27.66181 ], [ 85.72254, 27.6614 ], [ 85.72022, 27.66118 ], [ 85.72136, 27.66245 ], [ 85.72234, 27.66316 ], [ 85.72279, 27.66408 ], [ 85.72261, 27.66459 ], [ 85.72186, 27.66554 ], [ 85.72055, 27.66615 ], [ 85.7194, 27.66549 ], [ 85.71822, 27.66358 ], [ 85.71604, 27.66253 ], [ 85.71522, 27.66149 ], [ 85.71466, 27.66143 ], [ 85.71393, 27.66217 ], [ 85.71327, 27.66196 ], [ 85.713, 27.66104 ], [ 85.71296, 27.65967 ], [ 85.71275, 27.65904 ], [ 85.71195, 27.65767 ], [ 85.71088, 27.65664 ], [ 85.70946, 27.65478 ], [ 85.70863, 27.65456 ], [ 85.70747, 27.65559 ], [ 85.70518, 27.65632 ], [ 85.70537, 27.6559 ], [ 85.70632, 27.65579 ], [ 85.70747, 27.65477 ], [ 85.70786, 27.65356 ], [ 85.70739, 27.64942 ], [ 85.70738, 27.64747 ], [ 85.70657, 27.64409 ], [ 85.70634, 27.64204 ], [ 85.7059, 27.64164 ], [ 85.70623, 27.643 ], [ 85.70562, 27.64544 ], [ 85.70566, 27.64689 ], [ 85.70539, 27.64948 ], [ 85.70619, 27.65162 ], [ 85.70616, 27.65224 ], [ 85.70578, 27.65269 ], [ 85.70502, 27.65315 ], [ 85.70461, 27.65396 ], [ 85.70397, 27.65471 ], [ 85.70281, 27.65559 ], [ 85.70043, 27.6567 ], [ 85.69978, 27.65783 ], [ 85.69952, 27.65867 ], [ 85.69866, 27.65979 ], [ 85.69743, 27.66087 ], [ 85.69528, 27.66197 ], [ 85.69386, 27.66344 ], [ 85.69355, 27.6641 ], [ 85.69342, 27.6654 ], [ 85.69307, 27.66594 ], [ 85.69287, 27.66678 ], [ 85.6931, 27.6677 ], [ 85.69444, 27.66933 ], [ 85.69422, 27.67063 ], [ 85.69268, 27.6726 ], [ 85.69259, 27.67306 ], [ 85.6928, 27.67421 ], [ 85.69262, 27.67469 ], [ 85.69217, 27.67495 ], [ 85.6902, 27.67485 ], [ 85.68952, 27.67496 ], [ 85.68861, 27.67547 ], [ 85.68812, 27.67602 ], [ 85.68727, 27.67765 ], [ 85.68662, 27.67847 ], [ 85.68685, 27.67939 ], [ 85.6884, 27.68131 ], [ 85.68857, 27.68192 ], [ 85.68846, 27.68261 ], [ 85.68722, 27.68473 ], [ 85.68644, 27.68534 ], [ 85.68559, 27.6853 ], [ 85.68375, 27.68453 ], [ 85.68315, 27.68448 ], [ 85.68117, 27.6853 ], [ 85.68094, 27.68576 ], [ 85.68107, 27.68729 ], [ 85.68049, 27.68882 ], [ 85.68042, 27.6897 ], [ 85.6806, 27.69024 ], [ 85.68215, 27.69233 ], [ 85.68191, 27.69269 ], [ 85.68077, 27.69332 ], [ 85.67937, 27.69527 ], [ 85.67919, 27.69611 ], [ 85.67995, 27.69764 ], [ 85.68009, 27.6987 ], [ 85.67994, 27.69956 ], [ 85.67948, 27.70038 ], [ 85.67909, 27.70072 ], [ 85.6784, 27.701 ], [ 85.67564, 27.70159 ], [ 85.67376, 27.70326 ], [ 85.67131, 27.70465 ], [ 85.6709, 27.70534 ], [ 85.67233, 27.70595 ], [ 85.67243, 27.70618 ], [ 85.67219, 27.70672 ], [ 85.6723, 27.70705 ], [ 85.67343, 27.70795 ], [ 85.67421, 27.70904 ], [ 85.67414, 27.70989 ], [ 85.67363, 27.71076 ], [ 85.67298, 27.71126 ], [ 85.6715, 27.7115 ], [ 85.67109, 27.71186 ], [ 85.67126, 27.7124 ], [ 85.67178, 27.71263 ], [ 85.67195, 27.7129 ], [ 85.67124, 27.71356 ], [ 85.67108, 27.71418 ], [ 85.67151, 27.71471 ], [ 85.67224, 27.7151 ], [ 85.67225, 27.71585 ], [ 85.67334, 27.71686 ], [ 85.67332, 27.71717 ], [ 85.67295, 27.71745 ], [ 85.67289, 27.71776 ], [ 85.67363, 27.71872 ], [ 85.67393, 27.71968 ], [ 85.67463, 27.72012 ], [ 85.67518, 27.72116 ], [ 85.67615, 27.72141 ], [ 85.67563, 27.72221 ], [ 85.67637, 27.72535 ], [ 85.67537, 27.72699 ], [ 85.67532, 27.72913 ], [ 85.67547, 27.72969 ], [ 85.67649, 27.73029 ], [ 85.67705, 27.73084 ], [ 85.67726, 27.73176 ], [ 85.67725, 27.73352 ], [ 85.67833, 27.73582 ], [ 85.67834, 27.73796 ], [ 85.6775, 27.73937 ], [ 85.67847, 27.74227 ], [ 85.67858, 27.74296 ], [ 85.67823, 27.74378 ], [ 85.67889, 27.74473 ], [ 85.6782, 27.7461 ], [ 85.6786, 27.7471 ], [ 85.6786, 27.74755 ], [ 85.67707, 27.74915 ], [ 85.67656, 27.75031 ], [ 85.67596, 27.75096 ], [ 85.67601, 27.75174 ], [ 85.67564, 27.7523 ], [ 85.67495, 27.75268 ], [ 85.6749, 27.7529 ], [ 85.6758, 27.75316 ], [ 85.67602, 27.75336 ], [ 85.67565, 27.75431 ], [ 85.67618, 27.75509 ], [ 85.67614, 27.75655 ], [ 85.67588, 27.75703 ], [ 85.67524, 27.75724 ], [ 85.67476, 27.758 ], [ 85.67441, 27.75924 ], [ 85.67408, 27.76153 ], [ 85.6743, 27.76203 ], [ 85.67533, 27.76289 ], [ 85.6755, 27.7633 ], [ 85.67452, 27.76408 ], [ 85.67459, 27.7644 ], [ 85.67513, 27.76504 ], [ 85.6761, 27.76574 ], [ 85.67617, 27.76708 ], [ 85.67695, 27.76755 ], [ 85.67685, 27.76801 ], [ 85.67625, 27.7684 ], [ 85.67676, 27.76903 ], [ 85.67684, 27.76925 ], [ 85.67671, 27.76953 ], [ 85.6761, 27.76971 ], [ 85.67591, 27.77026 ], [ 85.67513, 27.77063 ], [ 85.67541, 27.77121 ], [ 85.67586, 27.77135 ], [ 85.67648, 27.77192 ], [ 85.67665, 27.77239 ], [ 85.67668, 27.77329 ], [ 85.67626, 27.77435 ], [ 85.67552, 27.77513 ], [ 85.67531, 27.77607 ], [ 85.67429, 27.7772 ], [ 85.67516, 27.77773 ], [ 85.67539, 27.77879 ], [ 85.67527, 27.77924 ], [ 85.67469, 27.78 ], [ 85.67472, 27.78055 ], [ 85.67518, 27.78107 ], [ 85.67525, 27.78136 ], [ 85.67414, 27.78339 ], [ 85.6741, 27.78396 ], [ 85.67482, 27.78534 ], [ 85.67592, 27.78661 ], [ 85.67592, 27.78854 ], [ 85.67615, 27.78978 ], [ 85.67598, 27.79024 ], [ 85.67589, 27.79254 ], [ 85.67486, 27.79362 ], [ 85.67244, 27.7949 ], [ 85.67156, 27.79645 ], [ 85.67008, 27.7969 ], [ 85.66995, 27.79741 ], [ 85.67022, 27.79818 ], [ 85.66976, 27.79893 ], [ 85.67045, 27.80107 ], [ 85.67014, 27.80245 ], [ 85.66944, 27.80314 ], [ 85.66984, 27.80457 ], [ 85.66974, 27.80581 ], [ 85.66993, 27.80631 ], [ 85.67126, 27.80678 ], [ 85.67126, 27.80715 ], [ 85.67092, 27.80763 ], [ 85.67103, 27.808 ], [ 85.67216, 27.80825 ], [ 85.67322, 27.8095 ], [ 85.67389, 27.81003 ], [ 85.6741, 27.81047 ], [ 85.67414, 27.81139 ], [ 85.67396, 27.81247 ], [ 85.67437, 27.81345 ], [ 85.67464, 27.81497 ], [ 85.67559, 27.81598 ], [ 85.67676, 27.81784 ], [ 85.67685, 27.8184 ], [ 85.67629, 27.81909 ], [ 85.67641, 27.81953 ], [ 85.67705, 27.82064 ], [ 85.67828, 27.82182 ], [ 85.67964, 27.8241 ], [ 85.67937, 27.82524 ], [ 85.67936, 27.82712 ], [ 85.67975, 27.82836 ], [ 85.67974, 27.8293 ], [ 85.67786, 27.8312 ], [ 85.67746, 27.83181 ], [ 85.67717, 27.83243 ], [ 85.67693, 27.83362 ], [ 85.67695, 27.83406 ], [ 85.67757, 27.83527 ], [ 85.67793, 27.83685 ], [ 85.67939, 27.84022 ], [ 85.67939, 27.8409 ], [ 85.67968, 27.84184 ], [ 85.67949, 27.8427 ], [ 85.67754, 27.84532 ], [ 85.6773, 27.84663 ], [ 85.67746, 27.84842 ], [ 85.67803, 27.84954 ], [ 85.67848, 27.84991 ], [ 85.68068, 27.85094 ], [ 85.68172, 27.8518 ], [ 85.68262, 27.85288 ], [ 85.68291, 27.85452 ], [ 85.6849, 27.8565 ], [ 85.68547, 27.85758 ], [ 85.68587, 27.85792 ], [ 85.68652, 27.85832 ], [ 85.68856, 27.85899 ], [ 85.69084, 27.86083 ], [ 85.69108, 27.85988 ], [ 85.69249, 27.85758 ], [ 85.69307, 27.85694 ], [ 85.69535, 27.85575 ], [ 85.69613, 27.85514 ], [ 85.6993, 27.85393 ], [ 85.70056, 27.85258 ], [ 85.70123, 27.85055 ], [ 85.70373, 27.84931 ], [ 85.70478, 27.84847 ], [ 85.70781, 27.84454 ], [ 85.70981, 27.84124 ], [ 85.71012, 27.84004 ], [ 85.71066, 27.83916 ], [ 85.71121, 27.83863 ], [ 85.71191, 27.83811 ], [ 85.71397, 27.83715 ], [ 85.71508, 27.83635 ], [ 85.71904, 27.83439 ] ] ] } },
{ "type": "Feature", "properties": { "fid": 260, "STATE_CODE": 3.0, "DISTRICT": "SINDHUPALCHOK", "GaPa_NaPa": "Indrawati", "Type_GN": "Gaunpalika", "Province": "Bagmati" }, "geometry": { "type": "Polygon", "coordinates": [ [ [ 85.67791, 27.84931 ], [ 85.67746, 27.84842 ], [ 85.67732, 27.84605 ], [ 85.67754, 27.84532 ], [ 85.67949, 27.8427 ], [ 85.67968, 27.84184 ], [ 85.67939, 27.8409 ], [ 85.67939, 27.84022 ], [ 85.67793, 27.83685 ], [ 85.67757, 27.83527 ], [ 85.67695, 27.83406 ], [ 85.67693, 27.83362 ], [ 85.67717, 27.83243 ], [ 85.67746, 27.83181 ], [ 85.67786, 27.8312 ], [ 85.67974, 27.8293 ], [ 85.67975, 27.82836 ], [ 85.67936, 27.82712 ], [ 85.67937, 27.82524 ], [ 85.67964, 27.8241 ], [ 85.67828, 27.82182 ], [ 85.67705, 27.82064 ], [ 85.67641, 27.81953 ], [ 85.67629, 27.81909 ], [ 85.67685, 27.8184 ], [ 85.67676, 27.81784 ], [ 85.67559, 27.81598 ], [ 85.67464, 27.81497 ], [ 85.67437, 27.81345 ], [ 85.67396, 27.81247 ], [ 85.67414, 27.81139 ], [ 85.6741, 27.81047 ], [ 85.67389, 27.81003 ], [ 85.67322, 27.8095 ], [ 85.67216, 27.80825 ], [ 85.67103, 27.808 ], [ 85.67092, 27.80763 ], [ 85.67126, 27.80715 ], [ 85.67126, 27.80678 ], [ 85.66993, 27.80631 ], [ 85.66974, 27.80581 ], [ 85.66984, 27.80457 ], [ 85.66944, 27.80314 ], [ 85.67014, 27.80245 ], [ 85.67045, 27.80107 ], [ 85.66976, 27.79893 ], [ 85.67022, 27.79818 ], [ 85.66995, 27.79741 ], [ 85.67008, 27.7969 ], [ 85.67156, 27.79645 ], [ 85.67244, 27.7949 ], [ 85.67486, 27.79362 ], [ 85.67589, 27.79254 ], [ 85.67598, 27.79024 ], [ 85.67615, 27.78978 ], [ 85.67592, 27.78854 ], [ 85.67592, 27.78661 ], [ 85.67482, 27.78534 ], [ 85.6741, 27.78396 ], [ 85.67414, 27.78339 ], [ 85.67525, 27.78136 ], [ 85.67518, 27.78107 ], [ 85.67472, 27.78055 ], [ 85.67469, 27.78 ], [ 85.67527, 27.77924 ], [ 85.67539, 27.77879 ], [ 85.67516, 27.77773 ], [ 85.67429, 27.7772 ], [ 85.67531, 27.77607 ], [ 85.67552, 27.77513 ], [ 85.67626, 27.77435 ], [ 85.67668, 27.77329 ], [ 85.67665, 27.77239 ], [ 85.67648, 27.77192 ], [ 85.67586, 27.77135 ], [ 85.67541, 27.77121 ], [ 85.67513, 27.77063 ], [ 85.67591, 27.77026 ], [ 85.6761, 27.76971 ], [ 85.67671, 27.76953 ], [ 85.67684, 27.76925 ], [ 85.67676, 27.76903 ], [ 85.67625, 27.7684 ], [ 85.67685, 27.76801 ], [ 85.67695, 27.76755 ], [ 85.67617, 27.76708 ], [ 85.6761, 27.76574 ], [ 85.67513, 27.76504 ], [ 85.67459, 27.7644 ], [ 85.67452, 27.76408 ], [ 85.6755, 27.7633 ], [ 85.67533, 27.76289 ], [ 85.6743, 27.76203 ], [ 85.67408, 27.76153 ], [ 85.67441, 27.75924 ], [ 85.67476, 27.758 ], [ 85.67524, 27.75724 ], [ 85.67588, 27.75703 ], [ 85.67614, 27.75655 ], [ 85.67618, 27.75509 ], [ 85.67565, 27.75431 ], [ 85.67602, 27.75336 ], [ 85.6758, 27.75316 ], [ 85.6749, 27.7529 ], [ 85.67495, 27.75268 ], [ 85.67564, 27.7523 ], [ 85.67601, 27.75174 ], [ 85.67596, 27.75096 ], [ 85.67656, 27.75031 ], [ 85.67707, 27.74915 ], [ 85.6786, 27.74755 ], [ 85.6786, 27.7471 ], [ 85.6782, 27.7461 ], [ 85.67889, 27.74473 ], [ 85.67823, 27.74378 ], [ 85.67858, 27.74296 ], [ 85.67847, 27.74227 ], [ 85.6775, 27.73937 ], [ 85.67834, 27.73796 ], [ 85.67833, 27.73582 ], [ 85.67725, 27.73352 ], [ 85.67726, 27.73176 ], [ 85.67705, 27.73084 ], [ 85.67649, 27.73029 ], [ 85.67547, 27.72969 ], [ 85.67532, 27.72913 ], [ 85.67537, 27.72699 ], [ 85.67637, 27.72535 ], [ 85.67563, 27.72221 ], [ 85.67615, 27.72141 ], [ 85.67518, 27.72116 ], [ 85.67463, 27.72012 ], [ 85.67393, 27.71968 ], [ 85.67363, 27.71872 ], [ 85.67289, 27.71776 ], [ 85.67295, 27.71745 ], [ 85.67332, 27.71717 ], [ 85.67334, 27.71686 ], [ 85.67225, 27.71585 ], [ 85.67224, 27.7151 ], [ 85.67151, 27.71471 ], [ 85.67108, 27.71418 ], [ 85.67124, 27.71356 ], [ 85.67195, 27.7129 ], [ 85.67178, 27.71263 ], [ 85.67126, 27.7124 ], [ 85.67109, 27.71186 ], [ 85.6715, 27.7115 ], [ 85.67298, 27.71126 ], [ 85.67363, 27.71076 ], [ 85.67414, 27.70989 ], [ 85.67421, 27.70904 ], [ 85.67343, 27.70795 ], [ 85.6723, 27.70705 ], [ 85.67219, 27.70672 ], [ 85.67243, 27.70618 ], [ 85.67233, 27.70595 ], [ 85.6709, 27.70534 ], [ 85.67035, 27.7065 ], [ 85.67024, 27.7078 ], [ 85.66991, 27.70864 ], [ 85.66928, 27.70916 ], [ 85.66834, 27.70942 ], [ 85.66778, 27.70976 ], [ 85.66662, 27.71146 ], [ 85.66569, 27.71236 ], [ 85.66501, 27.7126 ], [ 85.66458, 27.71258 ], [ 85.66261, 27.71217 ], [ 85.6621, 27.71236 ], [ 85.66088, 27.71322 ], [ 85.65856, 27.7139 ], [ 85.65764, 27.71434 ], [ 85.65605, 27.71586 ], [ 85.65611, 27.71747 ], [ 85.65542, 27.71931 ], [ 85.65456, 27.72011 ], [ 85.65353, 27.72053 ], [ 85.65267, 27.72064 ], [ 85.65056, 27.72 ], [ 85.6491, 27.72011 ], [ 85.6459, 27.7187 ], [ 85.64441, 27.71821 ], [ 85.64404, 27.71823 ], [ 85.64207, 27.71892 ], [ 85.64057, 27.72019 ], [ 85.6393, 27.72086 ], [ 85.63699, 27.72108 ], [ 85.63622, 27.72136 ], [ 85.63409, 27.7239 ], [ 85.63141, 27.72581 ], [ 85.63049, 27.72674 ], [ 85.62832, 27.72733 ], [ 85.6268, 27.72839 ], [ 85.62558, 27.72858 ], [ 85.62444, 27.72955 ], [ 85.62303, 27.73026 ], [ 85.62195, 27.7301 ], [ 85.61757, 27.73099 ], [ 85.61611, 27.73148 ], [ 85.61449, 27.73237 ], [ 85.61319, 27.73334 ], [ 85.61263, 27.73415 ], [ 85.61253, 27.73598 ], [ 85.61172, 27.73778 ], [ 85.61181, 27.73999 ], [ 85.61169, 27.74045 ], [ 85.61128, 27.74137 ], [ 85.61105, 27.74244 ], [ 85.61052, 27.74342 ], [ 85.6096, 27.74445 ], [ 85.60836, 27.74543 ], [ 85.60667, 27.74637 ], [ 85.60556, 27.74767 ], [ 85.60381, 27.74872 ], [ 85.60274, 27.74901 ], [ 85.60202, 27.74953 ], [ 85.60177, 27.74995 ], [ 85.60189, 27.75054 ], [ 85.6015, 27.75118 ], [ 85.60046, 27.75215 ], [ 85.60011, 27.75303 ], [ 85.59944, 27.75376 ], [ 85.59913, 27.75478 ], [ 85.59822, 27.75652 ], [ 85.59711, 27.75709 ], [ 85.59636, 27.75814 ], [ 85.59596, 27.75846 ], [ 85.59312, 27.76025 ], [ 85.59278, 27.76063 ], [ 85.5919, 27.76234 ], [ 85.59074, 27.76325 ], [ 85.59059, 27.76376 ], [ 85.59071, 27.76529 ], [ 85.59057, 27.76591 ], [ 85.59016, 27.76655 ], [ 85.58991, 27.76676 ], [ 85.58878, 27.76698 ], [ 85.58623, 27.76836 ], [ 85.58556, 27.76904 ], [ 85.58526, 27.77007 ], [ 85.58392, 27.77167 ], [ 85.58189, 27.77223 ], [ 85.58153, 27.77247 ], [ 85.5802, 27.77421 ], [ 85.57883, 27.77529 ], [ 85.57792, 27.77567 ], [ 85.57754, 27.77604 ], [ 85.57685, 27.77706 ], [ 85.57633, 27.77831 ], [ 85.57507, 27.77996 ], [ 85.57369, 27.78221 ], [ 85.57355, 27.78331 ], [ 85.57407, 27.78524 ], [ 85.57387, 27.78659 ], [ 85.57498, 27.78877 ], [ 85.57508, 27.7895 ], [ 85.5758, 27.79119 ], [ 85.57587, 27.79179 ], [ 85.57492, 27.79302 ], [ 85.57514, 27.79449 ], [ 85.57484, 27.79617 ], [ 85.57565, 27.7967 ], [ 85.57609, 27.79758 ], [ 85.57655, 27.79795 ], [ 85.57827, 27.79859 ], [ 85.57925, 27.79878 ], [ 85.57987, 27.79871 ], [ 85.5808, 27.79909 ], [ 85.58196, 27.7986 ], [ 85.5825, 27.7977 ], [ 85.58313, 27.79722 ], [ 85.58425, 27.79679 ], [ 85.58516, 27.79671 ], [ 85.58607, 27.79692 ], [ 85.58668, 27.79689 ], [ 85.58744, 27.79636 ], [ 85.58805, 27.79623 ], [ 85.59021, 27.7964 ], [ 85.59109, 27.79685 ], [ 85.59147, 27.79666 ], [ 85.5921, 27.79707 ], [ 85.5924, 27.79806 ], [ 85.59351, 27.79935 ], [ 85.59388, 27.79958 ], [ 85.59411, 27.79961 ], [ 85.59455, 27.79926 ], [ 85.59488, 27.79923 ], [ 85.59512, 27.79939 ], [ 85.59482, 27.80019 ], [ 85.59514, 27.80039 ], [ 85.59561, 27.80041 ], [ 85.59775, 27.79977 ], [ 85.59939, 27.7995 ], [ 85.60122, 27.79939 ], [ 85.60291, 27.79964 ], [ 85.6038, 27.80012 ], [ 85.60461, 27.80124 ], [ 85.60516, 27.80141 ], [ 85.60626, 27.80095 ], [ 85.60745, 27.80125 ], [ 85.60884, 27.80135 ], [ 85.60985, 27.80202 ], [ 85.61287, 27.80316 ], [ 85.61376, 27.80382 ], [ 85.61342, 27.80416 ], [ 85.61224, 27.80474 ], [ 85.60909, 27.80703 ], [ 85.60809, 27.8082 ], [ 85.60662, 27.80952 ], [ 85.60373, 27.81131 ], [ 85.60218, 27.81296 ], [ 85.60152, 27.81434 ], [ 85.6008, 27.81493 ], [ 85.60069, 27.81578 ], [ 85.60133, 27.817 ], [ 85.60127, 27.81832 ], [ 85.60056, 27.81982 ], [ 85.59972, 27.82063 ], [ 85.60198, 27.82274 ], [ 85.60409, 27.82399 ], [ 85.6071, 27.82471 ], [ 85.60804, 27.82519 ], [ 85.60876, 27.82594 ], [ 85.60958, 27.82758 ], [ 85.61157, 27.82928 ], [ 85.61225, 27.8296 ], [ 85.61428, 27.82973 ], [ 85.61646, 27.83056 ], [ 85.61816, 27.83036 ], [ 85.62038, 27.83092 ], [ 85.6209, 27.83146 ], [ 85.62119, 27.83231 ], [ 85.62237, 27.83323 ], [ 85.62308, 27.83486 ], [ 85.62445, 27.83678 ], [ 85.62523, 27.83766 ], [ 85.626, 27.83806 ], [ 85.62672, 27.83874 ], [ 85.62819, 27.83948 ], [ 85.62917, 27.8397 ], [ 85.63153, 27.83893 ], [ 85.63263, 27.83953 ], [ 85.6353, 27.84011 ], [ 85.6363, 27.84086 ], [ 85.63717, 27.84108 ], [ 85.63799, 27.84102 ], [ 85.64016, 27.84164 ], [ 85.6424, 27.84291 ], [ 85.6445, 27.84359 ], [ 85.6451, 27.84402 ], [ 85.64895, 27.84796 ], [ 85.64983, 27.84799 ], [ 85.65196, 27.84742 ], [ 85.65524, 27.84788 ], [ 85.66133, 27.84735 ], [ 85.66253, 27.84744 ], [ 85.66332, 27.84767 ], [ 85.66448, 27.84835 ], [ 85.66502, 27.84843 ], [ 85.66741, 27.84949 ], [ 85.66832, 27.84949 ], [ 85.66898, 27.84926 ], [ 85.66922, 27.84988 ], [ 85.66845, 27.8508 ], [ 85.66791, 27.85237 ], [ 85.66684, 27.85342 ], [ 85.66643, 27.85451 ], [ 85.66654, 27.85569 ], [ 85.66702, 27.85676 ], [ 85.66711, 27.85766 ], [ 85.66751, 27.8582 ], [ 85.66851, 27.85871 ], [ 85.66903, 27.85926 ], [ 85.67252, 27.86162 ], [ 85.6748, 27.86287 ], [ 85.67549, 27.86307 ], [ 85.67742, 27.86451 ], [ 85.67961, 27.86511 ], [ 85.68469, 27.86564 ], [ 85.6852, 27.86592 ], [ 85.68802, 27.86671 ], [ 85.68925, 27.86729 ], [ 85.68943, 27.86667 ], [ 85.68938, 27.86596 ], [ 85.68973, 27.8651 ], [ 85.69049, 27.86393 ], [ 85.6908, 27.86305 ], [ 85.69084, 27.86083 ], [ 85.68856, 27.85899 ], [ 85.68652, 27.85832 ], [ 85.68547, 27.85758 ], [ 85.6849, 27.8565 ], [ 85.68291, 27.85452 ], [ 85.68262, 27.85288 ], [ 85.68172, 27.8518 ], [ 85.68068, 27.85094 ], [ 85.67848, 27.84991 ], [ 85.67791, 27.84931 ] ] ] } },
{ "type": "Feature", "properties": { "fid": 267, "STATE_CODE": 3.0, "DISTRICT": "KABHREPALANCHOK", "GaPa_NaPa": "Banepa", "Type_GN": "Nagarpalika", "Province": "Bagmati" }, "geometry": { "type": "Polygon", "coordinates": [ [ [ 85.52118, 27.69424 ], [ 85.52204, 27.69259 ], [ 85.52247, 27.69211 ], [ 85.52476, 27.69092 ], [ 85.52581, 27.69078 ], [ 85.52735, 27.6902 ], [ 85.53, 27.68979 ], [ 85.53162, 27.68981 ], [ 85.53265, 27.6895 ], [ 85.53286, 27.68906 ], [ 85.53389, 27.68831 ], [ 85.53462, 27.68752 ], [ 85.53522, 27.68723 ], [ 85.53576, 27.68637 ], [ 85.53593, 27.68575 ], [ 85.53674, 27.68522 ], [ 85.53721, 27.68464 ], [ 85.53837, 27.6842 ], [ 85.53942, 27.68413 ], [ 85.53974, 27.68377 ], [ 85.54223, 27.6852 ], [ 85.54326, 27.68604 ], [ 85.54639, 27.69031 ], [ 85.54859, 27.69232 ], [ 85.55113, 27.69394 ], [ 85.55344, 27.69317 ], [ 85.55537, 27.69196 ], [ 85.55667, 27.69035 ], [ 85.55834, 27.68924 ], [ 85.56149, 27.6886 ], [ 85.56371, 27.68833 ], [ 85.5635, 27.68776 ], [ 85.56296, 27.68705 ], [ 85.56059, 27.68599 ], [ 85.55843, 27.68443 ], [ 85.55794, 27.68351 ], [ 85.55767, 27.6823 ], [ 85.55728, 27.68175 ], [ 85.55549, 27.68144 ], [ 85.55369, 27.68147 ], [ 85.55267, 27.68128 ], [ 85.55079, 27.68002 ], [ 85.55019, 27.68013 ], [ 85.54899, 27.68096 ], [ 85.54831, 27.68109 ], [ 85.54686, 27.68071 ], [ 85.54577, 27.67993 ], [ 85.54538, 27.67907 ], [ 85.54427, 27.67832 ], [ 85.54284, 27.67771 ], [ 85.54304, 27.6774 ], [ 85.54293, 27.67702 ], [ 85.54214, 27.67549 ], [ 85.54169, 27.675 ], [ 85.54217, 27.67484 ], [ 85.54507, 27.6756 ], [ 85.54637, 27.67456 ], [ 85.54689, 27.67437 ], [ 85.54729, 27.67456 ], [ 85.54738, 27.67498 ], [ 85.54723, 27.67527 ], [ 85.54742, 27.6754 ], [ 85.54819, 27.67494 ], [ 85.54879, 27.67512 ], [ 85.54915, 27.67456 ], [ 85.5499, 27.67442 ], [ 85.5505, 27.67391 ], [ 85.55127, 27.67431 ], [ 85.55212, 27.67365 ], [ 85.55255, 27.6735 ], [ 85.55349, 27.67484 ], [ 85.55426, 27.67526 ], [ 85.5546, 27.67524 ], [ 85.55501, 27.67482 ], [ 85.55625, 27.67449 ], [ 85.55659, 27.67422 ], [ 85.55682, 27.67353 ], [ 85.5567, 27.67332 ], [ 85.55606, 27.6734 ], [ 85.55571, 27.67317 ], [ 85.55691, 27.6729 ], [ 85.55804, 27.672 ], [ 85.55946, 27.67046 ], [ 85.56001, 27.6691 ], [ 85.561, 27.66845 ], [ 85.56194, 27.6685 ], [ 85.56269, 27.66816 ], [ 85.56367, 27.66549 ], [ 85.56255, 27.66549 ], [ 85.5613, 27.66613 ], [ 85.56001, 27.66619 ], [ 85.5589, 27.6656 ], [ 85.55719, 27.66545 ], [ 85.55672, 27.66495 ], [ 85.557, 27.66438 ], [ 85.55695, 27.66418 ], [ 85.55539, 27.66319 ], [ 85.55475, 27.66214 ], [ 85.55376, 27.66143 ], [ 85.55274, 27.66251 ], [ 85.55242, 27.66172 ], [ 85.55139, 27.66058 ], [ 85.54814, 27.65928 ], [ 85.54666, 27.65763 ], [ 85.54559, 27.6568 ], [ 85.54449, 27.65561 ], [ 85.54419, 27.65431 ], [ 85.54405, 27.6517 ], [ 85.54373, 27.65075 ], [ 85.54473, 27.64983 ], [ 85.5455, 27.64981 ], [ 85.54794, 27.65156 ], [ 85.54862, 27.65158 ], [ 85.54939, 27.65198 ], [ 85.55004, 27.65267 ], [ 85.5502, 27.65072 ], [ 85.54998, 27.64917 ], [ 85.55038, 27.64717 ], [ 85.54961, 27.64695 ], [ 85.54808, 27.64714 ], [ 85.54728, 27.64682 ], [ 85.54837, 27.6449 ], [ 85.54958, 27.64379 ], [ 85.54969, 27.64308 ], [ 85.55028, 27.64275 ], [ 85.55052, 27.64179 ], [ 85.55047, 27.6408 ], [ 85.55004, 27.63858 ], [ 85.54973, 27.63802 ], [ 85.54909, 27.63793 ], [ 85.54442, 27.63809 ], [ 85.54162, 27.63746 ], [ 85.54213, 27.63624 ], [ 85.54236, 27.63497 ], [ 85.54235, 27.63417 ], [ 85.54212, 27.63354 ], [ 85.541, 27.63306 ], [ 85.54072, 27.63174 ], [ 85.54002, 27.63069 ], [ 85.53903, 27.62973 ], [ 85.53802, 27.62918 ], [ 85.53731, 27.62847 ], [ 85.53686, 27.62769 ], [ 85.53667, 27.62591 ], [ 85.5354, 27.62434 ], [ 85.53533, 27.62377 ], [ 85.53489, 27.62315 ], [ 85.53355, 27.62177 ], [ 85.53369, 27.62126 ], [ 85.53314, 27.61964 ], [ 85.5325, 27.61915 ], [ 85.53226, 27.61858 ], [ 85.53163, 27.61827 ], [ 85.53127, 27.61762 ], [ 85.5301, 27.61762 ], [ 85.52866, 27.61815 ], [ 85.52767, 27.61801 ], [ 85.52688, 27.61894 ], [ 85.52583, 27.61977 ], [ 85.52507, 27.62095 ], [ 85.52441, 27.6214 ], [ 85.52321, 27.62031 ], [ 85.52206, 27.6196 ], [ 85.52065, 27.61752 ], [ 85.51934, 27.61634 ], [ 85.51896, 27.61571 ], [ 85.51849, 27.61411 ], [ 85.51821, 27.61364 ], [ 85.51688, 27.61255 ], [ 85.51549, 27.61198 ], [ 85.51392, 27.61063 ], [ 85.51191, 27.61038 ], [ 85.50953, 27.61096 ], [ 85.50774, 27.61225 ], [ 85.50731, 27.61299 ], [ 85.50688, 27.61265 ], [ 85.50585, 27.61263 ], [ 85.50404, 27.6122 ], [ 85.50281, 27.61167 ], [ 85.50203, 27.61113 ], [ 85.50064, 27.6092 ], [ 85.49917, 27.60586 ], [ 85.49893, 27.60437 ], [ 85.4971, 27.6042 ], [ 85.49629, 27.60494 ], [ 85.49429, 27.6057 ], [ 85.49388, 27.6057 ], [ 85.49308, 27.60527 ], [ 85.49209, 27.60525 ], [ 85.491, 27.60472 ], [ 85.49046, 27.60423 ], [ 85.4892, 27.60239 ], [ 85.4878, 27.60114 ], [ 85.4873, 27.60102 ], [ 85.4859, 27.60224 ], [ 85.4847, 27.60285 ], [ 85.4842, 27.60386 ], [ 85.48337, 27.60469 ], [ 85.48312, 27.60522 ], [ 85.48289, 27.60632 ], [ 85.48293, 27.60769 ], [ 85.48254, 27.6081 ], [ 85.48246, 27.60841 ], [ 85.48307, 27.61075 ], [ 85.48235, 27.61153 ], [ 85.48216, 27.61233 ], [ 85.48178, 27.61274 ], [ 85.48125, 27.61379 ], [ 85.48082, 27.61505 ], [ 85.48023, 27.61519 ], [ 85.47934, 27.61492 ], [ 85.47943, 27.61457 ], [ 85.47901, 27.61361 ], [ 85.47865, 27.61191 ], [ 85.47826, 27.61144 ], [ 85.47766, 27.61117 ], [ 85.47789, 27.61171 ], [ 85.47764, 27.61179 ], [ 85.47574, 27.61035 ], [ 85.47491, 27.60995 ], [ 85.474, 27.61 ], [ 85.47301, 27.6098 ], [ 85.47087, 27.61058 ], [ 85.46994, 27.61066 ], [ 85.4696, 27.61126 ], [ 85.46895, 27.61163 ], [ 85.46854, 27.61166 ], [ 85.46772, 27.6121 ], [ 85.46719, 27.61215 ], [ 85.46614, 27.61336 ], [ 85.46546, 27.61444 ], [ 85.46497, 27.61579 ], [ 85.46473, 27.61586 ], [ 85.46386, 27.61549 ], [ 85.46312, 27.61567 ], [ 85.46303, 27.61627 ], [ 85.46342, 27.6172 ], [ 85.4633, 27.61752 ], [ 85.46401, 27.61842 ], [ 85.4638, 27.61922 ], [ 85.46316, 27.61936 ], [ 85.46234, 27.61902 ], [ 85.46215, 27.61888 ], [ 85.46191, 27.61812 ], [ 85.46161, 27.61784 ], [ 85.46116, 27.618 ], [ 85.46065, 27.6178 ], [ 85.46045, 27.61792 ], [ 85.4605, 27.61817 ], [ 85.46024, 27.61832 ], [ 85.46013, 27.61872 ], [ 85.461, 27.61934 ], [ 85.4614, 27.62038 ], [ 85.46057, 27.62176 ], [ 85.46056, 27.622 ], [ 85.46113, 27.62263 ], [ 85.46124, 27.62306 ], [ 85.46049, 27.6245 ], [ 85.4604, 27.62527 ], [ 85.46116, 27.62517 ], [ 85.46263, 27.6253 ], [ 85.46392, 27.62584 ], [ 85.46491, 27.62692 ], [ 85.46689, 27.62989 ], [ 85.46763, 27.63161 ], [ 85.46794, 27.63193 ], [ 85.46865, 27.63207 ], [ 85.46928, 27.6326 ], [ 85.46978, 27.63427 ], [ 85.4703, 27.63466 ], [ 85.47181, 27.6351 ], [ 85.47276, 27.63574 ], [ 85.47339, 27.63728 ], [ 85.47444, 27.63815 ], [ 85.47753, 27.64184 ], [ 85.47681, 27.64235 ], [ 85.47707, 27.64367 ], [ 85.47679, 27.64446 ], [ 85.47707, 27.64503 ], [ 85.47736, 27.6452 ], [ 85.47847, 27.6453 ], [ 85.47866, 27.6442 ], [ 85.47924, 27.64311 ], [ 85.48027, 27.64233 ], [ 85.48061, 27.64221 ], [ 85.48126, 27.64232 ], [ 85.4815, 27.6425 ], [ 85.48321, 27.64525 ], [ 85.48443, 27.64659 ], [ 85.48601, 27.64782 ], [ 85.4873, 27.64841 ], [ 85.48835, 27.64938 ], [ 85.4894, 27.64996 ], [ 85.4905, 27.6503 ], [ 85.49113, 27.65072 ], [ 85.49253, 27.65166 ], [ 85.49353, 27.65266 ], [ 85.49362, 27.653 ], [ 85.4935, 27.65341 ], [ 85.49178, 27.65524 ], [ 85.49133, 27.65611 ], [ 85.49156, 27.65801 ], [ 85.49213, 27.65908 ], [ 85.49219, 27.66029 ], [ 85.49293, 27.6607 ], [ 85.49343, 27.66156 ], [ 85.49448, 27.66237 ], [ 85.49483, 27.66307 ], [ 85.49455, 27.66561 ], [ 85.49665, 27.66893 ], [ 85.49732, 27.6703 ], [ 85.49721, 27.67362 ], [ 85.49828, 27.67455 ], [ 85.49856, 27.67495 ], [ 85.49856, 27.67558 ], [ 85.49965, 27.6765 ], [ 85.50005, 27.67763 ], [ 85.50078, 27.67857 ], [ 85.50159, 27.68103 ], [ 85.5015, 27.68266 ], [ 85.50203, 27.68287 ], [ 85.50227, 27.68316 ], [ 85.50252, 27.68469 ], [ 85.50301, 27.68548 ], [ 85.50323, 27.68778 ], [ 85.50292, 27.68916 ], [ 85.50307, 27.68946 ], [ 85.50356, 27.68962 ], [ 85.50406, 27.69015 ], [ 85.50523, 27.69163 ], [ 85.50557, 27.6924 ], [ 85.50632, 27.69282 ], [ 85.50741, 27.69295 ], [ 85.50805, 27.69278 ], [ 85.50876, 27.69222 ], [ 85.51024, 27.69172 ], [ 85.51073, 27.69199 ], [ 85.51222, 27.69177 ], [ 85.51299, 27.69183 ], [ 85.51453, 27.69217 ], [ 85.51562, 27.69267 ], [ 85.51614, 27.69259 ], [ 85.51697, 27.69293 ], [ 85.51813, 27.69293 ], [ 85.51883, 27.6926 ], [ 85.51941, 27.69297 ], [ 85.51981, 27.69279 ], [ 85.52005, 27.69293 ], [ 85.52022, 27.69365 ], [ 85.52118, 27.69424 ] ] ] } },
{ "type": "Feature", "properties": { "fid": 271, "STATE_CODE": 3.0, "DISTRICT": "KABHREPALANCHOK", "GaPa_NaPa": "Dhulikhel", "Type_GN": "Nagarpalika", "Province": "Bagmati" }, "geometry": { "type": "Polygon", "coordinates": [ [ [ 85.55728, 27.68175 ], [ 85.55694, 27.68127 ], [ 85.55692, 27.68075 ], [ 85.55724, 27.68016 ], [ 85.55756, 27.68008 ], [ 85.5582, 27.68023 ], [ 85.55923, 27.68132 ], [ 85.56089, 27.68126 ], [ 85.5616, 27.68143 ], [ 85.56275, 27.68134 ], [ 85.56468, 27.68149 ], [ 85.56547, 27.68133 ], [ 85.56652, 27.67955 ], [ 85.56722, 27.67888 ], [ 85.56735, 27.67859 ], [ 85.56727, 27.67836 ], [ 85.5662, 27.67775 ], [ 85.56466, 27.67733 ], [ 85.56351, 27.67664 ], [ 85.56282, 27.67641 ], [ 85.56265, 27.67611 ], [ 85.563, 27.67582 ], [ 85.56409, 27.67593 ], [ 85.56464, 27.67568 ], [ 85.56601, 27.67443 ], [ 85.56646, 27.67436 ], [ 85.5671, 27.67457 ], [ 85.56787, 27.67426 ], [ 85.57012, 27.67238 ], [ 85.57078, 27.67019 ], [ 85.57166, 27.66887 ], [ 85.57207, 27.66777 ], [ 85.57238, 27.66571 ], [ 85.57287, 27.66471 ], [ 85.57268, 27.66425 ], [ 85.57272, 27.66368 ], [ 85.5741, 27.6627 ], [ 85.57457, 27.66212 ], [ 85.57468, 27.66151 ], [ 85.57512, 27.66114 ], [ 85.57514, 27.65862 ], [ 85.5764, 27.65797 ], [ 85.57666, 27.65691 ], [ 85.57696, 27.65651 ], [ 85.57768, 27.65632 ], [ 85.57781, 27.65603 ], [ 85.57888, 27.65531 ], [ 85.57918, 27.65487 ], [ 85.5792, 27.65379 ], [ 85.5795, 27.65326 ], [ 85.58046, 27.65268 ], [ 85.58149, 27.65257 ], [ 85.58208, 27.65222 ], [ 85.58281, 27.65157 ], [ 85.58302, 27.65104 ], [ 85.58336, 27.65075 ], [ 85.58402, 27.6505 ], [ 85.58565, 27.65054 ], [ 85.58642, 27.65041 ], [ 85.58748, 27.6512 ], [ 85.588, 27.65127 ], [ 85.58889, 27.65076 ], [ 85.58996, 27.64948 ], [ 85.59115, 27.64877 ], [ 85.58964, 27.64804 ], [ 85.58972, 27.64653 ], [ 85.59032, 27.64594 ], [ 85.5891, 27.64383 ], [ 85.58841, 27.64094 ], [ 85.58847, 27.6398 ], [ 85.58902, 27.6385 ], [ 85.58889, 27.63635 ], [ 85.58853, 27.63513 ], [ 85.58857, 27.63421 ], [ 85.59056, 27.63211 ], [ 85.59028, 27.63186 ], [ 85.58784, 27.63082 ], [ 85.58812, 27.63027 ], [ 85.58821, 27.62905 ], [ 85.59112, 27.62655 ], [ 85.59122, 27.62617 ], [ 85.5911, 27.62571 ], [ 85.59245, 27.62436 ], [ 85.59264, 27.62375 ], [ 85.5927, 27.62237 ], [ 85.59332, 27.62165 ], [ 85.5933, 27.62004 ], [ 85.5956, 27.61776 ], [ 85.59696, 27.61689 ], [ 85.59799, 27.61683 ], [ 85.59875, 27.61651 ], [ 85.59927, 27.61654 ], [ 85.59959, 27.61675 ], [ 85.60015, 27.6167 ], [ 85.60185, 27.61628 ], [ 85.60398, 27.61605 ], [ 85.60549, 27.6156 ], [ 85.60583, 27.61563 ], [ 85.60685, 27.61624 ], [ 85.6072, 27.61626 ], [ 85.60752, 27.61615 ], [ 85.60774, 27.61582 ], [ 85.60952, 27.61521 ], [ 85.61012, 27.61524 ], [ 85.61136, 27.61602 ], [ 85.61239, 27.61619 ], [ 85.61383, 27.61521 ], [ 85.61451, 27.61512 ], [ 85.61518, 27.61539 ], [ 85.61623, 27.61633 ], [ 85.61775, 27.61718 ], [ 85.61972, 27.61735 ], [ 85.61988, 27.61754 ], [ 85.61981, 27.61819 ], [ 85.62061, 27.6186 ], [ 85.62129, 27.61918 ], [ 85.62293, 27.62116 ], [ 85.62354, 27.62158 ], [ 85.62456, 27.62171 ], [ 85.62547, 27.62247 ], [ 85.62524, 27.62131 ], [ 85.62538, 27.62094 ], [ 85.62702, 27.6203 ], [ 85.62744, 27.61995 ], [ 85.62761, 27.61942 ], [ 85.62728, 27.61803 ], [ 85.62729, 27.61634 ], [ 85.62628, 27.61484 ], [ 85.62609, 27.61376 ], [ 85.62561, 27.61275 ], [ 85.62578, 27.61068 ], [ 85.62464, 27.61032 ], [ 85.62375, 27.60954 ], [ 85.62297, 27.60932 ], [ 85.62218, 27.60887 ], [ 85.62084, 27.6087 ], [ 85.61943, 27.60642 ], [ 85.61926, 27.6055 ], [ 85.61943, 27.60358 ], [ 85.61937, 27.60221 ], [ 85.6189, 27.59971 ], [ 85.61477, 27.59874 ], [ 85.61288, 27.59776 ], [ 85.61043, 27.59725 ], [ 85.60919, 27.59648 ], [ 85.60844, 27.59574 ], [ 85.60742, 27.59402 ], [ 85.60701, 27.59242 ], [ 85.60716, 27.59125 ], [ 85.60543, 27.58995 ], [ 85.60437, 27.58838 ], [ 85.60403, 27.58755 ], [ 85.60299, 27.58619 ], [ 85.6018, 27.58587 ], [ 85.59816, 27.58563 ], [ 85.59725, 27.58519 ], [ 85.59593, 27.58407 ], [ 85.59511, 27.58441 ], [ 85.59453, 27.58446 ], [ 85.59213, 27.58362 ], [ 85.59117, 27.58353 ], [ 85.58976, 27.58357 ], [ 85.58861, 27.58419 ], [ 85.58744, 27.58339 ], [ 85.58663, 27.58252 ], [ 85.5849, 27.58183 ], [ 85.58463, 27.5812 ], [ 85.58501, 27.57991 ], [ 85.58254, 27.57868 ], [ 85.58214, 27.57834 ], [ 85.58156, 27.57713 ], [ 85.57934, 27.57638 ], [ 85.57753, 27.57603 ], [ 85.57586, 27.57524 ], [ 85.57583, 27.57474 ], [ 85.57545, 27.57411 ], [ 85.57578, 27.57359 ], [ 85.57586, 27.57307 ], [ 85.57526, 27.57218 ], [ 85.57529, 27.57073 ], [ 85.57582, 27.57022 ], [ 85.57573, 27.56948 ], [ 85.57592, 27.56896 ], [ 85.57587, 27.56785 ], [ 85.57485, 27.56746 ], [ 85.57227, 27.56686 ], [ 85.57066, 27.56562 ], [ 85.56937, 27.56549 ], [ 85.5685, 27.56499 ], [ 85.5658, 27.56188 ], [ 85.56486, 27.56111 ], [ 85.5642, 27.56032 ], [ 85.56281, 27.55856 ], [ 85.56172, 27.5567 ], [ 85.56031, 27.55481 ], [ 85.55913, 27.55388 ], [ 85.55701, 27.55483 ], [ 85.55666, 27.55524 ], [ 85.55647, 27.5557 ], [ 85.55648, 27.55677 ], [ 85.55669, 27.55777 ], [ 85.5571, 27.55868 ], [ 85.55747, 27.55898 ], [ 85.5589, 27.55882 ], [ 85.55923, 27.55912 ], [ 85.5583, 27.5609 ], [ 85.55885, 27.56219 ], [ 85.55852, 27.56292 ], [ 85.55956, 27.56417 ], [ 85.56062, 27.56463 ], [ 85.56151, 27.56536 ], [ 85.56235, 27.56552 ], [ 85.56317, 27.56667 ], [ 85.5631, 27.5684 ], [ 85.56343, 27.57059 ], [ 85.56333, 27.57088 ], [ 85.56279, 27.57101 ], [ 85.56271, 27.57124 ], [ 85.56344, 27.57215 ], [ 85.56373, 27.57283 ], [ 85.56266, 27.57339 ], [ 85.56232, 27.57387 ], [ 85.56225, 27.57433 ], [ 85.56245, 27.57467 ], [ 85.56352, 27.57556 ], [ 85.56418, 27.57648 ], [ 85.56537, 27.57715 ], [ 85.56571, 27.5776 ], [ 85.5622, 27.5779 ], [ 85.56059, 27.57772 ], [ 85.55956, 27.57743 ], [ 85.5577, 27.57747 ], [ 85.55621, 27.57711 ], [ 85.55564, 27.57723 ], [ 85.55715, 27.57776 ], [ 85.55757, 27.57829 ], [ 85.55753, 27.57867 ], [ 85.55694, 27.57982 ], [ 85.55683, 27.58154 ], [ 85.55638, 27.58259 ], [ 85.55607, 27.58295 ], [ 85.55538, 27.58276 ], [ 85.5548, 27.58294 ], [ 85.55361, 27.58407 ], [ 85.55163, 27.58637 ], [ 85.55006, 27.59102 ], [ 85.54955, 27.59203 ], [ 85.54856, 27.59287 ], [ 85.54673, 27.59354 ], [ 85.54512, 27.59372 ], [ 85.54301, 27.59422 ], [ 85.54207, 27.59426 ], [ 85.54113, 27.59464 ], [ 85.53991, 27.59487 ], [ 85.53965, 27.59578 ], [ 85.5402, 27.59648 ], [ 85.54003, 27.59717 ], [ 85.53973, 27.59754 ], [ 85.53892, 27.59778 ], [ 85.53861, 27.59829 ], [ 85.53869, 27.59861 ], [ 85.53895, 27.5988 ], [ 85.54011, 27.59885 ], [ 85.54102, 27.59939 ], [ 85.54147, 27.59946 ], [ 85.54205, 27.59935 ], [ 85.5426, 27.59901 ], [ 85.5434, 27.59929 ], [ 85.54385, 27.59907 ], [ 85.54481, 27.59895 ], [ 85.54521, 27.59864 ], [ 85.54589, 27.59907 ], [ 85.54645, 27.59819 ], [ 85.54674, 27.59802 ], [ 85.54823, 27.59847 ], [ 85.54916, 27.59841 ], [ 85.54959, 27.59854 ], [ 85.55139, 27.60059 ], [ 85.55216, 27.60107 ], [ 85.55296, 27.60125 ], [ 85.55387, 27.60177 ], [ 85.55461, 27.60344 ], [ 85.55481, 27.60535 ], [ 85.55508, 27.60599 ], [ 85.5538, 27.6056 ], [ 85.55294, 27.60617 ], [ 85.55173, 27.60598 ], [ 85.55079, 27.60613 ], [ 85.54892, 27.60783 ], [ 85.54832, 27.60928 ], [ 85.54717, 27.60946 ], [ 85.54598, 27.60898 ], [ 85.54498, 27.60935 ], [ 85.54473, 27.60878 ], [ 85.54449, 27.60863 ], [ 85.5438, 27.60866 ], [ 85.54338, 27.60821 ], [ 85.54185, 27.60789 ], [ 85.54022, 27.60681 ], [ 85.53903, 27.60655 ], [ 85.53876, 27.607 ], [ 85.53855, 27.60807 ], [ 85.53856, 27.60853 ], [ 85.5389, 27.60929 ], [ 85.53882, 27.60956 ], [ 85.53836, 27.61003 ], [ 85.53584, 27.61143 ], [ 85.53522, 27.61108 ], [ 85.53331, 27.61089 ], [ 85.53289, 27.61045 ], [ 85.53259, 27.60954 ], [ 85.53244, 27.60939 ], [ 85.53214, 27.60943 ], [ 85.53145, 27.61004 ], [ 85.53116, 27.61066 ], [ 85.532, 27.61271 ], [ 85.53229, 27.61423 ], [ 85.53211, 27.6147 ], [ 85.53156, 27.61528 ], [ 85.53149, 27.61589 ], [ 85.53073, 27.61727 ], [ 85.53089, 27.61759 ], [ 85.53138, 27.61773 ], [ 85.53163, 27.61827 ], [ 85.53226, 27.61858 ], [ 85.5325, 27.61915 ], [ 85.53314, 27.61964 ], [ 85.53369, 27.62126 ], [ 85.53355, 27.62177 ], [ 85.53489, 27.62315 ], [ 85.53533, 27.62377 ], [ 85.5354, 27.62434 ], [ 85.53667, 27.62591 ], [ 85.53686, 27.62769 ], [ 85.53731, 27.62847 ], [ 85.53802, 27.62918 ], [ 85.53903, 27.62973 ], [ 85.54002, 27.63069 ], [ 85.54072, 27.63174 ], [ 85.541, 27.63306 ], [ 85.54212, 27.63354 ], [ 85.54235, 27.63417 ], [ 85.54236, 27.63497 ], [ 85.54213, 27.63624 ], [ 85.54162, 27.63746 ], [ 85.54442, 27.63809 ], [ 85.54909, 27.63793 ], [ 85.54973, 27.63802 ], [ 85.54993, 27.63827 ], [ 85.55047, 27.6408 ], [ 85.55052, 27.64179 ], [ 85.55028, 27.64275 ], [ 85.54969, 27.64308 ], [ 85.54958, 27.64379 ], [ 85.54837, 27.6449 ], [ 85.54728, 27.64682 ], [ 85.54808, 27.64714 ], [ 85.54961, 27.64695 ], [ 85.55038, 27.64717 ], [ 85.54998, 27.64917 ], [ 85.5502, 27.65072 ], [ 85.55004, 27.65267 ], [ 85.54939, 27.65198 ], [ 85.54862, 27.65158 ], [ 85.54794, 27.65156 ], [ 85.5455, 27.64981 ], [ 85.54473, 27.64983 ], [ 85.54373, 27.65075 ], [ 85.54405, 27.6517 ], [ 85.54419, 27.65431 ], [ 85.54449, 27.65561 ], [ 85.54559, 27.6568 ], [ 85.54666, 27.65763 ], [ 85.54814, 27.65928 ], [ 85.55139, 27.66058 ], [ 85.55242, 27.66172 ], [ 85.55274, 27.66251 ], [ 85.55376, 27.66143 ], [ 85.55475, 27.66214 ], [ 85.55539, 27.66319 ], [ 85.55695, 27.66418 ], [ 85.557, 27.66438 ], [ 85.55672, 27.66495 ], [ 85.55719, 27.66545 ], [ 85.5589, 27.6656 ], [ 85.56001, 27.66619 ], [ 85.5613, 27.66613 ], [ 85.56255, 27.66549 ], [ 85.56367, 27.66549 ], [ 85.56269, 27.66816 ], [ 85.56194, 27.6685 ], [ 85.561, 27.66845 ], [ 85.56001, 27.6691 ], [ 85.55946, 27.67046 ], [ 85.55804, 27.672 ], [ 85.55691, 27.6729 ], [ 85.55571, 27.67317 ], [ 85.55606, 27.6734 ], [ 85.5567, 27.67332 ], [ 85.55682, 27.67353 ], [ 85.55659, 27.67422 ], [ 85.55625, 27.67449 ], [ 85.55501, 27.67482 ], [ 85.5546, 27.67524 ], [ 85.55426, 27.67526 ], [ 85.55349, 27.67484 ], [ 85.55255, 27.6735 ], [ 85.55212, 27.67365 ], [ 85.55127, 27.67431 ], [ 85.5505, 27.67391 ], [ 85.5499, 27.67442 ], [ 85.54915, 27.67456 ], [ 85.54879, 27.67512 ], [ 85.54819, 27.67494 ], [ 85.54742, 27.6754 ], [ 85.54723, 27.67527 ], [ 85.54738, 27.67498 ], [ 85.54729, 27.67456 ], [ 85.54689, 27.67437 ], [ 85.54637, 27.67456 ], [ 85.54507, 27.6756 ], [ 85.54217, 27.67484 ], [ 85.54169, 27.675 ], [ 85.54214, 27.67549 ], [ 85.54293, 27.67702 ], [ 85.54304, 27.6774 ], [ 85.54284, 27.67771 ], [ 85.54427, 27.67832 ], [ 85.54538, 27.67907 ], [ 85.54577, 27.67993 ], [ 85.54686, 27.68071 ], [ 85.54831, 27.68109 ], [ 85.54899, 27.68096 ], [ 85.55019, 27.68013 ], [ 85.55079, 27.68002 ], [ 85.55267, 27.68128 ], [ 85.55369, 27.68147 ], [ 85.55549, 27.68144 ], [ 85.55728, 27.68175 ] ] ] } },
{ "type": "Feature", "properties": { "fid": 274, "STATE_CODE": 3.0, "DISTRICT": "KABHREPALANCHOK", "GaPa_NaPa": "Mandandeupur", "Type_GN": "Nagarpalika", "Province": "Bagmati" }, "geometry": { "type": "Polygon", "coordinates": [ [ [ 85.54964, 27.75591 ], [ 85.54927, 27.75514 ], [ 85.54935, 27.75445 ], [ 85.55278, 27.7507 ], [ 85.553, 27.75018 ], [ 85.55398, 27.74909 ], [ 85.55469, 27.74901 ], [ 85.55544, 27.74868 ], [ 85.55612, 27.7488 ], [ 85.55651, 27.74843 ], [ 85.55747, 27.74827 ], [ 85.55919, 27.74852 ], [ 85.56015, 27.74846 ], [ 85.56124, 27.74878 ], [ 85.56167, 27.74874 ], [ 85.56302, 27.74797 ], [ 85.564, 27.7468 ], [ 85.56488, 27.74675 ], [ 85.56516, 27.74638 ], [ 85.56601, 27.74613 ], [ 85.56629, 27.7458 ], [ 85.567, 27.74575 ], [ 85.56717, 27.74546 ], [ 85.56715, 27.74477 ], [ 85.5673, 27.74471 ], [ 85.56833, 27.74507 ], [ 85.5691, 27.74503 ], [ 85.56935, 27.74478 ], [ 85.56989, 27.74474 ], [ 85.57064, 27.74514 ], [ 85.57126, 27.74521 ], [ 85.57246, 27.74573 ], [ 85.57272, 27.74607 ], [ 85.57253, 27.74681 ], [ 85.57272, 27.7479 ], [ 85.57337, 27.74838 ], [ 85.57384, 27.74897 ], [ 85.57647, 27.74871 ], [ 85.57844, 27.74956 ], [ 85.58016, 27.74977 ], [ 85.58224, 27.74955 ], [ 85.58343, 27.74873 ], [ 85.58371, 27.74823 ], [ 85.58512, 27.74842 ], [ 85.58726, 27.74826 ], [ 85.58837, 27.748 ], [ 85.58906, 27.74765 ], [ 85.59015, 27.74624 ], [ 85.59062, 27.74591 ], [ 85.59181, 27.74551 ], [ 85.59382, 27.74449 ], [ 85.59549, 27.74409 ], [ 85.59789, 27.74468 ], [ 85.60077, 27.74647 ], [ 85.6027, 27.74821 ], [ 85.60349, 27.74872 ], [ 85.60381, 27.74872 ], [ 85.60556, 27.74767 ], [ 85.60667, 27.74637 ], [ 85.60836, 27.74543 ], [ 85.6096, 27.74445 ], [ 85.61052, 27.74342 ], [ 85.61105, 27.74244 ], [ 85.61181, 27.73999 ], [ 85.61172, 27.73778 ], [ 85.61253, 27.73598 ], [ 85.61274, 27.73384 ], [ 85.61449, 27.73237 ], [ 85.61569, 27.73168 ], [ 85.61757, 27.73099 ], [ 85.61996, 27.73047 ], [ 85.62195, 27.7301 ], [ 85.62303, 27.73026 ], [ 85.62363, 27.73003 ], [ 85.62558, 27.72858 ], [ 85.6268, 27.72839 ], [ 85.62832, 27.72733 ], [ 85.63049, 27.72674 ], [ 85.63141, 27.72581 ], [ 85.63409, 27.7239 ], [ 85.63622, 27.72136 ], [ 85.63699, 27.72108 ], [ 85.6393, 27.72086 ], [ 85.64057, 27.72019 ], [ 85.64207, 27.71892 ], [ 85.64404, 27.71823 ], [ 85.64441, 27.71821 ], [ 85.6459, 27.7187 ], [ 85.6491, 27.72011 ], [ 85.65056, 27.72 ], [ 85.65267, 27.72064 ], [ 85.65353, 27.72053 ], [ 85.65456, 27.72011 ], [ 85.65542, 27.71931 ], [ 85.65611, 27.71747 ], [ 85.65605, 27.71586 ], [ 85.65764, 27.71434 ], [ 85.65856, 27.7139 ], [ 85.66088, 27.71322 ], [ 85.6621, 27.71236 ], [ 85.66261, 27.71217 ], [ 85.66458, 27.71258 ], [ 85.66501, 27.7126 ], [ 85.66569, 27.71236 ], [ 85.66662, 27.71146 ], [ 85.66778, 27.70976 ], [ 85.66834, 27.70942 ], [ 85.66928, 27.70916 ], [ 85.66991, 27.70864 ], [ 85.67024, 27.7078 ], [ 85.67035, 27.7065 ], [ 85.67131, 27.70465 ], [ 85.67376, 27.70326 ], [ 85.67564, 27.70159 ], [ 85.6784, 27.701 ], [ 85.67909, 27.70072 ], [ 85.67948, 27.70038 ], [ 85.67994, 27.69956 ], [ 85.68009, 27.6987 ], [ 85.67995, 27.69764 ], [ 85.67919, 27.69611 ], [ 85.67937, 27.69527 ], [ 85.68077, 27.69332 ], [ 85.68191, 27.69269 ], [ 85.68215, 27.69233 ], [ 85.68046, 27.68993 ], [ 85.68049, 27.68882 ], [ 85.6811, 27.68706 ], [ 85.68094, 27.68576 ], [ 85.68133, 27.6852 ], [ 85.68315, 27.68448 ], [ 85.68375, 27.68453 ], [ 85.68516, 27.6852 ], [ 85.68644, 27.68534 ], [ 85.68722, 27.68473 ], [ 85.68822, 27.68307 ], [ 85.68852, 27.68238 ], [ 85.68851, 27.68154 ], [ 85.68685, 27.67939 ], [ 85.68662, 27.67847 ], [ 85.68727, 27.67765 ], [ 85.68812, 27.67602 ], [ 85.68861, 27.67547 ], [ 85.68952, 27.67496 ], [ 85.6902, 27.67485 ], [ 85.69217, 27.67495 ], [ 85.69262, 27.67469 ], [ 85.69275, 27.67444 ], [ 85.69259, 27.67306 ], [ 85.69268, 27.6726 ], [ 85.69411, 27.67086 ], [ 85.69444, 27.66971 ], [ 85.69429, 27.66903 ], [ 85.6931, 27.6677 ], [ 85.69287, 27.66678 ], [ 85.69307, 27.66594 ], [ 85.69342, 27.6654 ], [ 85.69362, 27.66391 ], [ 85.69245, 27.66312 ], [ 85.6915, 27.66289 ], [ 85.69105, 27.66298 ], [ 85.69062, 27.66348 ], [ 85.69011, 27.66359 ], [ 85.68779, 27.66358 ], [ 85.68686, 27.66317 ], [ 85.68581, 27.66238 ], [ 85.68231, 27.66116 ], [ 85.68103, 27.66022 ], [ 85.68037, 27.65947 ], [ 85.68024, 27.65952 ], [ 85.67968, 27.66008 ], [ 85.67768, 27.6614 ], [ 85.67627, 27.66338 ], [ 85.6748, 27.66621 ], [ 85.67434, 27.66994 ], [ 85.67281, 27.67196 ], [ 85.67229, 27.67202 ], [ 85.67161, 27.67186 ], [ 85.67049, 27.67197 ], [ 85.66951, 27.6724 ], [ 85.66873, 27.67324 ], [ 85.66751, 27.67356 ], [ 85.66638, 27.67482 ], [ 85.66607, 27.67593 ], [ 85.66481, 27.67834 ], [ 85.66299, 27.67954 ], [ 85.66128, 27.67978 ], [ 85.66025, 27.6801 ], [ 85.65897, 27.67985 ], [ 85.65836, 27.68025 ], [ 85.65691, 27.68015 ], [ 85.65662, 27.67934 ], [ 85.65631, 27.67785 ], [ 85.65537, 27.67508 ], [ 85.65517, 27.67284 ], [ 85.65418, 27.66951 ], [ 85.65357, 27.66474 ], [ 85.65324, 27.66334 ], [ 85.65255, 27.66381 ], [ 85.65199, 27.66469 ], [ 85.65113, 27.6653 ], [ 85.65074, 27.66535 ], [ 85.64972, 27.66494 ], [ 85.64946, 27.66502 ], [ 85.64928, 27.66588 ], [ 85.64891, 27.66658 ], [ 85.64849, 27.6666 ], [ 85.64772, 27.66625 ], [ 85.64761, 27.66614 ], [ 85.64768, 27.6656 ], [ 85.64755, 27.6655 ], [ 85.64682, 27.66564 ], [ 85.64537, 27.66542 ], [ 85.64173, 27.66599 ], [ 85.64145, 27.6658 ], [ 85.64144, 27.6652 ], [ 85.64118, 27.66478 ], [ 85.64078, 27.66472 ], [ 85.64013, 27.66491 ], [ 85.63925, 27.66577 ], [ 85.63819, 27.66754 ], [ 85.6375, 27.66817 ], [ 85.6358, 27.6692 ], [ 85.6353, 27.67017 ], [ 85.63529, 27.67161 ], [ 85.63497, 27.67276 ], [ 85.63428, 27.67299 ], [ 85.63242, 27.67307 ], [ 85.631, 27.67364 ], [ 85.63029, 27.67487 ], [ 85.62996, 27.67613 ], [ 85.62905, 27.6768 ], [ 85.62809, 27.67718 ], [ 85.62759, 27.67788 ], [ 85.6272, 27.6793 ], [ 85.62675, 27.67968 ], [ 85.62636, 27.68031 ], [ 85.62528, 27.68136 ], [ 85.62335, 27.68231 ], [ 85.62238, 27.68382 ], [ 85.6217, 27.68399 ], [ 85.62001, 27.68502 ], [ 85.61931, 27.68605 ], [ 85.61784, 27.68728 ], [ 85.61666, 27.68676 ], [ 85.61649, 27.68682 ], [ 85.6153, 27.68877 ], [ 85.61454, 27.68953 ], [ 85.61377, 27.68982 ], [ 85.61283, 27.68966 ], [ 85.61214, 27.68982 ], [ 85.6092, 27.69261 ], [ 85.60767, 27.69305 ], [ 85.60698, 27.69387 ], [ 85.60581, 27.69483 ], [ 85.60406, 27.69722 ], [ 85.60346, 27.69745 ], [ 85.60267, 27.69695 ], [ 85.60156, 27.69738 ], [ 85.60053, 27.69717 ], [ 85.59946, 27.69808 ], [ 85.59792, 27.69823 ], [ 85.59621, 27.6991 ], [ 85.59585, 27.69962 ], [ 85.59551, 27.7007 ], [ 85.59327, 27.70277 ], [ 85.59205, 27.70445 ], [ 85.59053, 27.70355 ], [ 85.58995, 27.70351 ], [ 85.58933, 27.70261 ], [ 85.58805, 27.70213 ], [ 85.5879, 27.70215 ], [ 85.58775, 27.7025 ], [ 85.58786, 27.7033 ], [ 85.58775, 27.70382 ], [ 85.58741, 27.70394 ], [ 85.58644, 27.7035 ], [ 85.58555, 27.70366 ], [ 85.58499, 27.70398 ], [ 85.58473, 27.70446 ], [ 85.58394, 27.70454 ], [ 85.58292, 27.70418 ], [ 85.58189, 27.70338 ], [ 85.58015, 27.70244 ], [ 85.57938, 27.70238 ], [ 85.57868, 27.70275 ], [ 85.57797, 27.70258 ], [ 85.5772, 27.7019 ], [ 85.5763, 27.7016 ], [ 85.57555, 27.70097 ], [ 85.57495, 27.7007 ], [ 85.57437, 27.7007 ], [ 85.57139, 27.69884 ], [ 85.57124, 27.6983 ], [ 85.57135, 27.69784 ], [ 85.57173, 27.69732 ], [ 85.57255, 27.69692 ], [ 85.57248, 27.69661 ], [ 85.57132, 27.69598 ], [ 85.56997, 27.69399 ], [ 85.56888, 27.69345 ], [ 85.5686, 27.69297 ], [ 85.56749, 27.69196 ], [ 85.56712, 27.69096 ], [ 85.56661, 27.69048 ], [ 85.56519, 27.68973 ], [ 85.56429, 27.6895 ], [ 85.56427, 27.68879 ], [ 85.56371, 27.68833 ], [ 85.56149, 27.6886 ], [ 85.55834, 27.68924 ], [ 85.55667, 27.69035 ], [ 85.55537, 27.69196 ], [ 85.55344, 27.69317 ], [ 85.55113, 27.69394 ], [ 85.54859, 27.69232 ], [ 85.54639, 27.69031 ], [ 85.54326, 27.68604 ], [ 85.54223, 27.6852 ], [ 85.53974, 27.68377 ], [ 85.53942, 27.68413 ], [ 85.53837, 27.6842 ], [ 85.53721, 27.68464 ], [ 85.53674, 27.68522 ], [ 85.53593, 27.68575 ], [ 85.53576, 27.68637 ], [ 85.53522, 27.68723 ], [ 85.53462, 27.68752 ], [ 85.53389, 27.68831 ], [ 85.53286, 27.68906 ], [ 85.53265, 27.6895 ], [ 85.53162, 27.68981 ], [ 85.53, 27.68979 ], [ 85.52735, 27.6902 ], [ 85.52581, 27.69078 ], [ 85.52476, 27.69092 ], [ 85.52247, 27.69211 ], [ 85.52204, 27.69259 ], [ 85.52118, 27.69424 ], [ 85.52122, 27.69503 ], [ 85.52156, 27.69597 ], [ 85.5213, 27.69677 ], [ 85.5206, 27.69756 ], [ 85.52038, 27.69825 ], [ 85.52042, 27.69871 ], [ 85.52121, 27.69966 ], [ 85.52151, 27.70035 ], [ 85.52155, 27.70217 ], [ 85.52209, 27.70288 ], [ 85.52213, 27.70319 ], [ 85.52166, 27.70403 ], [ 85.52159, 27.7048 ], [ 85.52107, 27.70633 ], [ 85.52157, 27.70621 ], [ 85.52163, 27.70633 ], [ 85.52131, 27.7074 ], [ 85.52126, 27.70863 ], [ 85.52002, 27.71035 ], [ 85.52022, 27.71112 ], [ 85.52127, 27.71249 ], [ 85.52107, 27.71471 ], [ 85.52084, 27.71523 ], [ 85.52011, 27.71611 ], [ 85.51969, 27.71779 ], [ 85.51937, 27.71846 ], [ 85.52048, 27.71903 ], [ 85.52136, 27.72046 ], [ 85.52253, 27.72147 ], [ 85.52296, 27.72264 ], [ 85.52356, 27.72313 ], [ 85.52395, 27.72388 ], [ 85.52384, 27.72472 ], [ 85.52395, 27.72497 ], [ 85.52489, 27.72526 ], [ 85.52534, 27.72619 ], [ 85.52507, 27.72727 ], [ 85.52376, 27.72819 ], [ 85.5234, 27.72875 ], [ 85.52325, 27.72953 ], [ 85.52338, 27.73037 ], [ 85.5245, 27.73212 ], [ 85.52452, 27.7345 ], [ 85.52506, 27.73649 ], [ 85.52648, 27.73857 ], [ 85.52815, 27.73995 ], [ 85.53024, 27.74205 ], [ 85.5314, 27.74402 ], [ 85.53181, 27.74518 ], [ 85.5325, 27.74591 ], [ 85.53341, 27.7465 ], [ 85.53552, 27.74933 ], [ 85.53636, 27.75009 ], [ 85.53705, 27.75044 ], [ 85.53731, 27.75128 ], [ 85.53686, 27.75221 ], [ 85.53697, 27.75273 ], [ 85.53815, 27.75469 ], [ 85.53935, 27.75508 ], [ 85.5401, 27.75498 ], [ 85.54086, 27.75445 ], [ 85.54131, 27.75446 ], [ 85.54172, 27.75459 ], [ 85.54209, 27.75496 ], [ 85.54264, 27.75502 ], [ 85.54314, 27.75574 ], [ 85.54369, 27.75576 ], [ 85.54437, 27.75633 ], [ 85.54563, 27.75626 ], [ 85.54675, 27.75576 ], [ 85.54823, 27.75631 ], [ 85.5489, 27.75637 ], [ 85.5499, 27.75686 ], [ 85.54962, 27.75625 ], [ 85.54964, 27.75591 ] ] ] } },
{ "type": "Feature", "properties": { "fid": 276, "STATE_CODE": 3.0, "DISTRICT": "KABHREPALANCHOK", "GaPa_NaPa": "Panauti", "Type_GN": "Nagarpalika", "Province": "Bagmati" }, "geometry": { "type": "Polygon", "coordinates": [ [ [ 85.45827, 27.62989 ], [ 85.45938, 27.62893 ], [ 85.45916, 27.62834 ], [ 85.45919, 27.62787 ], [ 85.4599, 27.62704 ], [ 85.45991, 27.62642 ], [ 85.4604, 27.62527 ], [ 85.46049, 27.6245 ], [ 85.4612, 27.62329 ], [ 85.46113, 27.62263 ], [ 85.46056, 27.622 ], [ 85.46057, 27.62176 ], [ 85.46102, 27.62117 ], [ 85.4614, 27.62024 ], [ 85.46108, 27.61977 ], [ 85.461, 27.61934 ], [ 85.46013, 27.61872 ], [ 85.46024, 27.61832 ], [ 85.4605, 27.61817 ], [ 85.46054, 27.6178 ], [ 85.46116, 27.618 ], [ 85.46161, 27.61784 ], [ 85.46176, 27.61793 ], [ 85.46215, 27.61888 ], [ 85.4627, 27.61924 ], [ 85.46316, 27.61936 ], [ 85.4638, 27.61922 ], [ 85.46401, 27.61842 ], [ 85.4633, 27.61752 ], [ 85.46342, 27.6172 ], [ 85.46303, 27.61627 ], [ 85.46312, 27.61567 ], [ 85.46386, 27.61549 ], [ 85.46473, 27.61586 ], [ 85.46497, 27.61579 ], [ 85.46546, 27.61444 ], [ 85.46614, 27.61336 ], [ 85.46719, 27.61215 ], [ 85.46772, 27.6121 ], [ 85.46854, 27.61166 ], [ 85.46895, 27.61163 ], [ 85.4696, 27.61126 ], [ 85.46994, 27.61066 ], [ 85.47087, 27.61058 ], [ 85.47301, 27.6098 ], [ 85.474, 27.61 ], [ 85.47491, 27.60995 ], [ 85.47574, 27.61035 ], [ 85.47764, 27.61179 ], [ 85.47789, 27.61171 ], [ 85.47766, 27.61117 ], [ 85.47826, 27.61144 ], [ 85.47865, 27.61191 ], [ 85.47901, 27.61361 ], [ 85.47943, 27.61457 ], [ 85.47934, 27.61492 ], [ 85.48023, 27.61519 ], [ 85.48082, 27.61505 ], [ 85.48125, 27.61379 ], [ 85.48178, 27.61274 ], [ 85.48216, 27.61233 ], [ 85.48235, 27.61153 ], [ 85.48307, 27.61075 ], [ 85.48246, 27.60841 ], [ 85.48254, 27.6081 ], [ 85.48293, 27.60769 ], [ 85.48289, 27.60632 ], [ 85.48312, 27.60522 ], [ 85.48337, 27.60469 ], [ 85.4842, 27.60386 ], [ 85.4847, 27.60285 ], [ 85.4859, 27.60224 ], [ 85.4873, 27.60102 ], [ 85.4878, 27.60114 ], [ 85.4892, 27.60239 ], [ 85.49046, 27.60423 ], [ 85.491, 27.60472 ], [ 85.49209, 27.60525 ], [ 85.49308, 27.60527 ], [ 85.49388, 27.6057 ], [ 85.49429, 27.6057 ], [ 85.49629, 27.60494 ], [ 85.4971, 27.6042 ], [ 85.49893, 27.60437 ], [ 85.49917, 27.60586 ], [ 85.50064, 27.6092 ], [ 85.50203, 27.61113 ], [ 85.50281, 27.61167 ], [ 85.50404, 27.6122 ], [ 85.50585, 27.61263 ], [ 85.50688, 27.61265 ], [ 85.50731, 27.61299 ], [ 85.50774, 27.61225 ], [ 85.50953, 27.61096 ], [ 85.51191, 27.61038 ], [ 85.51392, 27.61063 ], [ 85.51549, 27.61198 ], [ 85.51688, 27.61255 ], [ 85.51821, 27.61364 ], [ 85.51849, 27.61411 ], [ 85.51896, 27.61571 ], [ 85.51934, 27.61634 ], [ 85.52065, 27.61752 ], [ 85.52206, 27.6196 ], [ 85.52321, 27.62031 ], [ 85.52441, 27.6214 ], [ 85.52507, 27.62095 ], [ 85.52583, 27.61977 ], [ 85.52688, 27.61894 ], [ 85.52767, 27.61801 ], [ 85.52866, 27.61815 ], [ 85.52959, 27.61773 ], [ 85.53089, 27.61759 ], [ 85.53075, 27.61711 ], [ 85.53149, 27.61589 ], [ 85.53156, 27.61528 ], [ 85.53211, 27.6147 ], [ 85.53229, 27.61423 ], [ 85.532, 27.61271 ], [ 85.53116, 27.61066 ], [ 85.53145, 27.61004 ], [ 85.53214, 27.60943 ], [ 85.53244, 27.60939 ], [ 85.53259, 27.60954 ], [ 85.53289, 27.61045 ], [ 85.53331, 27.61089 ], [ 85.53522, 27.61108 ], [ 85.53584, 27.61143 ], [ 85.53836, 27.61003 ], [ 85.53882, 27.60956 ], [ 85.5389, 27.60929 ], [ 85.53856, 27.60853 ], [ 85.53855, 27.60807 ], [ 85.53876, 27.607 ], [ 85.53903, 27.60655 ], [ 85.54022, 27.60681 ], [ 85.54185, 27.60789 ], [ 85.54338, 27.60821 ], [ 85.5438, 27.60866 ], [ 85.54449, 27.60863 ], [ 85.54473, 27.60878 ], [ 85.54498, 27.60935 ], [ 85.54598, 27.60898 ], [ 85.54717, 27.60946 ], [ 85.54832, 27.60928 ], [ 85.54892, 27.60783 ], [ 85.55079, 27.60613 ], [ 85.55173, 27.60598 ], [ 85.55294, 27.60617 ], [ 85.5538, 27.6056 ], [ 85.55508, 27.60599 ], [ 85.55481, 27.60535 ], [ 85.55461, 27.60344 ], [ 85.55387, 27.60177 ], [ 85.55296, 27.60125 ], [ 85.55216, 27.60107 ], [ 85.55139, 27.60059 ], [ 85.54959, 27.59854 ], [ 85.54916, 27.59841 ], [ 85.54823, 27.59847 ], [ 85.54674, 27.59802 ], [ 85.54645, 27.59819 ], [ 85.54589, 27.59907 ], [ 85.54521, 27.59864 ], [ 85.54481, 27.59895 ], [ 85.54385, 27.59907 ], [ 85.5434, 27.59929 ], [ 85.5426, 27.59901 ], [ 85.54205, 27.59935 ], [ 85.54147, 27.59946 ], [ 85.54102, 27.59939 ], [ 85.54011, 27.59885 ], [ 85.53895, 27.5988 ], [ 85.53869, 27.59861 ], [ 85.53861, 27.59829 ], [ 85.53892, 27.59778 ], [ 85.53973, 27.59754 ], [ 85.54003, 27.59717 ], [ 85.5402, 27.59648 ], [ 85.53965, 27.59578 ], [ 85.53991, 27.59487 ], [ 85.54113, 27.59464 ], [ 85.54207, 27.59426 ], [ 85.54301, 27.59422 ], [ 85.54512, 27.59372 ], [ 85.54673, 27.59354 ], [ 85.54856, 27.59287 ], [ 85.54955, 27.59203 ], [ 85.55006, 27.59102 ], [ 85.55163, 27.58637 ], [ 85.55361, 27.58407 ], [ 85.5548, 27.58294 ], [ 85.55538, 27.58276 ], [ 85.55607, 27.58295 ], [ 85.55638, 27.58259 ], [ 85.55683, 27.58154 ], [ 85.55694, 27.57982 ], [ 85.55753, 27.57867 ], [ 85.55757, 27.57829 ], [ 85.55715, 27.57776 ], [ 85.55564, 27.57723 ], [ 85.55621, 27.57711 ], [ 85.5577, 27.57747 ], [ 85.55956, 27.57743 ], [ 85.56059, 27.57772 ], [ 85.5622, 27.5779 ], [ 85.56571, 27.5776 ], [ 85.56537, 27.57715 ], [ 85.56418, 27.57648 ], [ 85.56352, 27.57556 ], [ 85.56245, 27.57467 ], [ 85.56225, 27.57433 ], [ 85.56232, 27.57387 ], [ 85.56266, 27.57339 ], [ 85.56373, 27.57283 ], [ 85.56344, 27.57215 ], [ 85.56271, 27.57124 ], [ 85.56279, 27.57101 ], [ 85.56333, 27.57088 ], [ 85.56343, 27.57059 ], [ 85.5631, 27.5684 ], [ 85.56317, 27.56667 ], [ 85.56235, 27.56552 ], [ 85.56151, 27.56536 ], [ 85.56062, 27.56463 ], [ 85.55956, 27.56417 ], [ 85.55852, 27.56292 ], [ 85.55885, 27.56219 ], [ 85.5583, 27.5609 ], [ 85.55923, 27.55912 ], [ 85.5589, 27.55882 ], [ 85.55747, 27.55898 ], [ 85.5571, 27.55868 ], [ 85.55669, 27.55777 ], [ 85.55648, 27.55677 ], [ 85.55647, 27.5557 ], [ 85.55666, 27.55524 ], [ 85.55701, 27.55483 ], [ 85.55922, 27.5538 ], [ 85.55925, 27.55343 ], [ 85.55856, 27.55241 ], [ 85.55907, 27.55103 ], [ 85.55893, 27.55072 ], [ 85.558, 27.55018 ], [ 85.55734, 27.54954 ], [ 85.55702, 27.54834 ], [ 85.55628, 27.54811 ], [ 85.55571, 27.54737 ], [ 85.55604, 27.54698 ], [ 85.5572, 27.54675 ], [ 85.5581, 27.54626 ], [ 85.55952, 27.54464 ], [ 85.55974, 27.54462 ], [ 85.56001, 27.54521 ], [ 85.56036, 27.54545 ], [ 85.5614, 27.5454 ], [ 85.56339, 27.54424 ], [ 85.56247, 27.54326 ], [ 85.56186, 27.54298 ], [ 85.56126, 27.54284 ], [ 85.56049, 27.54293 ], [ 85.55928, 27.54251 ], [ 85.55795, 27.54111 ], [ 85.55642, 27.54015 ], [ 85.55561, 27.53913 ], [ 85.55524, 27.53827 ], [ 85.55514, 27.53747 ], [ 85.55382, 27.53591 ], [ 85.55365, 27.5353 ], [ 85.55077, 27.53391 ], [ 85.54809, 27.533 ], [ 85.54637, 27.53267 ], [ 85.54551, 27.53234 ], [ 85.54345, 27.53207 ], [ 85.54225, 27.53134 ], [ 85.54087, 27.52978 ], [ 85.53982, 27.52884 ], [ 85.53938, 27.52863 ], [ 85.53801, 27.52855 ], [ 85.53622, 27.52872 ], [ 85.53548, 27.52909 ], [ 85.53471, 27.53001 ], [ 85.53366, 27.53273 ], [ 85.53254, 27.5325 ], [ 85.53114, 27.53246 ], [ 85.53041, 27.53271 ], [ 85.52927, 27.53339 ], [ 85.52829, 27.53448 ], [ 85.5263, 27.53872 ], [ 85.52642, 27.53941 ], [ 85.52696, 27.54051 ], [ 85.52627, 27.54213 ], [ 85.52627, 27.544 ], [ 85.52582, 27.54476 ], [ 85.52558, 27.5466 ], [ 85.52647, 27.54811 ], [ 85.52627, 27.54857 ], [ 85.5242, 27.5507 ], [ 85.52319, 27.55143 ], [ 85.52226, 27.55187 ], [ 85.52081, 27.55228 ], [ 85.52003, 27.55279 ], [ 85.51909, 27.55369 ], [ 85.51866, 27.55387 ], [ 85.5167, 27.55393 ], [ 85.51585, 27.5544 ], [ 85.51554, 27.55579 ], [ 85.51513, 27.55671 ], [ 85.51482, 27.55714 ], [ 85.51381, 27.55787 ], [ 85.51358, 27.55825 ], [ 85.51327, 27.56056 ], [ 85.51253, 27.56279 ], [ 85.5121, 27.56356 ], [ 85.5103, 27.56616 ], [ 85.50933, 27.56689 ], [ 85.50867, 27.56703 ], [ 85.50847, 27.56666 ], [ 85.50803, 27.56638 ], [ 85.5083, 27.56609 ], [ 85.50806, 27.56556 ], [ 85.50652, 27.56405 ], [ 85.50566, 27.56369 ], [ 85.50334, 27.56314 ], [ 85.50269, 27.56277 ], [ 85.50178, 27.56156 ], [ 85.49923, 27.55926 ], [ 85.49881, 27.55904 ], [ 85.49761, 27.55885 ], [ 85.49626, 27.55823 ], [ 85.49573, 27.55778 ], [ 85.49546, 27.55736 ], [ 85.49534, 27.55564 ], [ 85.49367, 27.55441 ], [ 85.4932, 27.5537 ], [ 85.49287, 27.55262 ], [ 85.49217, 27.5513 ], [ 85.48822, 27.54957 ], [ 85.4873, 27.54898 ], [ 85.48483, 27.54604 ], [ 85.48335, 27.545 ], [ 85.48322, 27.54285 ], [ 85.48332, 27.54197 ], [ 85.48317, 27.54126 ], [ 85.4827, 27.54048 ], [ 85.47979, 27.53882 ], [ 85.47728, 27.53801 ], [ 85.4752, 27.53777 ], [ 85.47457, 27.53792 ], [ 85.47349, 27.53769 ], [ 85.47251, 27.53813 ], [ 85.47168, 27.53826 ], [ 85.46963, 27.53713 ], [ 85.46835, 27.53679 ], [ 85.46681, 27.53713 ], [ 85.46636, 27.53769 ], [ 85.46513, 27.53816 ], [ 85.4625, 27.53808 ], [ 85.45889, 27.53822 ], [ 85.45806, 27.53808 ], [ 85.45586, 27.53731 ], [ 85.45104, 27.53785 ], [ 85.44976, 27.53691 ], [ 85.44696, 27.53551 ], [ 85.44523, 27.53498 ], [ 85.44459, 27.53446 ], [ 85.44401, 27.53433 ], [ 85.44256, 27.53477 ], [ 85.44122, 27.53444 ], [ 85.44028, 27.53474 ], [ 85.43899, 27.53585 ], [ 85.43855, 27.53745 ], [ 85.43763, 27.53864 ], [ 85.43683, 27.54151 ], [ 85.43613, 27.54104 ], [ 85.43448, 27.53928 ], [ 85.43271, 27.53861 ], [ 85.43131, 27.53874 ], [ 85.43058, 27.5392 ], [ 85.42985, 27.54012 ], [ 85.42891, 27.54097 ], [ 85.42776, 27.54098 ], [ 85.42596, 27.54036 ], [ 85.42477, 27.5405 ], [ 85.42354, 27.54105 ], [ 85.42284, 27.54175 ], [ 85.42215, 27.54317 ], [ 85.42126, 27.54418 ], [ 85.42046, 27.54481 ], [ 85.41939, 27.54528 ], [ 85.41867, 27.54586 ], [ 85.41719, 27.54593 ], [ 85.41651, 27.54619 ], [ 85.41621, 27.54665 ], [ 85.41612, 27.54755 ], [ 85.4157, 27.54819 ], [ 85.41419, 27.54832 ], [ 85.41174, 27.54806 ], [ 85.41137, 27.54776 ], [ 85.41095, 27.54693 ], [ 85.41058, 27.54517 ], [ 85.41042, 27.54497 ], [ 85.4094, 27.54497 ], [ 85.40755, 27.54565 ], [ 85.4062, 27.54588 ], [ 85.40414, 27.54506 ], [ 85.40326, 27.54531 ], [ 85.40175, 27.54737 ], [ 85.40139, 27.54814 ], [ 85.40063, 27.55108 ], [ 85.39886, 27.55432 ], [ 85.39773, 27.55458 ], [ 85.39715, 27.55504 ], [ 85.39621, 27.5565 ], [ 85.39397, 27.55711 ], [ 85.39321, 27.55759 ], [ 85.39163, 27.55918 ], [ 85.39069, 27.55985 ], [ 85.38984, 27.56044 ], [ 85.3879, 27.56133 ], [ 85.38746, 27.56166 ], [ 85.3868, 27.56297 ], [ 85.38759, 27.56338 ], [ 85.38871, 27.56473 ], [ 85.38943, 27.56533 ], [ 85.39067, 27.56582 ], [ 85.39276, 27.56595 ], [ 85.3941, 27.56666 ], [ 85.39506, 27.56776 ], [ 85.39603, 27.5685 ], [ 85.39646, 27.57011 ], [ 85.39678, 27.57032 ], [ 85.3988, 27.57074 ], [ 85.40021, 27.57168 ], [ 85.40125, 27.57268 ], [ 85.40162, 27.57337 ], [ 85.40174, 27.57432 ], [ 85.40138, 27.57691 ], [ 85.40148, 27.57745 ], [ 85.40251, 27.57866 ], [ 85.40282, 27.57957 ], [ 85.40252, 27.58143 ], [ 85.40291, 27.58219 ], [ 85.40464, 27.58386 ], [ 85.40483, 27.58502 ], [ 85.40547, 27.58628 ], [ 85.40568, 27.58718 ], [ 85.40529, 27.58784 ], [ 85.40452, 27.58806 ], [ 85.4041, 27.58855 ], [ 85.40443, 27.58943 ], [ 85.40557, 27.59086 ], [ 85.40575, 27.59135 ], [ 85.40559, 27.59198 ], [ 85.40334, 27.59381 ], [ 85.40317, 27.5941 ], [ 85.40346, 27.59487 ], [ 85.40418, 27.59547 ], [ 85.4043, 27.59594 ], [ 85.40438, 27.5996 ], [ 85.40426, 27.60002 ], [ 85.40362, 27.60083 ], [ 85.40268, 27.60133 ], [ 85.40241, 27.60202 ], [ 85.40383, 27.60232 ], [ 85.40838, 27.60248 ], [ 85.41068, 27.60328 ], [ 85.4111, 27.60307 ], [ 85.41147, 27.60309 ], [ 85.41218, 27.60359 ], [ 85.41264, 27.6043 ], [ 85.41321, 27.60471 ], [ 85.41343, 27.60523 ], [ 85.41344, 27.60575 ], [ 85.41288, 27.60694 ], [ 85.41303, 27.60708 ], [ 85.41411, 27.60624 ], [ 85.41467, 27.60601 ], [ 85.41695, 27.60644 ], [ 85.41725, 27.60568 ], [ 85.41702, 27.60404 ], [ 85.41622, 27.60214 ], [ 85.41611, 27.60154 ], [ 85.41487, 27.59957 ], [ 85.41516, 27.59864 ], [ 85.41582, 27.59745 ], [ 85.41628, 27.59712 ], [ 85.41742, 27.59679 ], [ 85.418, 27.59644 ], [ 85.41846, 27.59601 ], [ 85.41927, 27.59461 ], [ 85.42116, 27.59277 ], [ 85.42204, 27.59269 ], [ 85.42408, 27.59295 ], [ 85.42532, 27.5934 ], [ 85.42581, 27.59386 ], [ 85.42719, 27.59469 ], [ 85.42729, 27.59535 ], [ 85.42852, 27.5965 ], [ 85.42876, 27.59709 ], [ 85.42855, 27.59795 ], [ 85.42783, 27.59893 ], [ 85.42573, 27.60041 ], [ 85.42558, 27.60109 ], [ 85.42583, 27.60194 ], [ 85.42681, 27.603 ], [ 85.42802, 27.60222 ], [ 85.4291, 27.60228 ], [ 85.4296, 27.60167 ], [ 85.42998, 27.60145 ], [ 85.43113, 27.60155 ], [ 85.43162, 27.60126 ], [ 85.43199, 27.60073 ], [ 85.43309, 27.6004 ], [ 85.4332, 27.60048 ], [ 85.43278, 27.60136 ], [ 85.43261, 27.60369 ], [ 85.4328, 27.60406 ], [ 85.4334, 27.60446 ], [ 85.43434, 27.60479 ], [ 85.43478, 27.6056 ], [ 85.43547, 27.60626 ], [ 85.43558, 27.60644 ], [ 85.43555, 27.60824 ], [ 85.43533, 27.60855 ], [ 85.43499, 27.60865 ], [ 85.43438, 27.60981 ], [ 85.4332, 27.6108 ], [ 85.43245, 27.61113 ], [ 85.43202, 27.61179 ], [ 85.43103, 27.61252 ], [ 85.43066, 27.61303 ], [ 85.43042, 27.61383 ], [ 85.42998, 27.61399 ], [ 85.42983, 27.61425 ], [ 85.42959, 27.61539 ], [ 85.42882, 27.61557 ], [ 85.42745, 27.61504 ], [ 85.42701, 27.61503 ], [ 85.4259, 27.61548 ], [ 85.42431, 27.61581 ], [ 85.42347, 27.61621 ], [ 85.42244, 27.6164 ], [ 85.42181, 27.61675 ], [ 85.42107, 27.61686 ], [ 85.42075, 27.61713 ], [ 85.41999, 27.61858 ], [ 85.42, 27.61948 ], [ 85.42036, 27.62012 ], [ 85.42282, 27.62016 ], [ 85.4241, 27.62093 ], [ 85.42586, 27.62158 ], [ 85.42622, 27.62242 ], [ 85.42803, 27.62463 ], [ 85.42843, 27.6247 ], [ 85.43172, 27.62333 ], [ 85.43385, 27.62288 ], [ 85.43613, 27.62323 ], [ 85.43803, 27.62483 ], [ 85.43879, 27.62617 ], [ 85.43914, 27.6275 ], [ 85.4397, 27.62841 ], [ 85.4431, 27.62943 ], [ 85.44594, 27.62954 ], [ 85.44622, 27.62971 ], [ 85.44701, 27.62976 ], [ 85.44768, 27.63007 ], [ 85.44847, 27.63083 ], [ 85.44974, 27.63317 ], [ 85.4517, 27.63464 ], [ 85.45393, 27.63704 ], [ 85.4542, 27.63675 ], [ 85.45433, 27.63583 ], [ 85.45491, 27.63487 ], [ 85.4554, 27.63352 ], [ 85.45827, 27.62989 ] ] ] } },
{ "type": "Feature", "properties": { "fid": 277, "STATE_CODE": 3.0, "DISTRICT": "KABHREPALANCHOK", "GaPa_NaPa": "Panchkhal", "Type_GN": "Nagarpalika", "Province": "Bagmati" }, "geometry": { "type": "Polygon", "coordinates": [ [ [ 85.58625, 27.70354 ], [ 85.5867, 27.70358 ], [ 85.58741, 27.70394 ], [ 85.58775, 27.70382 ], [ 85.58786, 27.70353 ], [ 85.58775, 27.7025 ], [ 85.5879, 27.70215 ], [ 85.58805, 27.70213 ], [ 85.58933, 27.70261 ], [ 85.58995, 27.70351 ], [ 85.59053, 27.70355 ], [ 85.59205, 27.70445 ], [ 85.59327, 27.70277 ], [ 85.59551, 27.7007 ], [ 85.59585, 27.69962 ], [ 85.59621, 27.6991 ], [ 85.59792, 27.69823 ], [ 85.59946, 27.69808 ], [ 85.60053, 27.69717 ], [ 85.60156, 27.69738 ], [ 85.60267, 27.69695 ], [ 85.60346, 27.69745 ], [ 85.60406, 27.69722 ], [ 85.60581, 27.69483 ], [ 85.60698, 27.69387 ], [ 85.60767, 27.69305 ], [ 85.6092, 27.69261 ], [ 85.61214, 27.68982 ], [ 85.61257, 27.68966 ], [ 85.61377, 27.68982 ], [ 85.61454, 27.68953 ], [ 85.6153, 27.68877 ], [ 85.61649, 27.68682 ], [ 85.61666, 27.68676 ], [ 85.61784, 27.68728 ], [ 85.61931, 27.68605 ], [ 85.62001, 27.68502 ], [ 85.6217, 27.68399 ], [ 85.62238, 27.68382 ], [ 85.62335, 27.68231 ], [ 85.62528, 27.68136 ], [ 85.62577, 27.68096 ], [ 85.6272, 27.6793 ], [ 85.62759, 27.67788 ], [ 85.62809, 27.67718 ], [ 85.62905, 27.6768 ], [ 85.62996, 27.67613 ], [ 85.63029, 27.67487 ], [ 85.631, 27.67364 ], [ 85.63242, 27.67307 ], [ 85.63428, 27.67299 ], [ 85.63497, 27.67276 ], [ 85.63529, 27.67161 ], [ 85.6353, 27.67017 ], [ 85.6358, 27.6692 ], [ 85.6375, 27.66817 ], [ 85.63819, 27.66754 ], [ 85.63925, 27.66577 ], [ 85.64013, 27.66491 ], [ 85.64078, 27.66472 ], [ 85.64118, 27.66478 ], [ 85.64144, 27.6652 ], [ 85.64145, 27.6658 ], [ 85.64173, 27.66599 ], [ 85.64537, 27.66542 ], [ 85.64682, 27.66564 ], [ 85.64755, 27.6655 ], [ 85.64768, 27.6656 ], [ 85.64761, 27.66614 ], [ 85.64772, 27.66625 ], [ 85.64849, 27.6666 ], [ 85.64891, 27.66658 ], [ 85.64928, 27.66588 ], [ 85.64937, 27.66513 ], [ 85.64959, 27.66494 ], [ 85.65074, 27.66535 ], [ 85.65113, 27.6653 ], [ 85.65199, 27.66469 ], [ 85.65255, 27.66381 ], [ 85.65298, 27.66349 ], [ 85.6545, 27.66307 ], [ 85.65498, 27.66269 ], [ 85.65603, 27.66132 ], [ 85.6585, 27.65994 ], [ 85.65979, 27.65941 ], [ 85.66165, 27.65919 ], [ 85.66213, 27.65899 ], [ 85.66213, 27.65864 ], [ 85.66134, 27.65743 ], [ 85.66141, 27.65671 ], [ 85.66317, 27.65712 ], [ 85.66351, 27.65697 ], [ 85.66435, 27.65581 ], [ 85.66512, 27.65547 ], [ 85.66872, 27.65531 ], [ 85.66978, 27.65459 ], [ 85.67071, 27.65338 ], [ 85.67213, 27.65227 ], [ 85.67264, 27.65209 ], [ 85.67444, 27.65202 ], [ 85.677, 27.65092 ], [ 85.67811, 27.65089 ], [ 85.67848, 27.65051 ], [ 85.67859, 27.65013 ], [ 85.67934, 27.64961 ], [ 85.68018, 27.64964 ], [ 85.68172, 27.64936 ], [ 85.68345, 27.64981 ], [ 85.68388, 27.64949 ], [ 85.68402, 27.64874 ], [ 85.68436, 27.64866 ], [ 85.68483, 27.64918 ], [ 85.68482, 27.65018 ], [ 85.68514, 27.65104 ], [ 85.68548, 27.65142 ], [ 85.68584, 27.65148 ], [ 85.68601, 27.65122 ], [ 85.68621, 27.65001 ], [ 85.68647, 27.64965 ], [ 85.68699, 27.6494 ], [ 85.68905, 27.64898 ], [ 85.68704, 27.64868 ], [ 85.68622, 27.64816 ], [ 85.68634, 27.64644 ], [ 85.68579, 27.64491 ], [ 85.68448, 27.64301 ], [ 85.68453, 27.64056 ], [ 85.68394, 27.63905 ], [ 85.68395, 27.63837 ], [ 85.68536, 27.63471 ], [ 85.68592, 27.6328 ], [ 85.68616, 27.63246 ], [ 85.68642, 27.63258 ], [ 85.68686, 27.63334 ], [ 85.68702, 27.63518 ], [ 85.68693, 27.6365 ], [ 85.68833, 27.6378 ], [ 85.68908, 27.6388 ], [ 85.68979, 27.64098 ], [ 85.69043, 27.64169 ], [ 85.6908, 27.64126 ], [ 85.69097, 27.64003 ], [ 85.69156, 27.63851 ], [ 85.69242, 27.63724 ], [ 85.69356, 27.63612 ], [ 85.69497, 27.63317 ], [ 85.69564, 27.6313 ], [ 85.69494, 27.63093 ], [ 85.69366, 27.63064 ], [ 85.69269, 27.63061 ], [ 85.69246, 27.63044 ], [ 85.69229, 27.63004 ], [ 85.69241, 27.62767 ], [ 85.69165, 27.62629 ], [ 85.68945, 27.6247 ], [ 85.6881, 27.62448 ], [ 85.68793, 27.62415 ], [ 85.68808, 27.62362 ], [ 85.68873, 27.6233 ], [ 85.69046, 27.62305 ], [ 85.69088, 27.62325 ], [ 85.6912, 27.62374 ], [ 85.69194, 27.62434 ], [ 85.69323, 27.62438 ], [ 85.6955, 27.62324 ], [ 85.69622, 27.62256 ], [ 85.69665, 27.62253 ], [ 85.69818, 27.62289 ], [ 85.69884, 27.62344 ], [ 85.69956, 27.62312 ], [ 85.70034, 27.62235 ], [ 85.70245, 27.62109 ], [ 85.70293, 27.62098 ], [ 85.70506, 27.62118 ], [ 85.70529, 27.62084 ], [ 85.70563, 27.61884 ], [ 85.70594, 27.61866 ], [ 85.7067, 27.61874 ], [ 85.70689, 27.61837 ], [ 85.70671, 27.618 ], [ 85.70491, 27.61657 ], [ 85.70416, 27.61545 ], [ 85.70425, 27.61505 ], [ 85.70442, 27.61491 ], [ 85.70591, 27.6148 ], [ 85.70643, 27.61455 ], [ 85.70705, 27.61398 ], [ 85.70955, 27.61307 ], [ 85.71046, 27.61227 ], [ 85.7113, 27.61203 ], [ 85.71176, 27.61167 ], [ 85.71197, 27.61137 ], [ 85.71185, 27.61123 ], [ 85.71068, 27.61109 ], [ 85.71039, 27.61091 ], [ 85.71082, 27.60967 ], [ 85.71178, 27.60878 ], [ 85.71174, 27.60813 ], [ 85.71276, 27.60822 ], [ 85.71365, 27.6089 ], [ 85.71425, 27.60896 ], [ 85.71676, 27.60812 ], [ 85.71758, 27.60744 ], [ 85.71769, 27.60653 ], [ 85.71875, 27.6062 ], [ 85.71906, 27.60479 ], [ 85.71998, 27.60439 ], [ 85.72039, 27.60365 ], [ 85.72177, 27.60336 ], [ 85.72228, 27.60347 ], [ 85.7234, 27.60318 ], [ 85.72451, 27.60327 ], [ 85.72504, 27.60316 ], [ 85.72525, 27.60154 ], [ 85.72488, 27.60007 ], [ 85.72442, 27.59922 ], [ 85.72328, 27.598 ], [ 85.72105, 27.59672 ], [ 85.71912, 27.59528 ], [ 85.71871, 27.59445 ], [ 85.71883, 27.59397 ], [ 85.72035, 27.59243 ], [ 85.7212, 27.59109 ], [ 85.72268, 27.58983 ], [ 85.72406, 27.58902 ], [ 85.72663, 27.58698 ], [ 85.72837, 27.58623 ], [ 85.73018, 27.58584 ], [ 85.73083, 27.58546 ], [ 85.73101, 27.58527 ], [ 85.73106, 27.58464 ], [ 85.7281, 27.58234 ], [ 85.72683, 27.58223 ], [ 85.72645, 27.58202 ], [ 85.72579, 27.57993 ], [ 85.72524, 27.57937 ], [ 85.72429, 27.57902 ], [ 85.72333, 27.57899 ], [ 85.72236, 27.57924 ], [ 85.72146, 27.57992 ], [ 85.72032, 27.58042 ], [ 85.71853, 27.58036 ], [ 85.71725, 27.58045 ], [ 85.71634, 27.58075 ], [ 85.71491, 27.5807 ], [ 85.71425, 27.58114 ], [ 85.71309, 27.58124 ], [ 85.7122, 27.582 ], [ 85.71073, 27.58237 ], [ 85.71031, 27.58272 ], [ 85.71009, 27.58346 ], [ 85.70941, 27.58388 ], [ 85.70854, 27.58406 ], [ 85.70765, 27.58401 ], [ 85.70706, 27.58424 ], [ 85.7048, 27.58459 ], [ 85.7041, 27.58447 ], [ 85.70329, 27.58393 ], [ 85.70138, 27.58137 ], [ 85.70067, 27.58092 ], [ 85.70022, 27.58093 ], [ 85.69761, 27.58176 ], [ 85.69722, 27.58198 ], [ 85.69645, 27.58299 ], [ 85.69571, 27.58341 ], [ 85.69442, 27.58346 ], [ 85.69272, 27.58411 ], [ 85.69068, 27.58625 ], [ 85.69008, 27.58728 ], [ 85.68954, 27.58738 ], [ 85.68845, 27.5883 ], [ 85.68763, 27.58842 ], [ 85.68677, 27.58903 ], [ 85.68468, 27.58949 ], [ 85.68324, 27.59006 ], [ 85.68252, 27.59038 ], [ 85.68106, 27.5914 ], [ 85.68035, 27.59153 ], [ 85.67837, 27.59127 ], [ 85.6772, 27.59148 ], [ 85.67676, 27.59174 ], [ 85.67584, 27.59276 ], [ 85.67365, 27.59391 ], [ 85.67256, 27.59487 ], [ 85.66937, 27.59595 ], [ 85.66886, 27.59674 ], [ 85.66775, 27.59766 ], [ 85.66734, 27.59835 ], [ 85.66509, 27.60078 ], [ 85.6638, 27.6031 ], [ 85.66333, 27.6036 ], [ 85.66295, 27.60288 ], [ 85.66259, 27.60268 ], [ 85.66157, 27.6027 ], [ 85.66081, 27.60235 ], [ 85.66003, 27.60164 ], [ 85.65972, 27.59991 ], [ 85.66001, 27.59906 ], [ 85.65993, 27.59796 ], [ 85.65934, 27.59716 ], [ 85.65894, 27.59546 ], [ 85.65613, 27.59375 ], [ 85.65538, 27.59217 ], [ 85.6554, 27.59172 ], [ 85.65518, 27.59121 ], [ 85.65416, 27.59054 ], [ 85.65357, 27.5897 ], [ 85.65259, 27.58872 ], [ 85.64829, 27.58479 ], [ 85.64741, 27.58373 ], [ 85.64484, 27.58126 ], [ 85.64388, 27.58067 ], [ 85.643, 27.58068 ], [ 85.64166, 27.5804 ], [ 85.64103, 27.58077 ], [ 85.64041, 27.58172 ], [ 85.64027, 27.58235 ], [ 85.64049, 27.58374 ], [ 85.63955, 27.58438 ], [ 85.63914, 27.58489 ], [ 85.6392, 27.58546 ], [ 85.63959, 27.58594 ], [ 85.63944, 27.58651 ], [ 85.63899, 27.58707 ], [ 85.63818, 27.58752 ], [ 85.63796, 27.58797 ], [ 85.63799, 27.58843 ], [ 85.63839, 27.58914 ], [ 85.63941, 27.58986 ], [ 85.63961, 27.59028 ], [ 85.63839, 27.59018 ], [ 85.63581, 27.59045 ], [ 85.63474, 27.5899 ], [ 85.63336, 27.58887 ], [ 85.63056, 27.58833 ], [ 85.62884, 27.58856 ], [ 85.6263, 27.58932 ], [ 85.62497, 27.58893 ], [ 85.6239, 27.58941 ], [ 85.6234, 27.58999 ], [ 85.62285, 27.59147 ], [ 85.62294, 27.59349 ], [ 85.62329, 27.59522 ], [ 85.62327, 27.59568 ], [ 85.62259, 27.59746 ], [ 85.62091, 27.59874 ], [ 85.6189, 27.59971 ], [ 85.61937, 27.60221 ], [ 85.61943, 27.60358 ], [ 85.61926, 27.6055 ], [ 85.61943, 27.60642 ], [ 85.62084, 27.6087 ], [ 85.62218, 27.60887 ], [ 85.62297, 27.60932 ], [ 85.62375, 27.60954 ], [ 85.62464, 27.61032 ], [ 85.62578, 27.61068 ], [ 85.62561, 27.61275 ], [ 85.62609, 27.61376 ], [ 85.62628, 27.61484 ], [ 85.62729, 27.61634 ], [ 85.62728, 27.61803 ], [ 85.62761, 27.61942 ], [ 85.62744, 27.61995 ], [ 85.62702, 27.6203 ], [ 85.62538, 27.62094 ], [ 85.62524, 27.62131 ], [ 85.62547, 27.62247 ], [ 85.62456, 27.62171 ], [ 85.62354, 27.62158 ], [ 85.62293, 27.62116 ], [ 85.62129, 27.61918 ], [ 85.62061, 27.6186 ], [ 85.61981, 27.61819 ], [ 85.61988, 27.61754 ], [ 85.61972, 27.61735 ], [ 85.61775, 27.61718 ], [ 85.61623, 27.61633 ], [ 85.61518, 27.61539 ], [ 85.61451, 27.61512 ], [ 85.61383, 27.61521 ], [ 85.61239, 27.61619 ], [ 85.61136, 27.61602 ], [ 85.61012, 27.61524 ], [ 85.60952, 27.61521 ], [ 85.60774, 27.61582 ], [ 85.60752, 27.61615 ], [ 85.6072, 27.61626 ], [ 85.60685, 27.61624 ], [ 85.60583, 27.61563 ], [ 85.60549, 27.6156 ], [ 85.60398, 27.61605 ], [ 85.60185, 27.61628 ], [ 85.60015, 27.6167 ], [ 85.59959, 27.61675 ], [ 85.59927, 27.61654 ], [ 85.59875, 27.61651 ], [ 85.59799, 27.61683 ], [ 85.59696, 27.61689 ], [ 85.5956, 27.61776 ], [ 85.5933, 27.62004 ], [ 85.59332, 27.62165 ], [ 85.5927, 27.62237 ], [ 85.59264, 27.62375 ], [ 85.59245, 27.62436 ], [ 85.5911, 27.62571 ], [ 85.59122, 27.62617 ], [ 85.59112, 27.62655 ], [ 85.58821, 27.62905 ], [ 85.58812, 27.63027 ], [ 85.58784, 27.63082 ], [ 85.59028, 27.63186 ], [ 85.59056, 27.63211 ], [ 85.58857, 27.63421 ], [ 85.58853, 27.63513 ], [ 85.58889, 27.63635 ], [ 85.58902, 27.6385 ], [ 85.58847, 27.6398 ], [ 85.58841, 27.64094 ], [ 85.5891, 27.64383 ], [ 85.59032, 27.64594 ], [ 85.58972, 27.64653 ], [ 85.58964, 27.64804 ], [ 85.59115, 27.64877 ], [ 85.58996, 27.64948 ], [ 85.58889, 27.65076 ], [ 85.588, 27.65127 ], [ 85.58748, 27.6512 ], [ 85.58642, 27.65041 ], [ 85.58565, 27.65054 ], [ 85.58402, 27.6505 ], [ 85.58336, 27.65075 ], [ 85.58302, 27.65104 ], [ 85.58281, 27.65157 ], [ 85.58208, 27.65222 ], [ 85.58149, 27.65257 ], [ 85.58046, 27.65268 ], [ 85.5795, 27.65326 ], [ 85.5792, 27.65379 ], [ 85.57918, 27.65487 ], [ 85.57888, 27.65531 ], [ 85.57781, 27.65603 ], [ 85.57768, 27.65632 ], [ 85.57696, 27.65651 ], [ 85.57666, 27.65691 ], [ 85.5764, 27.65797 ], [ 85.57514, 27.65862 ], [ 85.57512, 27.66114 ], [ 85.57468, 27.66151 ], [ 85.57457, 27.66212 ], [ 85.5741, 27.6627 ], [ 85.57272, 27.66368 ], [ 85.57268, 27.66425 ], [ 85.57287, 27.66471 ], [ 85.57238, 27.66571 ], [ 85.57207, 27.66777 ], [ 85.57166, 27.66887 ], [ 85.57078, 27.67019 ], [ 85.57012, 27.67238 ], [ 85.56787, 27.67426 ], [ 85.5671, 27.67457 ], [ 85.56646, 27.67436 ], [ 85.56601, 27.67443 ], [ 85.56464, 27.67568 ], [ 85.56409, 27.67593 ], [ 85.563, 27.67582 ], [ 85.56265, 27.67611 ], [ 85.56282, 27.67641 ], [ 85.56351, 27.67664 ], [ 85.56466, 27.67733 ], [ 85.5662, 27.67775 ], [ 85.56727, 27.67836 ], [ 85.56735, 27.67859 ], [ 85.56722, 27.67888 ], [ 85.56652, 27.67955 ], [ 85.56547, 27.68133 ], [ 85.56468, 27.68149 ], [ 85.56275, 27.68134 ], [ 85.5616, 27.68143 ], [ 85.56089, 27.68126 ], [ 85.55923, 27.68132 ], [ 85.5582, 27.68023 ], [ 85.55788, 27.68008 ], [ 85.55724, 27.68016 ], [ 85.55692, 27.68075 ], [ 85.55694, 27.68127 ], [ 85.55767, 27.6823 ], [ 85.55794, 27.68351 ], [ 85.55843, 27.68443 ], [ 85.56059, 27.68599 ], [ 85.56305, 27.68712 ], [ 85.56371, 27.68833 ], [ 85.56427, 27.68879 ], [ 85.56429, 27.6895 ], [ 85.56519, 27.68973 ], [ 85.56661, 27.69048 ], [ 85.56712, 27.69096 ], [ 85.56749, 27.69196 ], [ 85.5686, 27.69297 ], [ 85.56888, 27.69345 ], [ 85.56997, 27.69399 ], [ 85.57132, 27.69598 ], [ 85.57248, 27.69661 ], [ 85.57255, 27.69692 ], [ 85.57173, 27.69732 ], [ 85.57124, 27.69815 ], [ 85.57139, 27.69884 ], [ 85.57163, 27.69907 ], [ 85.57289, 27.69966 ], [ 85.57437, 27.7007 ], [ 85.57495, 27.7007 ], [ 85.57555, 27.70097 ], [ 85.5763, 27.7016 ], [ 85.5772, 27.7019 ], [ 85.57797, 27.70258 ], [ 85.57868, 27.70275 ], [ 85.57938, 27.70238 ], [ 85.58015, 27.70244 ], [ 85.58189, 27.70338 ], [ 85.5833, 27.70437 ], [ 85.58458, 27.70454 ], [ 85.58516, 27.70383 ], [ 85.58625, 27.70354 ] ] ] } },
{ "type": "Feature", "properties": { "fid": 295, "STATE_CODE": 3.0, "DISTRICT": "KATHMANDU", "GaPa_NaPa": "Kathmandu", "Type_GN": "Mahanagarpalika", "Province": "Bagmati" }, "geometry": { "type": "Polygon", "coordinates": [ [ [ 85.34564, 27.74829 ], [ 85.3462, 27.74721 ], [ 85.34615, 27.74675 ], [ 85.34561, 27.74566 ], [ 85.34595, 27.74514 ], [ 85.34598, 27.74457 ], [ 85.34634, 27.74389 ], [ 85.34653, 27.74275 ], [ 85.34725, 27.74139 ], [ 85.34734, 27.74036 ], [ 85.34722, 27.73968 ], [ 85.34732, 27.73893 ], [ 85.34706, 27.73824 ], [ 85.34706, 27.73734 ], [ 85.3467, 27.73705 ], [ 85.34562, 27.73692 ], [ 85.34449, 27.73459 ], [ 85.34421, 27.73367 ], [ 85.34449, 27.73167 ], [ 85.34564, 27.72997 ], [ 85.34594, 27.72907 ], [ 85.34568, 27.72717 ], [ 85.34513, 27.7259 ], [ 85.3449, 27.72452 ], [ 85.34572, 27.72204 ], [ 85.34591, 27.7222 ], [ 85.34605, 27.72296 ], [ 85.34653, 27.72354 ], [ 85.34844, 27.72443 ], [ 85.34901, 27.72504 ], [ 85.34892, 27.7265 ], [ 85.34956, 27.72653 ], [ 85.35613, 27.72865 ], [ 85.35843, 27.72869 ], [ 85.35934, 27.72846 ], [ 85.35983, 27.72852 ], [ 85.36021, 27.72887 ], [ 85.36169, 27.73126 ], [ 85.36364, 27.73216 ], [ 85.36638, 27.73407 ], [ 85.36705, 27.73498 ], [ 85.36762, 27.73536 ], [ 85.36871, 27.73555 ], [ 85.37024, 27.73515 ], [ 85.3703, 27.73422 ], [ 85.37175, 27.73304 ], [ 85.37197, 27.73275 ], [ 85.37218, 27.73179 ], [ 85.372, 27.72978 ], [ 85.37245, 27.72805 ], [ 85.37174, 27.72592 ], [ 85.37184, 27.72214 ], [ 85.37165, 27.7216 ], [ 85.3654, 27.72064 ], [ 85.36444, 27.72035 ], [ 85.36432, 27.71997 ], [ 85.36471, 27.71637 ], [ 85.36456, 27.71459 ], [ 85.36519, 27.71288 ], [ 85.36523, 27.71198 ], [ 85.36599, 27.71177 ], [ 85.36658, 27.71114 ], [ 85.36743, 27.71084 ], [ 85.36707, 27.70949 ], [ 85.36721, 27.70864 ], [ 85.36883, 27.70579 ], [ 85.36865, 27.70523 ], [ 85.3677, 27.7042 ], [ 85.3667, 27.70269 ], [ 85.36613, 27.70222 ], [ 85.36457, 27.7016 ], [ 85.36447, 27.70119 ], [ 85.36465, 27.70074 ], [ 85.36465, 27.69999 ], [ 85.36521, 27.69845 ], [ 85.36721, 27.69583 ], [ 85.36718, 27.69445 ], [ 85.36745, 27.69354 ], [ 85.36831, 27.69235 ], [ 85.36867, 27.69153 ], [ 85.36958, 27.69116 ], [ 85.37006, 27.69065 ], [ 85.37018, 27.68968 ], [ 85.36996, 27.68912 ], [ 85.36876, 27.68898 ], [ 85.36759, 27.6885 ], [ 85.36698, 27.6878 ], [ 85.36617, 27.68739 ], [ 85.3652, 27.68633 ], [ 85.3623, 27.68435 ], [ 85.36198, 27.684 ], [ 85.36187, 27.68325 ], [ 85.36143, 27.68267 ], [ 85.35977, 27.68166 ], [ 85.35898, 27.68161 ], [ 85.35802, 27.68261 ], [ 85.35767, 27.68278 ], [ 85.35741, 27.68281 ], [ 85.35696, 27.68255 ], [ 85.35638, 27.68174 ], [ 85.35483, 27.67843 ], [ 85.35591, 27.67705 ], [ 85.35603, 27.67625 ], [ 85.35504, 27.67439 ], [ 85.35337, 27.67178 ], [ 85.35308, 27.67103 ], [ 85.35298, 27.66953 ], [ 85.35278, 27.66899 ], [ 85.35192, 27.6679 ], [ 85.34903, 27.66852 ], [ 85.34708, 27.66937 ], [ 85.34625, 27.66991 ], [ 85.3459, 27.67033 ], [ 85.34354, 27.67167 ], [ 85.34117, 27.67339 ], [ 85.33946, 27.67495 ], [ 85.33593, 27.67696 ], [ 85.33449, 27.67795 ], [ 85.33261, 27.67857 ], [ 85.33098, 27.67962 ], [ 85.32948, 27.68124 ], [ 85.32885, 27.68295 ], [ 85.3278, 27.68472 ], [ 85.32644, 27.6861 ], [ 85.32453, 27.68671 ], [ 85.32141, 27.68678 ], [ 85.31998, 27.68736 ], [ 85.31868, 27.68765 ], [ 85.31731, 27.68843 ], [ 85.31538, 27.68997 ], [ 85.31362, 27.69105 ], [ 85.3074, 27.69344 ], [ 85.30669, 27.69344 ], [ 85.30419, 27.69267 ], [ 85.30311, 27.69207 ], [ 85.30247, 27.69132 ], [ 85.30163, 27.68935 ], [ 85.30049, 27.68561 ], [ 85.29959, 27.68458 ], [ 85.2994, 27.68412 ], [ 85.29929, 27.68205 ], [ 85.29953, 27.68021 ], [ 85.29927, 27.67915 ], [ 85.29822, 27.67921 ], [ 85.29744, 27.67958 ], [ 85.29485, 27.68011 ], [ 85.29365, 27.68105 ], [ 85.29219, 27.68108 ], [ 85.28971, 27.68349 ], [ 85.28856, 27.68412 ], [ 85.28711, 27.68409 ], [ 85.28632, 27.68362 ], [ 85.28551, 27.68355 ], [ 85.28488, 27.6853 ], [ 85.28431, 27.68596 ], [ 85.28318, 27.68537 ], [ 85.28265, 27.6853 ], [ 85.28132, 27.68405 ], [ 85.28072, 27.68389 ], [ 85.28076, 27.68418 ], [ 85.28183, 27.68519 ], [ 85.28201, 27.68711 ], [ 85.28246, 27.68825 ], [ 85.28446, 27.68805 ], [ 85.28473, 27.68838 ], [ 85.28393, 27.68919 ], [ 85.28205, 27.69194 ], [ 85.28156, 27.6931 ], [ 85.28104, 27.69319 ], [ 85.28045, 27.69302 ], [ 85.27976, 27.69305 ], [ 85.27819, 27.69337 ], [ 85.27782, 27.69361 ], [ 85.27774, 27.69537 ], [ 85.27715, 27.69643 ], [ 85.27791, 27.69697 ], [ 85.27852, 27.69778 ], [ 85.27915, 27.69823 ], [ 85.28158, 27.69936 ], [ 85.28167, 27.70136 ], [ 85.28227, 27.70473 ], [ 85.28255, 27.70787 ], [ 85.28288, 27.70941 ], [ 85.28282, 27.71002 ], [ 85.28337, 27.71263 ], [ 85.28356, 27.71689 ], [ 85.28378, 27.71758 ], [ 85.28409, 27.71802 ], [ 85.28523, 27.71879 ], [ 85.28639, 27.71921 ], [ 85.2898, 27.72109 ], [ 85.29064, 27.72133 ], [ 85.29185, 27.72208 ], [ 85.29351, 27.72279 ], [ 85.29408, 27.72334 ], [ 85.29357, 27.72419 ], [ 85.2936, 27.72449 ], [ 85.29422, 27.72488 ], [ 85.29386, 27.72551 ], [ 85.29434, 27.72712 ], [ 85.29365, 27.72848 ], [ 85.29398, 27.7291 ], [ 85.29395, 27.72948 ], [ 85.29383, 27.72971 ], [ 85.29286, 27.73013 ], [ 85.29255, 27.73045 ], [ 85.29283, 27.7313 ], [ 85.29282, 27.73189 ], [ 85.29213, 27.73205 ], [ 85.29105, 27.73323 ], [ 85.29039, 27.73362 ], [ 85.28962, 27.73437 ], [ 85.28942, 27.73483 ], [ 85.28945, 27.73556 ], [ 85.28904, 27.73631 ], [ 85.28761, 27.73714 ], [ 85.28758, 27.7376 ], [ 85.28783, 27.73797 ], [ 85.28979, 27.73949 ], [ 85.29005, 27.7395 ], [ 85.2907, 27.73915 ], [ 85.29129, 27.7391 ], [ 85.29257, 27.73956 ], [ 85.29448, 27.73978 ], [ 85.29522, 27.7392 ], [ 85.29562, 27.73864 ], [ 85.29641, 27.73705 ], [ 85.29665, 27.736 ], [ 85.29838, 27.73563 ], [ 85.30011, 27.73482 ], [ 85.3001, 27.73441 ], [ 85.2996, 27.73383 ], [ 85.29948, 27.73332 ], [ 85.29946, 27.7324 ], [ 85.29973, 27.73189 ], [ 85.29992, 27.73189 ], [ 85.30013, 27.73214 ], [ 85.30023, 27.73352 ], [ 85.30041, 27.73392 ], [ 85.30156, 27.73459 ], [ 85.30172, 27.73538 ], [ 85.3012, 27.73758 ], [ 85.29992, 27.73985 ], [ 85.30004, 27.74131 ], [ 85.30115, 27.74062 ], [ 85.30258, 27.74114 ], [ 85.30423, 27.74042 ], [ 85.30759, 27.74057 ], [ 85.30862, 27.7403 ], [ 85.3093, 27.73991 ], [ 85.30972, 27.73946 ], [ 85.30995, 27.73878 ], [ 85.30909, 27.7376 ], [ 85.30734, 27.73623 ], [ 85.30717, 27.73577 ], [ 85.30719, 27.73509 ], [ 85.30781, 27.73525 ], [ 85.31118, 27.73462 ], [ 85.3195, 27.73495 ], [ 85.32193, 27.73593 ], [ 85.32698, 27.73924 ], [ 85.32883, 27.74016 ], [ 85.33144, 27.74176 ], [ 85.33195, 27.74198 ], [ 85.3335, 27.74199 ], [ 85.33362, 27.74229 ], [ 85.33347, 27.74328 ], [ 85.33374, 27.74405 ], [ 85.33439, 27.7449 ], [ 85.33492, 27.74615 ], [ 85.33653, 27.7474 ], [ 85.33852, 27.74743 ], [ 85.34012, 27.74828 ], [ 85.3434, 27.74872 ], [ 85.34464, 27.74917 ], [ 85.34544, 27.75 ], [ 85.34564, 27.74829 ] ] ] } },
{ "type": "Feature", "properties": { "fid": 335, "STATE_CODE": 3.0, "DISTRICT": "MAKAWANPUR", "GaPa_NaPa": "Bhimphedi", "Type_GN": "Gaunpalika", "Province": "Bagmati" }, "geometry": { "type": "Polygon", "coordinates": [ [ [ 85.02932, 27.61214 ], [ 85.02954, 27.61119 ], [ 85.03037, 27.61018 ], [ 85.03248, 27.60856 ], [ 85.0341, 27.60777 ], [ 85.03538, 27.60812 ], [ 85.03658, 27.6076 ], [ 85.03752, 27.60774 ], [ 85.03838, 27.6076 ], [ 85.03934, 27.60693 ], [ 85.03974, 27.60684 ], [ 85.04094, 27.60703 ], [ 85.04169, 27.60741 ], [ 85.04365, 27.60793 ], [ 85.04711, 27.60788 ], [ 85.04955, 27.60811 ], [ 85.05317, 27.60709 ], [ 85.05516, 27.60577 ], [ 85.05663, 27.60527 ], [ 85.05803, 27.60435 ], [ 85.06035, 27.60376 ], [ 85.06107, 27.60312 ], [ 85.06201, 27.60292 ], [ 85.06283, 27.60245 ], [ 85.06321, 27.60178 ], [ 85.06352, 27.60056 ], [ 85.06447, 27.59991 ], [ 85.06529, 27.59894 ], [ 85.06633, 27.5983 ], [ 85.06839, 27.59842 ], [ 85.06899, 27.59827 ], [ 85.06987, 27.59849 ], [ 85.07034, 27.59819 ], [ 85.07069, 27.59749 ], [ 85.07106, 27.5972 ], [ 85.07155, 27.59757 ], [ 85.07171, 27.59816 ], [ 85.0722, 27.59853 ], [ 85.07233, 27.59888 ], [ 85.07325, 27.59934 ], [ 85.07452, 27.59878 ], [ 85.07554, 27.59893 ], [ 85.07731, 27.59837 ], [ 85.07923, 27.59721 ], [ 85.08009, 27.59697 ], [ 85.08164, 27.59607 ], [ 85.08262, 27.59495 ], [ 85.08449, 27.59191 ], [ 85.08441, 27.59122 ], [ 85.08397, 27.5904 ], [ 85.08405, 27.58883 ], [ 85.08456, 27.58764 ], [ 85.08258, 27.5877 ], [ 85.0812, 27.5871 ], [ 85.08148, 27.58662 ], [ 85.08206, 27.58632 ], [ 85.08463, 27.58604 ], [ 85.08628, 27.58607 ], [ 85.08832, 27.58403 ], [ 85.08933, 27.58355 ], [ 85.0943, 27.5823 ], [ 85.0961, 27.58224 ], [ 85.09769, 27.58275 ], [ 85.10001, 27.58193 ], [ 85.10189, 27.5816 ], [ 85.10334, 27.58196 ], [ 85.10379, 27.58172 ], [ 85.1044, 27.58077 ], [ 85.10509, 27.58018 ], [ 85.10547, 27.58022 ], [ 85.10694, 27.58106 ], [ 85.10882, 27.58112 ], [ 85.11078, 27.58152 ], [ 85.11249, 27.58165 ], [ 85.11547, 27.58074 ], [ 85.11712, 27.58001 ], [ 85.11814, 27.58004 ], [ 85.11944, 27.58082 ], [ 85.12036, 27.58083 ], [ 85.12113, 27.58039 ], [ 85.12233, 27.58019 ], [ 85.12259, 27.57993 ], [ 85.12259, 27.57971 ], [ 85.12617, 27.5788 ], [ 85.12835, 27.57873 ], [ 85.13015, 27.57896 ], [ 85.13128, 27.57937 ], [ 85.13361, 27.5789 ], [ 85.13198, 27.57694 ], [ 85.13133, 27.57495 ], [ 85.13126, 27.57212 ], [ 85.13156, 27.57112 ], [ 85.13249, 27.5698 ], [ 85.13313, 27.56966 ], [ 85.13515, 27.57047 ], [ 85.13668, 27.57031 ], [ 85.13829, 27.57084 ], [ 85.13878, 27.57117 ], [ 85.14074, 27.57146 ], [ 85.14245, 27.57103 ], [ 85.14335, 27.5703 ], [ 85.14422, 27.56997 ], [ 85.14559, 27.56972 ], [ 85.14627, 27.56937 ], [ 85.14789, 27.56892 ], [ 85.14898, 27.56794 ], [ 85.15052, 27.56757 ], [ 85.15088, 27.56732 ], [ 85.15107, 27.56677 ], [ 85.15192, 27.5658 ], [ 85.15235, 27.56488 ], [ 85.15369, 27.56375 ], [ 85.15435, 27.56292 ], [ 85.15637, 27.55933 ], [ 85.15622, 27.55891 ], [ 85.1563, 27.55851 ], [ 85.15662, 27.55822 ], [ 85.15811, 27.55791 ], [ 85.16042, 27.55811 ], [ 85.16432, 27.55715 ], [ 85.16578, 27.55655 ], [ 85.16732, 27.55544 ], [ 85.16835, 27.5554 ], [ 85.16944, 27.55476 ], [ 85.16957, 27.55486 ], [ 85.17102, 27.55443 ], [ 85.17316, 27.55358 ], [ 85.17451, 27.5526 ], [ 85.1775, 27.55171 ], [ 85.17914, 27.55061 ], [ 85.18086, 27.54982 ], [ 85.18364, 27.54918 ], [ 85.1895, 27.54887 ], [ 85.19113, 27.54892 ], [ 85.19224, 27.54867 ], [ 85.19361, 27.54805 ], [ 85.19601, 27.54776 ], [ 85.19857, 27.54692 ], [ 85.20148, 27.54622 ], [ 85.20354, 27.54625 ], [ 85.20525, 27.54607 ], [ 85.20901, 27.54632 ], [ 85.21174, 27.54625 ], [ 85.21344, 27.54657 ], [ 85.21438, 27.54659 ], [ 85.21736, 27.54627 ], [ 85.21873, 27.5464 ], [ 85.22009, 27.54599 ], [ 85.22145, 27.54652 ], [ 85.22784, 27.54504 ], [ 85.23078, 27.54501 ], [ 85.23059, 27.54398 ], [ 85.23005, 27.5432 ], [ 85.22813, 27.542 ], [ 85.22738, 27.54092 ], [ 85.22635, 27.53993 ], [ 85.22683, 27.53868 ], [ 85.22813, 27.5374 ], [ 85.22949, 27.53713 ], [ 85.23145, 27.53714 ], [ 85.23217, 27.53631 ], [ 85.23421, 27.53546 ], [ 85.23604, 27.53391 ], [ 85.23791, 27.53296 ], [ 85.23884, 27.53288 ], [ 85.24042, 27.53351 ], [ 85.24196, 27.5329 ], [ 85.24358, 27.53301 ], [ 85.24409, 27.53291 ], [ 85.24515, 27.53237 ], [ 85.24573, 27.53171 ], [ 85.24575, 27.53079 ], [ 85.24525, 27.52911 ], [ 85.24525, 27.52881 ], [ 85.24542, 27.52864 ], [ 85.24646, 27.52829 ], [ 85.2479, 27.52821 ], [ 85.24972, 27.52867 ], [ 85.25024, 27.52865 ], [ 85.25074, 27.52851 ], [ 85.25103, 27.52812 ], [ 85.25102, 27.52739 ], [ 85.2504, 27.52557 ], [ 85.25032, 27.52389 ], [ 85.25054, 27.52196 ], [ 85.25037, 27.52138 ], [ 85.25015, 27.52111 ], [ 85.24825, 27.52007 ], [ 85.24308, 27.51938 ], [ 85.24064, 27.51761 ], [ 85.24027, 27.51723 ], [ 85.24023, 27.51631 ], [ 85.24109, 27.5145 ], [ 85.24133, 27.51366 ], [ 85.2413, 27.51251 ], [ 85.24087, 27.51225 ], [ 85.23793, 27.51153 ], [ 85.23696, 27.51085 ], [ 85.23645, 27.51005 ], [ 85.23617, 27.50883 ], [ 85.2358, 27.50807 ], [ 85.23445, 27.50662 ], [ 85.2339, 27.50572 ], [ 85.23389, 27.50489 ], [ 85.23455, 27.50384 ], [ 85.2355, 27.50298 ], [ 85.23605, 27.5016 ], [ 85.23673, 27.50051 ], [ 85.2371, 27.5002 ], [ 85.23799, 27.49987 ], [ 85.23893, 27.49974 ], [ 85.23925, 27.50016 ], [ 85.23913, 27.5002 ], [ 85.2398, 27.50043 ], [ 85.24142, 27.50056 ], [ 85.24204, 27.5004 ], [ 85.24257, 27.5002 ], [ 85.24287, 27.4999 ], [ 85.24342, 27.49836 ], [ 85.24395, 27.49774 ], [ 85.24492, 27.4973 ], [ 85.24765, 27.49653 ], [ 85.24699, 27.49078 ], [ 85.24622, 27.48961 ], [ 85.24507, 27.48831 ], [ 85.24429, 27.48678 ], [ 85.24451, 27.48636 ], [ 85.24507, 27.48622 ], [ 85.24581, 27.48558 ], [ 85.2475, 27.48314 ], [ 85.24757, 27.48184 ], [ 85.24705, 27.48101 ], [ 85.24713, 27.47995 ], [ 85.24685, 27.47922 ], [ 85.24715, 27.47694 ], [ 85.24741, 27.47644 ], [ 85.24763, 27.47654 ], [ 85.24854, 27.47602 ], [ 85.2515, 27.47406 ], [ 85.2524, 27.47309 ], [ 85.25338, 27.47262 ], [ 85.254, 27.47192 ], [ 85.25456, 27.47059 ], [ 85.25646, 27.46922 ], [ 85.25704, 27.4686 ], [ 85.25722, 27.46775 ], [ 85.25611, 27.46642 ], [ 85.25602, 27.46566 ], [ 85.25684, 27.46404 ], [ 85.2582, 27.46239 ], [ 85.25839, 27.46193 ], [ 85.25849, 27.46141 ], [ 85.258, 27.45999 ], [ 85.25806, 27.45892 ], [ 85.25882, 27.45816 ], [ 85.26011, 27.4577 ], [ 85.26144, 27.45676 ], [ 85.25976, 27.45605 ], [ 85.25829, 27.4558 ], [ 85.257, 27.4552 ], [ 85.2535, 27.45535 ], [ 85.25035, 27.45421 ], [ 85.24772, 27.45425 ], [ 85.24752, 27.45433 ], [ 85.24741, 27.45464 ], [ 85.24696, 27.45475 ], [ 85.24603, 27.45538 ], [ 85.24416, 27.45563 ], [ 85.24064, 27.45565 ], [ 85.23892, 27.45499 ], [ 85.23718, 27.45528 ], [ 85.2365, 27.45625 ], [ 85.23641, 27.45745 ], [ 85.2366, 27.45963 ], [ 85.23701, 27.4604 ], [ 85.2373, 27.46211 ], [ 85.23655, 27.46319 ], [ 85.2357, 27.46401 ], [ 85.23409, 27.46417 ], [ 85.23371, 27.46436 ], [ 85.23039, 27.46687 ], [ 85.22885, 27.46677 ], [ 85.227, 27.46615 ], [ 85.22649, 27.46635 ], [ 85.2246, 27.4687 ], [ 85.22353, 27.46973 ], [ 85.22287, 27.47004 ], [ 85.21921, 27.47024 ], [ 85.2183, 27.47067 ], [ 85.21669, 27.47102 ], [ 85.21591, 27.47147 ], [ 85.21429, 27.47295 ], [ 85.21052, 27.47264 ], [ 85.2095, 27.47224 ], [ 85.20831, 27.47287 ], [ 85.20626, 27.47463 ], [ 85.20537, 27.47501 ], [ 85.20218, 27.47431 ], [ 85.19809, 27.47429 ], [ 85.19641, 27.47447 ], [ 85.19254, 27.47548 ], [ 85.1899, 27.47545 ], [ 85.18773, 27.47574 ], [ 85.18515, 27.47647 ], [ 85.18391, 27.47737 ], [ 85.18179, 27.47932 ], [ 85.18184, 27.48016 ], [ 85.18252, 27.48216 ], [ 85.18343, 27.48343 ], [ 85.18357, 27.48715 ], [ 85.18402, 27.4899 ], [ 85.18515, 27.49121 ], [ 85.18529, 27.49253 ], [ 85.18572, 27.49351 ], [ 85.18575, 27.49397 ], [ 85.18536, 27.49505 ], [ 85.18528, 27.49579 ], [ 85.18576, 27.49757 ], [ 85.1858, 27.49841 ], [ 85.1856, 27.49875 ], [ 85.1838, 27.5002 ], [ 85.18381, 27.50045 ], [ 85.18225, 27.50149 ], [ 85.18133, 27.50174 ], [ 85.18011, 27.50163 ], [ 85.17807, 27.5027 ], [ 85.17753, 27.50318 ], [ 85.17656, 27.50448 ], [ 85.176, 27.50492 ], [ 85.17382, 27.50604 ], [ 85.17225, 27.50749 ], [ 85.16932, 27.50768 ], [ 85.16778, 27.5082 ], [ 85.16636, 27.50801 ], [ 85.16579, 27.50836 ], [ 85.1647, 27.5085 ], [ 85.16346, 27.50908 ], [ 85.16246, 27.50935 ], [ 85.16175, 27.50971 ], [ 85.16084, 27.51048 ], [ 85.15907, 27.51045 ], [ 85.15734, 27.51067 ], [ 85.15589, 27.51141 ], [ 85.15391, 27.51176 ], [ 85.15243, 27.5115 ], [ 85.14973, 27.51032 ], [ 85.14685, 27.51048 ], [ 85.14416, 27.51041 ], [ 85.14287, 27.5103 ], [ 85.14116, 27.50975 ], [ 85.14022, 27.51013 ], [ 85.1374, 27.51018 ], [ 85.13638, 27.51001 ], [ 85.13445, 27.50902 ], [ 85.13394, 27.50913 ], [ 85.13294, 27.50983 ], [ 85.13242, 27.50988 ], [ 85.13005, 27.50935 ], [ 85.12729, 27.50837 ], [ 85.12639, 27.50852 ], [ 85.12526, 27.50923 ], [ 85.12379, 27.50962 ], [ 85.12285, 27.51029 ], [ 85.12281, 27.51075 ], [ 85.12251, 27.51091 ], [ 85.12246, 27.51133 ], [ 85.12118, 27.51147 ], [ 85.11574, 27.50883 ], [ 85.11436, 27.50681 ], [ 85.11277, 27.50519 ], [ 85.11207, 27.50359 ], [ 85.11083, 27.50192 ], [ 85.1101, 27.50181 ], [ 85.10906, 27.50121 ], [ 85.10584, 27.4975 ], [ 85.10451, 27.49681 ], [ 85.10355, 27.49656 ], [ 85.10163, 27.49685 ], [ 85.09978, 27.49743 ], [ 85.09874, 27.49743 ], [ 85.0979, 27.49718 ], [ 85.09769, 27.49677 ], [ 85.09786, 27.4962 ], [ 85.09883, 27.4952 ], [ 85.10165, 27.4934 ], [ 85.10315, 27.49199 ], [ 85.10702, 27.49021 ], [ 85.10762, 27.48944 ], [ 85.10927, 27.48828 ], [ 85.11105, 27.48598 ], [ 85.11309, 27.48249 ], [ 85.11355, 27.48033 ], [ 85.11344, 27.47907 ], [ 85.1125, 27.47687 ], [ 85.11251, 27.47649 ], [ 85.11215, 27.47566 ], [ 85.11174, 27.47596 ], [ 85.11138, 27.47651 ], [ 85.10876, 27.47814 ], [ 85.10776, 27.47839 ], [ 85.10614, 27.47958 ], [ 85.10188, 27.47925 ], [ 85.10156, 27.47935 ], [ 85.10062, 27.48022 ], [ 85.09828, 27.48094 ], [ 85.09649, 27.481 ], [ 85.09586, 27.48122 ], [ 85.0932, 27.48148 ], [ 85.09021, 27.48255 ], [ 85.08869, 27.48263 ], [ 85.08685, 27.48303 ], [ 85.08403, 27.48437 ], [ 85.08269, 27.48477 ], [ 85.08212, 27.4852 ], [ 85.082, 27.48566 ], [ 85.0797, 27.48607 ], [ 85.07835, 27.48654 ], [ 85.07764, 27.48708 ], [ 85.07747, 27.48792 ], [ 85.07708, 27.48822 ], [ 85.07648, 27.4881 ], [ 85.07587, 27.48727 ], [ 85.07531, 27.48709 ], [ 85.07445, 27.48722 ], [ 85.07409, 27.48755 ], [ 85.07364, 27.48767 ], [ 85.07263, 27.48751 ], [ 85.07218, 27.486 ], [ 85.07111, 27.4844 ], [ 85.07083, 27.48332 ], [ 85.07107, 27.48262 ], [ 85.07152, 27.48231 ], [ 85.07157, 27.48175 ], [ 85.0701, 27.48051 ], [ 85.0692, 27.47629 ], [ 85.06851, 27.47495 ], [ 85.06934, 27.47302 ], [ 85.06939, 27.47086 ], [ 85.06876, 27.46985 ], [ 85.0668, 27.46826 ], [ 85.06526, 27.46618 ], [ 85.06488, 27.46596 ], [ 85.06392, 27.46492 ], [ 85.06354, 27.46408 ], [ 85.06341, 27.46232 ], [ 85.06304, 27.46185 ], [ 85.06258, 27.46155 ], [ 85.06034, 27.46082 ], [ 85.05997, 27.46047 ], [ 85.05953, 27.45975 ], [ 85.0585, 27.4563 ], [ 85.05751, 27.45491 ], [ 85.05691, 27.45331 ], [ 85.05553, 27.45334 ], [ 85.05218, 27.45417 ], [ 85.04409, 27.45568 ], [ 85.04176, 27.45516 ], [ 85.0402, 27.45634 ], [ 85.03959, 27.45663 ], [ 85.03897, 27.45669 ], [ 85.03885, 27.45705 ], [ 85.03843, 27.45734 ], [ 85.03704, 27.4578 ], [ 85.03683, 27.45843 ], [ 85.03718, 27.45904 ], [ 85.04065, 27.46243 ], [ 85.0413, 27.46328 ], [ 85.04152, 27.46431 ], [ 85.0402, 27.46635 ], [ 85.03886, 27.46778 ], [ 85.03691, 27.46919 ], [ 85.03562, 27.46966 ], [ 85.03454, 27.4704 ], [ 85.03366, 27.47055 ], [ 85.02989, 27.472 ], [ 85.02777, 27.47321 ], [ 85.02715, 27.47377 ], [ 85.02653, 27.47399 ], [ 85.02525, 27.47505 ], [ 85.02493, 27.47559 ], [ 85.0237, 27.47682 ], [ 85.02315, 27.47711 ], [ 85.02218, 27.47737 ], [ 85.02083, 27.47737 ], [ 85.02003, 27.47694 ], [ 85.0195, 27.47635 ], [ 85.01763, 27.47612 ], [ 85.01694, 27.47584 ], [ 85.01604, 27.47489 ], [ 85.01451, 27.47461 ], [ 85.01156, 27.47513 ], [ 85.01089, 27.47555 ], [ 85.01006, 27.47573 ], [ 85.00772, 27.47574 ], [ 85.00718, 27.47613 ], [ 85.00693, 27.47671 ], [ 85.0063, 27.47705 ], [ 85.00586, 27.47701 ], [ 85.00472, 27.47651 ], [ 85.00362, 27.47653 ], [ 85.00209, 27.47692 ], [ 85.00071, 27.47743 ], [ 85.00016, 27.47818 ], [ 84.9994, 27.4787 ], [ 84.99802, 27.47825 ], [ 84.99693, 27.47749 ], [ 84.99651, 27.47751 ], [ 84.99501, 27.47818 ], [ 84.99395, 27.47949 ], [ 84.99352, 27.48201 ], [ 84.99356, 27.48391 ], [ 84.99432, 27.48477 ], [ 84.99433, 27.48508 ], [ 84.99298, 27.48625 ], [ 84.9928, 27.48702 ], [ 84.99332, 27.48782 ], [ 84.99339, 27.48966 ], [ 84.99476, 27.49097 ], [ 84.99497, 27.49136 ], [ 84.99516, 27.49279 ], [ 84.996, 27.49404 ], [ 84.99604, 27.49456 ], [ 84.99575, 27.4957 ], [ 84.99467, 27.49663 ], [ 84.99439, 27.49743 ], [ 84.99476, 27.49806 ], [ 84.99557, 27.49851 ], [ 84.99594, 27.49957 ], [ 84.9965, 27.5002 ], [ 84.99436, 27.50471 ], [ 84.99412, 27.50552 ], [ 84.99427, 27.50722 ], [ 84.99471, 27.50928 ], [ 84.99473, 27.51056 ], [ 84.99387, 27.51234 ], [ 84.99375, 27.51412 ], [ 84.99332, 27.51444 ], [ 84.99277, 27.51522 ], [ 84.99101, 27.51599 ], [ 84.9886, 27.51834 ], [ 84.98796, 27.51873 ], [ 84.98545, 27.51927 ], [ 84.98661, 27.52031 ], [ 84.98682, 27.52175 ], [ 84.98782, 27.52279 ], [ 84.98824, 27.52361 ], [ 84.9883, 27.52414 ], [ 84.98794, 27.5257 ], [ 84.98739, 27.52657 ], [ 84.98744, 27.52767 ], [ 84.98702, 27.52832 ], [ 84.98705, 27.52888 ], [ 84.98774, 27.52976 ], [ 84.9878, 27.53008 ], [ 84.98714, 27.53186 ], [ 84.98701, 27.5326 ], [ 84.98706, 27.53477 ], [ 84.98647, 27.53641 ], [ 84.98651, 27.53685 ], [ 84.98787, 27.53907 ], [ 84.98844, 27.5404 ], [ 84.98962, 27.54434 ], [ 84.99143, 27.54701 ], [ 84.99219, 27.54887 ], [ 84.99273, 27.54956 ], [ 84.99456, 27.54878 ], [ 84.99587, 27.54846 ], [ 84.99768, 27.54883 ], [ 84.9993, 27.54832 ], [ 85.00014, 27.54827 ], [ 85.00073, 27.54863 ], [ 85.00076, 27.54951 ], [ 85.00106, 27.54982 ], [ 85.00395, 27.55019 ], [ 85.00703, 27.5486 ], [ 85.00912, 27.54699 ], [ 85.00953, 27.54684 ], [ 85.0101, 27.54698 ], [ 85.01046, 27.54728 ], [ 85.01058, 27.54799 ], [ 85.01183, 27.55004 ], [ 85.01291, 27.55132 ], [ 85.01407, 27.55361 ], [ 85.01402, 27.5542 ], [ 85.01157, 27.55604 ], [ 85.01148, 27.55642 ], [ 85.01183, 27.55692 ], [ 85.0123, 27.55694 ], [ 85.01355, 27.5565 ], [ 85.01476, 27.55637 ], [ 85.01758, 27.55684 ], [ 85.01838, 27.55729 ], [ 85.01871, 27.55839 ], [ 85.01894, 27.55864 ], [ 85.01966, 27.55893 ], [ 85.02233, 27.55913 ], [ 85.02276, 27.55891 ], [ 85.02343, 27.55822 ], [ 85.02445, 27.5581 ], [ 85.02564, 27.55884 ], [ 85.02583, 27.5593 ], [ 85.02581, 27.5603 ], [ 85.02636, 27.56101 ], [ 85.02681, 27.56105 ], [ 85.02745, 27.56081 ], [ 85.02804, 27.55971 ], [ 85.02832, 27.55954 ], [ 85.02928, 27.55974 ], [ 85.03012, 27.56042 ], [ 85.03195, 27.56315 ], [ 85.03288, 27.56364 ], [ 85.03416, 27.56398 ], [ 85.03494, 27.56458 ], [ 85.03416, 27.56559 ], [ 85.03338, 27.56615 ], [ 85.03321, 27.56661 ], [ 85.03322, 27.56763 ], [ 85.03268, 27.56785 ], [ 85.03165, 27.56788 ], [ 85.03118, 27.56818 ], [ 85.03033, 27.56771 ], [ 85.02829, 27.56758 ], [ 85.02782, 27.56731 ], [ 85.02753, 27.56682 ], [ 85.02664, 27.56613 ], [ 85.02613, 27.56597 ], [ 85.02581, 27.56606 ], [ 85.02548, 27.56627 ], [ 85.02511, 27.56688 ], [ 85.02475, 27.56841 ], [ 85.02412, 27.56945 ], [ 85.02339, 27.56975 ], [ 85.02233, 27.57086 ], [ 85.02106, 27.57165 ], [ 85.01987, 27.57271 ], [ 85.01887, 27.57295 ], [ 85.01743, 27.57372 ], [ 85.01731, 27.57471 ], [ 85.01685, 27.57553 ], [ 85.01607, 27.57625 ], [ 85.01517, 27.5767 ], [ 85.01482, 27.5775 ], [ 85.01513, 27.58004 ], [ 85.01481, 27.58113 ], [ 85.01429, 27.58193 ], [ 85.01416, 27.58359 ], [ 85.01361, 27.58479 ], [ 85.01341, 27.58582 ], [ 85.01214, 27.58761 ], [ 85.01146, 27.5891 ], [ 85.01263, 27.59104 ], [ 85.01314, 27.59141 ], [ 85.01361, 27.59142 ], [ 85.01403, 27.59171 ], [ 85.01365, 27.59286 ], [ 85.01378, 27.59418 ], [ 85.01707, 27.59743 ], [ 85.0174, 27.59805 ], [ 85.01787, 27.59974 ], [ 85.02003, 27.60239 ], [ 85.02103, 27.60502 ], [ 85.02179, 27.60573 ], [ 85.02187, 27.60611 ], [ 85.02289, 27.60729 ], [ 85.02377, 27.60881 ], [ 85.02529, 27.61066 ], [ 85.02652, 27.61151 ], [ 85.02716, 27.61216 ], [ 85.02797, 27.612 ], [ 85.02932, 27.61214 ] ] ] } },
{ "type": "Feature", "properties": { "fid": 336, "STATE_CODE": 3.0, "DISTRICT": "MAKAWANPUR", "GaPa_NaPa": "Hetauda", "Type_GN": "Upamahanagarpalika", "Province": "Bagmati" }, "geometry": { "type": "Polygon", "coordinates": [ [ [ 84.97057, 27.5229 ], [ 84.9712, 27.52273 ], [ 84.97275, 27.52292 ], [ 84.97423, 27.52346 ], [ 84.97485, 27.52343 ], [ 84.97562, 27.52292 ], [ 84.97763, 27.52106 ], [ 84.98093, 27.51961 ], [ 84.98261, 27.51934 ], [ 84.98504, 27.51934 ], [ 84.98796, 27.51873 ], [ 84.9891, 27.51795 ], [ 84.99101, 27.51599 ], [ 84.99277, 27.51522 ], [ 84.99332, 27.51444 ], [ 84.99375, 27.51412 ], [ 84.99387, 27.51234 ], [ 84.99473, 27.51056 ], [ 84.99471, 27.50928 ], [ 84.99427, 27.50722 ], [ 84.99412, 27.50552 ], [ 84.99436, 27.50471 ], [ 84.9965, 27.5002 ], [ 84.99594, 27.49957 ], [ 84.99557, 27.49851 ], [ 84.99476, 27.49806 ], [ 84.99439, 27.49743 ], [ 84.99467, 27.49663 ], [ 84.99575, 27.4957 ], [ 84.99604, 27.49456 ], [ 84.996, 27.49404 ], [ 84.99516, 27.49279 ], [ 84.99497, 27.49136 ], [ 84.99476, 27.49097 ], [ 84.99339, 27.48966 ], [ 84.99332, 27.48782 ], [ 84.9928, 27.48702 ], [ 84.99298, 27.48625 ], [ 84.99433, 27.48508 ], [ 84.99432, 27.48477 ], [ 84.99356, 27.48391 ], [ 84.99352, 27.48201 ], [ 84.99395, 27.47949 ], [ 84.99501, 27.47818 ], [ 84.99651, 27.47751 ], [ 84.99693, 27.47749 ], [ 84.99802, 27.47825 ], [ 84.9994, 27.4787 ], [ 85.00016, 27.47818 ], [ 85.00071, 27.47743 ], [ 85.00209, 27.47692 ], [ 85.00362, 27.47653 ], [ 85.00472, 27.47651 ], [ 85.00586, 27.47701 ], [ 85.0063, 27.47705 ], [ 85.00693, 27.47671 ], [ 85.00718, 27.47613 ], [ 85.00772, 27.47574 ], [ 85.01006, 27.47573 ], [ 85.01089, 27.47555 ], [ 85.01156, 27.47513 ], [ 85.01451, 27.47461 ], [ 85.01604, 27.47489 ], [ 85.01694, 27.47584 ], [ 85.01763, 27.47612 ], [ 85.0195, 27.47635 ], [ 85.02003, 27.47694 ], [ 85.02083, 27.47737 ], [ 85.02266, 27.47729 ], [ 85.0237, 27.47682 ], [ 85.02493, 27.47559 ], [ 85.02525, 27.47505 ], [ 85.02653, 27.47399 ], [ 85.02715, 27.47377 ], [ 85.02777, 27.47321 ], [ 85.02989, 27.472 ], [ 85.03366, 27.47055 ], [ 85.03454, 27.4704 ], [ 85.03562, 27.46966 ], [ 85.03691, 27.46919 ], [ 85.03886, 27.46778 ], [ 85.03988, 27.46674 ], [ 85.04152, 27.46431 ], [ 85.0413, 27.46328 ], [ 85.04065, 27.46243 ], [ 85.03718, 27.45904 ], [ 85.03683, 27.45843 ], [ 85.03687, 27.45804 ], [ 85.03704, 27.4578 ], [ 85.03843, 27.45734 ], [ 85.03885, 27.45705 ], [ 85.03897, 27.45669 ], [ 85.03959, 27.45663 ], [ 85.0402, 27.45634 ], [ 85.04176, 27.45516 ], [ 85.04137, 27.45432 ], [ 85.04142, 27.45379 ], [ 85.04251, 27.45333 ], [ 85.04274, 27.45289 ], [ 85.04244, 27.45178 ], [ 85.04254, 27.45094 ], [ 85.04439, 27.4487 ], [ 85.0459, 27.44596 ], [ 85.04675, 27.44523 ], [ 85.04689, 27.44477 ], [ 85.04683, 27.44266 ], [ 85.04706, 27.44201 ], [ 85.0475, 27.44149 ], [ 85.04909, 27.44026 ], [ 85.04947, 27.43932 ], [ 85.05008, 27.43867 ], [ 85.05014, 27.43818 ], [ 85.05058, 27.4378 ], [ 85.05062, 27.43679 ], [ 85.05122, 27.43547 ], [ 85.05151, 27.43411 ], [ 85.05186, 27.43348 ], [ 85.05261, 27.43229 ], [ 85.05391, 27.43201 ], [ 85.0551, 27.43139 ], [ 85.05566, 27.43084 ], [ 85.05587, 27.43049 ], [ 85.05588, 27.43002 ], [ 85.05662, 27.42905 ], [ 85.05678, 27.42787 ], [ 85.05839, 27.42645 ], [ 85.05983, 27.42442 ], [ 85.0601, 27.42321 ], [ 85.0598, 27.42232 ], [ 85.05983, 27.42182 ], [ 85.06066, 27.42074 ], [ 85.06242, 27.41938 ], [ 85.06397, 27.41754 ], [ 85.0644, 27.41625 ], [ 85.06437, 27.41558 ], [ 85.06459, 27.41536 ], [ 85.06537, 27.41486 ], [ 85.06826, 27.41529 ], [ 85.06944, 27.41595 ], [ 85.07038, 27.41627 ], [ 85.07087, 27.41677 ], [ 85.07168, 27.41721 ], [ 85.07215, 27.41806 ], [ 85.0743, 27.42005 ], [ 85.07557, 27.42032 ], [ 85.07611, 27.42019 ], [ 85.0774, 27.41937 ], [ 85.07744, 27.41911 ], [ 85.07887, 27.4178 ], [ 85.07901, 27.41747 ], [ 85.07979, 27.41668 ], [ 85.08067, 27.41507 ], [ 85.08135, 27.41421 ], [ 85.08311, 27.41278 ], [ 85.08634, 27.41073 ], [ 85.08833, 27.40993 ], [ 85.08997, 27.40883 ], [ 85.09092, 27.40862 ], [ 85.09203, 27.40912 ], [ 85.09354, 27.40943 ], [ 85.09505, 27.40941 ], [ 85.0957, 27.40924 ], [ 85.09604, 27.40903 ], [ 85.09687, 27.4078 ], [ 85.09884, 27.40611 ], [ 85.09981, 27.40577 ], [ 85.10144, 27.40582 ], [ 85.10312, 27.40566 ], [ 85.10346, 27.40537 ], [ 85.10427, 27.40362 ], [ 85.10462, 27.40342 ], [ 85.10878, 27.40312 ], [ 85.10945, 27.40352 ], [ 85.10999, 27.40356 ], [ 85.11055, 27.40391 ], [ 85.11104, 27.40397 ], [ 85.11214, 27.40356 ], [ 85.11519, 27.40336 ], [ 85.11639, 27.40305 ], [ 85.1198, 27.40334 ], [ 85.12292, 27.40294 ], [ 85.12392, 27.40217 ], [ 85.12536, 27.40157 ], [ 85.1281, 27.40154 ], [ 85.12869, 27.40094 ], [ 85.13005, 27.40049 ], [ 85.13058, 27.40067 ], [ 85.13138, 27.40124 ], [ 85.13308, 27.40152 ], [ 85.13399, 27.40199 ], [ 85.13689, 27.40235 ], [ 85.13854, 27.40298 ], [ 85.14019, 27.40448 ], [ 85.14105, 27.40618 ], [ 85.14311, 27.40858 ], [ 85.14364, 27.4095 ], [ 85.14434, 27.40986 ], [ 85.14571, 27.40972 ], [ 85.14738, 27.40864 ], [ 85.14818, 27.40578 ], [ 85.1492, 27.40312 ], [ 85.14977, 27.40255 ], [ 85.15206, 27.40153 ], [ 85.15326, 27.40132 ], [ 85.15463, 27.40131 ], [ 85.1588, 27.40185 ], [ 85.16009, 27.40151 ], [ 85.16094, 27.40149 ], [ 85.16128, 27.40159 ], [ 85.16221, 27.40234 ], [ 85.16305, 27.40262 ], [ 85.16391, 27.40233 ], [ 85.16648, 27.40227 ], [ 85.17192, 27.40331 ], [ 85.17385, 27.40406 ], [ 85.17432, 27.40411 ], [ 85.17427, 27.40277 ], [ 85.17457, 27.40178 ], [ 85.17468, 27.40048 ], [ 85.17385, 27.39922 ], [ 85.17398, 27.39846 ], [ 85.17478, 27.39723 ], [ 85.17346, 27.39516 ], [ 85.17332, 27.39449 ], [ 85.17345, 27.39365 ], [ 85.17464, 27.39016 ], [ 85.17547, 27.38933 ], [ 85.17621, 27.38789 ], [ 85.17754, 27.38599 ], [ 85.1784, 27.38553 ], [ 85.17922, 27.38444 ], [ 85.18052, 27.38357 ], [ 85.181, 27.38206 ], [ 85.18176, 27.38089 ], [ 85.18175, 27.38043 ], [ 85.18106, 27.37858 ], [ 85.18099, 27.37705 ], [ 85.17975, 27.37499 ], [ 85.17984, 27.37424 ], [ 85.18024, 27.37339 ], [ 85.1807, 27.3729 ], [ 85.18367, 27.37148 ], [ 85.18459, 27.36999 ], [ 85.18477, 27.36955 ], [ 85.18481, 27.36762 ], [ 85.18508, 27.3669 ], [ 85.18623, 27.36557 ], [ 85.18636, 27.36484 ], [ 85.18724, 27.36293 ], [ 85.18728, 27.36228 ], [ 85.18759, 27.36141 ], [ 85.18759, 27.36076 ], [ 85.18752, 27.35997 ], [ 85.18715, 27.35898 ], [ 85.18665, 27.35841 ], [ 85.18553, 27.35779 ], [ 85.18191, 27.35636 ], [ 85.17984, 27.35521 ], [ 85.17811, 27.35493 ], [ 85.17454, 27.3548 ], [ 85.17336, 27.35437 ], [ 85.17238, 27.35423 ], [ 85.17062, 27.35495 ], [ 85.1679, 27.35579 ], [ 85.16557, 27.35712 ], [ 85.16475, 27.35683 ], [ 85.16347, 27.35704 ], [ 85.16264, 27.35686 ], [ 85.16193, 27.35615 ], [ 85.1617, 27.35526 ], [ 85.16058, 27.35509 ], [ 85.15738, 27.35514 ], [ 85.15616, 27.35569 ], [ 85.15446, 27.35693 ], [ 85.15375, 27.35703 ], [ 85.15236, 27.35698 ], [ 85.14943, 27.35621 ], [ 85.14802, 27.35671 ], [ 85.14659, 27.35669 ], [ 85.1454, 27.35639 ], [ 85.14474, 27.35644 ], [ 85.14405, 27.35683 ], [ 85.14283, 27.35828 ], [ 85.14172, 27.35867 ], [ 85.14111, 27.35853 ], [ 85.13836, 27.35557 ], [ 85.13782, 27.35417 ], [ 85.13774, 27.35342 ], [ 85.13847, 27.35226 ], [ 85.13868, 27.35119 ], [ 85.13895, 27.35065 ], [ 85.14017, 27.35 ], [ 85.14112, 27.34904 ], [ 85.14143, 27.34747 ], [ 85.14124, 27.34654 ], [ 85.13991, 27.34388 ], [ 85.13975, 27.34187 ], [ 85.13905, 27.33792 ], [ 85.13848, 27.33608 ], [ 85.13805, 27.33539 ], [ 85.13771, 27.33412 ], [ 85.13775, 27.3334 ], [ 85.13798, 27.33287 ], [ 85.13971, 27.33142 ], [ 85.13997, 27.33082 ], [ 85.1399, 27.32991 ], [ 85.13902, 27.32879 ], [ 85.13837, 27.32843 ], [ 85.13746, 27.32842 ], [ 85.13548, 27.32895 ], [ 85.13358, 27.32968 ], [ 85.13087, 27.33116 ], [ 85.13011, 27.3314 ], [ 85.12755, 27.33132 ], [ 85.12575, 27.33146 ], [ 85.12397, 27.33132 ], [ 85.12355, 27.33143 ], [ 85.12354, 27.3308 ], [ 85.12427, 27.32983 ], [ 85.12366, 27.32864 ], [ 85.12336, 27.3284 ], [ 85.12315, 27.32735 ], [ 85.12288, 27.32694 ], [ 85.12288, 27.3248 ], [ 85.12307, 27.32428 ], [ 85.12307, 27.32368 ], [ 85.12292, 27.32334 ], [ 85.12244, 27.32293 ], [ 85.12233, 27.32256 ], [ 85.12229, 27.32066 ], [ 85.12215, 27.32025 ], [ 85.12104, 27.31942 ], [ 85.12035, 27.31763 ], [ 85.1185, 27.31693 ], [ 85.11774, 27.31643 ], [ 85.11668, 27.31784 ], [ 85.11607, 27.31814 ], [ 85.1147, 27.31844 ], [ 85.11197, 27.31868 ], [ 85.1098, 27.3183 ], [ 85.1082, 27.31896 ], [ 85.10625, 27.31888 ], [ 85.10565, 27.31903 ], [ 85.1038, 27.32017 ], [ 85.10356, 27.32196 ], [ 85.10311, 27.32324 ], [ 85.10162, 27.32444 ], [ 85.10051, 27.32572 ], [ 85.10007, 27.32582 ], [ 85.09922, 27.32692 ], [ 85.09923, 27.3277 ], [ 85.09876, 27.32857 ], [ 85.09721, 27.32988 ], [ 85.09687, 27.33074 ], [ 85.09478, 27.3324 ], [ 85.09436, 27.33333 ], [ 85.09399, 27.33534 ], [ 85.0937, 27.33613 ], [ 85.09233, 27.33869 ], [ 85.09233, 27.33919 ], [ 85.09198, 27.34013 ], [ 85.09179, 27.34188 ], [ 85.09184, 27.34218 ], [ 85.09239, 27.34248 ], [ 85.09298, 27.34344 ], [ 85.09275, 27.34636 ], [ 85.09298, 27.34722 ], [ 85.09298, 27.34855 ], [ 85.09252, 27.34992 ], [ 85.09235, 27.35197 ], [ 85.09219, 27.35235 ], [ 85.09163, 27.35283 ], [ 85.09051, 27.35332 ], [ 85.09047, 27.35442 ], [ 85.09061, 27.35504 ], [ 85.09123, 27.35607 ], [ 85.09122, 27.35652 ], [ 85.09082, 27.3569 ], [ 85.08795, 27.35814 ], [ 85.08782, 27.35836 ], [ 85.08807, 27.35868 ], [ 85.08787, 27.35952 ], [ 85.08694, 27.36085 ], [ 85.08645, 27.36107 ], [ 85.08572, 27.36113 ], [ 85.085, 27.36167 ], [ 85.08307, 27.36222 ], [ 85.08068, 27.3627 ], [ 85.07823, 27.36285 ], [ 85.07704, 27.36346 ], [ 85.07642, 27.36348 ], [ 85.07559, 27.36316 ], [ 85.07467, 27.36348 ], [ 85.07423, 27.36334 ], [ 85.07339, 27.3639 ], [ 85.0728, 27.36408 ], [ 85.07206, 27.36397 ], [ 85.0707, 27.36434 ], [ 85.07041, 27.3643 ], [ 85.07, 27.3639 ], [ 85.06931, 27.36425 ], [ 85.06939, 27.36362 ], [ 85.06977, 27.36314 ], [ 85.0696, 27.36242 ], [ 85.0693, 27.3621 ], [ 85.06855, 27.36233 ], [ 85.06812, 27.36208 ], [ 85.0676, 27.36142 ], [ 85.06744, 27.36061 ], [ 85.0672, 27.36034 ], [ 85.06667, 27.36052 ], [ 85.06612, 27.36213 ], [ 85.06565, 27.36253 ], [ 85.06538, 27.36256 ], [ 85.06422, 27.36207 ], [ 85.06322, 27.36098 ], [ 85.06208, 27.36107 ], [ 85.06136, 27.36037 ], [ 85.06067, 27.36108 ], [ 85.05964, 27.36136 ], [ 85.0594, 27.36203 ], [ 85.06, 27.36302 ], [ 85.05995, 27.36328 ], [ 85.05947, 27.36362 ], [ 85.05775, 27.36413 ], [ 85.05724, 27.36443 ], [ 85.05683, 27.36549 ], [ 85.05606, 27.3656 ], [ 85.05557, 27.36504 ], [ 85.05423, 27.36498 ], [ 85.05336, 27.36473 ], [ 85.0526, 27.36335 ], [ 85.05226, 27.36313 ], [ 85.05117, 27.36337 ], [ 85.05034, 27.36336 ], [ 85.04992, 27.3632 ], [ 85.04862, 27.36187 ], [ 85.04819, 27.3617 ], [ 85.04716, 27.36214 ], [ 85.04635, 27.36226 ], [ 85.04584, 27.36187 ], [ 85.04466, 27.36155 ], [ 85.04369, 27.35992 ], [ 85.04292, 27.35902 ], [ 85.04234, 27.35884 ], [ 85.04134, 27.35884 ], [ 85.03987, 27.35927 ], [ 85.03896, 27.35893 ], [ 85.0385, 27.35818 ], [ 85.03762, 27.35768 ], [ 85.03637, 27.35733 ], [ 85.0355, 27.35737 ], [ 85.03494, 27.35764 ], [ 85.0345, 27.35816 ], [ 85.03321, 27.35874 ], [ 85.03305, 27.35911 ], [ 85.03314, 27.35959 ], [ 85.03282, 27.36009 ], [ 85.03248, 27.36035 ], [ 85.03184, 27.36048 ], [ 85.03105, 27.36051 ], [ 85.03056, 27.36034 ], [ 85.0302, 27.3596 ], [ 85.02918, 27.35927 ], [ 85.026, 27.35904 ], [ 85.02445, 27.35863 ], [ 85.02139, 27.35712 ], [ 85.02084, 27.35667 ], [ 85.02101, 27.3557 ], [ 85.02149, 27.35499 ], [ 85.02199, 27.35373 ], [ 85.02161, 27.35212 ], [ 85.02138, 27.35202 ], [ 85.02082, 27.35215 ], [ 85.01997, 27.35284 ], [ 85.01857, 27.35357 ], [ 85.01589, 27.3538 ], [ 85.01553, 27.35407 ], [ 85.01414, 27.35458 ], [ 85.01309, 27.35533 ], [ 85.01203, 27.35498 ], [ 85.01055, 27.35475 ], [ 85.0098, 27.35443 ], [ 85.00836, 27.35465 ], [ 85.00722, 27.35377 ], [ 85.00605, 27.3536 ], [ 85.00434, 27.35284 ], [ 85.00386, 27.35279 ], [ 85.00312, 27.3534 ], [ 85.00318, 27.35402 ], [ 85.00305, 27.3543 ], [ 85.00195, 27.355 ], [ 85.00162, 27.35502 ], [ 85.0008, 27.3557 ], [ 85.0006, 27.35664 ], [ 85.00117, 27.35822 ], [ 85.00116, 27.35863 ], [ 85.00009, 27.36077 ], [ 85.00028, 27.36135 ], [ 85.00051, 27.36156 ], [ 85.00052, 27.36202 ], [ 84.9994, 27.3635 ], [ 84.99921, 27.36515 ], [ 84.99876, 27.36551 ], [ 84.99826, 27.36538 ], [ 84.99736, 27.36468 ], [ 84.99693, 27.36479 ], [ 84.9958, 27.36567 ], [ 84.99471, 27.36542 ], [ 84.99434, 27.36524 ], [ 84.99324, 27.36375 ], [ 84.99023, 27.36338 ], [ 84.98978, 27.36307 ], [ 84.98927, 27.36225 ], [ 84.98821, 27.36163 ], [ 84.98761, 27.36161 ], [ 84.98644, 27.36214 ], [ 84.98526, 27.36233 ], [ 84.9833, 27.36238 ], [ 84.98142, 27.36213 ], [ 84.97986, 27.3613 ], [ 84.9785, 27.35952 ], [ 84.97748, 27.3578 ], [ 84.97734, 27.35606 ], [ 84.97548, 27.35628 ], [ 84.9718, 27.35507 ], [ 84.97137, 27.35509 ], [ 84.9703, 27.35562 ], [ 84.96974, 27.35637 ], [ 84.96936, 27.35621 ], [ 84.96861, 27.35633 ], [ 84.96739, 27.35688 ], [ 84.9663, 27.35815 ], [ 84.96547, 27.3585 ], [ 84.9646, 27.36016 ], [ 84.96486, 27.36136 ], [ 84.96468, 27.36187 ], [ 84.96478, 27.36302 ], [ 84.96408, 27.36363 ], [ 84.96337, 27.36346 ], [ 84.9621, 27.36279 ], [ 84.95954, 27.36095 ], [ 84.95872, 27.36008 ], [ 84.95761, 27.35938 ], [ 84.95665, 27.3591 ], [ 84.95626, 27.35994 ], [ 84.95551, 27.36097 ], [ 84.95519, 27.36118 ], [ 84.95408, 27.3612 ], [ 84.95367, 27.36141 ], [ 84.95373, 27.36165 ], [ 84.95629, 27.36344 ], [ 84.95629, 27.3639 ], [ 84.9556, 27.36498 ], [ 84.95427, 27.3663 ], [ 84.95354, 27.36656 ], [ 84.95277, 27.36658 ], [ 84.95167, 27.36694 ], [ 84.95122, 27.36688 ], [ 84.95018, 27.36536 ], [ 84.95, 27.36338 ], [ 84.94949, 27.36248 ], [ 84.94904, 27.36202 ], [ 84.94776, 27.3614 ], [ 84.94725, 27.36147 ], [ 84.94698, 27.36451 ], [ 84.94631, 27.36537 ], [ 84.94624, 27.36571 ], [ 84.94686, 27.36778 ], [ 84.94665, 27.36949 ], [ 84.94611, 27.37156 ], [ 84.9463, 27.37219 ], [ 84.94753, 27.37403 ], [ 84.94783, 27.37521 ], [ 84.94756, 27.37605 ], [ 84.94642, 27.37678 ], [ 84.94599, 27.37754 ], [ 84.94589, 27.37846 ], [ 84.94612, 27.38058 ], [ 84.946, 27.38138 ], [ 84.94556, 27.38252 ], [ 84.94562, 27.38441 ], [ 84.94604, 27.38663 ], [ 84.94682, 27.38876 ], [ 84.94847, 27.39164 ], [ 84.95022, 27.39305 ], [ 84.95064, 27.39365 ], [ 84.95108, 27.3944 ], [ 84.95184, 27.39659 ], [ 84.95346, 27.39853 ], [ 84.95421, 27.40031 ], [ 84.95412, 27.40381 ], [ 84.95381, 27.40438 ], [ 84.9523, 27.40595 ], [ 84.95193, 27.40657 ], [ 84.95165, 27.40863 ], [ 84.95216, 27.40973 ], [ 84.95439, 27.41256 ], [ 84.95551, 27.41371 ], [ 84.95664, 27.41523 ], [ 84.95678, 27.41569 ], [ 84.95674, 27.41735 ], [ 84.95744, 27.41948 ], [ 84.9572, 27.42321 ], [ 84.95735, 27.42522 ], [ 84.95684, 27.4268 ], [ 84.95581, 27.42771 ], [ 84.95345, 27.4287 ], [ 84.95265, 27.42966 ], [ 84.95119, 27.43041 ], [ 84.94814, 27.43363 ], [ 84.94747, 27.43483 ], [ 84.947, 27.43645 ], [ 84.94618, 27.4373 ], [ 84.94589, 27.43787 ], [ 84.94536, 27.43945 ], [ 84.94531, 27.44175 ], [ 84.94511, 27.44295 ], [ 84.94449, 27.44432 ], [ 84.9438, 27.44512 ], [ 84.94256, 27.44591 ], [ 84.94163, 27.44682 ], [ 84.93944, 27.448 ], [ 84.93758, 27.45028 ], [ 84.93658, 27.45212 ], [ 84.93635, 27.45216 ], [ 84.93546, 27.45157 ], [ 84.9336, 27.45188 ], [ 84.93251, 27.45223 ], [ 84.93083, 27.4534 ], [ 84.93029, 27.45429 ], [ 84.92891, 27.45587 ], [ 84.92758, 27.4567 ], [ 84.92584, 27.45727 ], [ 84.92456, 27.4573 ], [ 84.9231, 27.45692 ], [ 84.9215, 27.45706 ], [ 84.92015, 27.45698 ], [ 84.91759, 27.45744 ], [ 84.9165, 27.45733 ], [ 84.91477, 27.45792 ], [ 84.91219, 27.45819 ], [ 84.90803, 27.45784 ], [ 84.90715, 27.45833 ], [ 84.90601, 27.4593 ], [ 84.90527, 27.46038 ], [ 84.90439, 27.46236 ], [ 84.90128, 27.46571 ], [ 84.90065, 27.46607 ], [ 84.90001, 27.46624 ], [ 84.89835, 27.46626 ], [ 84.89685, 27.46676 ], [ 84.89601, 27.46687 ], [ 84.89344, 27.46652 ], [ 84.89217, 27.46557 ], [ 84.8914, 27.46551 ], [ 84.8898, 27.46582 ], [ 84.88856, 27.46586 ], [ 84.88853, 27.46667 ], [ 84.88888, 27.46753 ], [ 84.8897, 27.46878 ], [ 84.88973, 27.46947 ], [ 84.89002, 27.46989 ], [ 84.89006, 27.47052 ], [ 84.8896, 27.4714 ], [ 84.88957, 27.47185 ], [ 84.89041, 27.47311 ], [ 84.8906, 27.4737 ], [ 84.89047, 27.47479 ], [ 84.89057, 27.47542 ], [ 84.89141, 27.47703 ], [ 84.89142, 27.47734 ], [ 84.89083, 27.4789 ], [ 84.89078, 27.47966 ], [ 84.89117, 27.48179 ], [ 84.8912, 27.48292 ], [ 84.89147, 27.48387 ], [ 84.89363, 27.48733 ], [ 84.89418, 27.48907 ], [ 84.8951, 27.49074 ], [ 84.89506, 27.49162 ], [ 84.89545, 27.49262 ], [ 84.89553, 27.4936 ], [ 84.89626, 27.4945 ], [ 84.89659, 27.49549 ], [ 84.89715, 27.49642 ], [ 84.89798, 27.49616 ], [ 84.89893, 27.49548 ], [ 84.8999, 27.49503 ], [ 84.90037, 27.49452 ], [ 84.90159, 27.49403 ], [ 84.90295, 27.49305 ], [ 84.9044, 27.49266 ], [ 84.90611, 27.49243 ], [ 84.90686, 27.49203 ], [ 84.90803, 27.49231 ], [ 84.90885, 27.49188 ], [ 84.911, 27.49161 ], [ 84.91173, 27.4911 ], [ 84.91223, 27.49043 ], [ 84.91269, 27.49017 ], [ 84.91393, 27.48974 ], [ 84.91496, 27.48916 ], [ 84.91583, 27.48909 ], [ 84.91628, 27.48923 ], [ 84.91674, 27.48994 ], [ 84.91624, 27.49177 ], [ 84.91643, 27.49235 ], [ 84.91733, 27.49383 ], [ 84.91724, 27.49555 ], [ 84.9174, 27.49606 ], [ 84.91839, 27.49741 ], [ 84.91871, 27.5002 ], [ 84.919, 27.50116 ], [ 84.91869, 27.50319 ], [ 84.91883, 27.50361 ], [ 84.91985, 27.50467 ], [ 84.91999, 27.50528 ], [ 84.92023, 27.50557 ], [ 84.92136, 27.50619 ], [ 84.92195, 27.50711 ], [ 84.92315, 27.50661 ], [ 84.92464, 27.5054 ], [ 84.92533, 27.50518 ], [ 84.9278, 27.50499 ], [ 84.93084, 27.50273 ], [ 84.93171, 27.50291 ], [ 84.93292, 27.50378 ], [ 84.93611, 27.50404 ], [ 84.93761, 27.50375 ], [ 84.93913, 27.50241 ], [ 84.9398, 27.50211 ], [ 84.94073, 27.5025 ], [ 84.94159, 27.50355 ], [ 84.94287, 27.50585 ], [ 84.94374, 27.50661 ], [ 84.9442, 27.5079 ], [ 84.94421, 27.50912 ], [ 84.94439, 27.50977 ], [ 84.94578, 27.51209 ], [ 84.94675, 27.51337 ], [ 84.94748, 27.51394 ], [ 84.9484, 27.51422 ], [ 84.94956, 27.51531 ], [ 84.95156, 27.51519 ], [ 84.95233, 27.51603 ], [ 84.95318, 27.51737 ], [ 84.95382, 27.51795 ], [ 84.9585, 27.52013 ], [ 84.9593, 27.52072 ], [ 84.96186, 27.52362 ], [ 84.96482, 27.52618 ], [ 84.96587, 27.52615 ], [ 84.96649, 27.52591 ], [ 84.97057, 27.5229 ] ] ] } },
{ "type": "Feature", "properties": { "fid": 342, "STATE_CODE": 3.0, "DISTRICT": "MAKAWANPUR", "GaPa_NaPa": "Thaha", "Type_GN": "Nagarpalika", "Province": "Bagmati" }, "geometry": { "type": "Polygon", "coordinates": [ [ [ 85.09034, 27.71185 ], [ 85.09247, 27.71182 ], [ 85.09481, 27.71121 ], [ 85.09568, 27.71089 ], [ 85.09852, 27.70934 ], [ 85.09992, 27.7089 ], [ 85.10052, 27.70823 ], [ 85.10128, 27.70606 ], [ 85.10191, 27.70516 ], [ 85.10317, 27.70409 ], [ 85.1041, 27.70342 ], [ 85.10737, 27.7017 ], [ 85.1095, 27.7011 ], [ 85.11003, 27.7008 ], [ 85.11128, 27.69984 ], [ 85.1136, 27.69759 ], [ 85.11535, 27.69631 ], [ 85.11766, 27.69272 ], [ 85.11786, 27.69104 ], [ 85.11854, 27.68923 ], [ 85.11863, 27.68766 ], [ 85.11945, 27.68582 ], [ 85.12014, 27.6835 ], [ 85.12042, 27.68334 ], [ 85.12229, 27.68328 ], [ 85.1243, 27.68228 ], [ 85.12602, 27.68197 ], [ 85.12862, 27.68098 ], [ 85.12965, 27.68089 ], [ 85.13058, 27.68107 ], [ 85.1311, 27.68095 ], [ 85.1317, 27.68034 ], [ 85.13192, 27.67881 ], [ 85.13282, 27.67676 ], [ 85.13355, 27.67548 ], [ 85.13408, 27.6749 ], [ 85.13501, 27.67446 ], [ 85.13716, 27.67433 ], [ 85.13854, 27.67387 ], [ 85.13915, 27.67344 ], [ 85.14106, 27.67152 ], [ 85.14195, 27.67107 ], [ 85.14548, 27.67035 ], [ 85.14736, 27.67046 ], [ 85.14897, 27.66962 ], [ 85.14965, 27.66953 ], [ 85.14999, 27.66959 ], [ 85.15081, 27.67013 ], [ 85.15224, 27.67144 ], [ 85.15468, 27.67257 ], [ 85.15638, 27.67279 ], [ 85.15777, 27.67235 ], [ 85.15888, 27.67157 ], [ 85.1606, 27.6707 ], [ 85.1612, 27.67058 ], [ 85.16165, 27.67067 ], [ 85.16272, 27.67129 ], [ 85.16391, 27.6723 ], [ 85.16589, 27.67339 ], [ 85.16839, 27.67569 ], [ 85.17158, 27.67788 ], [ 85.17317, 27.67934 ], [ 85.17525, 27.68005 ], [ 85.17715, 27.68 ], [ 85.18152, 27.68032 ], [ 85.1884, 27.6814 ], [ 85.18858, 27.68134 ], [ 85.18853, 27.68086 ], [ 85.18895, 27.67918 ], [ 85.19005, 27.67756 ], [ 85.19338, 27.67571 ], [ 85.19449, 27.67473 ], [ 85.19653, 27.67345 ], [ 85.19775, 27.67234 ], [ 85.1987, 27.67194 ], [ 85.19941, 27.67138 ], [ 85.20054, 27.67085 ], [ 85.2021, 27.67051 ], [ 85.20311, 27.67002 ], [ 85.20511, 27.66666 ], [ 85.20516, 27.66643 ], [ 85.20487, 27.66591 ], [ 85.20266, 27.66346 ], [ 85.20218, 27.66247 ], [ 85.20174, 27.66014 ], [ 85.2017, 27.6575 ], [ 85.20136, 27.65675 ], [ 85.19908, 27.65481 ], [ 85.19744, 27.65316 ], [ 85.19645, 27.65264 ], [ 85.19523, 27.65171 ], [ 85.1923, 27.64871 ], [ 85.19149, 27.64741 ], [ 85.19082, 27.64697 ], [ 85.18953, 27.6456 ], [ 85.1894, 27.64508 ], [ 85.18961, 27.64439 ], [ 85.1906, 27.64267 ], [ 85.19104, 27.64102 ], [ 85.19177, 27.6392 ], [ 85.19247, 27.63796 ], [ 85.19252, 27.63708 ], [ 85.19088, 27.6349 ], [ 85.19046, 27.63386 ], [ 85.19044, 27.63256 ], [ 85.18879, 27.62975 ], [ 85.1864, 27.62806 ], [ 85.18578, 27.6273 ], [ 85.18489, 27.62507 ], [ 85.18397, 27.62376 ], [ 85.18368, 27.62339 ], [ 85.18282, 27.62285 ], [ 85.1817, 27.62154 ], [ 85.18015, 27.61929 ], [ 85.17999, 27.61883 ], [ 85.17928, 27.61844 ], [ 85.17735, 27.61854 ], [ 85.17562, 27.6184 ], [ 85.17446, 27.6181 ], [ 85.1728, 27.61735 ], [ 85.17125, 27.61516 ], [ 85.1708, 27.61491 ], [ 85.1698, 27.61639 ], [ 85.16862, 27.61725 ], [ 85.16682, 27.61818 ], [ 85.16528, 27.61849 ], [ 85.16445, 27.6189 ], [ 85.16259, 27.61896 ], [ 85.15791, 27.62026 ], [ 85.1564, 27.62101 ], [ 85.15465, 27.62245 ], [ 85.15235, 27.62359 ], [ 85.15197, 27.62363 ], [ 85.15088, 27.62323 ], [ 85.14889, 27.62362 ], [ 85.14842, 27.62404 ], [ 85.14832, 27.62488 ], [ 85.14785, 27.62544 ], [ 85.14741, 27.62777 ], [ 85.14494, 27.63088 ], [ 85.14459, 27.63171 ], [ 85.14411, 27.63391 ], [ 85.14364, 27.63454 ], [ 85.14192, 27.63609 ], [ 85.1412, 27.63646 ], [ 85.14035, 27.63657 ], [ 85.13855, 27.6364 ], [ 85.13679, 27.6367 ], [ 85.13661, 27.63497 ], [ 85.1358, 27.6338 ], [ 85.13603, 27.63277 ], [ 85.1358, 27.6319 ], [ 85.13659, 27.63135 ], [ 85.13684, 27.63021 ], [ 85.13827, 27.62813 ], [ 85.14006, 27.62788 ], [ 85.14138, 27.62716 ], [ 85.14171, 27.62643 ], [ 85.14159, 27.62604 ], [ 85.14168, 27.62543 ], [ 85.14364, 27.6241 ], [ 85.14421, 27.62333 ], [ 85.14434, 27.62289 ], [ 85.14365, 27.62236 ], [ 85.1428, 27.622 ], [ 85.14145, 27.6217 ], [ 85.1398, 27.62102 ], [ 85.13961, 27.62056 ], [ 85.14035, 27.61993 ], [ 85.14009, 27.61924 ], [ 85.13945, 27.61874 ], [ 85.13892, 27.61855 ], [ 85.13838, 27.6172 ], [ 85.13761, 27.61711 ], [ 85.13748, 27.61693 ], [ 85.13777, 27.61652 ], [ 85.13842, 27.61642 ], [ 85.13891, 27.61605 ], [ 85.14054, 27.61364 ], [ 85.14273, 27.61113 ], [ 85.14497, 27.6098 ], [ 85.14552, 27.60867 ], [ 85.14567, 27.60764 ], [ 85.14543, 27.60727 ], [ 85.14512, 27.6058 ], [ 85.14452, 27.60531 ], [ 85.14382, 27.60533 ], [ 85.14286, 27.6057 ], [ 85.14171, 27.60588 ], [ 85.14068, 27.6058 ], [ 85.1394, 27.60539 ], [ 85.13777, 27.60436 ], [ 85.13509, 27.60344 ], [ 85.13449, 27.60289 ], [ 85.13456, 27.60255 ], [ 85.13479, 27.60239 ], [ 85.13607, 27.602 ], [ 85.13628, 27.60155 ], [ 85.13596, 27.60078 ], [ 85.13435, 27.59928 ], [ 85.13437, 27.5989 ], [ 85.13469, 27.59857 ], [ 85.13488, 27.59804 ], [ 85.13618, 27.59725 ], [ 85.13765, 27.59724 ], [ 85.13789, 27.59713 ], [ 85.13793, 27.59694 ], [ 85.13756, 27.59617 ], [ 85.13566, 27.59481 ], [ 85.13542, 27.59433 ], [ 85.13463, 27.59365 ], [ 85.1342, 27.59296 ], [ 85.13438, 27.59203 ], [ 85.1341, 27.59161 ], [ 85.13399, 27.59 ], [ 85.13341, 27.58846 ], [ 85.13375, 27.5877 ], [ 85.13323, 27.58691 ], [ 85.13209, 27.58417 ], [ 85.13089, 27.58299 ], [ 85.13069, 27.58238 ], [ 85.13075, 27.58146 ], [ 85.13128, 27.57937 ], [ 85.13073, 27.57911 ], [ 85.12835, 27.57873 ], [ 85.12528, 27.57894 ], [ 85.12259, 27.57971 ], [ 85.12259, 27.57993 ], [ 85.12233, 27.58019 ], [ 85.12113, 27.58039 ], [ 85.12036, 27.58083 ], [ 85.11944, 27.58082 ], [ 85.11814, 27.58004 ], [ 85.11712, 27.58001 ], [ 85.11547, 27.58074 ], [ 85.11249, 27.58165 ], [ 85.11078, 27.58152 ], [ 85.10882, 27.58112 ], [ 85.10694, 27.58106 ], [ 85.10547, 27.58022 ], [ 85.10509, 27.58018 ], [ 85.1044, 27.58077 ], [ 85.10379, 27.58172 ], [ 85.10334, 27.58196 ], [ 85.10189, 27.5816 ], [ 85.10001, 27.58193 ], [ 85.09769, 27.58275 ], [ 85.0961, 27.58224 ], [ 85.0943, 27.5823 ], [ 85.08933, 27.58355 ], [ 85.08832, 27.58403 ], [ 85.08628, 27.58607 ], [ 85.08463, 27.58604 ], [ 85.08206, 27.58632 ], [ 85.08148, 27.58662 ], [ 85.0812, 27.5871 ], [ 85.08258, 27.5877 ], [ 85.08456, 27.58764 ], [ 85.08405, 27.58883 ], [ 85.08397, 27.5904 ], [ 85.08441, 27.59122 ], [ 85.08449, 27.59191 ], [ 85.08262, 27.59495 ], [ 85.08164, 27.59607 ], [ 85.08009, 27.59697 ], [ 85.07923, 27.59721 ], [ 85.07731, 27.59837 ], [ 85.07554, 27.59893 ], [ 85.07452, 27.59878 ], [ 85.07325, 27.59934 ], [ 85.07233, 27.59888 ], [ 85.0722, 27.59853 ], [ 85.07171, 27.59816 ], [ 85.07155, 27.59757 ], [ 85.07106, 27.5972 ], [ 85.07069, 27.59749 ], [ 85.07034, 27.59819 ], [ 85.06987, 27.59849 ], [ 85.06899, 27.59827 ], [ 85.06839, 27.59842 ], [ 85.06633, 27.5983 ], [ 85.06529, 27.59894 ], [ 85.06447, 27.59991 ], [ 85.06352, 27.60056 ], [ 85.06321, 27.60178 ], [ 85.06283, 27.60245 ], [ 85.06201, 27.60292 ], [ 85.06107, 27.60312 ], [ 85.06035, 27.60376 ], [ 85.05803, 27.60435 ], [ 85.05663, 27.60527 ], [ 85.05516, 27.60577 ], [ 85.05317, 27.60709 ], [ 85.04955, 27.60811 ], [ 85.04711, 27.60788 ], [ 85.04365, 27.60793 ], [ 85.04169, 27.60741 ], [ 85.04094, 27.60703 ], [ 85.03974, 27.60684 ], [ 85.03934, 27.60693 ], [ 85.03838, 27.6076 ], [ 85.03752, 27.60774 ], [ 85.03658, 27.6076 ], [ 85.03538, 27.60812 ], [ 85.0341, 27.60777 ], [ 85.03248, 27.60856 ], [ 85.03037, 27.61018 ], [ 85.02954, 27.61119 ], [ 85.02932, 27.61214 ], [ 85.02797, 27.612 ], [ 85.02716, 27.61216 ], [ 85.02496, 27.6153 ], [ 85.02258, 27.6178 ], [ 85.0238, 27.61886 ], [ 85.02636, 27.6203 ], [ 85.02765, 27.62142 ], [ 85.0301, 27.62214 ], [ 85.03082, 27.62267 ], [ 85.03093, 27.6229 ], [ 85.03084, 27.62314 ], [ 85.02883, 27.62477 ], [ 85.02856, 27.62542 ], [ 85.03023, 27.62769 ], [ 85.03269, 27.63012 ], [ 85.03263, 27.63173 ], [ 85.03243, 27.63232 ], [ 85.03172, 27.63342 ], [ 85.03115, 27.63331 ], [ 85.03046, 27.63349 ], [ 85.02792, 27.63485 ], [ 85.02695, 27.63497 ], [ 85.02307, 27.63676 ], [ 85.02074, 27.63737 ], [ 85.01879, 27.63841 ], [ 85.0167, 27.63896 ], [ 85.01385, 27.64044 ], [ 85.01296, 27.64075 ], [ 85.01141, 27.6409 ], [ 85.01034, 27.6412 ], [ 85.00602, 27.64314 ], [ 85.00382, 27.64467 ], [ 85.00086, 27.64746 ], [ 85.00004, 27.64844 ], [ 84.99768, 27.64994 ], [ 84.99691, 27.6506 ], [ 84.99656, 27.65119 ], [ 84.99528, 27.65253 ], [ 84.99472, 27.65285 ], [ 84.99354, 27.65317 ], [ 84.99246, 27.65427 ], [ 84.99171, 27.65441 ], [ 84.99003, 27.65562 ], [ 84.98861, 27.65695 ], [ 84.9878, 27.65809 ], [ 84.98606, 27.65971 ], [ 84.98586, 27.66098 ], [ 84.98639, 27.66268 ], [ 84.98631, 27.66348 ], [ 84.98482, 27.66464 ], [ 84.98437, 27.66544 ], [ 84.98358, 27.66605 ], [ 84.98317, 27.66659 ], [ 84.98286, 27.66734 ], [ 84.98291, 27.66796 ], [ 84.98319, 27.66847 ], [ 84.983, 27.66967 ], [ 84.98339, 27.67037 ], [ 84.98399, 27.6709 ], [ 84.98383, 27.67134 ], [ 84.98237, 27.67278 ], [ 84.98095, 27.67348 ], [ 84.98056, 27.67382 ], [ 84.97939, 27.67589 ], [ 84.97816, 27.67666 ], [ 84.97705, 27.67791 ], [ 84.9768, 27.67852 ], [ 84.97664, 27.68004 ], [ 84.976, 27.68051 ], [ 84.97509, 27.68207 ], [ 84.97332, 27.68334 ], [ 84.97304, 27.68422 ], [ 84.97163, 27.68501 ], [ 84.97114, 27.68599 ], [ 84.97027, 27.68674 ], [ 84.97, 27.68742 ], [ 84.96977, 27.68909 ], [ 84.96938, 27.68977 ], [ 84.96754, 27.69123 ], [ 84.97022, 27.69237 ], [ 84.97166, 27.69251 ], [ 84.97353, 27.69397 ], [ 84.97484, 27.69429 ], [ 84.97599, 27.69491 ], [ 84.9764, 27.69553 ], [ 84.97639, 27.69871 ], [ 84.97677, 27.70014 ], [ 84.97772, 27.70147 ], [ 84.97899, 27.70271 ], [ 84.97987, 27.70309 ], [ 84.98088, 27.70309 ], [ 84.98156, 27.70364 ], [ 84.98245, 27.7038 ], [ 84.98485, 27.70335 ], [ 84.9868, 27.70442 ], [ 84.98808, 27.70404 ], [ 84.98886, 27.70427 ], [ 84.98902, 27.70476 ], [ 84.98901, 27.70663 ], [ 84.98928, 27.70731 ], [ 84.99003, 27.7078 ], [ 84.99132, 27.70788 ], [ 84.9962, 27.70651 ], [ 84.99815, 27.70619 ], [ 85.00042, 27.70622 ], [ 85.00251, 27.70567 ], [ 85.00461, 27.70602 ], [ 85.00553, 27.70593 ], [ 85.00783, 27.70689 ], [ 85.01122, 27.70771 ], [ 85.01389, 27.70711 ], [ 85.01543, 27.70595 ], [ 85.01698, 27.70432 ], [ 85.01874, 27.70405 ], [ 85.02191, 27.70386 ], [ 85.02278, 27.70321 ], [ 85.02296, 27.70244 ], [ 85.02369, 27.70155 ], [ 85.02622, 27.701 ], [ 85.02849, 27.70009 ], [ 85.02993, 27.6981 ], [ 85.03069, 27.69768 ], [ 85.03243, 27.6981 ], [ 85.03261, 27.6984 ], [ 85.03244, 27.699 ], [ 85.0328, 27.70009 ], [ 85.03315, 27.70054 ], [ 85.0343, 27.70075 ], [ 85.03488, 27.70123 ], [ 85.03478, 27.70194 ], [ 85.0344, 27.70254 ], [ 85.03432, 27.70325 ], [ 85.03491, 27.70341 ], [ 85.03587, 27.70266 ], [ 85.03683, 27.70227 ], [ 85.0385, 27.70275 ], [ 85.0387, 27.70427 ], [ 85.03825, 27.70531 ], [ 85.03832, 27.70564 ], [ 85.03849, 27.70572 ], [ 85.03954, 27.70439 ], [ 85.04087, 27.70312 ], [ 85.04173, 27.70253 ], [ 85.04158, 27.70151 ], [ 85.04179, 27.70068 ], [ 85.04182, 27.69935 ], [ 85.04148, 27.69751 ], [ 85.0403, 27.69515 ], [ 85.04019, 27.69403 ], [ 85.04109, 27.6922 ], [ 85.04109, 27.69174 ], [ 85.04255, 27.69014 ], [ 85.0448, 27.69251 ], [ 85.04687, 27.6942 ], [ 85.04846, 27.69603 ], [ 85.05096, 27.69797 ], [ 85.05186, 27.69906 ], [ 85.05234, 27.69937 ], [ 85.05398, 27.69986 ], [ 85.05492, 27.69884 ], [ 85.05788, 27.6971 ], [ 85.05793, 27.69668 ], [ 85.05732, 27.69528 ], [ 85.05815, 27.69456 ], [ 85.05987, 27.69433 ], [ 85.061, 27.69448 ], [ 85.06467, 27.69679 ], [ 85.06453, 27.69781 ], [ 85.06458, 27.69923 ], [ 85.06507, 27.7008 ], [ 85.06583, 27.70135 ], [ 85.0659, 27.70168 ], [ 85.06538, 27.70232 ], [ 85.06563, 27.7032 ], [ 85.06792, 27.70347 ], [ 85.0689, 27.70335 ], [ 85.06967, 27.70362 ], [ 85.07205, 27.70518 ], [ 85.07311, 27.70708 ], [ 85.07501, 27.7081 ], [ 85.076, 27.70904 ], [ 85.07809, 27.70862 ], [ 85.07865, 27.7071 ], [ 85.08038, 27.70654 ], [ 85.0808, 27.7066 ], [ 85.08162, 27.70707 ], [ 85.0833, 27.70708 ], [ 85.08486, 27.70889 ], [ 85.08598, 27.71064 ], [ 85.08724, 27.71161 ], [ 85.08837, 27.71219 ], [ 85.09034, 27.71185 ] ] ] } },
{ "type": "Feature", "properties": { "fid": 396, "STATE_CODE": 3.0, "DISTRICT": "CHITAWAN", "GaPa_NaPa": "Bharatpur", "Type_GN": "Mahanagarpalika", "Province": "Bagmati" }, "geometry": { "type": "Polygon", "coordinates": [ [ [ 84.46756, 27.82432 ], [ 84.47422, 27.82355 ], [ 84.47764, 27.82267 ], [ 84.47867, 27.82233 ], [ 84.47919, 27.82192 ], [ 84.48042, 27.82153 ], [ 84.48846, 27.82081 ], [ 84.49106, 27.81978 ], [ 84.49268, 27.81934 ], [ 84.49364, 27.81943 ], [ 84.49562, 27.82069 ], [ 84.49632, 27.82083 ], [ 84.49638, 27.82003 ], [ 84.49611, 27.81896 ], [ 84.49558, 27.81832 ], [ 84.49488, 27.8178 ], [ 84.49454, 27.81726 ], [ 84.49417, 27.81612 ], [ 84.49426, 27.81581 ], [ 84.49461, 27.81555 ], [ 84.49568, 27.81554 ], [ 84.49633, 27.81526 ], [ 84.49676, 27.81341 ], [ 84.4967, 27.8128 ], [ 84.49536, 27.81195 ], [ 84.49523, 27.8116 ], [ 84.49529, 27.81077 ], [ 84.49489, 27.81008 ], [ 84.49511, 27.80971 ], [ 84.49616, 27.80938 ], [ 84.49653, 27.80881 ], [ 84.49739, 27.80844 ], [ 84.49812, 27.80861 ], [ 84.49876, 27.8093 ], [ 84.49919, 27.80931 ], [ 84.49959, 27.80895 ], [ 84.50001, 27.8071 ], [ 84.50034, 27.80681 ], [ 84.50161, 27.8073 ], [ 84.5028, 27.8075 ], [ 84.5066, 27.80673 ], [ 84.50824, 27.80568 ], [ 84.51047, 27.8055 ], [ 84.51168, 27.80515 ], [ 84.51305, 27.80518 ], [ 84.51451, 27.80459 ], [ 84.51504, 27.80332 ], [ 84.51638, 27.80158 ], [ 84.51657, 27.8009 ], [ 84.51664, 27.7999 ], [ 84.51601, 27.79812 ], [ 84.51678, 27.79737 ], [ 84.51827, 27.79714 ], [ 84.51858, 27.7969 ], [ 84.51864, 27.79623 ], [ 84.51811, 27.79531 ], [ 84.51793, 27.79423 ], [ 84.51829, 27.79301 ], [ 84.51882, 27.79235 ], [ 84.52185, 27.78956 ], [ 84.52292, 27.78827 ], [ 84.52326, 27.78766 ], [ 84.52375, 27.78576 ], [ 84.52238, 27.78115 ], [ 84.52198, 27.78023 ], [ 84.52125, 27.77964 ], [ 84.51895, 27.77914 ], [ 84.5176, 27.77784 ], [ 84.51719, 27.776 ], [ 84.51575, 27.77353 ], [ 84.51516, 27.77191 ], [ 84.51495, 27.77106 ], [ 84.51508, 27.76968 ], [ 84.51588, 27.76802 ], [ 84.52224, 27.76336 ], [ 84.52329, 27.76162 ], [ 84.52373, 27.76033 ], [ 84.5239, 27.75904 ], [ 84.52295, 27.75572 ], [ 84.52297, 27.7551 ], [ 84.52343, 27.75428 ], [ 84.52472, 27.75346 ], [ 84.52516, 27.75296 ], [ 84.52507, 27.75181 ], [ 84.52545, 27.75075 ], [ 84.52582, 27.7502 ], [ 84.52548, 27.74865 ], [ 84.52453, 27.74765 ], [ 84.5234, 27.74576 ], [ 84.52103, 27.74324 ], [ 84.52026, 27.74195 ], [ 84.52004, 27.74108 ], [ 84.52036, 27.73966 ], [ 84.52021, 27.73781 ], [ 84.51948, 27.73641 ], [ 84.51848, 27.73506 ], [ 84.51785, 27.73246 ], [ 84.51682, 27.73086 ], [ 84.51603, 27.72859 ], [ 84.51599, 27.72646 ], [ 84.51554, 27.72541 ], [ 84.51611, 27.72347 ], [ 84.51593, 27.7227 ], [ 84.5156, 27.7223 ], [ 84.51383, 27.72104 ], [ 84.51221, 27.7188 ], [ 84.51102, 27.718 ], [ 84.50982, 27.71781 ], [ 84.50915, 27.71748 ], [ 84.50525, 27.71629 ], [ 84.50357, 27.71649 ], [ 84.50221, 27.71606 ], [ 84.49932, 27.71557 ], [ 84.49774, 27.71453 ], [ 84.4968, 27.71427 ], [ 84.49575, 27.71425 ], [ 84.49356, 27.71307 ], [ 84.48971, 27.71175 ], [ 84.48799, 27.71133 ], [ 84.48611, 27.71147 ], [ 84.48508, 27.71122 ], [ 84.48442, 27.71053 ], [ 84.48418, 27.70921 ], [ 84.48453, 27.70778 ], [ 84.48509, 27.7068 ], [ 84.48526, 27.7056 ], [ 84.4858, 27.70393 ], [ 84.48576, 27.70302 ], [ 84.48475, 27.70105 ], [ 84.48448, 27.7007 ], [ 84.48349, 27.70013 ], [ 84.48319, 27.69937 ], [ 84.48356, 27.69816 ], [ 84.48448, 27.69749 ], [ 84.48459, 27.69701 ], [ 84.48365, 27.6965 ], [ 84.48168, 27.69619 ], [ 84.48003, 27.69562 ], [ 84.47979, 27.69512 ], [ 84.4798, 27.69432 ], [ 84.48023, 27.69208 ], [ 84.47982, 27.69126 ], [ 84.47918, 27.69057 ], [ 84.47854, 27.69017 ], [ 84.47674, 27.69021 ], [ 84.47601, 27.68994 ], [ 84.47546, 27.68929 ], [ 84.47537, 27.68883 ], [ 84.47572, 27.68768 ], [ 84.47696, 27.6863 ], [ 84.47741, 27.6855 ], [ 84.4774, 27.68205 ], [ 84.47762, 27.68148 ], [ 84.47914, 27.67966 ], [ 84.47981, 27.67783 ], [ 84.48159, 27.67578 ], [ 84.48194, 27.67509 ], [ 84.48155, 27.67398 ], [ 84.48057, 27.67344 ], [ 84.4803, 27.67306 ], [ 84.48026, 27.67105 ], [ 84.47977, 27.66978 ], [ 84.47902, 27.6689 ], [ 84.479, 27.6685 ], [ 84.47928, 27.66802 ], [ 84.48029, 27.66733 ], [ 84.48183, 27.6668 ], [ 84.4835, 27.66665 ], [ 84.48425, 27.66633 ], [ 84.48464, 27.66564 ], [ 84.48457, 27.66516 ], [ 84.48419, 27.66453 ], [ 84.48155, 27.66187 ], [ 84.48129, 27.6613 ], [ 84.48138, 27.66066 ], [ 84.4825, 27.65954 ], [ 84.4855, 27.6583 ], [ 84.48655, 27.65735 ], [ 84.48683, 27.65677 ], [ 84.48634, 27.655 ], [ 84.48733, 27.65265 ], [ 84.48735, 27.6522 ], [ 84.4871, 27.65139 ], [ 84.48658, 27.65067 ], [ 84.48511, 27.64986 ], [ 84.48437, 27.64919 ], [ 84.48392, 27.64839 ], [ 84.4839, 27.64805 ], [ 84.48416, 27.64751 ], [ 84.4855, 27.64633 ], [ 84.48604, 27.6453 ], [ 84.48592, 27.64399 ], [ 84.48538, 27.64341 ], [ 84.48316, 27.64342 ], [ 84.48263, 27.64323 ], [ 84.48235, 27.64289 ], [ 84.48222, 27.6422 ], [ 84.48261, 27.64138 ], [ 84.48424, 27.64042 ], [ 84.48674, 27.63844 ], [ 84.48706, 27.63792 ], [ 84.48766, 27.63604 ], [ 84.4892, 27.63412 ], [ 84.48931, 27.63349 ], [ 84.4891, 27.63303 ], [ 84.48884, 27.6329 ], [ 84.48842, 27.63297 ], [ 84.48602, 27.63367 ], [ 84.4832, 27.63423 ], [ 84.48126, 27.63487 ], [ 84.48109, 27.63478 ], [ 84.48103, 27.63396 ], [ 84.47949, 27.63283 ], [ 84.47907, 27.63179 ], [ 84.47845, 27.63088 ], [ 84.4789, 27.62899 ], [ 84.47863, 27.62716 ], [ 84.47955, 27.62539 ], [ 84.48014, 27.62473 ], [ 84.48049, 27.62376 ], [ 84.48044, 27.62325 ], [ 84.47992, 27.62249 ], [ 84.47998, 27.62198 ], [ 84.48072, 27.62083 ], [ 84.48139, 27.62044 ], [ 84.48169, 27.61982 ], [ 84.48146, 27.61875 ], [ 84.48109, 27.61805 ], [ 84.48188, 27.61263 ], [ 84.48115, 27.61128 ], [ 84.4795, 27.61023 ], [ 84.47932, 27.60897 ], [ 84.47819, 27.60669 ], [ 84.47824, 27.60309 ], [ 84.47853, 27.60247 ], [ 84.48, 27.60061 ], [ 84.48184, 27.59983 ], [ 84.4825, 27.59891 ], [ 84.4843, 27.59891 ], [ 84.48527, 27.59871 ], [ 84.48569, 27.59835 ], [ 84.4859, 27.59756 ], [ 84.48561, 27.59623 ], [ 84.48524, 27.59594 ], [ 84.48341, 27.59531 ], [ 84.48302, 27.5948 ], [ 84.48327, 27.59332 ], [ 84.4831, 27.59177 ], [ 84.4833, 27.59147 ], [ 84.48436, 27.59104 ], [ 84.48508, 27.59054 ], [ 84.48528, 27.59009 ], [ 84.48527, 27.58963 ], [ 84.48479, 27.58859 ], [ 84.48302, 27.58645 ], [ 84.48134, 27.58613 ], [ 84.48006, 27.58536 ], [ 84.4795, 27.58449 ], [ 84.47896, 27.5831 ], [ 84.47857, 27.58091 ], [ 84.47808, 27.58025 ], [ 84.47715, 27.57979 ], [ 84.47604, 27.57971 ], [ 84.47569, 27.57983 ], [ 84.47546, 27.58044 ], [ 84.47551, 27.58105 ], [ 84.47522, 27.58145 ], [ 84.47517, 27.58237 ], [ 84.47423, 27.58304 ], [ 84.47413, 27.58357 ], [ 84.47436, 27.58464 ], [ 84.47431, 27.58496 ], [ 84.47404, 27.58519 ], [ 84.47242, 27.5851 ], [ 84.47106, 27.5848 ], [ 84.46968, 27.58507 ], [ 84.46814, 27.58494 ], [ 84.46749, 27.58462 ], [ 84.46724, 27.58428 ], [ 84.46735, 27.5833 ], [ 84.46606, 27.58347 ], [ 84.4656, 27.58325 ], [ 84.46546, 27.58278 ], [ 84.46577, 27.58164 ], [ 84.46624, 27.58091 ], [ 84.4677, 27.57943 ], [ 84.46948, 27.57853 ], [ 84.47178, 27.57825 ], [ 84.47253, 27.57737 ], [ 84.47249, 27.57588 ], [ 84.47207, 27.57397 ], [ 84.47134, 27.57252 ], [ 84.47057, 27.5718 ], [ 84.46914, 27.57104 ], [ 84.46727, 27.57048 ], [ 84.46637, 27.56985 ], [ 84.46456, 27.57077 ], [ 84.46285, 27.57063 ], [ 84.4611, 27.57132 ], [ 84.45812, 27.57062 ], [ 84.45587, 27.57164 ], [ 84.45258, 27.57262 ], [ 84.45108, 27.57339 ], [ 84.45048, 27.57342 ], [ 84.44913, 27.57271 ], [ 84.44625, 27.5701 ], [ 84.4448, 27.56915 ], [ 84.44417, 27.56854 ], [ 84.44368, 27.56792 ], [ 84.44299, 27.56645 ], [ 84.4414, 27.56446 ], [ 84.44061, 27.56278 ], [ 84.43841, 27.55951 ], [ 84.43775, 27.55885 ], [ 84.4364, 27.55795 ], [ 84.43547, 27.55759 ], [ 84.43462, 27.55749 ], [ 84.43298, 27.55763 ], [ 84.43056, 27.55841 ], [ 84.42956, 27.55898 ], [ 84.42848, 27.56001 ], [ 84.4277, 27.56036 ], [ 84.42603, 27.56187 ], [ 84.42553, 27.56283 ], [ 84.4244, 27.56386 ], [ 84.42355, 27.56505 ], [ 84.42332, 27.56565 ], [ 84.42318, 27.56691 ], [ 84.4239, 27.56643 ], [ 84.42448, 27.5665 ], [ 84.42519, 27.56631 ], [ 84.42544, 27.56656 ], [ 84.42539, 27.56901 ], [ 84.42512, 27.56933 ], [ 84.42469, 27.56941 ], [ 84.42119, 27.56901 ], [ 84.4177, 27.56828 ], [ 84.41214, 27.56798 ], [ 84.41008, 27.56817 ], [ 84.40671, 27.56917 ], [ 84.40233, 27.56944 ], [ 84.39976, 27.5695 ], [ 84.39651, 27.56885 ], [ 84.39474, 27.56766 ], [ 84.39377, 27.56661 ], [ 84.39246, 27.56256 ], [ 84.39241, 27.56072 ], [ 84.39219, 27.56008 ], [ 84.39162, 27.55926 ], [ 84.39083, 27.55832 ], [ 84.39014, 27.55779 ], [ 84.38938, 27.55747 ], [ 84.38845, 27.55733 ], [ 84.38639, 27.55759 ], [ 84.38524, 27.55796 ], [ 84.38362, 27.55932 ], [ 84.38084, 27.56085 ], [ 84.37995, 27.56177 ], [ 84.37761, 27.5628 ], [ 84.37622, 27.56367 ], [ 84.37505, 27.56464 ], [ 84.37246, 27.56621 ], [ 84.3716, 27.5662 ], [ 84.37058, 27.56589 ], [ 84.36905, 27.56571 ], [ 84.36837, 27.56579 ], [ 84.36639, 27.56641 ], [ 84.36468, 27.56739 ], [ 84.36418, 27.56778 ], [ 84.36413, 27.56801 ], [ 84.36469, 27.56854 ], [ 84.36349, 27.569 ], [ 84.36186, 27.56937 ], [ 84.36083, 27.56942 ], [ 84.35947, 27.56936 ], [ 84.3577, 27.56891 ], [ 84.35741, 27.5689 ], [ 84.3571, 27.56913 ], [ 84.35549, 27.56774 ], [ 84.35257, 27.56559 ], [ 84.35092, 27.56407 ], [ 84.3498, 27.56336 ], [ 84.3465, 27.56206 ], [ 84.34075, 27.56043 ], [ 84.33275, 27.55571 ], [ 84.33065, 27.5542 ], [ 84.33011, 27.55446 ], [ 84.32665, 27.55226 ], [ 84.3247, 27.55157 ], [ 84.32307, 27.55131 ], [ 84.32067, 27.55163 ], [ 84.31829, 27.55293 ], [ 84.3173, 27.55417 ], [ 84.31686, 27.55447 ], [ 84.31656, 27.55446 ], [ 84.31606, 27.55401 ], [ 84.31487, 27.5534 ], [ 84.31388, 27.5539 ], [ 84.31338, 27.55425 ], [ 84.31273, 27.55522 ], [ 84.31224, 27.55641 ], [ 84.31203, 27.55782 ], [ 84.31103, 27.55872 ], [ 84.3105, 27.56039 ], [ 84.30897, 27.56373 ], [ 84.3084, 27.56425 ], [ 84.3059, 27.56505 ], [ 84.30427, 27.56506 ], [ 84.30238, 27.56536 ], [ 84.3005, 27.56535 ], [ 84.29965, 27.56512 ], [ 84.29867, 27.56457 ], [ 84.29666, 27.5627 ], [ 84.29472, 27.55983 ], [ 84.29377, 27.5593 ], [ 84.29308, 27.55917 ], [ 84.29085, 27.55938 ], [ 84.28879, 27.56003 ], [ 84.28484, 27.56172 ], [ 84.28398, 27.56186 ], [ 84.28316, 27.56225 ], [ 84.28237, 27.56308 ], [ 84.28192, 27.56321 ], [ 84.28108, 27.56384 ], [ 84.27966, 27.56391 ], [ 84.27886, 27.56379 ], [ 84.27539, 27.56243 ], [ 84.27368, 27.56255 ], [ 84.27315, 27.56232 ], [ 84.27246, 27.56238 ], [ 84.271, 27.56289 ], [ 84.26843, 27.56304 ], [ 84.26749, 27.56331 ], [ 84.26706, 27.56325 ], [ 84.26664, 27.56291 ], [ 84.26545, 27.56276 ], [ 84.26151, 27.56276 ], [ 84.26022, 27.563 ], [ 84.25867, 27.56361 ], [ 84.25799, 27.56354 ], [ 84.25653, 27.5638 ], [ 84.25344, 27.5647 ], [ 84.25134, 27.56508 ], [ 84.24912, 27.56479 ], [ 84.24834, 27.56441 ], [ 84.24614, 27.56451 ], [ 84.24472, 27.56371 ], [ 84.24327, 27.56318 ], [ 84.23947, 27.56248 ], [ 84.23911, 27.56206 ], [ 84.23864, 27.56074 ], [ 84.23813, 27.56016 ], [ 84.2369, 27.5594 ], [ 84.23503, 27.55856 ], [ 84.23506, 27.55827 ], [ 84.23547, 27.55788 ], [ 84.23583, 27.55702 ], [ 84.23577, 27.55657 ], [ 84.23535, 27.55608 ], [ 84.23313, 27.55556 ], [ 84.23108, 27.55569 ], [ 84.22806, 27.5568 ], [ 84.22618, 27.55801 ], [ 84.2261, 27.5587 ], [ 84.22624, 27.55962 ], [ 84.22694, 27.56085 ], [ 84.22722, 27.56179 ], [ 84.22777, 27.56221 ], [ 84.22854, 27.56245 ], [ 84.22885, 27.56293 ], [ 84.22839, 27.56529 ], [ 84.22777, 27.56643 ], [ 84.22391, 27.56894 ], [ 84.21913, 27.57066 ], [ 84.21836, 27.57269 ], [ 84.2176, 27.57369 ], [ 84.21718, 27.57395 ], [ 84.21271, 27.57512 ], [ 84.21151, 27.57499 ], [ 84.21055, 27.5741 ], [ 84.20965, 27.57367 ], [ 84.20914, 27.57274 ], [ 84.20733, 27.57097 ], [ 84.20605, 27.57045 ], [ 84.20025, 27.56884 ], [ 84.19728, 27.56752 ], [ 84.19449, 27.56546 ], [ 84.19216, 27.56399 ], [ 84.18926, 27.56162 ], [ 84.1868, 27.56043 ], [ 84.1805, 27.55808 ], [ 84.17401, 27.55711 ], [ 84.17092, 27.55743 ], [ 84.16845, 27.5586 ], [ 84.16739, 27.55937 ], [ 84.16697, 27.55977 ], [ 84.16635, 27.56121 ], [ 84.16591, 27.56176 ], [ 84.16179, 27.56337 ], [ 84.16051, 27.56402 ], [ 84.16109, 27.56548 ], [ 84.16259, 27.56735 ], [ 84.16328, 27.56851 ], [ 84.16441, 27.56973 ], [ 84.166, 27.5709 ], [ 84.16691, 27.57248 ], [ 84.16831, 27.57343 ], [ 84.16912, 27.57457 ], [ 84.16995, 27.57502 ], [ 84.17142, 27.57541 ], [ 84.17232, 27.57647 ], [ 84.17373, 27.57689 ], [ 84.17409, 27.57714 ], [ 84.17423, 27.5776 ], [ 84.17419, 27.57859 ], [ 84.1753, 27.5799 ], [ 84.17578, 27.58083 ], [ 84.17608, 27.58197 ], [ 84.17622, 27.58375 ], [ 84.17669, 27.58498 ], [ 84.17884, 27.58745 ], [ 84.18012, 27.58784 ], [ 84.18405, 27.58724 ], [ 84.18611, 27.58721 ], [ 84.18767, 27.587 ], [ 84.1879, 27.5875 ], [ 84.18852, 27.58806 ], [ 84.1918, 27.59043 ], [ 84.19357, 27.59224 ], [ 84.19457, 27.59294 ], [ 84.19537, 27.59402 ], [ 84.1967, 27.59499 ], [ 84.19938, 27.59621 ], [ 84.20316, 27.59748 ], [ 84.20393, 27.59764 ], [ 84.20622, 27.59755 ], [ 84.20724, 27.59791 ], [ 84.20781, 27.59852 ], [ 84.20812, 27.59929 ], [ 84.20822, 27.60005 ], [ 84.20889, 27.60216 ], [ 84.20927, 27.60537 ], [ 84.20983, 27.6066 ], [ 84.21091, 27.60772 ], [ 84.21129, 27.60789 ], [ 84.21221, 27.60787 ], [ 84.21388, 27.60823 ], [ 84.21439, 27.6086 ], [ 84.21479, 27.60929 ], [ 84.21637, 27.61072 ], [ 84.21892, 27.61201 ], [ 84.22113, 27.61253 ], [ 84.22342, 27.61395 ], [ 84.22432, 27.61417 ], [ 84.22722, 27.61409 ], [ 84.22965, 27.6149 ], [ 84.23337, 27.61555 ], [ 84.23495, 27.6163 ], [ 84.23523, 27.61925 ], [ 84.2356, 27.62042 ], [ 84.23725, 27.62162 ], [ 84.23741, 27.62259 ], [ 84.23766, 27.62306 ], [ 84.24087, 27.62504 ], [ 84.24091, 27.62519 ], [ 84.24057, 27.62528 ], [ 84.24092, 27.62598 ], [ 84.24267, 27.6284 ], [ 84.24504, 27.63015 ], [ 84.2459, 27.63052 ], [ 84.24825, 27.63104 ], [ 84.2492, 27.63222 ], [ 84.25149, 27.63422 ], [ 84.252, 27.63443 ], [ 84.25363, 27.63458 ], [ 84.25405, 27.63449 ], [ 84.25538, 27.63354 ], [ 84.25598, 27.63332 ], [ 84.25769, 27.63364 ], [ 84.25948, 27.63487 ], [ 84.26043, 27.63629 ], [ 84.26117, 27.63703 ], [ 84.26213, 27.63759 ], [ 84.26487, 27.63818 ], [ 84.26572, 27.6387 ], [ 84.26748, 27.64066 ], [ 84.27001, 27.64455 ], [ 84.27102, 27.6465 ], [ 84.27345, 27.6495 ], [ 84.27486, 27.65192 ], [ 84.27622, 27.65313 ], [ 84.27735, 27.65381 ], [ 84.2817, 27.65545 ], [ 84.28585, 27.65601 ], [ 84.29094, 27.65714 ], [ 84.2936, 27.65733 ], [ 84.29532, 27.65701 ], [ 84.29761, 27.65754 ], [ 84.29803, 27.65789 ], [ 84.29834, 27.65902 ], [ 84.29887, 27.65958 ], [ 84.30127, 27.6602 ], [ 84.30281, 27.66086 ], [ 84.3057, 27.66297 ], [ 84.3069, 27.66343 ], [ 84.30741, 27.66346 ], [ 84.31094, 27.663 ], [ 84.3123, 27.66364 ], [ 84.31445, 27.6652 ], [ 84.31602, 27.66691 ], [ 84.31992, 27.67061 ], [ 84.32061, 27.67188 ], [ 84.32098, 27.67469 ], [ 84.32152, 27.67681 ], [ 84.32213, 27.67819 ], [ 84.32295, 27.6794 ], [ 84.32295, 27.67991 ], [ 84.32253, 27.68109 ], [ 84.323, 27.6823 ], [ 84.32517, 27.68353 ], [ 84.32714, 27.68491 ], [ 84.32776, 27.68555 ], [ 84.32805, 27.68663 ], [ 84.32744, 27.6876 ], [ 84.32683, 27.68817 ], [ 84.32535, 27.68912 ], [ 84.32393, 27.68958 ], [ 84.32395, 27.69219 ], [ 84.32446, 27.69328 ], [ 84.32524, 27.69395 ], [ 84.32922, 27.69624 ], [ 84.33289, 27.6975 ], [ 84.33452, 27.69781 ], [ 84.33725, 27.6989 ], [ 84.3436, 27.70224 ], [ 84.34667, 27.703 ], [ 84.34856, 27.70311 ], [ 84.35018, 27.70278 ], [ 84.35387, 27.70146 ], [ 84.35712, 27.69965 ], [ 84.35944, 27.69856 ], [ 84.3603, 27.69797 ], [ 84.36101, 27.6971 ], [ 84.36198, 27.69626 ], [ 84.3625, 27.69552 ], [ 84.36314, 27.69316 ], [ 84.36331, 27.6916 ], [ 84.36422, 27.68951 ], [ 84.36521, 27.68841 ], [ 84.36758, 27.6866 ], [ 84.36902, 27.68503 ], [ 84.36956, 27.68469 ], [ 84.37162, 27.68412 ], [ 84.3722, 27.68368 ], [ 84.3728, 27.68282 ], [ 84.37549, 27.68168 ], [ 84.37652, 27.68141 ], [ 84.37877, 27.68127 ], [ 84.38037, 27.68152 ], [ 84.38121, 27.68195 ], [ 84.38588, 27.68497 ], [ 84.38684, 27.68547 ], [ 84.38883, 27.68594 ], [ 84.39131, 27.68791 ], [ 84.39438, 27.68904 ], [ 84.39605, 27.68986 ], [ 84.40043, 27.69233 ], [ 84.40235, 27.69318 ], [ 84.405, 27.69493 ], [ 84.40674, 27.69576 ], [ 84.41621, 27.69965 ], [ 84.41937, 27.70036 ], [ 84.42547, 27.70257 ], [ 84.42784, 27.70368 ], [ 84.42987, 27.70499 ], [ 84.43055, 27.70581 ], [ 84.43123, 27.70838 ], [ 84.43115, 27.71044 ], [ 84.43063, 27.71312 ], [ 84.42931, 27.71665 ], [ 84.4287, 27.71918 ], [ 84.42732, 27.72262 ], [ 84.42693, 27.72466 ], [ 84.42617, 27.72734 ], [ 84.42615, 27.72826 ], [ 84.42562, 27.73055 ], [ 84.42489, 27.73269 ], [ 84.42381, 27.73512 ], [ 84.4234, 27.73571 ], [ 84.42271, 27.73831 ], [ 84.42197, 27.74025 ], [ 84.42192, 27.74126 ], [ 84.42291, 27.74189 ], [ 84.42437, 27.74237 ], [ 84.42677, 27.74246 ], [ 84.42814, 27.74222 ], [ 84.43055, 27.74139 ], [ 84.43295, 27.74115 ], [ 84.43501, 27.74176 ], [ 84.43694, 27.74277 ], [ 84.4385, 27.74401 ], [ 84.44137, 27.74849 ], [ 84.44194, 27.74992 ], [ 84.44263, 27.75022 ], [ 84.44309, 27.75099 ], [ 84.44385, 27.75172 ], [ 84.44773, 27.75715 ], [ 84.44974, 27.75898 ], [ 84.45044, 27.75928 ], [ 84.45441, 27.75961 ], [ 84.45698, 27.75947 ], [ 84.45756, 27.75928 ], [ 84.46018, 27.75744 ], [ 84.46463, 27.75313 ], [ 84.46573, 27.75255 ], [ 84.4678, 27.75191 ], [ 84.46986, 27.7519 ], [ 84.47107, 27.75239 ], [ 84.4715, 27.7529 ], [ 84.47188, 27.75424 ], [ 84.47132, 27.75797 ], [ 84.47076, 27.75994 ], [ 84.47044, 27.76085 ], [ 84.46877, 27.76386 ], [ 84.46787, 27.76606 ], [ 84.46725, 27.76712 ], [ 84.46656, 27.7679 ], [ 84.4638, 27.77035 ], [ 84.46137, 27.77294 ], [ 84.4599, 27.77411 ], [ 84.45737, 27.77545 ], [ 84.45541, 27.77635 ], [ 84.4506, 27.77794 ], [ 84.44828, 27.77837 ], [ 84.44632, 27.77836 ], [ 84.44247, 27.77803 ], [ 84.44042, 27.77811 ], [ 84.43922, 27.7784 ], [ 84.43793, 27.77913 ], [ 84.43578, 27.78138 ], [ 84.43401, 27.78285 ], [ 84.43246, 27.78531 ], [ 84.43116, 27.78681 ], [ 84.42987, 27.79062 ], [ 84.42977, 27.79281 ], [ 84.43059, 27.79657 ], [ 84.43086, 27.80017 ], [ 84.43053, 27.802 ], [ 84.43158, 27.80888 ], [ 84.4321, 27.81037 ], [ 84.43209, 27.81228 ], [ 84.43266, 27.81334 ], [ 84.43331, 27.81404 ], [ 84.43426, 27.81471 ], [ 84.43606, 27.81543 ], [ 84.43837, 27.81566 ], [ 84.43946, 27.81609 ], [ 84.4401, 27.81652 ], [ 84.44099, 27.81741 ], [ 84.44151, 27.81901 ], [ 84.44264, 27.82074 ], [ 84.44415, 27.82232 ], [ 84.44569, 27.82309 ], [ 84.44755, 27.82286 ], [ 84.44833, 27.82237 ], [ 84.45117, 27.8216 ], [ 84.45447, 27.82019 ], [ 84.4567, 27.81977 ], [ 84.45947, 27.81965 ], [ 84.46243, 27.8193 ], [ 84.46481, 27.81886 ], [ 84.466, 27.81975 ], [ 84.46606, 27.81996 ], [ 84.46597, 27.8224 ], [ 84.46529, 27.82404 ], [ 84.46552, 27.82425 ], [ 84.46603, 27.82433 ], [ 84.46756, 27.82432 ] ] ] } },
{ "type": "Feature", "properties": { "fid": 399, "STATE_CODE": 3.0, "DISTRICT": "CHITAWAN", "GaPa_NaPa": "Khairahani", "Type_GN": "Nagarpalika", "Province": "Bagmati" }, "geometry": { "type": "Polygon", "coordinates": [ [ [ 84.59392, 27.68492 ], [ 84.59482, 27.68476 ], [ 84.59586, 27.68406 ], [ 84.59758, 27.68331 ], [ 84.6001, 27.6801 ], [ 84.601, 27.67934 ], [ 84.60156, 27.67701 ], [ 84.60164, 27.67551 ], [ 84.60101, 27.67417 ], [ 84.59963, 27.67264 ], [ 84.59972, 27.67132 ], [ 84.59961, 27.67097 ], [ 84.59896, 27.67046 ], [ 84.59769, 27.67003 ], [ 84.59667, 27.66836 ], [ 84.59655, 27.66795 ], [ 84.59688, 27.66676 ], [ 84.59689, 27.66595 ], [ 84.59749, 27.663 ], [ 84.59717, 27.66036 ], [ 84.59735, 27.65842 ], [ 84.59696, 27.65681 ], [ 84.59569, 27.65368 ], [ 84.59581, 27.65191 ], [ 84.59569, 27.65093 ], [ 84.59475, 27.64867 ], [ 84.59434, 27.64654 ], [ 84.59324, 27.64411 ], [ 84.59278, 27.64112 ], [ 84.59166, 27.63891 ], [ 84.59006, 27.63615 ], [ 84.58979, 27.63591 ], [ 84.59128, 27.63617 ], [ 84.59175, 27.63567 ], [ 84.59179, 27.63499 ], [ 84.58984, 27.63133 ], [ 84.58898, 27.63022 ], [ 84.58772, 27.62903 ], [ 84.58775, 27.62875 ], [ 84.58804, 27.62844 ], [ 84.58893, 27.62822 ], [ 84.5908, 27.62845 ], [ 84.59192, 27.62815 ], [ 84.59203, 27.62754 ], [ 84.59158, 27.62631 ], [ 84.59048, 27.62513 ], [ 84.5907, 27.62493 ], [ 84.59068, 27.62436 ], [ 84.59416, 27.62251 ], [ 84.59602, 27.62132 ], [ 84.59528, 27.62002 ], [ 84.59549, 27.61987 ], [ 84.59689, 27.61976 ], [ 84.59623, 27.61932 ], [ 84.59555, 27.61842 ], [ 84.59558, 27.61727 ], [ 84.5973, 27.61604 ], [ 84.5996, 27.61532 ], [ 84.59993, 27.61467 ], [ 84.59972, 27.61358 ], [ 84.59982, 27.61274 ], [ 84.60237, 27.61176 ], [ 84.60343, 27.61112 ], [ 84.6039, 27.61061 ], [ 84.60469, 27.60876 ], [ 84.60515, 27.60693 ], [ 84.60604, 27.60551 ], [ 84.60632, 27.60472 ], [ 84.6063, 27.60414 ], [ 84.60521, 27.602 ], [ 84.60513, 27.60131 ], [ 84.60529, 27.59965 ], [ 84.60512, 27.59862 ], [ 84.60702, 27.59919 ], [ 84.60772, 27.59916 ], [ 84.61012, 27.59781 ], [ 84.61239, 27.59776 ], [ 84.61412, 27.59722 ], [ 84.61758, 27.59651 ], [ 84.61765, 27.59611 ], [ 84.61727, 27.5954 ], [ 84.61715, 27.59452 ], [ 84.61662, 27.5932 ], [ 84.61671, 27.59236 ], [ 84.61719, 27.59153 ], [ 84.61796, 27.59125 ], [ 84.6189, 27.5912 ], [ 84.62267, 27.59179 ], [ 84.62319, 27.59124 ], [ 84.62385, 27.58965 ], [ 84.6239, 27.5885 ], [ 84.62376, 27.58729 ], [ 84.62299, 27.58427 ], [ 84.62299, 27.58316 ], [ 84.62326, 27.58207 ], [ 84.62382, 27.58078 ], [ 84.62444, 27.57996 ], [ 84.6252, 27.57965 ], [ 84.62805, 27.58105 ], [ 84.62921, 27.58084 ], [ 84.62973, 27.58031 ], [ 84.62989, 27.57917 ], [ 84.62979, 27.57807 ], [ 84.62913, 27.5768 ], [ 84.62924, 27.57519 ], [ 84.62847, 27.57329 ], [ 84.62872, 27.57265 ], [ 84.62933, 27.57233 ], [ 84.63171, 27.57207 ], [ 84.63339, 27.57136 ], [ 84.63412, 27.57126 ], [ 84.63512, 27.57164 ], [ 84.63594, 27.57219 ], [ 84.63828, 27.57432 ], [ 84.63936, 27.57454 ], [ 84.64115, 27.57403 ], [ 84.64312, 27.572 ], [ 84.64175, 27.57138 ], [ 84.6409, 27.57117 ], [ 84.64002, 27.57129 ], [ 84.63836, 27.57193 ], [ 84.63663, 27.5718 ], [ 84.63519, 27.5713 ], [ 84.634, 27.57022 ], [ 84.63328, 27.56921 ], [ 84.6322, 27.56865 ], [ 84.62802, 27.56819 ], [ 84.62528, 27.56856 ], [ 84.6233, 27.56808 ], [ 84.6226, 27.5681 ], [ 84.62205, 27.56771 ], [ 84.62077, 27.56722 ], [ 84.61822, 27.5667 ], [ 84.61687, 27.56681 ], [ 84.61494, 27.56761 ], [ 84.61392, 27.5677 ], [ 84.61149, 27.5667 ], [ 84.60848, 27.56682 ], [ 84.60714, 27.56653 ], [ 84.60586, 27.56688 ], [ 84.60351, 27.56647 ], [ 84.60045, 27.56725 ], [ 84.59821, 27.56741 ], [ 84.59641, 27.56785 ], [ 84.59584, 27.56783 ], [ 84.59507, 27.5675 ], [ 84.59349, 27.56609 ], [ 84.59259, 27.56558 ], [ 84.59123, 27.56504 ], [ 84.59008, 27.56499 ], [ 84.58868, 27.56429 ], [ 84.58781, 27.56418 ], [ 84.58435, 27.5643 ], [ 84.58285, 27.56526 ], [ 84.5816, 27.56571 ], [ 84.57975, 27.56533 ], [ 84.57728, 27.56512 ], [ 84.57349, 27.56549 ], [ 84.57189, 27.56539 ], [ 84.56938, 27.56418 ], [ 84.56827, 27.56295 ], [ 84.56789, 27.56211 ], [ 84.56723, 27.55966 ], [ 84.56652, 27.55572 ], [ 84.56606, 27.55427 ], [ 84.56668, 27.55267 ], [ 84.5667, 27.55221 ], [ 84.56649, 27.55152 ], [ 84.5658, 27.55048 ], [ 84.56423, 27.54969 ], [ 84.56314, 27.54935 ], [ 84.55885, 27.54881 ], [ 84.55655, 27.54779 ], [ 84.55566, 27.54756 ], [ 84.55431, 27.54766 ], [ 84.55278, 27.5484 ], [ 84.55131, 27.5488 ], [ 84.55028, 27.54929 ], [ 84.54922, 27.55028 ], [ 84.5483, 27.55077 ], [ 84.54682, 27.55106 ], [ 84.544, 27.55123 ], [ 84.54291, 27.55122 ], [ 84.53875, 27.55029 ], [ 84.53773, 27.5502 ], [ 84.53652, 27.54985 ], [ 84.53516, 27.54904 ], [ 84.53465, 27.5489 ], [ 84.53325, 27.54931 ], [ 84.53193, 27.54935 ], [ 84.53058, 27.54969 ], [ 84.52994, 27.5497 ], [ 84.52425, 27.54894 ], [ 84.51945, 27.54905 ], [ 84.51525, 27.54827 ], [ 84.51343, 27.54877 ], [ 84.51637, 27.55145 ], [ 84.51912, 27.55457 ], [ 84.52122, 27.55616 ], [ 84.52202, 27.55698 ], [ 84.52246, 27.55758 ], [ 84.5226, 27.55833 ], [ 84.52242, 27.5593 ], [ 84.52195, 27.56015 ], [ 84.51886, 27.56353 ], [ 84.51748, 27.5647 ], [ 84.51735, 27.56506 ], [ 84.5175, 27.56539 ], [ 84.51858, 27.56612 ], [ 84.51926, 27.56697 ], [ 84.51933, 27.56777 ], [ 84.51843, 27.56889 ], [ 84.5162, 27.56998 ], [ 84.51509, 27.57143 ], [ 84.51463, 27.57251 ], [ 84.51454, 27.57331 ], [ 84.51473, 27.574 ], [ 84.51523, 27.57475 ], [ 84.51627, 27.57566 ], [ 84.51818, 27.57669 ], [ 84.51888, 27.57727 ], [ 84.51949, 27.57819 ], [ 84.51992, 27.57974 ], [ 84.52034, 27.58051 ], [ 84.52362, 27.58419 ], [ 84.52485, 27.58458 ], [ 84.52562, 27.58461 ], [ 84.52641, 27.58433 ], [ 84.52698, 27.58359 ], [ 84.52671, 27.58268 ], [ 84.52445, 27.57972 ], [ 84.52446, 27.57904 ], [ 84.52483, 27.57856 ], [ 84.52557, 27.57855 ], [ 84.52712, 27.57944 ], [ 84.52918, 27.579 ], [ 84.52995, 27.57899 ], [ 84.53157, 27.5793 ], [ 84.53393, 27.58037 ], [ 84.53446, 27.58084 ], [ 84.53458, 27.58153 ], [ 84.53446, 27.58261 ], [ 84.53484, 27.58331 ], [ 84.53543, 27.58383 ], [ 84.53645, 27.58458 ], [ 84.53823, 27.58519 ], [ 84.54022, 27.58683 ], [ 84.5405, 27.58742 ], [ 84.53997, 27.58828 ], [ 84.53995, 27.58856 ], [ 84.54066, 27.5896 ], [ 84.54124, 27.58993 ], [ 84.54235, 27.59016 ], [ 84.54388, 27.59002 ], [ 84.54667, 27.5894 ], [ 84.54717, 27.59064 ], [ 84.5472, 27.5911 ], [ 84.54703, 27.59131 ], [ 84.54609, 27.59145 ], [ 84.54529, 27.59214 ], [ 84.54373, 27.59262 ], [ 84.54295, 27.59384 ], [ 84.54237, 27.59423 ], [ 84.53981, 27.59527 ], [ 84.53813, 27.59657 ], [ 84.53691, 27.59721 ], [ 84.53421, 27.5982 ], [ 84.53227, 27.59964 ], [ 84.53047, 27.60044 ], [ 84.53034, 27.60054 ], [ 84.53057, 27.60088 ], [ 84.53069, 27.60157 ], [ 84.53037, 27.6031 ], [ 84.53052, 27.6035 ], [ 84.5309, 27.60385 ], [ 84.53154, 27.60404 ], [ 84.53224, 27.60403 ], [ 84.53308, 27.60375 ], [ 84.53442, 27.60267 ], [ 84.53518, 27.6026 ], [ 84.53538, 27.60276 ], [ 84.53554, 27.60329 ], [ 84.53522, 27.60371 ], [ 84.53514, 27.60432 ], [ 84.53643, 27.60553 ], [ 84.5372, 27.6059 ], [ 84.54079, 27.60517 ], [ 84.54143, 27.60536 ], [ 84.54235, 27.60592 ], [ 84.54309, 27.60601 ], [ 84.54368, 27.60548 ], [ 84.54377, 27.6049 ], [ 84.54358, 27.60399 ], [ 84.54376, 27.60359 ], [ 84.54426, 27.60321 ], [ 84.5456, 27.60293 ], [ 84.5465, 27.60296 ], [ 84.54714, 27.60317 ], [ 84.54767, 27.60369 ], [ 84.54785, 27.60415 ], [ 84.54711, 27.60583 ], [ 84.54725, 27.60634 ], [ 84.54599, 27.60691 ], [ 84.54564, 27.6075 ], [ 84.54563, 27.60803 ], [ 84.54598, 27.60926 ], [ 84.54598, 27.60987 ], [ 84.5458, 27.61025 ], [ 84.5449, 27.61049 ], [ 84.54263, 27.60965 ], [ 84.54196, 27.60988 ], [ 84.54103, 27.61071 ], [ 84.54092, 27.6114 ], [ 84.54112, 27.61224 ], [ 84.54188, 27.61324 ], [ 84.54196, 27.6137 ], [ 84.54096, 27.61388 ], [ 84.54046, 27.61414 ], [ 84.5399, 27.61485 ], [ 84.53915, 27.61538 ], [ 84.5365, 27.6157 ], [ 84.5342, 27.61673 ], [ 84.5339, 27.61715 ], [ 84.53444, 27.61839 ], [ 84.5341, 27.6196 ], [ 84.53529, 27.62045 ], [ 84.5364, 27.62013 ], [ 84.53726, 27.62017 ], [ 84.53844, 27.62122 ], [ 84.54068, 27.6237 ], [ 84.54095, 27.62421 ], [ 84.54097, 27.62462 ], [ 84.54082, 27.62486 ], [ 84.53975, 27.62521 ], [ 84.53929, 27.6255 ], [ 84.53923, 27.62578 ], [ 84.54064, 27.62705 ], [ 84.54217, 27.62888 ], [ 84.54268, 27.62956 ], [ 84.54351, 27.63131 ], [ 84.54576, 27.63302 ], [ 84.54721, 27.63489 ], [ 84.54784, 27.63519 ], [ 84.55049, 27.63493 ], [ 84.55147, 27.635 ], [ 84.55219, 27.63525 ], [ 84.55266, 27.6358 ], [ 84.55302, 27.63696 ], [ 84.55391, 27.6383 ], [ 84.55443, 27.64038 ], [ 84.55425, 27.64451 ], [ 84.55445, 27.64544 ], [ 84.55558, 27.64781 ], [ 84.55581, 27.64896 ], [ 84.55551, 27.65353 ], [ 84.55588, 27.6568 ], [ 84.55588, 27.65833 ], [ 84.5571, 27.66495 ], [ 84.55845, 27.66888 ], [ 84.55835, 27.66987 ], [ 84.55748, 27.6713 ], [ 84.55723, 27.67244 ], [ 84.55741, 27.67382 ], [ 84.5578, 27.67521 ], [ 84.55857, 27.67715 ], [ 84.55969, 27.67858 ], [ 84.56086, 27.68051 ], [ 84.56169, 27.68126 ], [ 84.56339, 27.68215 ], [ 84.5637, 27.68191 ], [ 84.56532, 27.68142 ], [ 84.56679, 27.68013 ], [ 84.56777, 27.67958 ], [ 84.56999, 27.67863 ], [ 84.57217, 27.67829 ], [ 84.57408, 27.6771 ], [ 84.57609, 27.67661 ], [ 84.57828, 27.67531 ], [ 84.57974, 27.67396 ], [ 84.58059, 27.67374 ], [ 84.58116, 27.67379 ], [ 84.58223, 27.67438 ], [ 84.58266, 27.67495 ], [ 84.58283, 27.67572 ], [ 84.58257, 27.67732 ], [ 84.58283, 27.67842 ], [ 84.58703, 27.6813 ], [ 84.58754, 27.68191 ], [ 84.58791, 27.68284 ], [ 84.58832, 27.68333 ], [ 84.58954, 27.68346 ], [ 84.59138, 27.68408 ], [ 84.59245, 27.68467 ], [ 84.59392, 27.68492 ] ] ] } },
{ "type": "Feature", "properties": { "fid": 401, "STATE_CODE": 3.0, "DISTRICT": "CHITAWAN", "GaPa_NaPa": "Rapti", "Type_GN": "Nagarpalika", "Province": "Bagmati" }, "geometry": { "type": "Polygon", "coordinates": [ [ [ 84.75606, 27.73573 ], [ 84.7567, 27.73556 ], [ 84.75737, 27.73561 ], [ 84.75792, 27.73495 ], [ 84.75834, 27.73292 ], [ 84.75874, 27.73256 ], [ 84.75973, 27.73218 ], [ 84.76118, 27.73123 ], [ 84.76277, 27.72977 ], [ 84.76411, 27.72809 ], [ 84.7657, 27.72715 ], [ 84.76595, 27.72653 ], [ 84.76701, 27.72568 ], [ 84.76998, 27.72259 ], [ 84.7704, 27.72235 ], [ 84.772, 27.72206 ], [ 84.77469, 27.72066 ], [ 84.77675, 27.72057 ], [ 84.77861, 27.72012 ], [ 84.78262, 27.71768 ], [ 84.78363, 27.71722 ], [ 84.78726, 27.71612 ], [ 84.78785, 27.7157 ], [ 84.78937, 27.71358 ], [ 84.7909, 27.71199 ], [ 84.79282, 27.71082 ], [ 84.79513, 27.71014 ], [ 84.79593, 27.70959 ], [ 84.79636, 27.70915 ], [ 84.79655, 27.70867 ], [ 84.7965, 27.70766 ], [ 84.79603, 27.70606 ], [ 84.79367, 27.70268 ], [ 84.79359, 27.70139 ], [ 84.79264, 27.69976 ], [ 84.79257, 27.69885 ], [ 84.79205, 27.69782 ], [ 84.79198, 27.69724 ], [ 84.79095, 27.69594 ], [ 84.79065, 27.69502 ], [ 84.78917, 27.69361 ], [ 84.78827, 27.69331 ], [ 84.7861, 27.69211 ], [ 84.78596, 27.6919 ], [ 84.78607, 27.69153 ], [ 84.7868, 27.69058 ], [ 84.78834, 27.68915 ], [ 84.78966, 27.68817 ], [ 84.79207, 27.68689 ], [ 84.79201, 27.68673 ], [ 84.78863, 27.68368 ], [ 84.78725, 27.68306 ], [ 84.78604, 27.68277 ], [ 84.78544, 27.68221 ], [ 84.78458, 27.68081 ], [ 84.78368, 27.68043 ], [ 84.78331, 27.68011 ], [ 84.78197, 27.67758 ], [ 84.7818, 27.67616 ], [ 84.78115, 27.67385 ], [ 84.78038, 27.67227 ], [ 84.77977, 27.67158 ], [ 84.77844, 27.67076 ], [ 84.77649, 27.6701 ], [ 84.77606, 27.66907 ], [ 84.77521, 27.6683 ], [ 84.77273, 27.66783 ], [ 84.77122, 27.6683 ], [ 84.76987, 27.66802 ], [ 84.76975, 27.66773 ], [ 84.76985, 27.66749 ], [ 84.77063, 27.66685 ], [ 84.77072, 27.66645 ], [ 84.77007, 27.6646 ], [ 84.76999, 27.66385 ], [ 84.77041, 27.66189 ], [ 84.77007, 27.6614 ], [ 84.76924, 27.66094 ], [ 84.7692, 27.65949 ], [ 84.7683, 27.65856 ], [ 84.76788, 27.65781 ], [ 84.76778, 27.65709 ], [ 84.76743, 27.65669 ], [ 84.76613, 27.65629 ], [ 84.76547, 27.65582 ], [ 84.76478, 27.65559 ], [ 84.76388, 27.65579 ], [ 84.76276, 27.65566 ], [ 84.76206, 27.65492 ], [ 84.76096, 27.65485 ], [ 84.76049, 27.65467 ], [ 84.76013, 27.65414 ], [ 84.75943, 27.6538 ], [ 84.75842, 27.65371 ], [ 84.75581, 27.65413 ], [ 84.75505, 27.65444 ], [ 84.75375, 27.65447 ], [ 84.75315, 27.65398 ], [ 84.75318, 27.6533 ], [ 84.75351, 27.65234 ], [ 84.75319, 27.65202 ], [ 84.7524, 27.6517 ], [ 84.75199, 27.65118 ], [ 84.7523, 27.65017 ], [ 84.75224, 27.64977 ], [ 84.75155, 27.64954 ], [ 84.75049, 27.64962 ], [ 84.74895, 27.64899 ], [ 84.74777, 27.64936 ], [ 84.74739, 27.64934 ], [ 84.74621, 27.64876 ], [ 84.7459, 27.64807 ], [ 84.74466, 27.64743 ], [ 84.7439, 27.64723 ], [ 84.7434, 27.64749 ], [ 84.74318, 27.64795 ], [ 84.74264, 27.64972 ], [ 84.74272, 27.65014 ], [ 84.74427, 27.65143 ], [ 84.74482, 27.65222 ], [ 84.74606, 27.65307 ], [ 84.74626, 27.65391 ], [ 84.74608, 27.65513 ], [ 84.74574, 27.65561 ], [ 84.74424, 27.65598 ], [ 84.7415, 27.65599 ], [ 84.7397, 27.65642 ], [ 84.73757, 27.65594 ], [ 84.73559, 27.65688 ], [ 84.73508, 27.65682 ], [ 84.73348, 27.65597 ], [ 84.73147, 27.65585 ], [ 84.7315, 27.65439 ], [ 84.73109, 27.65327 ], [ 84.72896, 27.65133 ], [ 84.72779, 27.65056 ], [ 84.72733, 27.64983 ], [ 84.7275, 27.64922 ], [ 84.72903, 27.64837 ], [ 84.72982, 27.64769 ], [ 84.73011, 27.64689 ], [ 84.7299, 27.6463 ], [ 84.72913, 27.64616 ], [ 84.72785, 27.64639 ], [ 84.72639, 27.64631 ], [ 84.72331, 27.64693 ], [ 84.72239, 27.64668 ], [ 84.72118, 27.64565 ], [ 84.72114, 27.64445 ], [ 84.72088, 27.6433 ], [ 84.71994, 27.64253 ], [ 84.71937, 27.64159 ], [ 84.71778, 27.63967 ], [ 84.71724, 27.63837 ], [ 84.71724, 27.63737 ], [ 84.71785, 27.63623 ], [ 84.71857, 27.63418 ], [ 84.7195, 27.63321 ], [ 84.72143, 27.63249 ], [ 84.72224, 27.632 ], [ 84.72296, 27.63089 ], [ 84.72325, 27.62901 ], [ 84.72262, 27.627 ], [ 84.72273, 27.62647 ], [ 84.72361, 27.62615 ], [ 84.72528, 27.62618 ], [ 84.7263, 27.62647 ], [ 84.72778, 27.62616 ], [ 84.7299, 27.62547 ], [ 84.73102, 27.62475 ], [ 84.73154, 27.62414 ], [ 84.73186, 27.62321 ], [ 84.73186, 27.6226 ], [ 84.7313, 27.62179 ], [ 84.73073, 27.62041 ], [ 84.7308, 27.6198 ], [ 84.7313, 27.61866 ], [ 84.73148, 27.61706 ], [ 84.73201, 27.61672 ], [ 84.73328, 27.61711 ], [ 84.73397, 27.61699 ], [ 84.73482, 27.61612 ], [ 84.73481, 27.61574 ], [ 84.73402, 27.61443 ], [ 84.73411, 27.61344 ], [ 84.73381, 27.61232 ], [ 84.7341, 27.61191 ], [ 84.73515, 27.61149 ], [ 84.73542, 27.61114 ], [ 84.73524, 27.60948 ], [ 84.73532, 27.60792 ], [ 84.73565, 27.60707 ], [ 84.73629, 27.60624 ], [ 84.73607, 27.6047 ], [ 84.7364, 27.60434 ], [ 84.73784, 27.60389 ], [ 84.73819, 27.60354 ], [ 84.73651, 27.60077 ], [ 84.7353, 27.59768 ], [ 84.73471, 27.59725 ], [ 84.7335, 27.5968 ], [ 84.73298, 27.59636 ], [ 84.73293, 27.59539 ], [ 84.73341, 27.59379 ], [ 84.73339, 27.59296 ], [ 84.73402, 27.59162 ], [ 84.73401, 27.59112 ], [ 84.73344, 27.59075 ], [ 84.73299, 27.58958 ], [ 84.73296, 27.58912 ], [ 84.73335, 27.58791 ], [ 84.73224, 27.58485 ], [ 84.73085, 27.582 ], [ 84.72998, 27.58085 ], [ 84.72866, 27.57957 ], [ 84.72684, 27.57886 ], [ 84.72222, 27.57543 ], [ 84.72042, 27.5737 ], [ 84.71807, 27.57018 ], [ 84.71673, 27.56891 ], [ 84.71501, 27.5668 ], [ 84.71398, 27.56598 ], [ 84.71313, 27.5654 ], [ 84.71205, 27.56657 ], [ 84.71129, 27.56686 ], [ 84.71065, 27.56679 ], [ 84.70983, 27.56648 ], [ 84.70502, 27.56364 ], [ 84.70289, 27.56449 ], [ 84.70037, 27.56516 ], [ 84.69807, 27.56676 ], [ 84.69664, 27.56753 ], [ 84.69055, 27.56953 ], [ 84.68893, 27.57019 ], [ 84.68769, 27.57091 ], [ 84.68602, 27.57141 ], [ 84.68232, 27.57311 ], [ 84.6811, 27.57337 ], [ 84.67961, 27.57323 ], [ 84.6769, 27.5741 ], [ 84.67564, 27.57492 ], [ 84.67495, 27.57594 ], [ 84.67478, 27.57875 ], [ 84.67427, 27.57943 ], [ 84.67297, 27.58006 ], [ 84.67129, 27.58062 ], [ 84.66988, 27.58057 ], [ 84.66923, 27.58035 ], [ 84.66841, 27.57976 ], [ 84.66719, 27.57963 ], [ 84.66464, 27.58033 ], [ 84.6631, 27.58014 ], [ 84.66183, 27.58054 ], [ 84.66049, 27.58051 ], [ 84.6568, 27.58188 ], [ 84.6553, 27.58183 ], [ 84.65469, 27.58136 ], [ 84.65581, 27.57933 ], [ 84.65566, 27.57837 ], [ 84.65405, 27.5769 ], [ 84.65338, 27.57559 ], [ 84.65288, 27.57498 ], [ 84.65219, 27.57451 ], [ 84.65057, 27.57423 ], [ 84.64919, 27.57378 ], [ 84.64738, 27.57379 ], [ 84.64523, 27.57227 ], [ 84.64312, 27.572 ], [ 84.64115, 27.57403 ], [ 84.64001, 27.57442 ], [ 84.63892, 27.57455 ], [ 84.63807, 27.57417 ], [ 84.63594, 27.57219 ], [ 84.63512, 27.57164 ], [ 84.63412, 27.57126 ], [ 84.63339, 27.57136 ], [ 84.63171, 27.57207 ], [ 84.62933, 27.57233 ], [ 84.62872, 27.57265 ], [ 84.62847, 27.57329 ], [ 84.62924, 27.57519 ], [ 84.62913, 27.5768 ], [ 84.62979, 27.57807 ], [ 84.62989, 27.57917 ], [ 84.62973, 27.58031 ], [ 84.62921, 27.58084 ], [ 84.62805, 27.58105 ], [ 84.6252, 27.57965 ], [ 84.62444, 27.57996 ], [ 84.62382, 27.58078 ], [ 84.62326, 27.58207 ], [ 84.62299, 27.58316 ], [ 84.62299, 27.58427 ], [ 84.62376, 27.58729 ], [ 84.6239, 27.5885 ], [ 84.62385, 27.58965 ], [ 84.62319, 27.59124 ], [ 84.62267, 27.59179 ], [ 84.6189, 27.5912 ], [ 84.61796, 27.59125 ], [ 84.61719, 27.59153 ], [ 84.61671, 27.59236 ], [ 84.61662, 27.5932 ], [ 84.61715, 27.59452 ], [ 84.61727, 27.5954 ], [ 84.61765, 27.59611 ], [ 84.61758, 27.59651 ], [ 84.61412, 27.59722 ], [ 84.61239, 27.59776 ], [ 84.61012, 27.59781 ], [ 84.60772, 27.59916 ], [ 84.60702, 27.59919 ], [ 84.60512, 27.59862 ], [ 84.60529, 27.59965 ], [ 84.60513, 27.60131 ], [ 84.60521, 27.602 ], [ 84.6063, 27.60414 ], [ 84.60632, 27.60472 ], [ 84.60604, 27.60551 ], [ 84.60515, 27.60693 ], [ 84.60469, 27.60876 ], [ 84.6039, 27.61061 ], [ 84.60343, 27.61112 ], [ 84.60237, 27.61176 ], [ 84.59982, 27.61274 ], [ 84.59972, 27.61358 ], [ 84.59993, 27.61467 ], [ 84.5996, 27.61532 ], [ 84.5973, 27.61604 ], [ 84.59558, 27.61727 ], [ 84.59555, 27.61842 ], [ 84.59623, 27.61932 ], [ 84.59689, 27.61976 ], [ 84.59549, 27.61987 ], [ 84.59528, 27.62002 ], [ 84.59602, 27.62132 ], [ 84.59416, 27.62251 ], [ 84.59068, 27.62436 ], [ 84.5907, 27.62493 ], [ 84.59048, 27.62513 ], [ 84.59158, 27.62631 ], [ 84.59203, 27.62754 ], [ 84.59192, 27.62815 ], [ 84.5908, 27.62845 ], [ 84.58893, 27.62822 ], [ 84.58804, 27.62844 ], [ 84.58775, 27.62875 ], [ 84.58772, 27.62903 ], [ 84.58898, 27.63022 ], [ 84.58984, 27.63133 ], [ 84.59179, 27.63499 ], [ 84.59175, 27.63567 ], [ 84.59128, 27.63617 ], [ 84.58979, 27.63591 ], [ 84.59006, 27.63615 ], [ 84.59166, 27.63891 ], [ 84.59278, 27.64112 ], [ 84.59324, 27.64411 ], [ 84.59434, 27.64654 ], [ 84.59475, 27.64867 ], [ 84.59569, 27.65093 ], [ 84.59581, 27.65191 ], [ 84.59569, 27.65368 ], [ 84.59696, 27.65681 ], [ 84.59735, 27.65842 ], [ 84.59717, 27.66036 ], [ 84.59749, 27.663 ], [ 84.59689, 27.66595 ], [ 84.59688, 27.66676 ], [ 84.59655, 27.66795 ], [ 84.59667, 27.66836 ], [ 84.59769, 27.67003 ], [ 84.59896, 27.67046 ], [ 84.59961, 27.67097 ], [ 84.59972, 27.67132 ], [ 84.59963, 27.67264 ], [ 84.60101, 27.67417 ], [ 84.60164, 27.67551 ], [ 84.60156, 27.67701 ], [ 84.601, 27.67934 ], [ 84.6001, 27.6801 ], [ 84.59782, 27.68309 ], [ 84.59613, 27.68403 ], [ 84.60191, 27.68477 ], [ 84.60637, 27.68585 ], [ 84.60836, 27.68598 ], [ 84.61143, 27.68646 ], [ 84.61617, 27.6869 ], [ 84.61759, 27.68654 ], [ 84.61865, 27.68574 ], [ 84.62043, 27.68472 ], [ 84.62115, 27.68371 ], [ 84.62178, 27.68222 ], [ 84.62208, 27.68189 ], [ 84.62387, 27.681 ], [ 84.6245, 27.6801 ], [ 84.62502, 27.67965 ], [ 84.62674, 27.6787 ], [ 84.62839, 27.67722 ], [ 84.63112, 27.67607 ], [ 84.63207, 27.67516 ], [ 84.63421, 27.67257 ], [ 84.63631, 27.67097 ], [ 84.63785, 27.66924 ], [ 84.63854, 27.66754 ], [ 84.63871, 27.66584 ], [ 84.63794, 27.66511 ], [ 84.63645, 27.66415 ], [ 84.63575, 27.6634 ], [ 84.63559, 27.66271 ], [ 84.63578, 27.66242 ], [ 84.63617, 27.66235 ], [ 84.637, 27.66273 ], [ 84.63889, 27.66427 ], [ 84.63956, 27.6633 ], [ 84.64079, 27.66239 ], [ 84.64234, 27.66194 ], [ 84.64439, 27.66193 ], [ 84.64482, 27.66213 ], [ 84.64786, 27.66465 ], [ 84.65051, 27.66736 ], [ 84.65206, 27.66934 ], [ 84.65276, 27.67072 ], [ 84.65342, 27.67382 ], [ 84.65482, 27.67694 ], [ 84.65515, 27.67834 ], [ 84.65542, 27.67851 ], [ 84.65577, 27.67863 ], [ 84.65684, 27.67841 ], [ 84.65722, 27.67891 ], [ 84.65784, 27.67904 ], [ 84.65862, 27.67951 ], [ 84.65982, 27.67936 ], [ 84.66085, 27.67946 ], [ 84.66257, 27.68033 ], [ 84.66369, 27.68007 ], [ 84.66411, 27.68013 ], [ 84.66471, 27.68044 ], [ 84.66532, 27.68142 ], [ 84.66556, 27.68155 ], [ 84.66781, 27.68105 ], [ 84.66811, 27.68046 ], [ 84.66814, 27.67977 ], [ 84.66861, 27.67948 ], [ 84.67006, 27.68009 ], [ 84.67018, 27.68047 ], [ 84.67009, 27.68133 ], [ 84.67022, 27.68164 ], [ 84.67047, 27.68173 ], [ 84.67137, 27.6812 ], [ 84.67497, 27.68057 ], [ 84.67669, 27.67986 ], [ 84.67746, 27.67976 ], [ 84.67922, 27.68058 ], [ 84.68154, 27.68231 ], [ 84.68192, 27.68289 ], [ 84.68226, 27.68398 ], [ 84.68213, 27.68616 ], [ 84.68162, 27.68862 ], [ 84.68167, 27.6904 ], [ 84.68105, 27.69114 ], [ 84.67967, 27.69182 ], [ 84.67916, 27.69234 ], [ 84.67907, 27.69274 ], [ 84.67962, 27.69339 ], [ 84.68158, 27.69483 ], [ 84.68235, 27.69507 ], [ 84.68342, 27.69582 ], [ 84.68436, 27.69615 ], [ 84.68519, 27.69693 ], [ 84.68647, 27.69746 ], [ 84.68651, 27.69826 ], [ 84.68684, 27.69935 ], [ 84.68651, 27.70153 ], [ 84.68708, 27.7027 ], [ 84.68714, 27.70327 ], [ 84.6866, 27.70438 ], [ 84.6869, 27.70512 ], [ 84.68696, 27.70575 ], [ 84.68631, 27.70678 ], [ 84.68631, 27.70736 ], [ 84.68722, 27.70891 ], [ 84.68956, 27.71133 ], [ 84.69092, 27.71242 ], [ 84.69269, 27.71343 ], [ 84.69297, 27.71375 ], [ 84.69326, 27.71517 ], [ 84.69325, 27.71671 ], [ 84.69285, 27.71843 ], [ 84.69304, 27.71958 ], [ 84.69252, 27.72055 ], [ 84.69254, 27.7212 ], [ 84.6932, 27.72166 ], [ 84.69434, 27.72285 ], [ 84.69519, 27.72434 ], [ 84.69612, 27.72523 ], [ 84.69757, 27.72592 ], [ 84.69897, 27.72696 ], [ 84.69998, 27.72734 ], [ 84.7022, 27.72756 ], [ 84.70323, 27.72718 ], [ 84.70468, 27.72716 ], [ 84.70571, 27.72758 ], [ 84.70727, 27.72795 ], [ 84.70843, 27.72794 ], [ 84.70963, 27.7277 ], [ 84.71506, 27.7261 ], [ 84.71632, 27.72735 ], [ 84.71764, 27.72814 ], [ 84.71841, 27.72835 ], [ 84.72013, 27.72823 ], [ 84.72081, 27.72839 ], [ 84.72269, 27.72948 ], [ 84.72346, 27.72966 ], [ 84.72449, 27.72948 ], [ 84.72602, 27.72888 ], [ 84.72802, 27.72728 ], [ 84.72883, 27.7273 ], [ 84.73168, 27.72903 ], [ 84.73279, 27.72988 ], [ 84.73422, 27.73063 ], [ 84.73526, 27.73165 ], [ 84.73737, 27.73273 ], [ 84.74098, 27.73352 ], [ 84.74576, 27.73431 ], [ 84.7488, 27.73457 ], [ 84.7516, 27.7353 ], [ 84.75359, 27.73536 ], [ 84.75606, 27.73573 ] ] ] } },
{ "type": "Feature", "properties": { "fid": 402, "STATE_CODE": 3.0, "DISTRICT": "CHITAWAN", "GaPa_NaPa": "Ratnanagar", "Type_GN": "Nagarpalika", "Province": "Bagmati" }, "geometry": { "type": "Polygon", "coordinates": [ [ [ 84.56169, 27.68126 ], [ 84.56086, 27.68051 ], [ 84.55969, 27.67858 ], [ 84.55857, 27.67715 ], [ 84.55741, 27.67382 ], [ 84.55727, 27.6719 ], [ 84.55835, 27.66987 ], [ 84.55845, 27.66888 ], [ 84.5571, 27.66495 ], [ 84.55588, 27.65833 ], [ 84.55588, 27.6568 ], [ 84.55551, 27.65353 ], [ 84.55581, 27.64896 ], [ 84.55558, 27.64781 ], [ 84.55445, 27.64544 ], [ 84.55425, 27.64451 ], [ 84.55443, 27.64038 ], [ 84.55391, 27.6383 ], [ 84.55302, 27.63696 ], [ 84.55266, 27.6358 ], [ 84.55219, 27.63525 ], [ 84.55147, 27.635 ], [ 84.55049, 27.63493 ], [ 84.54784, 27.63519 ], [ 84.54721, 27.63489 ], [ 84.54576, 27.63302 ], [ 84.54351, 27.63131 ], [ 84.54268, 27.62956 ], [ 84.54217, 27.62888 ], [ 84.54064, 27.62705 ], [ 84.53923, 27.62578 ], [ 84.53929, 27.6255 ], [ 84.53975, 27.62521 ], [ 84.54082, 27.62486 ], [ 84.54097, 27.62462 ], [ 84.54095, 27.62421 ], [ 84.54068, 27.6237 ], [ 84.53844, 27.62122 ], [ 84.53726, 27.62017 ], [ 84.5364, 27.62013 ], [ 84.53529, 27.62045 ], [ 84.5341, 27.6196 ], [ 84.53444, 27.61839 ], [ 84.5339, 27.61715 ], [ 84.5342, 27.61673 ], [ 84.5365, 27.6157 ], [ 84.53915, 27.61538 ], [ 84.5399, 27.61485 ], [ 84.54046, 27.61414 ], [ 84.54096, 27.61388 ], [ 84.54196, 27.6137 ], [ 84.54188, 27.61324 ], [ 84.54112, 27.61224 ], [ 84.54092, 27.6114 ], [ 84.54103, 27.61071 ], [ 84.54196, 27.60988 ], [ 84.54263, 27.60965 ], [ 84.5449, 27.61049 ], [ 84.5458, 27.61025 ], [ 84.54598, 27.60987 ], [ 84.54598, 27.60926 ], [ 84.54563, 27.60803 ], [ 84.54564, 27.6075 ], [ 84.54599, 27.60691 ], [ 84.54725, 27.60634 ], [ 84.54711, 27.60583 ], [ 84.54779, 27.60453 ], [ 84.54785, 27.60415 ], [ 84.54767, 27.60369 ], [ 84.54714, 27.60317 ], [ 84.5465, 27.60296 ], [ 84.5456, 27.60293 ], [ 84.54426, 27.60321 ], [ 84.54393, 27.6034 ], [ 84.54361, 27.60387 ], [ 84.54358, 27.60439 ], [ 84.54377, 27.6049 ], [ 84.54368, 27.60548 ], [ 84.54309, 27.60601 ], [ 84.54235, 27.60592 ], [ 84.54143, 27.60536 ], [ 84.54079, 27.60517 ], [ 84.53739, 27.60591 ], [ 84.53643, 27.60553 ], [ 84.53525, 27.60449 ], [ 84.53511, 27.60401 ], [ 84.53554, 27.60314 ], [ 84.53518, 27.6026 ], [ 84.53442, 27.60267 ], [ 84.53308, 27.60375 ], [ 84.53224, 27.60403 ], [ 84.53154, 27.60404 ], [ 84.5309, 27.60385 ], [ 84.53052, 27.6035 ], [ 84.53037, 27.6031 ], [ 84.53069, 27.60157 ], [ 84.53057, 27.60088 ], [ 84.53034, 27.60054 ], [ 84.53047, 27.60044 ], [ 84.53227, 27.59964 ], [ 84.53421, 27.5982 ], [ 84.53691, 27.59721 ], [ 84.53813, 27.59657 ], [ 84.53981, 27.59527 ], [ 84.54237, 27.59423 ], [ 84.54295, 27.59384 ], [ 84.54373, 27.59262 ], [ 84.54529, 27.59214 ], [ 84.54609, 27.59145 ], [ 84.54703, 27.59131 ], [ 84.5472, 27.5911 ], [ 84.54717, 27.59064 ], [ 84.54667, 27.5894 ], [ 84.54388, 27.59002 ], [ 84.54235, 27.59016 ], [ 84.54124, 27.58993 ], [ 84.54066, 27.5896 ], [ 84.53995, 27.58856 ], [ 84.53997, 27.58828 ], [ 84.5405, 27.58742 ], [ 84.54022, 27.58683 ], [ 84.53823, 27.58519 ], [ 84.53645, 27.58458 ], [ 84.53543, 27.58383 ], [ 84.53484, 27.58331 ], [ 84.53446, 27.58261 ], [ 84.53458, 27.58153 ], [ 84.53446, 27.58084 ], [ 84.53393, 27.58037 ], [ 84.53157, 27.5793 ], [ 84.52995, 27.57899 ], [ 84.52918, 27.579 ], [ 84.52712, 27.57944 ], [ 84.52557, 27.57855 ], [ 84.52483, 27.57856 ], [ 84.52446, 27.57904 ], [ 84.52445, 27.57972 ], [ 84.52671, 27.58268 ], [ 84.52698, 27.58359 ], [ 84.52641, 27.58433 ], [ 84.52562, 27.58461 ], [ 84.52485, 27.58458 ], [ 84.52362, 27.58419 ], [ 84.52034, 27.58051 ], [ 84.51992, 27.57974 ], [ 84.51949, 27.57819 ], [ 84.51888, 27.57727 ], [ 84.51818, 27.57669 ], [ 84.51627, 27.57566 ], [ 84.51523, 27.57475 ], [ 84.51473, 27.574 ], [ 84.51454, 27.57331 ], [ 84.51463, 27.57251 ], [ 84.51509, 27.57143 ], [ 84.5162, 27.56998 ], [ 84.51843, 27.56889 ], [ 84.51933, 27.56777 ], [ 84.51926, 27.56697 ], [ 84.51858, 27.56612 ], [ 84.5175, 27.56539 ], [ 84.51735, 27.56506 ], [ 84.51748, 27.5647 ], [ 84.51886, 27.56353 ], [ 84.51983, 27.56233 ], [ 84.52162, 27.56055 ], [ 84.52232, 27.55958 ], [ 84.5226, 27.55833 ], [ 84.52254, 27.55781 ], [ 84.52202, 27.55698 ], [ 84.52122, 27.55616 ], [ 84.51912, 27.55457 ], [ 84.51637, 27.55145 ], [ 84.51343, 27.54877 ], [ 84.50899, 27.55066 ], [ 84.50765, 27.55103 ], [ 84.5045, 27.55145 ], [ 84.50251, 27.55194 ], [ 84.5002, 27.55282 ], [ 84.49769, 27.55428 ], [ 84.49626, 27.55724 ], [ 84.49588, 27.56029 ], [ 84.49577, 27.56418 ], [ 84.49553, 27.56563 ], [ 84.49455, 27.56925 ], [ 84.49256, 27.57317 ], [ 84.49164, 27.57468 ], [ 84.49042, 27.5762 ], [ 84.48905, 27.57907 ], [ 84.48723, 27.58074 ], [ 84.48653, 27.58107 ], [ 84.48446, 27.58106 ], [ 84.48284, 27.58076 ], [ 84.48124, 27.58032 ], [ 84.47924, 27.57943 ], [ 84.47838, 27.57871 ], [ 84.47608, 27.57582 ], [ 84.47325, 27.57168 ], [ 84.47139, 27.56998 ], [ 84.47072, 27.5696 ], [ 84.4691, 27.56929 ], [ 84.46642, 27.5695 ], [ 84.46637, 27.56985 ], [ 84.46676, 27.57018 ], [ 84.47007, 27.57148 ], [ 84.47134, 27.57252 ], [ 84.47173, 27.57311 ], [ 84.47227, 27.57461 ], [ 84.47258, 27.57714 ], [ 84.47239, 27.57765 ], [ 84.47178, 27.57825 ], [ 84.46948, 27.57853 ], [ 84.4677, 27.57943 ], [ 84.46624, 27.58091 ], [ 84.46577, 27.58164 ], [ 84.46546, 27.58278 ], [ 84.4656, 27.58325 ], [ 84.46606, 27.58347 ], [ 84.46735, 27.5833 ], [ 84.46724, 27.58428 ], [ 84.46749, 27.58462 ], [ 84.46814, 27.58494 ], [ 84.46968, 27.58507 ], [ 84.47106, 27.5848 ], [ 84.47242, 27.5851 ], [ 84.47404, 27.58519 ], [ 84.47431, 27.58496 ], [ 84.47436, 27.58464 ], [ 84.47413, 27.58357 ], [ 84.47423, 27.58304 ], [ 84.47517, 27.58237 ], [ 84.47522, 27.58145 ], [ 84.47551, 27.58105 ], [ 84.47546, 27.58044 ], [ 84.47569, 27.57983 ], [ 84.47604, 27.57971 ], [ 84.47715, 27.57979 ], [ 84.47808, 27.58025 ], [ 84.47857, 27.58091 ], [ 84.47896, 27.5831 ], [ 84.4795, 27.58449 ], [ 84.48006, 27.58536 ], [ 84.48134, 27.58613 ], [ 84.48302, 27.58645 ], [ 84.48479, 27.58859 ], [ 84.48527, 27.58963 ], [ 84.48528, 27.59009 ], [ 84.48508, 27.59054 ], [ 84.48436, 27.59104 ], [ 84.4833, 27.59147 ], [ 84.4831, 27.59177 ], [ 84.48327, 27.59332 ], [ 84.48302, 27.5948 ], [ 84.48341, 27.59531 ], [ 84.48524, 27.59594 ], [ 84.48561, 27.59623 ], [ 84.4859, 27.59756 ], [ 84.48569, 27.59835 ], [ 84.48527, 27.59871 ], [ 84.4843, 27.59891 ], [ 84.4825, 27.59891 ], [ 84.48184, 27.59983 ], [ 84.48, 27.60061 ], [ 84.47853, 27.60247 ], [ 84.47824, 27.60309 ], [ 84.47819, 27.60669 ], [ 84.47932, 27.60897 ], [ 84.4795, 27.61023 ], [ 84.48115, 27.61128 ], [ 84.48188, 27.61263 ], [ 84.48109, 27.61805 ], [ 84.48146, 27.61875 ], [ 84.48169, 27.61982 ], [ 84.48139, 27.62044 ], [ 84.48072, 27.62083 ], [ 84.47998, 27.62198 ], [ 84.47992, 27.62249 ], [ 84.48044, 27.62325 ], [ 84.48049, 27.62376 ], [ 84.48014, 27.62473 ], [ 84.47955, 27.62539 ], [ 84.47863, 27.62716 ], [ 84.4789, 27.62899 ], [ 84.47845, 27.63088 ], [ 84.47907, 27.63179 ], [ 84.47949, 27.63283 ], [ 84.48103, 27.63396 ], [ 84.48109, 27.63478 ], [ 84.48126, 27.63487 ], [ 84.4832, 27.63423 ], [ 84.48602, 27.63367 ], [ 84.48842, 27.63297 ], [ 84.48884, 27.6329 ], [ 84.4891, 27.63303 ], [ 84.48931, 27.63349 ], [ 84.4892, 27.63412 ], [ 84.48766, 27.63604 ], [ 84.48706, 27.63792 ], [ 84.48674, 27.63844 ], [ 84.48424, 27.64042 ], [ 84.48261, 27.64138 ], [ 84.48222, 27.6422 ], [ 84.48235, 27.64289 ], [ 84.48263, 27.64323 ], [ 84.48316, 27.64342 ], [ 84.48538, 27.64341 ], [ 84.48592, 27.64399 ], [ 84.48604, 27.6453 ], [ 84.4855, 27.64633 ], [ 84.48416, 27.64751 ], [ 84.4839, 27.64805 ], [ 84.48392, 27.64839 ], [ 84.48437, 27.64919 ], [ 84.48511, 27.64986 ], [ 84.48658, 27.65067 ], [ 84.4871, 27.65139 ], [ 84.48735, 27.6522 ], [ 84.48718, 27.65311 ], [ 84.48634, 27.655 ], [ 84.48681, 27.65637 ], [ 84.48676, 27.65706 ], [ 84.4855, 27.6583 ], [ 84.48327, 27.65916 ], [ 84.48192, 27.65998 ], [ 84.48127, 27.66101 ], [ 84.48155, 27.66187 ], [ 84.48302, 27.66321 ], [ 84.48499, 27.66226 ], [ 84.4854, 27.66227 ], [ 84.48584, 27.66304 ], [ 84.48629, 27.66342 ], [ 84.48855, 27.6645 ], [ 84.4887, 27.66536 ], [ 84.48934, 27.66582 ], [ 84.49004, 27.66683 ], [ 84.49062, 27.66717 ], [ 84.49207, 27.66737 ], [ 84.49355, 27.66783 ], [ 84.49453, 27.6676 ], [ 84.49543, 27.66785 ], [ 84.49797, 27.6671 ], [ 84.49898, 27.66642 ], [ 84.49921, 27.66656 ], [ 84.49914, 27.66723 ], [ 84.50016, 27.66747 ], [ 84.50023, 27.66826 ], [ 84.50096, 27.66878 ], [ 84.50107, 27.66926 ], [ 84.50126, 27.66935 ], [ 84.50185, 27.66919 ], [ 84.50247, 27.66963 ], [ 84.50318, 27.66964 ], [ 84.50421, 27.6694 ], [ 84.50498, 27.66947 ], [ 84.50569, 27.66985 ], [ 84.5065, 27.67152 ], [ 84.50703, 27.67168 ], [ 84.50767, 27.67124 ], [ 84.50831, 27.67051 ], [ 84.50944, 27.66826 ], [ 84.50949, 27.66686 ], [ 84.50772, 27.66579 ], [ 84.50747, 27.66515 ], [ 84.50894, 27.66246 ], [ 84.50927, 27.66226 ], [ 84.5099, 27.66253 ], [ 84.51164, 27.66379 ], [ 84.51322, 27.6645 ], [ 84.51417, 27.66481 ], [ 84.51623, 27.66503 ], [ 84.5163, 27.66444 ], [ 84.51538, 27.66286 ], [ 84.51419, 27.65946 ], [ 84.51588, 27.65879 ], [ 84.5183, 27.65751 ], [ 84.52182, 27.65617 ], [ 84.52341, 27.6554 ], [ 84.52434, 27.65673 ], [ 84.52583, 27.65796 ], [ 84.52615, 27.65841 ], [ 84.52638, 27.65903 ], [ 84.52653, 27.66118 ], [ 84.52848, 27.66704 ], [ 84.52866, 27.66737 ], [ 84.52961, 27.6678 ], [ 84.52997, 27.6689 ], [ 84.5306, 27.66933 ], [ 84.53111, 27.6694 ], [ 84.53311, 27.66908 ], [ 84.53436, 27.66985 ], [ 84.53869, 27.67062 ], [ 84.54161, 27.67018 ], [ 84.54199, 27.67038 ], [ 84.54214, 27.67088 ], [ 84.54258, 27.67116 ], [ 84.54396, 27.67027 ], [ 84.54455, 27.67015 ], [ 84.54627, 27.67041 ], [ 84.54742, 27.67106 ], [ 84.54817, 27.67185 ], [ 84.5491, 27.67327 ], [ 84.5503, 27.67424 ], [ 84.5505, 27.67471 ], [ 84.55054, 27.67586 ], [ 84.55094, 27.6765 ], [ 84.55267, 27.67772 ], [ 84.55434, 27.6779 ], [ 84.55501, 27.67823 ], [ 84.55553, 27.67876 ], [ 84.55593, 27.68002 ], [ 84.55638, 27.68053 ], [ 84.55701, 27.68087 ], [ 84.55796, 27.68109 ], [ 84.56009, 27.68108 ], [ 84.56169, 27.68126 ] ] ] } },
{ "type": "Feature", "properties": { "fid": 504, "STATE_CODE": 5.0, "DISTRICT": "PALPA", "GaPa_NaPa": "Tinau", "Type_GN": "Gaunpalika", "Province": "5" }, "geometry": { "type": "Polygon", "coordinates": [ [ [ 83.49967, 27.82907 ], [ 83.49993, 27.82885 ], [ 83.49934, 27.82813 ], [ 83.49897, 27.82728 ], [ 83.49753, 27.82628 ], [ 83.49689, 27.82527 ], [ 83.49488, 27.824 ], [ 83.49419, 27.82289 ], [ 83.49327, 27.82209 ], [ 83.49288, 27.82094 ], [ 83.49298, 27.82023 ], [ 83.49382, 27.81944 ], [ 83.49442, 27.81928 ], [ 83.49491, 27.8185 ], [ 83.49738, 27.81812 ], [ 83.49918, 27.81825 ], [ 83.49986, 27.81755 ], [ 83.50254, 27.81645 ], [ 83.50478, 27.81607 ], [ 83.50505, 27.81563 ], [ 83.50533, 27.81449 ], [ 83.50596, 27.81379 ], [ 83.50702, 27.81365 ], [ 83.50869, 27.81244 ], [ 83.51109, 27.81257 ], [ 83.5135, 27.81222 ], [ 83.51409, 27.81188 ], [ 83.51445, 27.81093 ], [ 83.51451, 27.80986 ], [ 83.5151, 27.80852 ], [ 83.51431, 27.80623 ], [ 83.51458, 27.80434 ], [ 83.51415, 27.8025 ], [ 83.51439, 27.80096 ], [ 83.51487, 27.7997 ], [ 83.51485, 27.79854 ], [ 83.51515, 27.79829 ], [ 83.51821, 27.7985 ], [ 83.51916, 27.79726 ], [ 83.5196, 27.79692 ], [ 83.51998, 27.79697 ], [ 83.52093, 27.79752 ], [ 83.52215, 27.79773 ], [ 83.52324, 27.79705 ], [ 83.5238, 27.7969 ], [ 83.52461, 27.79613 ], [ 83.52545, 27.79563 ], [ 83.52579, 27.7957 ], [ 83.52594, 27.79596 ], [ 83.52566, 27.7968 ], [ 83.52607, 27.79786 ], [ 83.52604, 27.79822 ], [ 83.52649, 27.79836 ], [ 83.52688, 27.7981 ], [ 83.52733, 27.79733 ], [ 83.52726, 27.79612 ], [ 83.52756, 27.79548 ], [ 83.52799, 27.79516 ], [ 83.5296, 27.79599 ], [ 83.5297, 27.79638 ], [ 83.52936, 27.79729 ], [ 83.52935, 27.798 ], [ 83.52969, 27.79827 ], [ 83.53018, 27.79826 ], [ 83.53065, 27.79737 ], [ 83.53053, 27.79576 ], [ 83.53065, 27.79515 ], [ 83.53093, 27.79485 ], [ 83.53132, 27.79476 ], [ 83.53228, 27.79512 ], [ 83.53275, 27.79609 ], [ 83.53324, 27.79631 ], [ 83.53549, 27.79635 ], [ 83.53692, 27.79565 ], [ 83.53756, 27.79562 ], [ 83.5379, 27.7958 ], [ 83.53798, 27.79611 ], [ 83.53771, 27.79669 ], [ 83.5379, 27.79723 ], [ 83.53822, 27.79724 ], [ 83.54029, 27.79647 ], [ 83.54183, 27.79679 ], [ 83.54304, 27.79623 ], [ 83.54342, 27.79628 ], [ 83.54393, 27.79671 ], [ 83.54419, 27.79675 ], [ 83.5446, 27.79668 ], [ 83.54484, 27.79629 ], [ 83.54483, 27.79581 ], [ 83.54541, 27.79551 ], [ 83.5455, 27.79442 ], [ 83.54579, 27.79395 ], [ 83.5463, 27.79379 ], [ 83.54752, 27.79429 ], [ 83.54878, 27.7941 ], [ 83.54854, 27.79448 ], [ 83.54835, 27.79557 ], [ 83.54791, 27.79605 ], [ 83.54659, 27.79681 ], [ 83.54626, 27.79723 ], [ 83.54631, 27.79798 ], [ 83.54696, 27.79871 ], [ 83.5477, 27.79892 ], [ 83.549, 27.79858 ], [ 83.55045, 27.79855 ], [ 83.55224, 27.79923 ], [ 83.55341, 27.7999 ], [ 83.55384, 27.79995 ], [ 83.55462, 27.79935 ], [ 83.55505, 27.79798 ], [ 83.55573, 27.79742 ], [ 83.55641, 27.79754 ], [ 83.55723, 27.79863 ], [ 83.55782, 27.79902 ], [ 83.55876, 27.79902 ], [ 83.56066, 27.79867 ], [ 83.5617, 27.79884 ], [ 83.56191, 27.79902 ], [ 83.56195, 27.79946 ], [ 83.56062, 27.80049 ], [ 83.56037, 27.80128 ], [ 83.56344, 27.80426 ], [ 83.56566, 27.80493 ], [ 83.56743, 27.80617 ], [ 83.5707, 27.80577 ], [ 83.57161, 27.80542 ], [ 83.57225, 27.80455 ], [ 83.57304, 27.80426 ], [ 83.5733, 27.80432 ], [ 83.57353, 27.80469 ], [ 83.57342, 27.80589 ], [ 83.57356, 27.80618 ], [ 83.57377, 27.80642 ], [ 83.57516, 27.8068 ], [ 83.57546, 27.80667 ], [ 83.5771, 27.80493 ], [ 83.57701, 27.80336 ], [ 83.5774, 27.80287 ], [ 83.5781, 27.80232 ], [ 83.57961, 27.8018 ], [ 83.58009, 27.80049 ], [ 83.58146, 27.79936 ], [ 83.58223, 27.79846 ], [ 83.58277, 27.79715 ], [ 83.5828, 27.79669 ], [ 83.58226, 27.79355 ], [ 83.58268, 27.7913 ], [ 83.58271, 27.78993 ], [ 83.58249, 27.78862 ], [ 83.58184, 27.78715 ], [ 83.58151, 27.78592 ], [ 83.5816, 27.78432 ], [ 83.5814, 27.78309 ], [ 83.58197, 27.78329 ], [ 83.58317, 27.78324 ], [ 83.58477, 27.78274 ], [ 83.5864, 27.78275 ], [ 83.58714, 27.78241 ], [ 83.58791, 27.78168 ], [ 83.58878, 27.78125 ], [ 83.59198, 27.78027 ], [ 83.593, 27.77916 ], [ 83.59422, 27.77836 ], [ 83.59489, 27.77662 ], [ 83.59578, 27.77606 ], [ 83.59608, 27.77546 ], [ 83.59665, 27.77505 ], [ 83.59736, 27.77417 ], [ 83.59746, 27.77203 ], [ 83.59731, 27.77134 ], [ 83.59566, 27.76953 ], [ 83.5951, 27.76863 ], [ 83.595, 27.76772 ], [ 83.5953, 27.76535 ], [ 83.59479, 27.76357 ], [ 83.59478, 27.76227 ], [ 83.59451, 27.76111 ], [ 83.59487, 27.75978 ], [ 83.59518, 27.75628 ], [ 83.59604, 27.75461 ], [ 83.59659, 27.75249 ], [ 83.59704, 27.7516 ], [ 83.59716, 27.75092 ], [ 83.59701, 27.75015 ], [ 83.59769, 27.74879 ], [ 83.59787, 27.74787 ], [ 83.59777, 27.74741 ], [ 83.59657, 27.74574 ], [ 83.59486, 27.74405 ], [ 83.59404, 27.74347 ], [ 83.59304, 27.74322 ], [ 83.59214, 27.74332 ], [ 83.59083, 27.74419 ], [ 83.59039, 27.74458 ], [ 83.58989, 27.7456 ], [ 83.5891, 27.74617 ], [ 83.58806, 27.74745 ], [ 83.58701, 27.74806 ], [ 83.58601, 27.74889 ], [ 83.58562, 27.74902 ], [ 83.58365, 27.74817 ], [ 83.58199, 27.74772 ], [ 83.58065, 27.74708 ], [ 83.58008, 27.74668 ], [ 83.57961, 27.74602 ], [ 83.57779, 27.74428 ], [ 83.57657, 27.74355 ], [ 83.57651, 27.74334 ], [ 83.57735, 27.74232 ], [ 83.57739, 27.74164 ], [ 83.57686, 27.74056 ], [ 83.57535, 27.73844 ], [ 83.57515, 27.73805 ], [ 83.57516, 27.73767 ], [ 83.57446, 27.73643 ], [ 83.57427, 27.73566 ], [ 83.57386, 27.73506 ], [ 83.57306, 27.7344 ], [ 83.57282, 27.73372 ], [ 83.57129, 27.73243 ], [ 83.57091, 27.73166 ], [ 83.57043, 27.73111 ], [ 83.56954, 27.73044 ], [ 83.56776, 27.72971 ], [ 83.56517, 27.72805 ], [ 83.56441, 27.72777 ], [ 83.56515, 27.72725 ], [ 83.56634, 27.72674 ], [ 83.5667, 27.72633 ], [ 83.56637, 27.72483 ], [ 83.56577, 27.72339 ], [ 83.56583, 27.72264 ], [ 83.56604, 27.72219 ], [ 83.56674, 27.72167 ], [ 83.56744, 27.72168 ], [ 83.56799, 27.72145 ], [ 83.56831, 27.72065 ], [ 83.5683, 27.71928 ], [ 83.56871, 27.71837 ], [ 83.56961, 27.7176 ], [ 83.5717, 27.71664 ], [ 83.57127, 27.71585 ], [ 83.57153, 27.71493 ], [ 83.57235, 27.71449 ], [ 83.57346, 27.71421 ], [ 83.57525, 27.7129 ], [ 83.57586, 27.7109 ], [ 83.57663, 27.71014 ], [ 83.57702, 27.71013 ], [ 83.57752, 27.71042 ], [ 83.57885, 27.71215 ], [ 83.58037, 27.71291 ], [ 83.58106, 27.71343 ], [ 83.58591, 27.71468 ], [ 83.58678, 27.71533 ], [ 83.58768, 27.71504 ], [ 83.5874, 27.71443 ], [ 83.58732, 27.71345 ], [ 83.5865, 27.71211 ], [ 83.58652, 27.71143 ], [ 83.58574, 27.71015 ], [ 83.58568, 27.70963 ], [ 83.58591, 27.70912 ], [ 83.58552, 27.70774 ], [ 83.58584, 27.70706 ], [ 83.58579, 27.70671 ], [ 83.58606, 27.70595 ], [ 83.58403, 27.70507 ], [ 83.58269, 27.70559 ], [ 83.58175, 27.70542 ], [ 83.58056, 27.70495 ], [ 83.5779, 27.70525 ], [ 83.57656, 27.70635 ], [ 83.57569, 27.70685 ], [ 83.57405, 27.70738 ], [ 83.573, 27.70813 ], [ 83.57188, 27.70825 ], [ 83.57084, 27.70876 ], [ 83.56974, 27.70994 ], [ 83.56799, 27.71101 ], [ 83.56762, 27.7115 ], [ 83.56746, 27.71253 ], [ 83.56706, 27.71298 ], [ 83.56516, 27.71342 ], [ 83.56337, 27.71338 ], [ 83.56112, 27.71405 ], [ 83.55907, 27.71528 ], [ 83.55843, 27.71588 ], [ 83.55698, 27.71654 ], [ 83.55595, 27.71676 ], [ 83.55501, 27.71668 ], [ 83.55371, 27.71698 ], [ 83.55124, 27.71637 ], [ 83.54738, 27.71674 ], [ 83.54607, 27.71742 ], [ 83.54437, 27.71914 ], [ 83.54291, 27.7196 ], [ 83.54201, 27.72019 ], [ 83.54047, 27.72016 ], [ 83.53958, 27.72037 ], [ 83.53881, 27.72125 ], [ 83.53779, 27.72174 ], [ 83.53671, 27.72265 ], [ 83.53376, 27.72406 ], [ 83.53266, 27.72506 ], [ 83.53149, 27.72564 ], [ 83.53111, 27.726 ], [ 83.52959, 27.72514 ], [ 83.52921, 27.72446 ], [ 83.52895, 27.72434 ], [ 83.52794, 27.72466 ], [ 83.52704, 27.72547 ], [ 83.52573, 27.7255 ], [ 83.52524, 27.72591 ], [ 83.52358, 27.72645 ], [ 83.52174, 27.72558 ], [ 83.51839, 27.72578 ], [ 83.51774, 27.72597 ], [ 83.51714, 27.72692 ], [ 83.51636, 27.72719 ], [ 83.51552, 27.72818 ], [ 83.51432, 27.72888 ], [ 83.51337, 27.72917 ], [ 83.51294, 27.72905 ], [ 83.51236, 27.72852 ], [ 83.51175, 27.72718 ], [ 83.51074, 27.72653 ], [ 83.5102, 27.72594 ], [ 83.50948, 27.72557 ], [ 83.50771, 27.72514 ], [ 83.50574, 27.72525 ], [ 83.50254, 27.7262 ], [ 83.50182, 27.72674 ], [ 83.50061, 27.72872 ], [ 83.49995, 27.72924 ], [ 83.49926, 27.72947 ], [ 83.49875, 27.72933 ], [ 83.49761, 27.72856 ], [ 83.49673, 27.72783 ], [ 83.49603, 27.72695 ], [ 83.49442, 27.72612 ], [ 83.4928, 27.72575 ], [ 83.49203, 27.72587 ], [ 83.49124, 27.7266 ], [ 83.49035, 27.72832 ], [ 83.48982, 27.72894 ], [ 83.48925, 27.72938 ], [ 83.48793, 27.72963 ], [ 83.48743, 27.73046 ], [ 83.48726, 27.73049 ], [ 83.48592, 27.72956 ], [ 83.48485, 27.72821 ], [ 83.48391, 27.7262 ], [ 83.48216, 27.72478 ], [ 83.47552, 27.72145 ], [ 83.47412, 27.72166 ], [ 83.47103, 27.72115 ], [ 83.46983, 27.72127 ], [ 83.46863, 27.72178 ], [ 83.46704, 27.72311 ], [ 83.46439, 27.72422 ], [ 83.46305, 27.72582 ], [ 83.46055, 27.72636 ], [ 83.45823, 27.72635 ], [ 83.45675, 27.7271 ], [ 83.45571, 27.7273 ], [ 83.45535, 27.72794 ], [ 83.45489, 27.72811 ], [ 83.45354, 27.72768 ], [ 83.45184, 27.72652 ], [ 83.45098, 27.72657 ], [ 83.44924, 27.72725 ], [ 83.44792, 27.72693 ], [ 83.44728, 27.72647 ], [ 83.44513, 27.72418 ], [ 83.44437, 27.72385 ], [ 83.44301, 27.72401 ], [ 83.44233, 27.72433 ], [ 83.44217, 27.72486 ], [ 83.44215, 27.72524 ], [ 83.44276, 27.72623 ], [ 83.44252, 27.72699 ], [ 83.44065, 27.7297 ], [ 83.4397, 27.73058 ], [ 83.43844, 27.73214 ], [ 83.43764, 27.73239 ], [ 83.43678, 27.73244 ], [ 83.43537, 27.73175 ], [ 83.43452, 27.73162 ], [ 83.43402, 27.73183 ], [ 83.43338, 27.7324 ], [ 83.4323, 27.73506 ], [ 83.43239, 27.73545 ], [ 83.43313, 27.73648 ], [ 83.43322, 27.73765 ], [ 83.43251, 27.73889 ], [ 83.43196, 27.73935 ], [ 83.43033, 27.73921 ], [ 83.42889, 27.73934 ], [ 83.42629, 27.74136 ], [ 83.42483, 27.74195 ], [ 83.42327, 27.7413 ], [ 83.42255, 27.74053 ], [ 83.42214, 27.73983 ], [ 83.42011, 27.74104 ], [ 83.4183, 27.74178 ], [ 83.41735, 27.74196 ], [ 83.41624, 27.74187 ], [ 83.41548, 27.7416 ], [ 83.41462, 27.74104 ], [ 83.41315, 27.7389 ], [ 83.41134, 27.73789 ], [ 83.41015, 27.7365 ], [ 83.40918, 27.73599 ], [ 83.40842, 27.73503 ], [ 83.40594, 27.73469 ], [ 83.40523, 27.73494 ], [ 83.40299, 27.73704 ], [ 83.40213, 27.73694 ], [ 83.40116, 27.73711 ], [ 83.39959, 27.73804 ], [ 83.39743, 27.7407 ], [ 83.39661, 27.74225 ], [ 83.39619, 27.74377 ], [ 83.39441, 27.74611 ], [ 83.39289, 27.74678 ], [ 83.3916, 27.74802 ], [ 83.39109, 27.74832 ], [ 83.38971, 27.74874 ], [ 83.38865, 27.74882 ], [ 83.38787, 27.74782 ], [ 83.3872, 27.74757 ], [ 83.38593, 27.74746 ], [ 83.38515, 27.74714 ], [ 83.38436, 27.74526 ], [ 83.38426, 27.74341 ], [ 83.38355, 27.74284 ], [ 83.38256, 27.74287 ], [ 83.3812, 27.74316 ], [ 83.37949, 27.74305 ], [ 83.37776, 27.74329 ], [ 83.377, 27.74312 ], [ 83.37631, 27.74331 ], [ 83.37577, 27.74324 ], [ 83.37562, 27.7426 ], [ 83.37576, 27.74128 ], [ 83.37566, 27.74088 ], [ 83.37311, 27.73667 ], [ 83.37289, 27.73609 ], [ 83.37307, 27.73497 ], [ 83.37267, 27.73469 ], [ 83.37094, 27.73504 ], [ 83.36894, 27.73638 ], [ 83.36708, 27.73693 ], [ 83.36675, 27.73717 ], [ 83.36623, 27.73797 ], [ 83.36599, 27.73965 ], [ 83.36502, 27.74112 ], [ 83.36439, 27.7415 ], [ 83.36284, 27.74193 ], [ 83.36234, 27.74225 ], [ 83.36215, 27.74256 ], [ 83.36206, 27.74376 ], [ 83.36168, 27.74448 ], [ 83.35848, 27.74906 ], [ 83.35839, 27.751 ], [ 83.35819, 27.75145 ], [ 83.35743, 27.75221 ], [ 83.35485, 27.7527 ], [ 83.35293, 27.75157 ], [ 83.3496, 27.75046 ], [ 83.34898, 27.75049 ], [ 83.34818, 27.7502 ], [ 83.3477, 27.74968 ], [ 83.34602, 27.7499 ], [ 83.3462, 27.75175 ], [ 83.34601, 27.75256 ], [ 83.34546, 27.75356 ], [ 83.3453, 27.75449 ], [ 83.34484, 27.75571 ], [ 83.34371, 27.75695 ], [ 83.34204, 27.75809 ], [ 83.34008, 27.75798 ], [ 83.34053, 27.75836 ], [ 83.34122, 27.76091 ], [ 83.34128, 27.76267 ], [ 83.34186, 27.76759 ], [ 83.34192, 27.76964 ], [ 83.34247, 27.77303 ], [ 83.34233, 27.77492 ], [ 83.34256, 27.77608 ], [ 83.34324, 27.77782 ], [ 83.3434, 27.77884 ], [ 83.34329, 27.77918 ], [ 83.34364, 27.78011 ], [ 83.34349, 27.78158 ], [ 83.3439, 27.78275 ], [ 83.34456, 27.78312 ], [ 83.34541, 27.78238 ], [ 83.34751, 27.78246 ], [ 83.3481, 27.78263 ], [ 83.34875, 27.78307 ], [ 83.34884, 27.78354 ], [ 83.34858, 27.78384 ], [ 83.34723, 27.78436 ], [ 83.34718, 27.78466 ], [ 83.34737, 27.78488 ], [ 83.34824, 27.78493 ], [ 83.35047, 27.78413 ], [ 83.3513, 27.78444 ], [ 83.35224, 27.78431 ], [ 83.35287, 27.78516 ], [ 83.35377, 27.78584 ], [ 83.35322, 27.78702 ], [ 83.35334, 27.78808 ], [ 83.35302, 27.7895 ], [ 83.35376, 27.79053 ], [ 83.35363, 27.79082 ], [ 83.35309, 27.79117 ], [ 83.35252, 27.7923 ], [ 83.35209, 27.79257 ], [ 83.35149, 27.7934 ], [ 83.35135, 27.79386 ], [ 83.35295, 27.79528 ], [ 83.35324, 27.7958 ], [ 83.3534, 27.79804 ], [ 83.35288, 27.79929 ], [ 83.3531, 27.80113 ], [ 83.3528, 27.80386 ], [ 83.35313, 27.80495 ], [ 83.35415, 27.80662 ], [ 83.35452, 27.80794 ], [ 83.35322, 27.80985 ], [ 83.35152, 27.81129 ], [ 83.35055, 27.81175 ], [ 83.35015, 27.81234 ], [ 83.34959, 27.81385 ], [ 83.34845, 27.81515 ], [ 83.34874, 27.81563 ], [ 83.34984, 27.8157 ], [ 83.35082, 27.81604 ], [ 83.35134, 27.81591 ], [ 83.35201, 27.81558 ], [ 83.35314, 27.81468 ], [ 83.35538, 27.81422 ], [ 83.35693, 27.81369 ], [ 83.35834, 27.81297 ], [ 83.35954, 27.81312 ], [ 83.36, 27.81276 ], [ 83.36066, 27.81287 ], [ 83.36178, 27.81277 ], [ 83.36255, 27.81295 ], [ 83.364, 27.81255 ], [ 83.36748, 27.81079 ], [ 83.37024, 27.81009 ], [ 83.37223, 27.80985 ], [ 83.37461, 27.81014 ], [ 83.3751, 27.81034 ], [ 83.37547, 27.8108 ], [ 83.37578, 27.81189 ], [ 83.37663, 27.81278 ], [ 83.37681, 27.81362 ], [ 83.37683, 27.81564 ], [ 83.37715, 27.81704 ], [ 83.37777, 27.81772 ], [ 83.37913, 27.81861 ], [ 83.38036, 27.81996 ], [ 83.38218, 27.81992 ], [ 83.38375, 27.82055 ], [ 83.3868, 27.81859 ], [ 83.38848, 27.8165 ], [ 83.39123, 27.8122 ], [ 83.39173, 27.81174 ], [ 83.39269, 27.81125 ], [ 83.39484, 27.81056 ], [ 83.39531, 27.80976 ], [ 83.39648, 27.80664 ], [ 83.39709, 27.80584 ], [ 83.39776, 27.8053 ], [ 83.40177, 27.80247 ], [ 83.40475, 27.80132 ], [ 83.40532, 27.80066 ], [ 83.40639, 27.80008 ], [ 83.40697, 27.79943 ], [ 83.40795, 27.799 ], [ 83.40819, 27.79828 ], [ 83.40903, 27.7974 ], [ 83.40977, 27.79714 ], [ 83.41091, 27.79627 ], [ 83.41255, 27.79467 ], [ 83.41305, 27.79445 ], [ 83.41396, 27.79452 ], [ 83.41574, 27.79413 ], [ 83.41669, 27.7935 ], [ 83.41696, 27.79211 ], [ 83.41716, 27.79193 ], [ 83.41832, 27.79186 ], [ 83.41979, 27.7915 ], [ 83.42038, 27.79119 ], [ 83.42072, 27.79068 ], [ 83.42134, 27.79033 ], [ 83.42129, 27.79158 ], [ 83.42148, 27.79256 ], [ 83.4211, 27.79316 ], [ 83.42121, 27.79337 ], [ 83.42323, 27.7936 ], [ 83.42654, 27.79471 ], [ 83.42688, 27.79509 ], [ 83.42706, 27.7958 ], [ 83.42686, 27.79658 ], [ 83.4277, 27.79928 ], [ 83.42706, 27.80127 ], [ 83.427, 27.80244 ], [ 83.42736, 27.80346 ], [ 83.42863, 27.80484 ], [ 83.42895, 27.80636 ], [ 83.42852, 27.80712 ], [ 83.42856, 27.80744 ], [ 83.42913, 27.80806 ], [ 83.42999, 27.80947 ], [ 83.43008, 27.81054 ], [ 83.43162, 27.8119 ], [ 83.43388, 27.81108 ], [ 83.43565, 27.8101 ], [ 83.43729, 27.80941 ], [ 83.44034, 27.80775 ], [ 83.44097, 27.80716 ], [ 83.44213, 27.80679 ], [ 83.4431, 27.8069 ], [ 83.44347, 27.8068 ], [ 83.44367, 27.80642 ], [ 83.44403, 27.80621 ], [ 83.44419, 27.8057 ], [ 83.44398, 27.80472 ], [ 83.44538, 27.80306 ], [ 83.44545, 27.80218 ], [ 83.44578, 27.80206 ], [ 83.446, 27.801 ], [ 83.44624, 27.80076 ], [ 83.44775, 27.80094 ], [ 83.4494, 27.80022 ], [ 83.45095, 27.79984 ], [ 83.45147, 27.79957 ], [ 83.45247, 27.79948 ], [ 83.45334, 27.79902 ], [ 83.45373, 27.79903 ], [ 83.45495, 27.79954 ], [ 83.45604, 27.79869 ], [ 83.45637, 27.79964 ], [ 83.4568, 27.80029 ], [ 83.45741, 27.80396 ], [ 83.45763, 27.80416 ], [ 83.45807, 27.80423 ], [ 83.45929, 27.80412 ], [ 83.45941, 27.80441 ], [ 83.45847, 27.80537 ], [ 83.45753, 27.80573 ], [ 83.45721, 27.80575 ], [ 83.4558, 27.80514 ], [ 83.45424, 27.80569 ], [ 83.45372, 27.80607 ], [ 83.4536, 27.80647 ], [ 83.45279, 27.80719 ], [ 83.45242, 27.80732 ], [ 83.45119, 27.80721 ], [ 83.45077, 27.80693 ], [ 83.45031, 27.80685 ], [ 83.44951, 27.80736 ], [ 83.44839, 27.8076 ], [ 83.44824, 27.80792 ], [ 83.44836, 27.8083 ], [ 83.44779, 27.80884 ], [ 83.44786, 27.80965 ], [ 83.44637, 27.81007 ], [ 83.4463, 27.81037 ], [ 83.44787, 27.81166 ], [ 83.44913, 27.81231 ], [ 83.44968, 27.81233 ], [ 83.45264, 27.812 ], [ 83.45345, 27.81172 ], [ 83.45564, 27.81191 ], [ 83.45669, 27.81253 ], [ 83.45819, 27.8127 ], [ 83.45843, 27.81311 ], [ 83.4583, 27.81403 ], [ 83.4586, 27.81459 ], [ 83.45896, 27.8148 ], [ 83.45988, 27.81504 ], [ 83.46171, 27.81501 ], [ 83.46246, 27.81544 ], [ 83.46443, 27.81576 ], [ 83.466, 27.81642 ], [ 83.46746, 27.81746 ], [ 83.4678, 27.8175 ], [ 83.46904, 27.81731 ], [ 83.47059, 27.8173 ], [ 83.4711, 27.81757 ], [ 83.47253, 27.81724 ], [ 83.47288, 27.81681 ], [ 83.47351, 27.81642 ], [ 83.47482, 27.81439 ], [ 83.47609, 27.81398 ], [ 83.47655, 27.8142 ], [ 83.47728, 27.81502 ], [ 83.47813, 27.81504 ], [ 83.47815, 27.81579 ], [ 83.47934, 27.81685 ], [ 83.47908, 27.8172 ], [ 83.47861, 27.81735 ], [ 83.47852, 27.81772 ], [ 83.4804, 27.82019 ], [ 83.48047, 27.82075 ], [ 83.48031, 27.8212 ], [ 83.47919, 27.82194 ], [ 83.47966, 27.82255 ], [ 83.47952, 27.82363 ], [ 83.48007, 27.82416 ], [ 83.48136, 27.82481 ], [ 83.48192, 27.82543 ], [ 83.48319, 27.82615 ], [ 83.4839, 27.82688 ], [ 83.48458, 27.82795 ], [ 83.48553, 27.82879 ], [ 83.48759, 27.8281 ], [ 83.48854, 27.82733 ], [ 83.49078, 27.82705 ], [ 83.4913, 27.82715 ], [ 83.49195, 27.82785 ], [ 83.49341, 27.82866 ], [ 83.49461, 27.82868 ], [ 83.49563, 27.8291 ], [ 83.49734, 27.8294 ], [ 83.49967, 27.82907 ] ] ] } },
{ "type": "Feature", "properties": { "fid": 512, "STATE_CODE": 5.0, "DISTRICT": "RUPANDEHI", "GaPa_NaPa": "Butwal", "Type_GN": "Upamahanagarpalika", "Province": "5" }, "geometry": { "type": "Polygon", "coordinates": [ [ [ 83.3916, 27.74802 ], [ 83.39289, 27.74678 ], [ 83.39432, 27.74618 ], [ 83.3947, 27.74577 ], [ 83.39505, 27.74511 ], [ 83.39619, 27.74377 ], [ 83.39661, 27.74225 ], [ 83.39743, 27.7407 ], [ 83.39959, 27.73804 ], [ 83.40116, 27.73711 ], [ 83.40213, 27.73694 ], [ 83.40299, 27.73704 ], [ 83.40523, 27.73494 ], [ 83.40594, 27.73469 ], [ 83.40842, 27.73503 ], [ 83.40918, 27.73599 ], [ 83.41015, 27.7365 ], [ 83.41134, 27.73789 ], [ 83.41315, 27.7389 ], [ 83.41462, 27.74104 ], [ 83.41548, 27.7416 ], [ 83.41624, 27.74187 ], [ 83.41735, 27.74196 ], [ 83.4183, 27.74178 ], [ 83.42011, 27.74104 ], [ 83.42214, 27.73983 ], [ 83.42255, 27.74053 ], [ 83.42327, 27.7413 ], [ 83.42483, 27.74195 ], [ 83.42629, 27.74136 ], [ 83.42889, 27.73934 ], [ 83.43033, 27.73921 ], [ 83.43196, 27.73935 ], [ 83.43251, 27.73889 ], [ 83.43322, 27.73765 ], [ 83.43313, 27.73648 ], [ 83.43239, 27.73545 ], [ 83.4323, 27.73506 ], [ 83.43338, 27.7324 ], [ 83.43402, 27.73183 ], [ 83.43452, 27.73162 ], [ 83.43537, 27.73175 ], [ 83.43678, 27.73244 ], [ 83.43764, 27.73239 ], [ 83.43844, 27.73214 ], [ 83.4397, 27.73058 ], [ 83.44065, 27.7297 ], [ 83.44115, 27.72886 ], [ 83.44198, 27.72793 ], [ 83.44271, 27.72661 ], [ 83.4427, 27.72608 ], [ 83.44215, 27.72524 ], [ 83.44233, 27.72433 ], [ 83.44301, 27.72401 ], [ 83.44394, 27.72384 ], [ 83.44454, 27.7239 ], [ 83.44536, 27.72434 ], [ 83.44728, 27.72647 ], [ 83.44792, 27.72693 ], [ 83.44924, 27.72725 ], [ 83.45098, 27.72657 ], [ 83.45184, 27.72652 ], [ 83.45354, 27.72768 ], [ 83.45489, 27.72811 ], [ 83.45535, 27.72794 ], [ 83.45571, 27.7273 ], [ 83.45675, 27.7271 ], [ 83.45823, 27.72635 ], [ 83.46055, 27.72636 ], [ 83.46305, 27.72582 ], [ 83.46439, 27.72422 ], [ 83.46704, 27.72311 ], [ 83.46863, 27.72178 ], [ 83.46983, 27.72127 ], [ 83.47103, 27.72115 ], [ 83.47412, 27.72166 ], [ 83.47552, 27.72145 ], [ 83.48216, 27.72478 ], [ 83.48391, 27.7262 ], [ 83.48485, 27.72821 ], [ 83.48592, 27.72956 ], [ 83.487, 27.73043 ], [ 83.48743, 27.73046 ], [ 83.48793, 27.72963 ], [ 83.48925, 27.72938 ], [ 83.48982, 27.72894 ], [ 83.49035, 27.72832 ], [ 83.49124, 27.7266 ], [ 83.49203, 27.72587 ], [ 83.49142, 27.7254 ], [ 83.49127, 27.72383 ], [ 83.49059, 27.72194 ], [ 83.48852, 27.72106 ], [ 83.48893, 27.71979 ], [ 83.49034, 27.71728 ], [ 83.4921, 27.71503 ], [ 83.49332, 27.71126 ], [ 83.49433, 27.70871 ], [ 83.49496, 27.70778 ], [ 83.4955, 27.70758 ], [ 83.49611, 27.7071 ], [ 83.49637, 27.70653 ], [ 83.49774, 27.70568 ], [ 83.49871, 27.70547 ], [ 83.49906, 27.70502 ], [ 83.49931, 27.70451 ], [ 83.49945, 27.70363 ], [ 83.49989, 27.70326 ], [ 83.50012, 27.70252 ], [ 83.50071, 27.70222 ], [ 83.50109, 27.70171 ], [ 83.50167, 27.70002 ], [ 83.50147, 27.6987 ], [ 83.50251, 27.69756 ], [ 83.50278, 27.69693 ], [ 83.50288, 27.69579 ], [ 83.50352, 27.69368 ], [ 83.50358, 27.69305 ], [ 83.50334, 27.69172 ], [ 83.50353, 27.69006 ], [ 83.50402, 27.68893 ], [ 83.5041, 27.68824 ], [ 83.50325, 27.6866 ], [ 83.50339, 27.68517 ], [ 83.50322, 27.6843 ], [ 83.50217, 27.6829 ], [ 83.50244, 27.68152 ], [ 83.50174, 27.68058 ], [ 83.50077, 27.67824 ], [ 83.49957, 27.67699 ], [ 83.49906, 27.67685 ], [ 83.49819, 27.67708 ], [ 83.49656, 27.67706 ], [ 83.49622, 27.67688 ], [ 83.49623, 27.67657 ], [ 83.4969, 27.67601 ], [ 83.49704, 27.67554 ], [ 83.4952, 27.67451 ], [ 83.49493, 27.67387 ], [ 83.49515, 27.67368 ], [ 83.49528, 27.67374 ], [ 83.4961, 27.67456 ], [ 83.49644, 27.67453 ], [ 83.49675, 27.67427 ], [ 83.49686, 27.67387 ], [ 83.49661, 27.67346 ], [ 83.49697, 27.67276 ], [ 83.49682, 27.67195 ], [ 83.4982, 27.66933 ], [ 83.49906, 27.66844 ], [ 83.49971, 27.6689 ], [ 83.50061, 27.66826 ], [ 83.50064, 27.66769 ], [ 83.50018, 27.66686 ], [ 83.49875, 27.66777 ], [ 83.4952, 27.67123 ], [ 83.49403, 27.67198 ], [ 83.49106, 27.67307 ], [ 83.48926, 27.67061 ], [ 83.4858, 27.66974 ], [ 83.48305, 27.66875 ], [ 83.48067, 27.66824 ], [ 83.47901, 27.66754 ], [ 83.47315, 27.66761 ], [ 83.47185, 27.66789 ], [ 83.46895, 27.66807 ], [ 83.46818, 27.66791 ], [ 83.46436, 27.66774 ], [ 83.46064, 27.6666 ], [ 83.45833, 27.66609 ], [ 83.44969, 27.66647 ], [ 83.44991, 27.66145 ], [ 83.44904, 27.65523 ], [ 83.44976, 27.65079 ], [ 83.44989, 27.64773 ], [ 83.45051, 27.64528 ], [ 83.45008, 27.64518 ], [ 83.44917, 27.64457 ], [ 83.44745, 27.64254 ], [ 83.44317, 27.63922 ], [ 83.44267, 27.63864 ], [ 83.44107, 27.63535 ], [ 83.44011, 27.6339 ], [ 83.43805, 27.6294 ], [ 83.43708, 27.62824 ], [ 83.43504, 27.62507 ], [ 83.43346, 27.62119 ], [ 83.43327, 27.61969 ], [ 83.43215, 27.61641 ], [ 83.43202, 27.61556 ], [ 83.42994, 27.61654 ], [ 83.42716, 27.61737 ], [ 83.42545, 27.61817 ], [ 83.42565, 27.61867 ], [ 83.42538, 27.61947 ], [ 83.42618, 27.62025 ], [ 83.4267, 27.62133 ], [ 83.42634, 27.62218 ], [ 83.42641, 27.62281 ], [ 83.42662, 27.62309 ], [ 83.42774, 27.62366 ], [ 83.42771, 27.62406 ], [ 83.42732, 27.62423 ], [ 83.42598, 27.62405 ], [ 83.4243, 27.62431 ], [ 83.42196, 27.62542 ], [ 83.42131, 27.62557 ], [ 83.42094, 27.62583 ], [ 83.41949, 27.62898 ], [ 83.41932, 27.62956 ], [ 83.4202, 27.62978 ], [ 83.42052, 27.63001 ], [ 83.42182, 27.63148 ], [ 83.42272, 27.63408 ], [ 83.42255, 27.63516 ], [ 83.42226, 27.63543 ], [ 83.42075, 27.63562 ], [ 83.42017, 27.63599 ], [ 83.42035, 27.63651 ], [ 83.42065, 27.6367 ], [ 83.42136, 27.63675 ], [ 83.42167, 27.6374 ], [ 83.42151, 27.63786 ], [ 83.42171, 27.63832 ], [ 83.42129, 27.639 ], [ 83.42115, 27.64095 ], [ 83.42077, 27.6418 ], [ 83.42049, 27.6419 ], [ 83.42021, 27.64161 ], [ 83.42018, 27.64126 ], [ 83.42043, 27.64058 ], [ 83.42024, 27.64023 ], [ 83.41972, 27.64032 ], [ 83.41927, 27.6401 ], [ 83.41882, 27.64013 ], [ 83.4184, 27.64076 ], [ 83.41762, 27.64134 ], [ 83.41736, 27.64126 ], [ 83.41726, 27.64084 ], [ 83.41694, 27.64068 ], [ 83.41673, 27.64087 ], [ 83.41647, 27.64169 ], [ 83.41672, 27.64244 ], [ 83.41625, 27.6423 ], [ 83.41572, 27.64322 ], [ 83.41537, 27.6432 ], [ 83.41499, 27.64291 ], [ 83.41432, 27.64196 ], [ 83.41405, 27.64182 ], [ 83.41367, 27.64228 ], [ 83.41263, 27.64295 ], [ 83.41283, 27.64458 ], [ 83.41111, 27.64369 ], [ 83.41023, 27.64372 ], [ 83.40984, 27.64402 ], [ 83.40996, 27.64431 ], [ 83.41051, 27.64458 ], [ 83.41056, 27.6447 ], [ 83.41029, 27.64492 ], [ 83.40842, 27.64492 ], [ 83.40701, 27.64472 ], [ 83.4054, 27.64382 ], [ 83.40327, 27.64377 ], [ 83.40227, 27.64333 ], [ 83.40135, 27.64341 ], [ 83.40072, 27.64384 ], [ 83.40193, 27.64524 ], [ 83.40329, 27.64626 ], [ 83.40415, 27.64738 ], [ 83.40663, 27.64921 ], [ 83.4084, 27.65074 ], [ 83.41145, 27.65396 ], [ 83.41281, 27.65522 ], [ 83.41395, 27.656 ], [ 83.4119, 27.65757 ], [ 83.41118, 27.65832 ], [ 83.41051, 27.65843 ], [ 83.41019, 27.65823 ], [ 83.40978, 27.65752 ], [ 83.40888, 27.65705 ], [ 83.40701, 27.65745 ], [ 83.40488, 27.65734 ], [ 83.40302, 27.65697 ], [ 83.39979, 27.65744 ], [ 83.39816, 27.65606 ], [ 83.39738, 27.65566 ], [ 83.3971, 27.65643 ], [ 83.39595, 27.65731 ], [ 83.39442, 27.65612 ], [ 83.39289, 27.65549 ], [ 83.39128, 27.65523 ], [ 83.39005, 27.65563 ], [ 83.38883, 27.6556 ], [ 83.38801, 27.6537 ], [ 83.38749, 27.65304 ], [ 83.38482, 27.65455 ], [ 83.38372, 27.6548 ], [ 83.38028, 27.65604 ], [ 83.38007, 27.65598 ], [ 83.37964, 27.65527 ], [ 83.37975, 27.65473 ], [ 83.37957, 27.65427 ], [ 83.37905, 27.65367 ], [ 83.37822, 27.65317 ], [ 83.3763, 27.65264 ], [ 83.37539, 27.65282 ], [ 83.37507, 27.65314 ], [ 83.3747, 27.653 ], [ 83.37406, 27.65314 ], [ 83.37372, 27.65275 ], [ 83.37314, 27.65274 ], [ 83.37244, 27.65237 ], [ 83.37142, 27.65231 ], [ 83.37051, 27.65256 ], [ 83.36685, 27.65195 ], [ 83.36623, 27.65117 ], [ 83.36608, 27.64994 ], [ 83.3658, 27.64975 ], [ 83.36289, 27.65072 ], [ 83.3618, 27.65274 ], [ 83.36141, 27.65388 ], [ 83.36138, 27.65537 ], [ 83.36368, 27.65708 ], [ 83.36406, 27.65756 ], [ 83.36397, 27.65848 ], [ 83.36302, 27.65947 ], [ 83.36272, 27.66017 ], [ 83.36258, 27.66069 ], [ 83.36271, 27.66138 ], [ 83.36294, 27.66172 ], [ 83.36367, 27.66209 ], [ 83.36595, 27.66224 ], [ 83.36666, 27.66252 ], [ 83.36805, 27.66346 ], [ 83.36899, 27.66509 ], [ 83.36814, 27.66559 ], [ 83.36798, 27.66597 ], [ 83.36803, 27.66666 ], [ 83.36882, 27.66798 ], [ 83.36933, 27.66923 ], [ 83.36996, 27.66966 ], [ 83.37163, 27.6699 ], [ 83.37386, 27.67099 ], [ 83.37502, 27.67124 ], [ 83.37591, 27.67169 ], [ 83.37624, 27.67236 ], [ 83.37627, 27.6732 ], [ 83.37723, 27.67566 ], [ 83.3782, 27.6768 ], [ 83.38031, 27.67773 ], [ 83.38134, 27.67788 ], [ 83.38319, 27.67854 ], [ 83.38546, 27.67899 ], [ 83.38638, 27.67987 ], [ 83.38683, 27.67996 ], [ 83.38682, 27.68027 ], [ 83.38634, 27.68094 ], [ 83.38624, 27.68134 ], [ 83.38565, 27.68167 ], [ 83.38519, 27.6827 ], [ 83.38513, 27.68385 ], [ 83.38551, 27.68508 ], [ 83.38486, 27.68652 ], [ 83.38421, 27.68927 ], [ 83.38473, 27.69104 ], [ 83.38414, 27.69248 ], [ 83.38343, 27.69328 ], [ 83.38334, 27.69404 ], [ 83.38286, 27.69486 ], [ 83.38283, 27.69571 ], [ 83.38164, 27.69722 ], [ 83.38096, 27.69866 ], [ 83.38085, 27.69942 ], [ 83.38099, 27.70027 ], [ 83.37948, 27.70296 ], [ 83.37926, 27.70426 ], [ 83.37936, 27.70455 ], [ 83.37959, 27.70467 ], [ 83.38106, 27.7049 ], [ 83.38203, 27.70478 ], [ 83.38267, 27.70501 ], [ 83.3819, 27.70609 ], [ 83.38124, 27.70768 ], [ 83.38097, 27.70848 ], [ 83.38093, 27.70936 ], [ 83.38181, 27.71164 ], [ 83.38264, 27.71174 ], [ 83.38306, 27.7121 ], [ 83.38278, 27.71278 ], [ 83.38284, 27.71326 ], [ 83.38335, 27.71356 ], [ 83.38438, 27.71361 ], [ 83.38564, 27.7142 ], [ 83.38599, 27.71408 ], [ 83.38628, 27.71366 ], [ 83.38705, 27.71389 ], [ 83.3878, 27.71485 ], [ 83.38843, 27.71527 ], [ 83.38856, 27.71641 ], [ 83.38956, 27.71682 ], [ 83.39059, 27.71798 ], [ 83.39131, 27.71997 ], [ 83.39219, 27.72112 ], [ 83.3923, 27.7222 ], [ 83.39322, 27.72341 ], [ 83.39285, 27.7237 ], [ 83.39225, 27.72379 ], [ 83.39204, 27.72424 ], [ 83.39215, 27.72462 ], [ 83.39203, 27.72495 ], [ 83.3914, 27.72529 ], [ 83.39111, 27.72563 ], [ 83.39104, 27.72639 ], [ 83.39021, 27.72844 ], [ 83.39029, 27.72982 ], [ 83.39017, 27.73027 ], [ 83.38936, 27.73125 ], [ 83.3895, 27.73163 ], [ 83.39001, 27.73182 ], [ 83.3903, 27.73215 ], [ 83.39046, 27.733 ], [ 83.39049, 27.73384 ], [ 83.39004, 27.73458 ], [ 83.39004, 27.73506 ], [ 83.39125, 27.73622 ], [ 83.39114, 27.73691 ], [ 83.39059, 27.73773 ], [ 83.39033, 27.73857 ], [ 83.39065, 27.74032 ], [ 83.38967, 27.74184 ], [ 83.3892, 27.74306 ], [ 83.38797, 27.74396 ], [ 83.38754, 27.74456 ], [ 83.38668, 27.74628 ], [ 83.38642, 27.74757 ], [ 83.3872, 27.74757 ], [ 83.38787, 27.74782 ], [ 83.38865, 27.74882 ], [ 83.3904, 27.74858 ], [ 83.3916, 27.74802 ] ] ] } },
{ "type": "Feature", "properties": { "fid": 527, "STATE_CODE": 5.0, "DISTRICT": "RUPANDEHI", "GaPa_NaPa": "Tillotama", "Type_GN": "Nagarpalika", "Province": "5" }, "geometry": { "type": "Polygon", "coordinates": [ [ [ 83.49875, 27.66777 ], [ 83.50346, 27.66492 ], [ 83.50568, 27.66327 ], [ 83.50736, 27.66227 ], [ 83.50899, 27.66097 ], [ 83.51573, 27.65657 ], [ 83.51814, 27.65624 ], [ 83.52346, 27.65654 ], [ 83.52801, 27.65646 ], [ 83.52927, 27.65664 ], [ 83.52984, 27.65485 ], [ 83.52985, 27.65316 ], [ 83.53004, 27.65225 ], [ 83.53048, 27.65179 ], [ 83.53143, 27.65145 ], [ 83.53164, 27.65105 ], [ 83.53171, 27.65059 ], [ 83.53146, 27.64913 ], [ 83.53166, 27.64852 ], [ 83.53206, 27.64803 ], [ 83.5334, 27.64733 ], [ 83.53413, 27.64665 ], [ 83.53472, 27.64494 ], [ 83.53498, 27.64464 ], [ 83.53652, 27.64407 ], [ 83.53713, 27.64335 ], [ 83.53889, 27.64319 ], [ 83.53913, 27.64292 ], [ 83.53885, 27.64232 ], [ 83.53857, 27.64211 ], [ 83.53748, 27.64192 ], [ 83.53671, 27.64206 ], [ 83.53613, 27.64192 ], [ 83.53596, 27.64161 ], [ 83.53635, 27.64047 ], [ 83.5369, 27.64003 ], [ 83.53728, 27.64002 ], [ 83.53798, 27.64059 ], [ 83.5391, 27.64049 ], [ 83.53943, 27.64017 ], [ 83.5392, 27.6394 ], [ 83.53947, 27.63901 ], [ 83.53983, 27.63911 ], [ 83.54025, 27.63967 ], [ 83.5406, 27.6396 ], [ 83.54067, 27.63925 ], [ 83.54018, 27.63871 ], [ 83.54015, 27.63831 ], [ 83.54046, 27.63762 ], [ 83.54125, 27.63704 ], [ 83.543, 27.63621 ], [ 83.5436, 27.63545 ], [ 83.54379, 27.63439 ], [ 83.54323, 27.63327 ], [ 83.54314, 27.63257 ], [ 83.54378, 27.63159 ], [ 83.54413, 27.63148 ], [ 83.54532, 27.63165 ], [ 83.54764, 27.63294 ], [ 83.5485, 27.63276 ], [ 83.54883, 27.63238 ], [ 83.54871, 27.63161 ], [ 83.54878, 27.6284 ], [ 83.54864, 27.62763 ], [ 83.54766, 27.62652 ], [ 83.54704, 27.62611 ], [ 83.5459, 27.62574 ], [ 83.54198, 27.62537 ], [ 83.54172, 27.62468 ], [ 83.54189, 27.62246 ], [ 83.54221, 27.62147 ], [ 83.54294, 27.62054 ], [ 83.54352, 27.62013 ], [ 83.54378, 27.62002 ], [ 83.54498, 27.62035 ], [ 83.54635, 27.62037 ], [ 83.54766, 27.61932 ], [ 83.54788, 27.61886 ], [ 83.54843, 27.61704 ], [ 83.54822, 27.61592 ], [ 83.54746, 27.61549 ], [ 83.54669, 27.61534 ], [ 83.54379, 27.61571 ], [ 83.54322, 27.61537 ], [ 83.54298, 27.61443 ], [ 83.54318, 27.61382 ], [ 83.54347, 27.61348 ], [ 83.54469, 27.61274 ], [ 83.54769, 27.61291 ], [ 83.5486, 27.61254 ], [ 83.5488, 27.61085 ], [ 83.5485, 27.60908 ], [ 83.54886, 27.6084 ], [ 83.54966, 27.60792 ], [ 83.55002, 27.60737 ], [ 83.5497, 27.60537 ], [ 83.54995, 27.60347 ], [ 83.5499, 27.60186 ], [ 83.55049, 27.60028 ], [ 83.55146, 27.59934 ], [ 83.55173, 27.59881 ], [ 83.55179, 27.59606 ], [ 83.55148, 27.59546 ], [ 83.55091, 27.5949 ], [ 83.55048, 27.59403 ], [ 83.54909, 27.59305 ], [ 83.54882, 27.59233 ], [ 83.54873, 27.59157 ], [ 83.54934, 27.59043 ], [ 83.55, 27.58968 ], [ 83.55013, 27.58926 ], [ 83.54988, 27.58895 ], [ 83.54677, 27.58723 ], [ 83.54366, 27.58505 ], [ 83.54337, 27.5846 ], [ 83.5433, 27.58399 ], [ 83.54392, 27.58303 ], [ 83.54616, 27.5824 ], [ 83.54651, 27.58212 ], [ 83.54692, 27.5813 ], [ 83.54681, 27.58038 ], [ 83.5466, 27.57992 ], [ 83.54611, 27.5792 ], [ 83.54535, 27.57862 ], [ 83.54467, 27.57703 ], [ 83.54429, 27.57685 ], [ 83.54206, 27.57697 ], [ 83.53697, 27.57797 ], [ 83.53431, 27.57824 ], [ 83.53392, 27.57846 ], [ 83.53358, 27.57901 ], [ 83.53405, 27.57942 ], [ 83.53408, 27.57975 ], [ 83.53373, 27.58001 ], [ 83.53289, 27.58026 ], [ 83.5326, 27.57987 ], [ 83.5323, 27.57889 ], [ 83.53253, 27.57832 ], [ 83.53352, 27.57708 ], [ 83.53336, 27.57633 ], [ 83.53315, 27.57617 ], [ 83.53255, 27.57631 ], [ 83.53153, 27.57597 ], [ 83.53093, 27.57598 ], [ 83.53059, 27.57574 ], [ 83.5309, 27.57437 ], [ 83.53052, 27.57293 ], [ 83.53094, 27.57238 ], [ 83.5321, 27.57147 ], [ 83.5323, 27.57107 ], [ 83.53218, 27.5708 ], [ 83.53034, 27.56926 ], [ 83.53014, 27.56868 ], [ 83.53035, 27.56703 ], [ 83.53083, 27.5664 ], [ 83.53119, 27.56637 ], [ 83.53148, 27.5661 ], [ 83.53136, 27.5659 ], [ 83.53159, 27.56524 ], [ 83.53036, 27.56536 ], [ 83.52983, 27.56514 ], [ 83.5294, 27.56526 ], [ 83.52898, 27.56502 ], [ 83.52913, 27.56436 ], [ 83.52963, 27.56428 ], [ 83.53055, 27.56381 ], [ 83.53048, 27.56357 ], [ 83.5298, 27.56351 ], [ 83.52953, 27.5633 ], [ 83.52934, 27.56285 ], [ 83.52952, 27.56232 ], [ 83.52942, 27.56192 ], [ 83.52899, 27.56184 ], [ 83.52727, 27.56204 ], [ 83.52608, 27.56184 ], [ 83.5255, 27.56152 ], [ 83.52516, 27.5607 ], [ 83.52578, 27.55937 ], [ 83.52671, 27.55821 ], [ 83.5297, 27.5565 ], [ 83.53092, 27.55604 ], [ 83.53172, 27.55526 ], [ 83.53278, 27.55464 ], [ 83.53327, 27.55371 ], [ 83.53344, 27.55281 ], [ 83.53319, 27.55159 ], [ 83.53242, 27.55085 ], [ 83.53165, 27.55078 ], [ 83.53, 27.55151 ], [ 83.52869, 27.55277 ], [ 83.52784, 27.5529 ], [ 83.5275, 27.55265 ], [ 83.52698, 27.55164 ], [ 83.52636, 27.5517 ], [ 83.52433, 27.55126 ], [ 83.52217, 27.5511 ], [ 83.52059, 27.552 ], [ 83.51857, 27.55254 ], [ 83.51837, 27.55274 ], [ 83.51845, 27.55388 ], [ 83.51827, 27.55405 ], [ 83.51736, 27.55377 ], [ 83.5165, 27.55375 ], [ 83.51578, 27.55315 ], [ 83.51435, 27.55303 ], [ 83.51109, 27.55353 ], [ 83.51088, 27.55368 ], [ 83.51072, 27.55448 ], [ 83.51042, 27.55449 ], [ 83.50841, 27.55384 ], [ 83.50598, 27.55268 ], [ 83.5063, 27.55358 ], [ 83.5062, 27.55389 ], [ 83.50603, 27.55389 ], [ 83.50562, 27.55352 ], [ 83.50477, 27.55322 ], [ 83.50423, 27.55269 ], [ 83.50243, 27.55228 ], [ 83.50158, 27.55143 ], [ 83.50129, 27.5509 ], [ 83.50082, 27.55183 ], [ 83.49992, 27.55295 ], [ 83.50032, 27.55443 ], [ 83.50012, 27.5555 ], [ 83.49959, 27.55611 ], [ 83.4989, 27.55652 ], [ 83.49882, 27.55719 ], [ 83.49472, 27.55884 ], [ 83.49426, 27.55887 ], [ 83.4934, 27.55882 ], [ 83.49297, 27.55722 ], [ 83.49152, 27.55537 ], [ 83.48936, 27.55462 ], [ 83.48851, 27.55482 ], [ 83.48712, 27.55438 ], [ 83.48646, 27.55455 ], [ 83.48526, 27.55426 ], [ 83.48414, 27.55362 ], [ 83.48326, 27.55335 ], [ 83.48451, 27.55449 ], [ 83.48543, 27.55597 ], [ 83.48558, 27.55694 ], [ 83.48551, 27.55819 ], [ 83.48523, 27.55843 ], [ 83.4846, 27.55783 ], [ 83.48424, 27.55713 ], [ 83.48397, 27.557 ], [ 83.48146, 27.55665 ], [ 83.47781, 27.55658 ], [ 83.47617, 27.55693 ], [ 83.47634, 27.55748 ], [ 83.47619, 27.5577 ], [ 83.47334, 27.55851 ], [ 83.47191, 27.55864 ], [ 83.46999, 27.55927 ], [ 83.4696, 27.56111 ], [ 83.46994, 27.56243 ], [ 83.46991, 27.563 ], [ 83.46905, 27.56298 ], [ 83.46842, 27.56308 ], [ 83.46806, 27.5634 ], [ 83.46733, 27.56339 ], [ 83.46671, 27.56373 ], [ 83.46658, 27.56413 ], [ 83.46376, 27.56438 ], [ 83.46371, 27.56492 ], [ 83.46445, 27.56688 ], [ 83.46433, 27.56743 ], [ 83.46411, 27.56758 ], [ 83.46329, 27.56766 ], [ 83.46264, 27.56737 ], [ 83.46223, 27.56541 ], [ 83.46111, 27.56663 ], [ 83.46059, 27.56762 ], [ 83.45809, 27.56849 ], [ 83.4575, 27.56889 ], [ 83.4568, 27.5696 ], [ 83.45654, 27.57013 ], [ 83.45639, 27.57329 ], [ 83.45625, 27.57363 ], [ 83.45583, 27.57341 ], [ 83.45556, 27.57295 ], [ 83.45479, 27.57263 ], [ 83.45458, 27.57167 ], [ 83.45317, 27.57142 ], [ 83.45284, 27.57084 ], [ 83.45205, 27.57042 ], [ 83.45163, 27.57001 ], [ 83.45118, 27.56991 ], [ 83.45085, 27.56956 ], [ 83.4509, 27.56906 ], [ 83.45033, 27.56861 ], [ 83.44946, 27.56835 ], [ 83.44901, 27.56838 ], [ 83.44811, 27.56946 ], [ 83.44687, 27.5703 ], [ 83.44653, 27.56985 ], [ 83.44667, 27.56933 ], [ 83.44595, 27.569 ], [ 83.44513, 27.56837 ], [ 83.44446, 27.56746 ], [ 83.44428, 27.56605 ], [ 83.44348, 27.56431 ], [ 83.44287, 27.56464 ], [ 83.44259, 27.56539 ], [ 83.44183, 27.56619 ], [ 83.44038, 27.56696 ], [ 83.43894, 27.56827 ], [ 83.43833, 27.5686 ], [ 83.43703, 27.56808 ], [ 83.43615, 27.56734 ], [ 83.43416, 27.567 ], [ 83.4327, 27.56799 ], [ 83.43254, 27.56702 ], [ 83.43224, 27.56644 ], [ 83.43223, 27.56549 ], [ 83.43232, 27.56514 ], [ 83.43266, 27.56477 ], [ 83.43256, 27.56346 ], [ 83.43307, 27.56303 ], [ 83.43342, 27.56128 ], [ 83.43413, 27.56086 ], [ 83.43426, 27.56055 ], [ 83.43418, 27.5596 ], [ 83.43351, 27.55884 ], [ 83.43368, 27.55808 ], [ 83.43299, 27.55761 ], [ 83.43252, 27.55684 ], [ 83.43239, 27.55625 ], [ 83.43175, 27.55609 ], [ 83.4318, 27.55579 ], [ 83.43221, 27.55544 ], [ 83.43204, 27.55481 ], [ 83.4322, 27.55409 ], [ 83.43004, 27.55093 ], [ 83.42992, 27.55034 ], [ 83.42845, 27.55151 ], [ 83.42824, 27.55201 ], [ 83.42637, 27.55318 ], [ 83.42456, 27.55505 ], [ 83.42333, 27.55766 ], [ 83.42303, 27.55923 ], [ 83.4224, 27.56048 ], [ 83.42217, 27.56133 ], [ 83.42234, 27.56243 ], [ 83.42224, 27.56284 ], [ 83.42084, 27.56409 ], [ 83.42057, 27.56417 ], [ 83.41946, 27.56376 ], [ 83.41885, 27.56397 ], [ 83.41758, 27.56478 ], [ 83.41717, 27.56527 ], [ 83.41632, 27.56572 ], [ 83.41525, 27.56711 ], [ 83.41408, 27.56819 ], [ 83.41372, 27.56887 ], [ 83.41432, 27.56984 ], [ 83.41468, 27.57009 ], [ 83.41737, 27.5715 ], [ 83.41817, 27.5716 ], [ 83.41856, 27.57213 ], [ 83.41856, 27.57247 ], [ 83.41822, 27.57316 ], [ 83.41722, 27.57396 ], [ 83.41629, 27.57435 ], [ 83.41592, 27.57472 ], [ 83.41575, 27.57551 ], [ 83.41602, 27.57689 ], [ 83.41668, 27.57862 ], [ 83.41821, 27.58123 ], [ 83.41919, 27.58355 ], [ 83.41953, 27.58401 ], [ 83.41984, 27.58534 ], [ 83.42034, 27.58638 ], [ 83.42082, 27.58897 ], [ 83.42131, 27.59002 ], [ 83.42263, 27.59591 ], [ 83.42251, 27.59976 ], [ 83.42359, 27.60284 ], [ 83.42493, 27.60556 ], [ 83.42631, 27.60955 ], [ 83.42687, 27.61036 ], [ 83.42814, 27.61136 ], [ 83.42916, 27.61187 ], [ 83.43085, 27.61305 ], [ 83.43162, 27.61396 ], [ 83.43215, 27.61641 ], [ 83.43327, 27.61969 ], [ 83.43346, 27.62119 ], [ 83.43504, 27.62507 ], [ 83.43708, 27.62824 ], [ 83.43805, 27.6294 ], [ 83.44011, 27.6339 ], [ 83.44107, 27.63535 ], [ 83.44267, 27.63864 ], [ 83.44317, 27.63922 ], [ 83.44745, 27.64254 ], [ 83.44917, 27.64457 ], [ 83.45008, 27.64518 ], [ 83.45051, 27.64528 ], [ 83.44989, 27.64773 ], [ 83.44976, 27.65079 ], [ 83.44904, 27.65523 ], [ 83.44991, 27.66145 ], [ 83.44969, 27.66647 ], [ 83.45833, 27.66609 ], [ 83.46064, 27.6666 ], [ 83.46436, 27.66774 ], [ 83.46818, 27.66791 ], [ 83.46895, 27.66807 ], [ 83.47185, 27.66789 ], [ 83.47315, 27.66761 ], [ 83.47901, 27.66754 ], [ 83.48067, 27.66824 ], [ 83.48305, 27.66875 ], [ 83.4858, 27.66974 ], [ 83.48926, 27.67061 ], [ 83.49106, 27.67307 ], [ 83.49403, 27.67198 ], [ 83.4952, 27.67123 ], [ 83.49875, 27.66777 ] ] ] } },
{ "type": "Feature", "properties": { "fid": 529, "STATE_CODE": 5.0, "DISTRICT": "KAPILBASTU", "GaPa_NaPa": "Banganga", "Type_GN": "Nagarpalika", "Province": "5" }, "geometry": { "type": "Polygon", "coordinates": [ [ [ 83.09396, 27.78263 ], [ 83.09412, 27.78206 ], [ 83.09403, 27.78108 ], [ 83.0952, 27.77874 ], [ 83.09589, 27.77651 ], [ 83.09608, 27.77531 ], [ 83.09687, 27.77429 ], [ 83.09823, 27.77322 ], [ 83.0992, 27.77175 ], [ 83.09958, 27.77084 ], [ 83.09956, 27.76986 ], [ 83.09991, 27.76922 ], [ 83.10199, 27.76858 ], [ 83.10315, 27.76845 ], [ 83.1045, 27.76854 ], [ 83.10711, 27.76916 ], [ 83.10735, 27.76933 ], [ 83.10749, 27.76987 ], [ 83.1078, 27.77028 ], [ 83.10838, 27.77042 ], [ 83.11082, 27.76952 ], [ 83.11234, 27.76775 ], [ 83.1143, 27.76618 ], [ 83.11481, 27.76618 ], [ 83.11611, 27.76658 ], [ 83.11945, 27.76532 ], [ 83.12037, 27.76426 ], [ 83.12103, 27.76292 ], [ 83.12125, 27.76196 ], [ 83.1215, 27.76176 ], [ 83.12177, 27.76182 ], [ 83.12202, 27.76225 ], [ 83.12209, 27.76333 ], [ 83.12255, 27.76451 ], [ 83.12292, 27.7649 ], [ 83.12398, 27.7655 ], [ 83.12532, 27.76577 ], [ 83.12566, 27.76597 ], [ 83.12586, 27.76695 ], [ 83.12682, 27.76803 ], [ 83.12679, 27.76882 ], [ 83.12692, 27.76891 ], [ 83.12802, 27.76862 ], [ 83.12927, 27.76767 ], [ 83.13163, 27.76701 ], [ 83.13209, 27.76674 ], [ 83.13281, 27.76582 ], [ 83.13439, 27.76484 ], [ 83.13478, 27.76473 ], [ 83.13668, 27.7648 ], [ 83.13701, 27.76465 ], [ 83.13757, 27.76388 ], [ 83.13884, 27.76301 ], [ 83.14169, 27.76133 ], [ 83.14358, 27.76059 ], [ 83.14501, 27.76078 ], [ 83.14744, 27.76001 ], [ 83.15236, 27.75932 ], [ 83.15347, 27.75878 ], [ 83.15557, 27.75834 ], [ 83.15782, 27.75859 ], [ 83.15913, 27.75918 ], [ 83.15965, 27.75926 ], [ 83.16004, 27.75916 ], [ 83.16116, 27.75824 ], [ 83.16146, 27.75833 ], [ 83.16142, 27.75879 ], [ 83.16176, 27.75891 ], [ 83.16348, 27.75818 ], [ 83.16536, 27.75794 ], [ 83.16652, 27.75803 ], [ 83.16934, 27.75784 ], [ 83.17394, 27.75703 ], [ 83.17554, 27.75724 ], [ 83.17714, 27.75835 ], [ 83.17791, 27.75864 ], [ 83.18009, 27.75683 ], [ 83.18206, 27.75641 ], [ 83.183, 27.75588 ], [ 83.18399, 27.75498 ], [ 83.18569, 27.75403 ], [ 83.18602, 27.75403 ], [ 83.18791, 27.75477 ], [ 83.18892, 27.7555 ], [ 83.19148, 27.75677 ], [ 83.19489, 27.75771 ], [ 83.19754, 27.75902 ], [ 83.20189, 27.76019 ], [ 83.20307, 27.76011 ], [ 83.20528, 27.75963 ], [ 83.21038, 27.75887 ], [ 83.21168, 27.75931 ], [ 83.21225, 27.75927 ], [ 83.21223, 27.75882 ], [ 83.21177, 27.75839 ], [ 83.21168, 27.75805 ], [ 83.21175, 27.75769 ], [ 83.21226, 27.7573 ], [ 83.2124, 27.757 ], [ 83.21181, 27.7565 ], [ 83.21071, 27.75361 ], [ 83.21185, 27.75083 ], [ 83.21211, 27.74966 ], [ 83.21361, 27.74888 ], [ 83.21384, 27.74862 ], [ 83.21385, 27.74821 ], [ 83.21338, 27.74734 ], [ 83.21387, 27.74671 ], [ 83.21422, 27.74592 ], [ 83.21515, 27.74523 ], [ 83.21533, 27.74489 ], [ 83.21474, 27.74299 ], [ 83.21472, 27.74222 ], [ 83.21501, 27.74189 ], [ 83.21612, 27.74136 ], [ 83.21618, 27.74011 ], [ 83.21655, 27.73931 ], [ 83.21735, 27.73842 ], [ 83.21747, 27.73813 ], [ 83.21741, 27.73718 ], [ 83.21776, 27.73635 ], [ 83.21673, 27.73481 ], [ 83.21665, 27.73406 ], [ 83.21724, 27.73288 ], [ 83.21807, 27.73181 ], [ 83.21815, 27.73134 ], [ 83.21801, 27.73108 ], [ 83.21748, 27.73088 ], [ 83.2172, 27.73013 ], [ 83.21558, 27.72966 ], [ 83.21589, 27.72853 ], [ 83.21576, 27.72806 ], [ 83.21543, 27.72764 ], [ 83.21538, 27.72706 ], [ 83.21594, 27.72626 ], [ 83.21683, 27.72599 ], [ 83.21666, 27.72536 ], [ 83.21702, 27.72472 ], [ 83.21713, 27.72394 ], [ 83.21815, 27.7236 ], [ 83.21872, 27.72314 ], [ 83.21889, 27.72252 ], [ 83.21942, 27.72163 ], [ 83.21937, 27.72048 ], [ 83.21951, 27.71999 ], [ 83.22031, 27.71919 ], [ 83.22119, 27.71861 ], [ 83.22138, 27.71794 ], [ 83.22186, 27.71757 ], [ 83.22158, 27.71615 ], [ 83.22259, 27.71549 ], [ 83.22262, 27.71456 ], [ 83.22224, 27.71437 ], [ 83.22151, 27.71438 ], [ 83.2212, 27.71393 ], [ 83.2213, 27.71357 ], [ 83.22178, 27.71329 ], [ 83.22232, 27.71256 ], [ 83.22211, 27.71225 ], [ 83.2216, 27.71207 ], [ 83.22152, 27.71178 ], [ 83.22182, 27.71135 ], [ 83.22118, 27.71095 ], [ 83.22101, 27.71037 ], [ 83.22243, 27.70747 ], [ 83.22265, 27.70598 ], [ 83.22243, 27.70529 ], [ 83.22175, 27.70453 ], [ 83.22161, 27.70395 ], [ 83.2225, 27.70361 ], [ 83.22503, 27.70336 ], [ 83.22506, 27.70303 ], [ 83.22452, 27.70239 ], [ 83.2245, 27.70174 ], [ 83.22342, 27.70098 ], [ 83.22346, 27.70064 ], [ 83.2245, 27.69968 ], [ 83.22702, 27.69925 ], [ 83.22662, 27.69845 ], [ 83.22668, 27.69696 ], [ 83.22564, 27.69539 ], [ 83.22562, 27.6951 ], [ 83.22594, 27.69475 ], [ 83.22611, 27.6941 ], [ 83.22628, 27.69394 ], [ 83.2265, 27.69398 ], [ 83.22676, 27.69466 ], [ 83.22703, 27.69493 ], [ 83.22831, 27.695 ], [ 83.22876, 27.69522 ], [ 83.22915, 27.69504 ], [ 83.22889, 27.6945 ], [ 83.22903, 27.69422 ], [ 83.22885, 27.69376 ], [ 83.22714, 27.6918 ], [ 83.22729, 27.69118 ], [ 83.22708, 27.69043 ], [ 83.22761, 27.68918 ], [ 83.22785, 27.68898 ], [ 83.22865, 27.68885 ], [ 83.22892, 27.68857 ], [ 83.22824, 27.68802 ], [ 83.22811, 27.68772 ], [ 83.2282, 27.6862 ], [ 83.22703, 27.6858 ], [ 83.22664, 27.68533 ], [ 83.22671, 27.68511 ], [ 83.22723, 27.68476 ], [ 83.22733, 27.6839 ], [ 83.22656, 27.68285 ], [ 83.22664, 27.68233 ], [ 83.22698, 27.6819 ], [ 83.22694, 27.68169 ], [ 83.22619, 27.68115 ], [ 83.22628, 27.68089 ], [ 83.22699, 27.68041 ], [ 83.22683, 27.67978 ], [ 83.22748, 27.6796 ], [ 83.22818, 27.67831 ], [ 83.22812, 27.67744 ], [ 83.22795, 27.67692 ], [ 83.22708, 27.67646 ], [ 83.22692, 27.67612 ], [ 83.227, 27.67474 ], [ 83.22745, 27.67417 ], [ 83.2274, 27.6732 ], [ 83.22719, 27.67306 ], [ 83.22641, 27.67323 ], [ 83.22558, 27.6727 ], [ 83.22536, 27.67229 ], [ 83.22552, 27.67201 ], [ 83.22614, 27.672 ], [ 83.22689, 27.67137 ], [ 83.22613, 27.67103 ], [ 83.22623, 27.67072 ], [ 83.22782, 27.66995 ], [ 83.22791, 27.66978 ], [ 83.22806, 27.66849 ], [ 83.22768, 27.6676 ], [ 83.22784, 27.66719 ], [ 83.22745, 27.6668 ], [ 83.2259, 27.66665 ], [ 83.22595, 27.66585 ], [ 83.2253, 27.66587 ], [ 83.22502, 27.66531 ], [ 83.22501, 27.66497 ], [ 83.22544, 27.66429 ], [ 83.22513, 27.66335 ], [ 83.22488, 27.6631 ], [ 83.22435, 27.66339 ], [ 83.22395, 27.66321 ], [ 83.22346, 27.66154 ], [ 83.2236, 27.66113 ], [ 83.22433, 27.66048 ], [ 83.22452, 27.66003 ], [ 83.22409, 27.65939 ], [ 83.22403, 27.65868 ], [ 83.22354, 27.6585 ], [ 83.22338, 27.65804 ], [ 83.22396, 27.65727 ], [ 83.22368, 27.65683 ], [ 83.22374, 27.65614 ], [ 83.22397, 27.65567 ], [ 83.22456, 27.65536 ], [ 83.22458, 27.65468 ], [ 83.22406, 27.65353 ], [ 83.22419, 27.65279 ], [ 83.22465, 27.65194 ], [ 83.22457, 27.64965 ], [ 83.22423, 27.64755 ], [ 83.22366, 27.64716 ], [ 83.22208, 27.6474 ], [ 83.22176, 27.64677 ], [ 83.22084, 27.64663 ], [ 83.22084, 27.64596 ], [ 83.22053, 27.64563 ], [ 83.22114, 27.64443 ], [ 83.22218, 27.64362 ], [ 83.22197, 27.64331 ], [ 83.22204, 27.64318 ], [ 83.22269, 27.64314 ], [ 83.22301, 27.64234 ], [ 83.22302, 27.64143 ], [ 83.22249, 27.64064 ], [ 83.22237, 27.64016 ], [ 83.22165, 27.63989 ], [ 83.22164, 27.63967 ], [ 83.2228, 27.63884 ], [ 83.22304, 27.6382 ], [ 83.22375, 27.63793 ], [ 83.22376, 27.63696 ], [ 83.22396, 27.63631 ], [ 83.22507, 27.63558 ], [ 83.22574, 27.6355 ], [ 83.22605, 27.63524 ], [ 83.22609, 27.63461 ], [ 83.22658, 27.63411 ], [ 83.22685, 27.63303 ], [ 83.22664, 27.63212 ], [ 83.22735, 27.63149 ], [ 83.22841, 27.6294 ], [ 83.2283, 27.62738 ], [ 83.22845, 27.62723 ], [ 83.22908, 27.62723 ], [ 83.22959, 27.62648 ], [ 83.23019, 27.62594 ], [ 83.23042, 27.62537 ], [ 83.23048, 27.62435 ], [ 83.22978, 27.62325 ], [ 83.22959, 27.62256 ], [ 83.22965, 27.62193 ], [ 83.23025, 27.62057 ], [ 83.23026, 27.62017 ], [ 83.22995, 27.61712 ], [ 83.22954, 27.61568 ], [ 83.22946, 27.61482 ], [ 83.22958, 27.61447 ], [ 83.23062, 27.61358 ], [ 83.23025, 27.61303 ], [ 83.23028, 27.61267 ], [ 83.23116, 27.61226 ], [ 83.23115, 27.61191 ], [ 83.23037, 27.61123 ], [ 83.23031, 27.61039 ], [ 83.23152, 27.60962 ], [ 83.23159, 27.60939 ], [ 83.23127, 27.6087 ], [ 83.23128, 27.60771 ], [ 83.23024, 27.60719 ], [ 83.2304, 27.60636 ], [ 83.23031, 27.60561 ], [ 83.22915, 27.60374 ], [ 83.22854, 27.6033 ], [ 83.22747, 27.60309 ], [ 83.22587, 27.60065 ], [ 83.22484, 27.59943 ], [ 83.22462, 27.5994 ], [ 83.22407, 27.59981 ], [ 83.22329, 27.59937 ], [ 83.22339, 27.59901 ], [ 83.22399, 27.59845 ], [ 83.22407, 27.59722 ], [ 83.22331, 27.59682 ], [ 83.22194, 27.59641 ], [ 83.22144, 27.59599 ], [ 83.22066, 27.5934 ], [ 83.21935, 27.59162 ], [ 83.21947, 27.59054 ], [ 83.21935, 27.59015 ], [ 83.21987, 27.58984 ], [ 83.21975, 27.58955 ], [ 83.22003, 27.58914 ], [ 83.21924, 27.58888 ], [ 83.21946, 27.58785 ], [ 83.21627, 27.58835 ], [ 83.21509, 27.58836 ], [ 83.21264, 27.58581 ], [ 83.21067, 27.58566 ], [ 83.20641, 27.58456 ], [ 83.20368, 27.58362 ], [ 83.20256, 27.58363 ], [ 83.20149, 27.58414 ], [ 83.20074, 27.58497 ], [ 83.19951, 27.58565 ], [ 83.19547, 27.58588 ], [ 83.19072, 27.58695 ], [ 83.18978, 27.58663 ], [ 83.18795, 27.58698 ], [ 83.18781, 27.58711 ], [ 83.18805, 27.58781 ], [ 83.18914, 27.58923 ], [ 83.18954, 27.59091 ], [ 83.17785, 27.59581 ], [ 83.17734, 27.59429 ], [ 83.17678, 27.59385 ], [ 83.17634, 27.59294 ], [ 83.17623, 27.5903 ], [ 83.17583, 27.59 ], [ 83.17547, 27.5893 ], [ 83.1743, 27.58629 ], [ 83.17273, 27.58647 ], [ 83.1723, 27.58585 ], [ 83.172, 27.58595 ], [ 83.17149, 27.58651 ], [ 83.16893, 27.58587 ], [ 83.16751, 27.58605 ], [ 83.16431, 27.58677 ], [ 83.16445, 27.58792 ], [ 83.16429, 27.58808 ], [ 83.16002, 27.58922 ], [ 83.16037, 27.59046 ], [ 83.1599, 27.59096 ], [ 83.16003, 27.59178 ], [ 83.1603, 27.59193 ], [ 83.16095, 27.59168 ], [ 83.16139, 27.59286 ], [ 83.16, 27.59377 ], [ 83.15931, 27.59513 ], [ 83.15934, 27.59574 ], [ 83.15917, 27.59627 ], [ 83.1595, 27.59666 ], [ 83.15959, 27.59707 ], [ 83.15999, 27.59742 ], [ 83.15909, 27.59877 ], [ 83.15779, 27.597 ], [ 83.15725, 27.59587 ], [ 83.15594, 27.59471 ], [ 83.15512, 27.59363 ], [ 83.15398, 27.59285 ], [ 83.15163, 27.59328 ], [ 83.15206, 27.5946 ], [ 83.15175, 27.59482 ], [ 83.15156, 27.59615 ], [ 83.1509, 27.59646 ], [ 83.1505, 27.59635 ], [ 83.15025, 27.59663 ], [ 83.15001, 27.59738 ], [ 83.15026, 27.59835 ], [ 83.14751, 27.5986 ], [ 83.14755, 27.60051 ], [ 83.14827, 27.60085 ], [ 83.1444, 27.60293 ], [ 83.14278, 27.60324 ], [ 83.14192, 27.60272 ], [ 83.14128, 27.60272 ], [ 83.14103, 27.60241 ], [ 83.14035, 27.60212 ], [ 83.13924, 27.602 ], [ 83.13777, 27.60235 ], [ 83.13757, 27.60258 ], [ 83.13791, 27.60343 ], [ 83.13776, 27.60397 ], [ 83.13816, 27.60425 ], [ 83.1383, 27.60525 ], [ 83.13762, 27.60558 ], [ 83.13745, 27.60619 ], [ 83.13659, 27.60696 ], [ 83.1359, 27.60689 ], [ 83.13567, 27.60669 ], [ 83.13509, 27.60671 ], [ 83.13599, 27.60737 ], [ 83.13627, 27.60799 ], [ 83.13661, 27.609 ], [ 83.13683, 27.61247 ], [ 83.13758, 27.61339 ], [ 83.13821, 27.61484 ], [ 83.13885, 27.61563 ], [ 83.13959, 27.61811 ], [ 83.13947, 27.61913 ], [ 83.13849, 27.62008 ], [ 83.13846, 27.62108 ], [ 83.13868, 27.62224 ], [ 83.13844, 27.62354 ], [ 83.1387, 27.62422 ], [ 83.13859, 27.62545 ], [ 83.13885, 27.62669 ], [ 83.13855, 27.63057 ], [ 83.13751, 27.63091 ], [ 83.13365, 27.63147 ], [ 83.13118, 27.63211 ], [ 83.13061, 27.63246 ], [ 83.13027, 27.63378 ], [ 83.12994, 27.63411 ], [ 83.12959, 27.6342 ], [ 83.12732, 27.63274 ], [ 83.12653, 27.6308 ], [ 83.12538, 27.62989 ], [ 83.12241, 27.62999 ], [ 83.12089, 27.63048 ], [ 83.11601, 27.63096 ], [ 83.11536, 27.63088 ], [ 83.11498, 27.63018 ], [ 83.11427, 27.63017 ], [ 83.11403, 27.62985 ], [ 83.11381, 27.62985 ], [ 83.11374, 27.63002 ], [ 83.11494, 27.63391 ], [ 83.11549, 27.6367 ], [ 83.11608, 27.63763 ], [ 83.11741, 27.63901 ], [ 83.11588, 27.63861 ], [ 83.11504, 27.63861 ], [ 83.11136, 27.63946 ], [ 83.11049, 27.63903 ], [ 83.10866, 27.63943 ], [ 83.10747, 27.63906 ], [ 83.10579, 27.64074 ], [ 83.10413, 27.64358 ], [ 83.10345, 27.64422 ], [ 83.10311, 27.64431 ], [ 83.10276, 27.64418 ], [ 83.10184, 27.64346 ], [ 83.10135, 27.64332 ], [ 83.09991, 27.64601 ], [ 83.09679, 27.64957 ], [ 83.09769, 27.65061 ], [ 83.10064, 27.65651 ], [ 83.10086, 27.65789 ], [ 83.1017, 27.65962 ], [ 83.10546, 27.66214 ], [ 83.10972, 27.66379 ], [ 83.1113, 27.6647 ], [ 83.11324, 27.66678 ], [ 83.11405, 27.66834 ], [ 83.11448, 27.67014 ], [ 83.11546, 27.67247 ], [ 83.11486, 27.67309 ], [ 83.11372, 27.67376 ], [ 83.1115, 27.67433 ], [ 83.11028, 27.67425 ], [ 83.10995, 27.67453 ], [ 83.10994, 27.67477 ], [ 83.11072, 27.67564 ], [ 83.11362, 27.67785 ], [ 83.11797, 27.6796 ], [ 83.117, 27.68096 ], [ 83.11634, 27.68157 ], [ 83.11547, 27.68189 ], [ 83.11379, 27.68195 ], [ 83.11046, 27.6817 ], [ 83.10944, 27.68132 ], [ 83.10364, 27.67762 ], [ 83.10196, 27.67681 ], [ 83.10133, 27.6763 ], [ 83.10022, 27.6759 ], [ 83.09876, 27.67602 ], [ 83.09698, 27.67678 ], [ 83.09483, 27.6767 ], [ 83.09338, 27.6762 ], [ 83.08458, 27.67417 ], [ 83.08035, 27.67235 ], [ 83.07898, 27.67219 ], [ 83.07737, 27.67287 ], [ 83.078, 27.67411 ], [ 83.07825, 27.67532 ], [ 83.07875, 27.67625 ], [ 83.07881, 27.67693 ], [ 83.07954, 27.6781 ], [ 83.07947, 27.68119 ], [ 83.07984, 27.68188 ], [ 83.07951, 27.68257 ], [ 83.07968, 27.68354 ], [ 83.08013, 27.68357 ], [ 83.08031, 27.68434 ], [ 83.08063, 27.6848 ], [ 83.08125, 27.68487 ], [ 83.08154, 27.68522 ], [ 83.08183, 27.68604 ], [ 83.08215, 27.68614 ], [ 83.08195, 27.68649 ], [ 83.08196, 27.68706 ], [ 83.08239, 27.68705 ], [ 83.08278, 27.68807 ], [ 83.08363, 27.68858 ], [ 83.08375, 27.68888 ], [ 83.08328, 27.68979 ], [ 83.08338, 27.69071 ], [ 83.08304, 27.6913 ], [ 83.08362, 27.69257 ], [ 83.08343, 27.69333 ], [ 83.08362, 27.69358 ], [ 83.08351, 27.69415 ], [ 83.08362, 27.69473 ], [ 83.08263, 27.69603 ], [ 83.08282, 27.6964 ], [ 83.08277, 27.69668 ], [ 83.08221, 27.69679 ], [ 83.08201, 27.69709 ], [ 83.08187, 27.6977 ], [ 83.08218, 27.69841 ], [ 83.08147, 27.69877 ], [ 83.08156, 27.69976 ], [ 83.08081, 27.70076 ], [ 83.07979, 27.70124 ], [ 83.07974, 27.70162 ], [ 83.08005, 27.70237 ], [ 83.07984, 27.70295 ], [ 83.08009, 27.70358 ], [ 83.07992, 27.70432 ], [ 83.08002, 27.70472 ], [ 83.07985, 27.70495 ], [ 83.07935, 27.70515 ], [ 83.07898, 27.70566 ], [ 83.07823, 27.70624 ], [ 83.07857, 27.70675 ], [ 83.07819, 27.7076 ], [ 83.07853, 27.70793 ], [ 83.07834, 27.7085 ], [ 83.07884, 27.70828 ], [ 83.07899, 27.70838 ], [ 83.0787, 27.70912 ], [ 83.07814, 27.70989 ], [ 83.0782, 27.71024 ], [ 83.07863, 27.71019 ], [ 83.0788, 27.71032 ], [ 83.07819, 27.71085 ], [ 83.07812, 27.71125 ], [ 83.07922, 27.71215 ], [ 83.08026, 27.7127 ], [ 83.08055, 27.7131 ], [ 83.07962, 27.71578 ], [ 83.0785, 27.71737 ], [ 83.07827, 27.71794 ], [ 83.07814, 27.72029 ], [ 83.07838, 27.72144 ], [ 83.07842, 27.72281 ], [ 83.07811, 27.72447 ], [ 83.07547, 27.72862 ], [ 83.07385, 27.73042 ], [ 83.07342, 27.73128 ], [ 83.07259, 27.7323 ], [ 83.07155, 27.73274 ], [ 83.06805, 27.73345 ], [ 83.06768, 27.73371 ], [ 83.06744, 27.73722 ], [ 83.06763, 27.7398 ], [ 83.06721, 27.7414 ], [ 83.0675, 27.74232 ], [ 83.06826, 27.74278 ], [ 83.06893, 27.74359 ], [ 83.06934, 27.74503 ], [ 83.07061, 27.74705 ], [ 83.0721, 27.75122 ], [ 83.07387, 27.75288 ], [ 83.07418, 27.75372 ], [ 83.07551, 27.75487 ], [ 83.07586, 27.7557 ], [ 83.07639, 27.75613 ], [ 83.07761, 27.75662 ], [ 83.0775, 27.7575 ], [ 83.07712, 27.75841 ], [ 83.07708, 27.75916 ], [ 83.07758, 27.76111 ], [ 83.07709, 27.76197 ], [ 83.0774, 27.76277 ], [ 83.07816, 27.76341 ], [ 83.07837, 27.76394 ], [ 83.07788, 27.76542 ], [ 83.07726, 27.76639 ], [ 83.07735, 27.76752 ], [ 83.07854, 27.7683 ], [ 83.08008, 27.7685 ], [ 83.08149, 27.76928 ], [ 83.08283, 27.76968 ], [ 83.08344, 27.77061 ], [ 83.08372, 27.77169 ], [ 83.08511, 27.77402 ], [ 83.08562, 27.77443 ], [ 83.08652, 27.77479 ], [ 83.08708, 27.77459 ], [ 83.08722, 27.77309 ], [ 83.08821, 27.77225 ], [ 83.08907, 27.77113 ], [ 83.08952, 27.7711 ], [ 83.09001, 27.77138 ], [ 83.09012, 27.77207 ], [ 83.08973, 27.77367 ], [ 83.09051, 27.77511 ], [ 83.0902, 27.77595 ], [ 83.0896, 27.77667 ], [ 83.08974, 27.77706 ], [ 83.0905, 27.77777 ], [ 83.09057, 27.77846 ], [ 83.09039, 27.7793 ], [ 83.08936, 27.78082 ], [ 83.08916, 27.78233 ], [ 83.08965, 27.78257 ], [ 83.09101, 27.78257 ], [ 83.09287, 27.78294 ], [ 83.09365, 27.78287 ], [ 83.09396, 27.78263 ] ] ] } },
{ "type": "Feature", "properties": { "fid": 530, "STATE_CODE": 5.0, "DISTRICT": "KAPILBASTU", "GaPa_NaPa": "Bijayanagar", "Type_GN": "Gaunpalika", "Province": "5" }, "geometry": { "type": "Polygon", "coordinates": [ [ [ 82.73593, 27.7696 ], [ 82.73662, 27.76958 ], [ 82.73776, 27.7703 ], [ 82.73902, 27.76982 ], [ 82.74203, 27.76957 ], [ 82.74495, 27.76969 ], [ 82.74591, 27.76926 ], [ 82.74705, 27.76923 ], [ 82.74791, 27.76841 ], [ 82.74865, 27.76832 ], [ 82.74901, 27.76771 ], [ 82.74982, 27.76716 ], [ 82.75019, 27.76702 ], [ 82.75068, 27.76716 ], [ 82.75049, 27.76657 ], [ 82.75084, 27.76629 ], [ 82.7516, 27.76614 ], [ 82.75198, 27.7668 ], [ 82.7522, 27.76686 ], [ 82.75226, 27.76615 ], [ 82.75255, 27.76591 ], [ 82.75309, 27.76579 ], [ 82.75319, 27.76553 ], [ 82.75268, 27.76513 ], [ 82.75122, 27.76463 ], [ 82.75104, 27.7643 ], [ 82.75112, 27.76369 ], [ 82.7514, 27.76356 ], [ 82.752, 27.76377 ], [ 82.7526, 27.76375 ], [ 82.75347, 27.76347 ], [ 82.75398, 27.76361 ], [ 82.75468, 27.76337 ], [ 82.75503, 27.76299 ], [ 82.75505, 27.76228 ], [ 82.75535, 27.76185 ], [ 82.75502, 27.7615 ], [ 82.75494, 27.76111 ], [ 82.75535, 27.76107 ], [ 82.75603, 27.76143 ], [ 82.75691, 27.76256 ], [ 82.75734, 27.76196 ], [ 82.7575, 27.76097 ], [ 82.75771, 27.76071 ], [ 82.75847, 27.76083 ], [ 82.75948, 27.76145 ], [ 82.7611, 27.76118 ], [ 82.76277, 27.76014 ], [ 82.7629, 27.75943 ], [ 82.76247, 27.75877 ], [ 82.76079, 27.7583 ], [ 82.76017, 27.75758 ], [ 82.76027, 27.75737 ], [ 82.76083, 27.75731 ], [ 82.76118, 27.75705 ], [ 82.76107, 27.75632 ], [ 82.76132, 27.75472 ], [ 82.76207, 27.75414 ], [ 82.76254, 27.75353 ], [ 82.76247, 27.75245 ], [ 82.76313, 27.75149 ], [ 82.76275, 27.75041 ], [ 82.76333, 27.74922 ], [ 82.763, 27.74894 ], [ 82.76252, 27.74903 ], [ 82.76195, 27.74867 ], [ 82.76169, 27.74678 ], [ 82.76171, 27.7451 ], [ 82.76292, 27.74347 ], [ 82.76322, 27.74278 ], [ 82.76337, 27.74088 ], [ 82.76315, 27.73918 ], [ 82.76333, 27.73842 ], [ 82.76451, 27.73713 ], [ 82.76686, 27.73605 ], [ 82.76735, 27.73574 ], [ 82.76751, 27.73543 ], [ 82.76693, 27.73469 ], [ 82.7649, 27.73383 ], [ 82.76387, 27.73319 ], [ 82.76352, 27.73257 ], [ 82.76351, 27.7318 ], [ 82.76423, 27.73083 ], [ 82.76526, 27.7302 ], [ 82.76711, 27.72863 ], [ 82.76971, 27.72546 ], [ 82.77223, 27.72329 ], [ 82.77438, 27.7218 ], [ 82.77565, 27.72032 ], [ 82.77617, 27.71842 ], [ 82.77613, 27.71757 ], [ 82.77584, 27.71665 ], [ 82.77578, 27.71521 ], [ 82.77652, 27.71293 ], [ 82.7767, 27.70979 ], [ 82.7777, 27.70877 ], [ 82.77902, 27.7079 ], [ 82.77994, 27.70664 ], [ 82.78042, 27.70512 ], [ 82.78185, 27.70217 ], [ 82.78205, 27.70133 ], [ 82.78196, 27.70032 ], [ 82.78207, 27.6994 ], [ 82.78366, 27.69762 ], [ 82.78432, 27.69643 ], [ 82.7859, 27.69088 ], [ 82.7868, 27.68981 ], [ 82.78794, 27.68898 ], [ 82.78952, 27.68814 ], [ 82.78996, 27.68762 ], [ 82.79137, 27.68482 ], [ 82.79239, 27.68201 ], [ 82.79286, 27.68005 ], [ 82.79347, 27.67869 ], [ 82.79368, 27.67793 ], [ 82.79366, 27.67731 ], [ 82.79177, 27.67482 ], [ 82.7907, 27.67287 ], [ 82.7923, 27.6722 ], [ 82.79324, 27.67206 ], [ 82.79428, 27.67168 ], [ 82.79641, 27.67063 ], [ 82.79988, 27.66942 ], [ 82.80021, 27.66914 ], [ 82.80079, 27.66759 ], [ 82.80109, 27.66568 ], [ 82.8014, 27.66514 ], [ 82.80284, 27.66449 ], [ 82.80354, 27.66398 ], [ 82.80404, 27.66352 ], [ 82.80439, 27.66255 ], [ 82.8053, 27.66231 ], [ 82.80537, 27.66185 ], [ 82.80578, 27.66147 ], [ 82.80698, 27.6616 ], [ 82.80982, 27.66094 ], [ 82.8097, 27.66038 ], [ 82.80979, 27.65977 ], [ 82.81119, 27.65811 ], [ 82.8125, 27.65757 ], [ 82.81568, 27.65755 ], [ 82.81732, 27.65685 ], [ 82.81766, 27.65657 ], [ 82.81786, 27.6559 ], [ 82.81732, 27.65499 ], [ 82.81594, 27.65404 ], [ 82.81408, 27.6536 ], [ 82.81357, 27.65285 ], [ 82.81354, 27.65231 ], [ 82.81378, 27.65185 ], [ 82.81547, 27.65038 ], [ 82.81709, 27.64809 ], [ 82.81984, 27.64601 ], [ 82.82219, 27.64473 ], [ 82.82276, 27.64416 ], [ 82.82287, 27.64363 ], [ 82.82246, 27.64271 ], [ 82.82004, 27.64048 ], [ 82.8201, 27.63934 ], [ 82.82044, 27.63797 ], [ 82.82108, 27.63704 ], [ 82.82164, 27.63672 ], [ 82.82463, 27.63668 ], [ 82.8266, 27.63701 ], [ 82.82839, 27.63776 ], [ 82.82925, 27.63783 ], [ 82.82992, 27.63755 ], [ 82.83016, 27.63717 ], [ 82.83062, 27.63504 ], [ 82.83044, 27.63389 ], [ 82.82966, 27.63266 ], [ 82.82787, 27.63196 ], [ 82.82491, 27.6321 ], [ 82.82442, 27.63167 ], [ 82.82551, 27.63033 ], [ 82.82576, 27.62789 ], [ 82.82551, 27.62598 ], [ 82.82563, 27.62491 ], [ 82.8259, 27.62415 ], [ 82.82722, 27.62189 ], [ 82.82765, 27.62029 ], [ 82.82762, 27.6196 ], [ 82.82737, 27.61884 ], [ 82.82587, 27.61746 ], [ 82.82571, 27.61668 ], [ 82.82603, 27.61515 ], [ 82.82716, 27.61226 ], [ 82.82843, 27.61077 ], [ 82.83071, 27.60871 ], [ 82.83336, 27.60686 ], [ 82.83371, 27.60635 ], [ 82.8338, 27.60589 ], [ 82.83339, 27.60474 ], [ 82.83216, 27.60346 ], [ 82.82982, 27.60202 ], [ 82.82855, 27.6008 ], [ 82.82862, 27.60055 ], [ 82.82962, 27.59968 ], [ 82.83023, 27.59763 ], [ 82.83034, 27.59396 ], [ 82.82999, 27.59168 ], [ 82.82959, 27.5912 ], [ 82.82857, 27.5906 ], [ 82.82728, 27.59046 ], [ 82.82483, 27.59082 ], [ 82.82409, 27.5905 ], [ 82.82304, 27.58926 ], [ 82.82158, 27.58493 ], [ 82.82154, 27.58325 ], [ 82.82208, 27.58175 ], [ 82.82291, 27.58059 ], [ 82.82308, 27.57954 ], [ 82.82294, 27.57908 ], [ 82.82262, 27.57875 ], [ 82.82134, 27.57807 ], [ 82.81999, 27.57679 ], [ 82.81954, 27.5753 ], [ 82.81983, 27.57486 ], [ 82.82096, 27.57405 ], [ 82.82195, 27.5724 ], [ 82.82228, 27.57149 ], [ 82.82259, 27.56958 ], [ 82.82346, 27.5673 ], [ 82.82374, 27.56601 ], [ 82.82462, 27.56346 ], [ 82.82484, 27.56158 ], [ 82.82461, 27.55968 ], [ 82.82364, 27.55657 ], [ 82.82226, 27.55376 ], [ 82.82183, 27.55243 ], [ 82.82166, 27.55049 ], [ 82.81948, 27.54984 ], [ 82.81802, 27.54968 ], [ 82.81664, 27.54973 ], [ 82.81522, 27.54985 ], [ 82.81126, 27.55072 ], [ 82.80893, 27.55095 ], [ 82.80833, 27.55119 ], [ 82.80728, 27.55245 ], [ 82.80669, 27.55279 ], [ 82.80581, 27.55291 ], [ 82.80542, 27.5532 ], [ 82.80482, 27.55463 ], [ 82.80452, 27.55486 ], [ 82.80374, 27.55487 ], [ 82.80288, 27.55519 ], [ 82.80252, 27.55597 ], [ 82.8012, 27.55682 ], [ 82.80048, 27.55777 ], [ 82.80113, 27.55916 ], [ 82.8004, 27.56025 ], [ 82.80013, 27.56114 ], [ 82.79901, 27.56156 ], [ 82.79749, 27.56254 ], [ 82.79586, 27.56329 ], [ 82.79509, 27.56335 ], [ 82.79397, 27.56272 ], [ 82.79269, 27.56147 ], [ 82.79168, 27.55989 ], [ 82.78617, 27.55944 ], [ 82.78553, 27.55916 ], [ 82.78443, 27.55904 ], [ 82.78385, 27.55927 ], [ 82.782, 27.5595 ], [ 82.77865, 27.5591 ], [ 82.77639, 27.55928 ], [ 82.77423, 27.55889 ], [ 82.77359, 27.55824 ], [ 82.77226, 27.55541 ], [ 82.77114, 27.55385 ], [ 82.76729, 27.55565 ], [ 82.76683, 27.55605 ], [ 82.7666, 27.55735 ], [ 82.76636, 27.55772 ], [ 82.76523, 27.55819 ], [ 82.7633, 27.5593 ], [ 82.76046, 27.55995 ], [ 82.75347, 27.5601 ], [ 82.75231, 27.56055 ], [ 82.75005, 27.56225 ], [ 82.74787, 27.56276 ], [ 82.7491, 27.56324 ], [ 82.75037, 27.56406 ], [ 82.75123, 27.56525 ], [ 82.75145, 27.56617 ], [ 82.75132, 27.56678 ], [ 82.75096, 27.56739 ], [ 82.74848, 27.56987 ], [ 82.74773, 27.57126 ], [ 82.74776, 27.57225 ], [ 82.74807, 27.57287 ], [ 82.74906, 27.57388 ], [ 82.7492, 27.57426 ], [ 82.74883, 27.5751 ], [ 82.74868, 27.57601 ], [ 82.74919, 27.57651 ], [ 82.75058, 27.57663 ], [ 82.75094, 27.57698 ], [ 82.75099, 27.57881 ], [ 82.75079, 27.5798 ], [ 82.75157, 27.58173 ], [ 82.7517, 27.58295 ], [ 82.75236, 27.58484 ], [ 82.75318, 27.58565 ], [ 82.75563, 27.58648 ], [ 82.75584, 27.58673 ], [ 82.75576, 27.58773 ], [ 82.75539, 27.58849 ], [ 82.75473, 27.58931 ], [ 82.75226, 27.5913 ], [ 82.75115, 27.5927 ], [ 82.75015, 27.5935 ], [ 82.74823, 27.59445 ], [ 82.74617, 27.59483 ], [ 82.74486, 27.5953 ], [ 82.74464, 27.59568 ], [ 82.74461, 27.59622 ], [ 82.74546, 27.59937 ], [ 82.74534, 27.60029 ], [ 82.74345, 27.60201 ], [ 82.74276, 27.60369 ], [ 82.74217, 27.60466 ], [ 82.74081, 27.60545 ], [ 82.73943, 27.60588 ], [ 82.73848, 27.60658 ], [ 82.73714, 27.60714 ], [ 82.73597, 27.60805 ], [ 82.73484, 27.60962 ], [ 82.7349, 27.60995 ], [ 82.73593, 27.61086 ], [ 82.7362, 27.6114 ], [ 82.73582, 27.61247 ], [ 82.7345, 27.61468 ], [ 82.7345, 27.61491 ], [ 82.73506, 27.61582 ], [ 82.73508, 27.61627 ], [ 82.73424, 27.61778 ], [ 82.73323, 27.61811 ], [ 82.733, 27.61893 ], [ 82.73315, 27.6194 ], [ 82.73382, 27.6203 ], [ 82.73439, 27.6206 ], [ 82.73604, 27.6209 ], [ 82.73652, 27.62131 ], [ 82.73662, 27.62169 ], [ 82.73625, 27.62234 ], [ 82.7359, 27.62253 ], [ 82.73496, 27.62277 ], [ 82.73402, 27.62266 ], [ 82.7329, 27.62286 ], [ 82.73116, 27.62342 ], [ 82.73072, 27.624 ], [ 82.73085, 27.62429 ], [ 82.73161, 27.62465 ], [ 82.73367, 27.62433 ], [ 82.7347, 27.62438 ], [ 82.73629, 27.62558 ], [ 82.73661, 27.62606 ], [ 82.73651, 27.62643 ], [ 82.73481, 27.62721 ], [ 82.73387, 27.62793 ], [ 82.73356, 27.62854 ], [ 82.73379, 27.62912 ], [ 82.73481, 27.62978 ], [ 82.73698, 27.63053 ], [ 82.73814, 27.63196 ], [ 82.73816, 27.63234 ], [ 82.73794, 27.63261 ], [ 82.73658, 27.63308 ], [ 82.73623, 27.63361 ], [ 82.73609, 27.63434 ], [ 82.73518, 27.63507 ], [ 82.73496, 27.63555 ], [ 82.73504, 27.63591 ], [ 82.7354, 27.63621 ], [ 82.73643, 27.63622 ], [ 82.73723, 27.63674 ], [ 82.73752, 27.63755 ], [ 82.73777, 27.63962 ], [ 82.73767, 27.64029 ], [ 82.73754, 27.64065 ], [ 82.73699, 27.64126 ], [ 82.73622, 27.64311 ], [ 82.73591, 27.64328 ], [ 82.7348, 27.64329 ], [ 82.73378, 27.64259 ], [ 82.73333, 27.64266 ], [ 82.7327, 27.64442 ], [ 82.73373, 27.64588 ], [ 82.73351, 27.64619 ], [ 82.733, 27.64639 ], [ 82.73257, 27.64643 ], [ 82.73193, 27.64606 ], [ 82.73096, 27.64514 ], [ 82.72975, 27.64501 ], [ 82.72893, 27.6451 ], [ 82.72848, 27.64519 ], [ 82.72805, 27.64557 ], [ 82.72795, 27.64593 ], [ 82.72827, 27.64731 ], [ 82.72861, 27.64787 ], [ 82.72924, 27.6481 ], [ 82.73078, 27.64789 ], [ 82.73119, 27.64837 ], [ 82.73133, 27.649 ], [ 82.73095, 27.64952 ], [ 82.73053, 27.64979 ], [ 82.73031, 27.65078 ], [ 82.73059, 27.65223 ], [ 82.73038, 27.65273 ], [ 82.72875, 27.65472 ], [ 82.72714, 27.65542 ], [ 82.72647, 27.65651 ], [ 82.72587, 27.658 ], [ 82.72552, 27.65838 ], [ 82.72386, 27.6591 ], [ 82.7228, 27.65872 ], [ 82.72204, 27.65802 ], [ 82.72086, 27.65733 ], [ 82.72032, 27.65729 ], [ 82.7194, 27.65776 ], [ 82.71897, 27.65901 ], [ 82.71912, 27.65964 ], [ 82.72044, 27.66108 ], [ 82.7205, 27.66137 ], [ 82.72027, 27.66164 ], [ 82.71637, 27.66205 ], [ 82.71417, 27.6626 ], [ 82.71275, 27.66331 ], [ 82.71228, 27.66384 ], [ 82.71169, 27.66506 ], [ 82.71171, 27.66562 ], [ 82.71191, 27.66589 ], [ 82.71413, 27.66584 ], [ 82.71489, 27.66629 ], [ 82.71536, 27.66681 ], [ 82.7158, 27.66804 ], [ 82.71571, 27.66867 ], [ 82.71537, 27.66902 ], [ 82.71347, 27.66969 ], [ 82.71322, 27.66995 ], [ 82.71315, 27.67089 ], [ 82.71376, 27.67151 ], [ 82.71523, 27.67207 ], [ 82.71592, 27.67251 ], [ 82.71614, 27.67361 ], [ 82.71614, 27.67559 ], [ 82.71574, 27.67602 ], [ 82.71432, 27.6769 ], [ 82.71421, 27.67715 ], [ 82.71498, 27.67836 ], [ 82.71521, 27.67917 ], [ 82.71519, 27.67968 ], [ 82.71476, 27.68101 ], [ 82.71479, 27.68141 ], [ 82.71591, 27.68289 ], [ 82.71692, 27.685 ], [ 82.71786, 27.68622 ], [ 82.71823, 27.68742 ], [ 82.71699, 27.68906 ], [ 82.7166, 27.69009 ], [ 82.71564, 27.69178 ], [ 82.71074, 27.69456 ], [ 82.70987, 27.69537 ], [ 82.70704, 27.69921 ], [ 82.70689, 27.70059 ], [ 82.70583, 27.70284 ], [ 82.70572, 27.70416 ], [ 82.70515, 27.70622 ], [ 82.70557, 27.70834 ], [ 82.70558, 27.7112 ], [ 82.70598, 27.71332 ], [ 82.70682, 27.71514 ], [ 82.70703, 27.71611 ], [ 82.70764, 27.71759 ], [ 82.70794, 27.72185 ], [ 82.70758, 27.72346 ], [ 82.70827, 27.72465 ], [ 82.70664, 27.72528 ], [ 82.70615, 27.72651 ], [ 82.70611, 27.72794 ], [ 82.70646, 27.72868 ], [ 82.70661, 27.7296 ], [ 82.70631, 27.7307 ], [ 82.70582, 27.73161 ], [ 82.70617, 27.73339 ], [ 82.70539, 27.73425 ], [ 82.70598, 27.73484 ], [ 82.70614, 27.73558 ], [ 82.70502, 27.73749 ], [ 82.70385, 27.7387 ], [ 82.70372, 27.741 ], [ 82.70336, 27.74278 ], [ 82.70232, 27.74333 ], [ 82.70076, 27.74543 ], [ 82.7009, 27.74617 ], [ 82.70167, 27.74725 ], [ 82.70164, 27.74937 ], [ 82.70178, 27.74983 ], [ 82.69952, 27.75113 ], [ 82.69921, 27.7519 ], [ 82.69906, 27.75328 ], [ 82.69725, 27.75437 ], [ 82.69651, 27.75511 ], [ 82.69599, 27.75635 ], [ 82.69604, 27.75664 ], [ 82.69671, 27.75701 ], [ 82.69862, 27.75775 ], [ 82.69975, 27.75879 ], [ 82.70175, 27.75876 ], [ 82.70312, 27.75836 ], [ 82.70484, 27.75882 ], [ 82.70632, 27.75959 ], [ 82.70778, 27.75953 ], [ 82.70925, 27.75987 ], [ 82.70993, 27.75986 ], [ 82.71068, 27.75938 ], [ 82.71099, 27.75884 ], [ 82.71203, 27.75785 ], [ 82.71578, 27.75761 ], [ 82.7167, 27.75831 ], [ 82.71756, 27.75866 ], [ 82.71903, 27.75893 ], [ 82.72023, 27.75874 ], [ 82.72174, 27.75801 ], [ 82.72371, 27.75894 ], [ 82.72393, 27.75924 ], [ 82.72388, 27.75972 ], [ 82.72421, 27.76039 ], [ 82.72391, 27.76077 ], [ 82.72378, 27.76192 ], [ 82.72411, 27.76243 ], [ 82.72539, 27.7632 ], [ 82.72534, 27.76377 ], [ 82.7255, 27.76428 ], [ 82.72574, 27.76451 ], [ 82.73107, 27.76684 ], [ 82.7319, 27.77089 ], [ 82.73147, 27.77219 ], [ 82.73135, 27.77431 ], [ 82.73274, 27.77211 ], [ 82.73401, 27.77067 ], [ 82.73593, 27.7696 ] ] ] } },
{ "type": "Feature", "properties": { "fid": 583, "STATE_CODE": 5.0, "DISTRICT": "DANG", "GaPa_NaPa": "Gadhawa", "Type_GN": "Gaunpalika", "Province": "5" }, "geometry": { "type": "Polygon", "coordinates": [ [ [ 82.51226, 27.83947 ], [ 82.51389, 27.83938 ], [ 82.51654, 27.84065 ], [ 82.51778, 27.84068 ], [ 82.52025, 27.84123 ], [ 82.52292, 27.84159 ], [ 82.52478, 27.84154 ], [ 82.52676, 27.84084 ], [ 82.52822, 27.83949 ], [ 82.52847, 27.83876 ], [ 82.52827, 27.8378 ], [ 82.52828, 27.8354 ], [ 82.52891, 27.83433 ], [ 82.52981, 27.83384 ], [ 82.53044, 27.83374 ], [ 82.53539, 27.83477 ], [ 82.538, 27.83575 ], [ 82.53885, 27.83591 ], [ 82.54159, 27.83614 ], [ 82.54305, 27.83589 ], [ 82.54412, 27.83599 ], [ 82.54621, 27.83572 ], [ 82.54739, 27.83646 ], [ 82.54806, 27.83761 ], [ 82.5489, 27.83848 ], [ 82.55029, 27.83939 ], [ 82.55157, 27.83975 ], [ 82.55279, 27.83958 ], [ 82.5543, 27.83839 ], [ 82.55498, 27.8381 ], [ 82.55532, 27.83783 ], [ 82.55645, 27.83597 ], [ 82.55844, 27.83433 ], [ 82.5605, 27.83395 ], [ 82.56155, 27.83405 ], [ 82.56275, 27.83457 ], [ 82.56763, 27.83838 ], [ 82.56862, 27.83859 ], [ 82.56937, 27.83858 ], [ 82.57072, 27.83824 ], [ 82.57184, 27.8377 ], [ 82.57257, 27.83676 ], [ 82.57336, 27.83614 ], [ 82.57373, 27.83502 ], [ 82.57482, 27.8342 ], [ 82.57538, 27.83409 ], [ 82.57803, 27.83499 ], [ 82.58016, 27.83476 ], [ 82.5829, 27.83317 ], [ 82.5835, 27.83305 ], [ 82.58998, 27.83515 ], [ 82.59219, 27.83526 ], [ 82.59292, 27.83511 ], [ 82.59348, 27.83476 ], [ 82.5946, 27.83374 ], [ 82.59516, 27.8337 ], [ 82.59749, 27.83407 ], [ 82.59993, 27.83388 ], [ 82.60405, 27.83165 ], [ 82.6051, 27.8303 ], [ 82.60735, 27.82876 ], [ 82.60938, 27.82683 ], [ 82.60975, 27.82619 ], [ 82.60985, 27.82568 ], [ 82.60958, 27.82444 ], [ 82.60807, 27.82207 ], [ 82.60799, 27.82171 ], [ 82.60821, 27.82096 ], [ 82.60895, 27.82064 ], [ 82.60936, 27.82056 ], [ 82.61405, 27.82102 ], [ 82.61571, 27.82159 ], [ 82.62, 27.82231 ], [ 82.62177, 27.82219 ], [ 82.62288, 27.82187 ], [ 82.62377, 27.82127 ], [ 82.62765, 27.82102 ], [ 82.63327, 27.81963 ], [ 82.63516, 27.81901 ], [ 82.63861, 27.81838 ], [ 82.64603, 27.81829 ], [ 82.64734, 27.81815 ], [ 82.65458, 27.81845 ], [ 82.66482, 27.82156 ], [ 82.6673, 27.8218 ], [ 82.66987, 27.82158 ], [ 82.6756, 27.82223 ], [ 82.67903, 27.82224 ], [ 82.68386, 27.82284 ], [ 82.68595, 27.82396 ], [ 82.68685, 27.82399 ], [ 82.68792, 27.82372 ], [ 82.68924, 27.82381 ], [ 82.68967, 27.82403 ], [ 82.693, 27.82452 ], [ 82.69737, 27.82541 ], [ 82.69922, 27.82605 ], [ 82.70261, 27.82688 ], [ 82.70509, 27.82698 ], [ 82.70756, 27.82674 ], [ 82.71055, 27.82558 ], [ 82.71322, 27.82402 ], [ 82.71533, 27.8231 ], [ 82.71769, 27.8223 ], [ 82.71968, 27.82207 ], [ 82.72126, 27.82169 ], [ 82.72345, 27.82167 ], [ 82.72661, 27.82121 ], [ 82.72972, 27.82103 ], [ 82.73433, 27.8211 ], [ 82.73543, 27.82134 ], [ 82.73712, 27.82251 ], [ 82.73862, 27.82281 ], [ 82.73983, 27.82291 ], [ 82.74198, 27.8225 ], [ 82.74639, 27.82353 ], [ 82.74748, 27.82348 ], [ 82.74906, 27.82279 ], [ 82.75258, 27.8218 ], [ 82.75414, 27.82024 ], [ 82.75576, 27.81937 ], [ 82.75698, 27.81763 ], [ 82.757, 27.81648 ], [ 82.75666, 27.81494 ], [ 82.7567, 27.81372 ], [ 82.75714, 27.8129 ], [ 82.75812, 27.81199 ], [ 82.75941, 27.81136 ], [ 82.76155, 27.81093 ], [ 82.76293, 27.81046 ], [ 82.76506, 27.81034 ], [ 82.76745, 27.81077 ], [ 82.76925, 27.81037 ], [ 82.77001, 27.80967 ], [ 82.77103, 27.80744 ], [ 82.77194, 27.8061 ], [ 82.77288, 27.80507 ], [ 82.77557, 27.80375 ], [ 82.7796, 27.80259 ], [ 82.78153, 27.79961 ], [ 82.7822, 27.79882 ], [ 82.78348, 27.79774 ], [ 82.78464, 27.79612 ], [ 82.78548, 27.79539 ], [ 82.78699, 27.79456 ], [ 82.78759, 27.79447 ], [ 82.78811, 27.79505 ], [ 82.78776, 27.79706 ], [ 82.78675, 27.80026 ], [ 82.78651, 27.80203 ], [ 82.78729, 27.80376 ], [ 82.78816, 27.80459 ], [ 82.7907, 27.80561 ], [ 82.79309, 27.80597 ], [ 82.79412, 27.80593 ], [ 82.79472, 27.80569 ], [ 82.79611, 27.80418 ], [ 82.79766, 27.80332 ], [ 82.79871, 27.80213 ], [ 82.79882, 27.80144 ], [ 82.79744, 27.79691 ], [ 82.79747, 27.79646 ], [ 82.79814, 27.79463 ], [ 82.79881, 27.79407 ], [ 82.80003, 27.79395 ], [ 82.80318, 27.79485 ], [ 82.8042, 27.79498 ], [ 82.80527, 27.79354 ], [ 82.80567, 27.79251 ], [ 82.80562, 27.79148 ], [ 82.80446, 27.79076 ], [ 82.80381, 27.79014 ], [ 82.80362, 27.78962 ], [ 82.8034, 27.7877 ], [ 82.80374, 27.78576 ], [ 82.80436, 27.78457 ], [ 82.80456, 27.7836 ], [ 82.80521, 27.78213 ], [ 82.8052, 27.78108 ], [ 82.80489, 27.78 ], [ 82.8045, 27.77939 ], [ 82.80391, 27.77729 ], [ 82.80219, 27.77581 ], [ 82.80108, 27.77554 ], [ 82.79954, 27.77596 ], [ 82.79827, 27.7747 ], [ 82.79793, 27.77383 ], [ 82.79683, 27.77425 ], [ 82.79629, 27.77427 ], [ 82.79552, 27.77341 ], [ 82.79304, 27.773 ], [ 82.79015, 27.77201 ], [ 82.78723, 27.77193 ], [ 82.78671, 27.77217 ], [ 82.78567, 27.77216 ], [ 82.78466, 27.77152 ], [ 82.7834, 27.76929 ], [ 82.78322, 27.77038 ], [ 82.78287, 27.77104 ], [ 82.78342, 27.7722 ], [ 82.783, 27.77372 ], [ 82.78292, 27.77486 ], [ 82.78244, 27.77577 ], [ 82.78265, 27.77669 ], [ 82.78233, 27.77729 ], [ 82.78179, 27.77743 ], [ 82.77938, 27.77739 ], [ 82.77793, 27.77699 ], [ 82.77525, 27.7774 ], [ 82.77394, 27.7772 ], [ 82.77233, 27.77748 ], [ 82.76995, 27.77701 ], [ 82.76521, 27.77689 ], [ 82.76357, 27.77721 ], [ 82.76185, 27.77715 ], [ 82.76021, 27.77738 ], [ 82.75887, 27.77709 ], [ 82.75593, 27.77742 ], [ 82.75379, 27.77711 ], [ 82.75276, 27.77724 ], [ 82.74975, 27.77708 ], [ 82.74785, 27.77749 ], [ 82.74564, 27.77677 ], [ 82.74434, 27.777 ], [ 82.74211, 27.77677 ], [ 82.7409, 27.77701 ], [ 82.73946, 27.77639 ], [ 82.73834, 27.7765 ], [ 82.73647, 27.77599 ], [ 82.73509, 27.77604 ], [ 82.73121, 27.77477 ], [ 82.73153, 27.77283 ], [ 82.73147, 27.77219 ], [ 82.7319, 27.77089 ], [ 82.73115, 27.76698 ], [ 82.73058, 27.76654 ], [ 82.72598, 27.76466 ], [ 82.7255, 27.76428 ], [ 82.72534, 27.76377 ], [ 82.72539, 27.7632 ], [ 82.72411, 27.76243 ], [ 82.72378, 27.76192 ], [ 82.72391, 27.76077 ], [ 82.72421, 27.76039 ], [ 82.72388, 27.75972 ], [ 82.72393, 27.75924 ], [ 82.72371, 27.75894 ], [ 82.72287, 27.75847 ], [ 82.72174, 27.75801 ], [ 82.72023, 27.75874 ], [ 82.71903, 27.75893 ], [ 82.71756, 27.75866 ], [ 82.7167, 27.75831 ], [ 82.71578, 27.75761 ], [ 82.71203, 27.75785 ], [ 82.71099, 27.75884 ], [ 82.71068, 27.75938 ], [ 82.70993, 27.75986 ], [ 82.70925, 27.75987 ], [ 82.70778, 27.75953 ], [ 82.70632, 27.75959 ], [ 82.70484, 27.75882 ], [ 82.70312, 27.75836 ], [ 82.70175, 27.75876 ], [ 82.69975, 27.75879 ], [ 82.69862, 27.75775 ], [ 82.69604, 27.75664 ], [ 82.69607, 27.75595 ], [ 82.69651, 27.75511 ], [ 82.69725, 27.75437 ], [ 82.69906, 27.75328 ], [ 82.69921, 27.7519 ], [ 82.69952, 27.75113 ], [ 82.70178, 27.74983 ], [ 82.70164, 27.74937 ], [ 82.70167, 27.74725 ], [ 82.7009, 27.74617 ], [ 82.70076, 27.74543 ], [ 82.70232, 27.74333 ], [ 82.70336, 27.74278 ], [ 82.70372, 27.741 ], [ 82.70385, 27.7387 ], [ 82.70502, 27.73749 ], [ 82.70614, 27.73558 ], [ 82.70598, 27.73484 ], [ 82.70539, 27.73425 ], [ 82.70617, 27.73339 ], [ 82.70582, 27.73161 ], [ 82.70631, 27.7307 ], [ 82.70661, 27.7296 ], [ 82.70646, 27.72868 ], [ 82.70611, 27.72794 ], [ 82.70615, 27.72651 ], [ 82.70664, 27.72528 ], [ 82.70827, 27.72465 ], [ 82.70758, 27.72346 ], [ 82.70794, 27.72185 ], [ 82.70751, 27.72139 ], [ 82.70509, 27.71653 ], [ 82.70189, 27.71632 ], [ 82.69939, 27.7218 ], [ 82.69918, 27.72194 ], [ 82.69522, 27.71835 ], [ 82.68869, 27.71493 ], [ 82.68062, 27.71372 ], [ 82.6716, 27.71421 ], [ 82.66644, 27.71562 ], [ 82.66436, 27.7219 ], [ 82.66414, 27.72205 ], [ 82.65517, 27.71327 ], [ 82.63845, 27.70908 ], [ 82.62776, 27.71148 ], [ 82.62764, 27.70938 ], [ 82.62748, 27.70915 ], [ 82.62299, 27.70491 ], [ 82.61878, 27.70222 ], [ 82.61738, 27.70286 ], [ 82.60498, 27.70593 ], [ 82.60003, 27.70419 ], [ 82.59738, 27.70053 ], [ 82.59362, 27.6969 ], [ 82.5911, 27.69683 ], [ 82.58487, 27.69857 ], [ 82.57668, 27.69583 ], [ 82.56184, 27.69175 ], [ 82.55447, 27.68847 ], [ 82.54941, 27.6888 ], [ 82.54343, 27.68704 ], [ 82.54109, 27.6857 ], [ 82.53867, 27.68761 ], [ 82.5309, 27.68654 ], [ 82.5284, 27.68715 ], [ 82.52679, 27.68784 ], [ 82.52346, 27.68827 ], [ 82.51619, 27.69039 ], [ 82.50025, 27.68498 ], [ 82.49803, 27.68463 ], [ 82.49243, 27.68416 ], [ 82.49001, 27.6812 ], [ 82.48642, 27.68071 ], [ 82.48395, 27.68076 ], [ 82.48226, 27.68267 ], [ 82.48185, 27.68278 ], [ 82.47316, 27.67647 ], [ 82.47162, 27.6764 ], [ 82.46534, 27.67701 ], [ 82.46571, 27.67824 ], [ 82.46542, 27.67921 ], [ 82.46562, 27.68052 ], [ 82.46482, 27.68149 ], [ 82.46457, 27.68263 ], [ 82.46456, 27.6836 ], [ 82.4648, 27.68469 ], [ 82.46472, 27.68578 ], [ 82.46557, 27.68647 ], [ 82.46662, 27.68803 ], [ 82.46877, 27.69062 ], [ 82.46894, 27.69119 ], [ 82.46878, 27.69176 ], [ 82.46787, 27.69313 ], [ 82.46836, 27.69536 ], [ 82.46743, 27.6981 ], [ 82.46755, 27.6985 ], [ 82.4685, 27.69983 ], [ 82.46864, 27.70218 ], [ 82.46901, 27.70298 ], [ 82.46973, 27.70557 ], [ 82.46975, 27.70711 ], [ 82.47032, 27.70826 ], [ 82.47035, 27.70884 ], [ 82.47088, 27.70999 ], [ 82.47076, 27.71096 ], [ 82.46945, 27.71416 ], [ 82.46969, 27.71565 ], [ 82.47043, 27.71641 ], [ 82.47036, 27.71669 ], [ 82.46978, 27.71732 ], [ 82.47217, 27.71791 ], [ 82.4738, 27.71898 ], [ 82.47448, 27.71924 ], [ 82.47594, 27.71871 ], [ 82.47729, 27.71766 ], [ 82.47849, 27.71782 ], [ 82.47881, 27.71748 ], [ 82.47956, 27.71743 ], [ 82.47993, 27.71715 ], [ 82.48019, 27.71648 ], [ 82.48074, 27.71641 ], [ 82.48111, 27.71611 ], [ 82.48212, 27.7173 ], [ 82.48214, 27.71788 ], [ 82.48267, 27.71857 ], [ 82.4835, 27.71886 ], [ 82.48399, 27.72061 ], [ 82.4847, 27.72067 ], [ 82.4851, 27.72094 ], [ 82.48537, 27.72163 ], [ 82.48531, 27.72363 ], [ 82.48572, 27.72483 ], [ 82.48582, 27.72602 ], [ 82.48683, 27.72734 ], [ 82.48675, 27.72808 ], [ 82.48623, 27.72922 ], [ 82.48628, 27.73042 ], [ 82.4867, 27.73122 ], [ 82.48736, 27.73178 ], [ 82.48782, 27.73242 ], [ 82.48738, 27.73391 ], [ 82.48666, 27.73504 ], [ 82.48632, 27.73721 ], [ 82.48593, 27.73753 ], [ 82.48497, 27.73777 ], [ 82.48467, 27.73813 ], [ 82.48432, 27.73811 ], [ 82.48401, 27.73777 ], [ 82.48329, 27.73908 ], [ 82.48328, 27.73959 ], [ 82.48364, 27.74068 ], [ 82.48326, 27.74153 ], [ 82.48328, 27.74222 ], [ 82.48387, 27.74266 ], [ 82.48506, 27.74293 ], [ 82.48561, 27.74339 ], [ 82.48576, 27.74405 ], [ 82.48526, 27.74462 ], [ 82.48532, 27.74479 ], [ 82.48568, 27.74487 ], [ 82.48693, 27.74425 ], [ 82.48714, 27.74436 ], [ 82.48707, 27.74478 ], [ 82.48568, 27.74553 ], [ 82.48559, 27.74582 ], [ 82.48655, 27.74581 ], [ 82.48695, 27.74605 ], [ 82.48729, 27.74604 ], [ 82.48796, 27.74524 ], [ 82.48818, 27.74526 ], [ 82.48845, 27.74562 ], [ 82.48854, 27.74716 ], [ 82.48873, 27.74741 ], [ 82.49034, 27.74694 ], [ 82.49085, 27.74697 ], [ 82.49123, 27.74723 ], [ 82.49135, 27.7478 ], [ 82.49158, 27.74802 ], [ 82.49458, 27.74915 ], [ 82.49545, 27.74972 ], [ 82.49562, 27.75011 ], [ 82.49547, 27.75028 ], [ 82.4951, 27.75059 ], [ 82.49449, 27.75076 ], [ 82.49423, 27.75108 ], [ 82.49454, 27.75215 ], [ 82.49484, 27.75242 ], [ 82.49679, 27.75277 ], [ 82.49769, 27.75351 ], [ 82.49786, 27.75409 ], [ 82.4977, 27.75547 ], [ 82.49545, 27.7577 ], [ 82.49435, 27.7593 ], [ 82.49168, 27.76153 ], [ 82.49018, 27.76384 ], [ 82.4895, 27.76522 ], [ 82.48959, 27.76834 ], [ 82.48998, 27.76956 ], [ 82.48955, 27.77269 ], [ 82.49025, 27.77429 ], [ 82.49019, 27.77467 ], [ 82.48976, 27.77517 ], [ 82.48977, 27.7754 ], [ 82.49078, 27.77703 ], [ 82.49255, 27.77859 ], [ 82.49302, 27.78175 ], [ 82.49463, 27.78251 ], [ 82.49493, 27.78287 ], [ 82.49533, 27.78508 ], [ 82.49505, 27.78729 ], [ 82.49442, 27.78951 ], [ 82.49443, 27.79035 ], [ 82.49475, 27.79092 ], [ 82.49597, 27.79146 ], [ 82.49608, 27.79173 ], [ 82.49566, 27.79204 ], [ 82.49502, 27.79202 ], [ 82.4947, 27.79243 ], [ 82.49464, 27.79296 ], [ 82.4948, 27.79349 ], [ 82.49518, 27.79401 ], [ 82.49438, 27.79502 ], [ 82.49391, 27.79685 ], [ 82.49359, 27.79725 ], [ 82.49242, 27.79795 ], [ 82.49086, 27.79824 ], [ 82.49086, 27.79984 ], [ 82.49071, 27.8003 ], [ 82.48889, 27.8026 ], [ 82.48718, 27.80429 ], [ 82.48673, 27.80495 ], [ 82.48685, 27.81746 ], [ 82.48606, 27.82225 ], [ 82.48579, 27.82659 ], [ 82.48543, 27.82717 ], [ 82.48248, 27.8302 ], [ 82.48107, 27.83288 ], [ 82.48089, 27.83434 ], [ 82.48134, 27.83647 ], [ 82.48387, 27.83542 ], [ 82.48533, 27.83549 ], [ 82.48821, 27.83698 ], [ 82.49139, 27.83822 ], [ 82.49382, 27.8389 ], [ 82.49947, 27.84219 ], [ 82.50248, 27.84367 ], [ 82.50351, 27.8436 ], [ 82.50504, 27.84302 ], [ 82.50926, 27.84112 ], [ 82.51107, 27.83997 ], [ 82.51226, 27.83947 ] ] ] } },
{ "type": "Feature", "properties": { "fid": 587, "STATE_CODE": 5.0, "DISTRICT": "DANG", "GaPa_NaPa": "Rapti", "Type_GN": "Gaunpalika", "Province": "5" }, "geometry": { "type": "Polygon", "coordinates": [ [ [ 82.7136, 27.91863 ], [ 82.71388, 27.91823 ], [ 82.71373, 27.91772 ], [ 82.71321, 27.91699 ], [ 82.7133, 27.91669 ], [ 82.71605, 27.91672 ], [ 82.71919, 27.91611 ], [ 82.71968, 27.9163 ], [ 82.72054, 27.91696 ], [ 82.72099, 27.91706 ], [ 82.72236, 27.9165 ], [ 82.72334, 27.91499 ], [ 82.72411, 27.91434 ], [ 82.72533, 27.91396 ], [ 82.72624, 27.91438 ], [ 82.72821, 27.91312 ], [ 82.72906, 27.91308 ], [ 82.73001, 27.91281 ], [ 82.73071, 27.91207 ], [ 82.73169, 27.91169 ], [ 82.73298, 27.91147 ], [ 82.73468, 27.91166 ], [ 82.73492, 27.91191 ], [ 82.73526, 27.91334 ], [ 82.73545, 27.91355 ], [ 82.73577, 27.91351 ], [ 82.73663, 27.91292 ], [ 82.73727, 27.91152 ], [ 82.73772, 27.91 ], [ 82.73812, 27.90944 ], [ 82.73883, 27.90904 ], [ 82.73996, 27.90929 ], [ 82.74103, 27.9099 ], [ 82.74214, 27.91018 ], [ 82.74278, 27.90982 ], [ 82.7425, 27.90899 ], [ 82.74276, 27.90855 ], [ 82.74585, 27.90842 ], [ 82.74759, 27.90875 ], [ 82.74859, 27.90863 ], [ 82.74902, 27.90834 ], [ 82.74956, 27.90758 ], [ 82.75306, 27.90628 ], [ 82.75344, 27.90693 ], [ 82.75351, 27.9087 ], [ 82.75408, 27.90997 ], [ 82.75494, 27.91013 ], [ 82.75541, 27.90965 ], [ 82.75592, 27.90785 ], [ 82.75591, 27.90744 ], [ 82.75524, 27.90633 ], [ 82.75557, 27.90574 ], [ 82.75829, 27.90444 ], [ 82.75875, 27.90449 ], [ 82.75907, 27.90523 ], [ 82.76104, 27.90735 ], [ 82.76136, 27.9074 ], [ 82.76156, 27.90715 ], [ 82.76198, 27.90559 ], [ 82.76232, 27.90514 ], [ 82.7629, 27.90479 ], [ 82.76387, 27.90507 ], [ 82.76445, 27.90613 ], [ 82.76504, 27.90677 ], [ 82.7654, 27.90695 ], [ 82.76582, 27.90685 ], [ 82.76631, 27.9063 ], [ 82.76634, 27.90488 ], [ 82.76691, 27.90242 ], [ 82.76827, 27.89923 ], [ 82.76894, 27.89879 ], [ 82.77039, 27.89895 ], [ 82.77097, 27.89874 ], [ 82.77128, 27.89802 ], [ 82.77261, 27.89645 ], [ 82.7732, 27.89591 ], [ 82.77422, 27.89551 ], [ 82.77407, 27.89415 ], [ 82.77421, 27.89363 ], [ 82.77476, 27.89301 ], [ 82.77566, 27.89282 ], [ 82.77665, 27.89314 ], [ 82.77722, 27.89388 ], [ 82.77764, 27.89536 ], [ 82.77773, 27.89675 ], [ 82.77823, 27.89744 ], [ 82.77903, 27.89754 ], [ 82.78002, 27.89722 ], [ 82.78102, 27.89602 ], [ 82.78117, 27.89556 ], [ 82.78108, 27.89486 ], [ 82.78186, 27.89388 ], [ 82.78176, 27.89271 ], [ 82.78191, 27.89199 ], [ 82.78237, 27.89152 ], [ 82.78285, 27.89139 ], [ 82.78488, 27.89181 ], [ 82.78636, 27.8923 ], [ 82.78697, 27.8923 ], [ 82.78741, 27.89156 ], [ 82.78757, 27.8896 ], [ 82.78804, 27.88876 ], [ 82.78865, 27.88839 ], [ 82.78921, 27.88856 ], [ 82.78963, 27.88894 ], [ 82.78984, 27.88969 ], [ 82.78965, 27.89011 ], [ 82.78974, 27.89077 ], [ 82.78999, 27.8911 ], [ 82.79052, 27.89118 ], [ 82.79089, 27.89076 ], [ 82.79083, 27.89006 ], [ 82.78985, 27.88815 ], [ 82.78989, 27.88751 ], [ 82.79097, 27.88376 ], [ 82.79061, 27.88201 ], [ 82.79066, 27.88138 ], [ 82.79097, 27.88091 ], [ 82.79202, 27.88045 ], [ 82.79428, 27.88053 ], [ 82.79724, 27.88205 ], [ 82.79759, 27.88191 ], [ 82.7981, 27.88089 ], [ 82.79884, 27.88005 ], [ 82.79918, 27.87881 ], [ 82.79981, 27.87831 ], [ 82.80038, 27.87828 ], [ 82.80317, 27.87874 ], [ 82.80437, 27.87834 ], [ 82.80512, 27.8777 ], [ 82.80566, 27.8758 ], [ 82.80516, 27.87493 ], [ 82.80406, 27.87407 ], [ 82.80376, 27.8736 ], [ 82.8039, 27.87269 ], [ 82.80464, 27.87212 ], [ 82.80661, 27.87157 ], [ 82.8097, 27.8714 ], [ 82.80996, 27.8712 ], [ 82.81007, 27.87072 ], [ 82.80991, 27.86996 ], [ 82.80893, 27.86806 ], [ 82.80753, 27.86732 ], [ 82.80592, 27.86725 ], [ 82.80515, 27.86755 ], [ 82.80411, 27.86832 ], [ 82.80359, 27.86845 ], [ 82.80231, 27.86837 ], [ 82.79943, 27.86752 ], [ 82.79784, 27.86665 ], [ 82.79214, 27.86556 ], [ 82.79191, 27.86538 ], [ 82.79199, 27.86441 ], [ 82.7937, 27.86261 ], [ 82.79561, 27.8617 ], [ 82.79719, 27.86129 ], [ 82.79899, 27.86112 ], [ 82.8013, 27.86063 ], [ 82.80328, 27.86 ], [ 82.80671, 27.85936 ], [ 82.8074, 27.85893 ], [ 82.80764, 27.85857 ], [ 82.80754, 27.85773 ], [ 82.807, 27.85705 ], [ 82.80575, 27.85618 ], [ 82.80511, 27.85585 ], [ 82.80377, 27.85555 ], [ 82.80249, 27.85549 ], [ 82.80127, 27.85564 ], [ 82.79882, 27.85639 ], [ 82.79561, 27.85676 ], [ 82.79343, 27.85647 ], [ 82.79196, 27.85603 ], [ 82.79058, 27.85508 ], [ 82.79008, 27.85431 ], [ 82.78936, 27.85277 ], [ 82.78916, 27.85048 ], [ 82.78884, 27.84996 ], [ 82.78649, 27.84873 ], [ 82.78395, 27.84714 ], [ 82.78287, 27.84545 ], [ 82.78062, 27.84267 ], [ 82.77896, 27.84212 ], [ 82.77697, 27.84219 ], [ 82.7746, 27.84205 ], [ 82.77218, 27.84157 ], [ 82.76382, 27.8383 ], [ 82.75986, 27.83752 ], [ 82.75871, 27.83702 ], [ 82.75738, 27.83603 ], [ 82.75572, 27.83533 ], [ 82.75401, 27.83412 ], [ 82.7531, 27.8332 ], [ 82.75263, 27.8322 ], [ 82.75232, 27.82998 ], [ 82.75174, 27.82915 ], [ 82.75104, 27.82872 ], [ 82.74956, 27.82878 ], [ 82.74866, 27.82802 ], [ 82.74831, 27.82686 ], [ 82.7484, 27.82303 ], [ 82.74748, 27.82348 ], [ 82.7466, 27.82355 ], [ 82.74198, 27.8225 ], [ 82.73983, 27.82291 ], [ 82.73862, 27.82281 ], [ 82.73712, 27.82251 ], [ 82.73543, 27.82134 ], [ 82.73433, 27.8211 ], [ 82.72972, 27.82103 ], [ 82.72661, 27.82121 ], [ 82.72345, 27.82167 ], [ 82.72207, 27.8216 ], [ 82.71769, 27.8223 ], [ 82.71533, 27.8231 ], [ 82.71322, 27.82402 ], [ 82.71055, 27.82558 ], [ 82.70828, 27.82651 ], [ 82.70674, 27.82687 ], [ 82.70509, 27.82698 ], [ 82.70261, 27.82688 ], [ 82.69922, 27.82605 ], [ 82.69737, 27.82541 ], [ 82.693, 27.82452 ], [ 82.68967, 27.82403 ], [ 82.68924, 27.82381 ], [ 82.68792, 27.82372 ], [ 82.68685, 27.82399 ], [ 82.68595, 27.82396 ], [ 82.68386, 27.82284 ], [ 82.67903, 27.82224 ], [ 82.6756, 27.82223 ], [ 82.66987, 27.82158 ], [ 82.6673, 27.8218 ], [ 82.66482, 27.82156 ], [ 82.65458, 27.81845 ], [ 82.6537, 27.81836 ], [ 82.64734, 27.81815 ], [ 82.64603, 27.81829 ], [ 82.63861, 27.81838 ], [ 82.63516, 27.81901 ], [ 82.63327, 27.81963 ], [ 82.62765, 27.82102 ], [ 82.62454, 27.82113 ], [ 82.62377, 27.82127 ], [ 82.62288, 27.82187 ], [ 82.6222, 27.82212 ], [ 82.62, 27.82231 ], [ 82.61571, 27.82159 ], [ 82.61405, 27.82102 ], [ 82.61299, 27.82087 ], [ 82.6112, 27.82082 ], [ 82.60936, 27.82056 ], [ 82.60821, 27.82096 ], [ 82.60799, 27.82171 ], [ 82.60807, 27.82207 ], [ 82.60933, 27.82396 ], [ 82.60972, 27.82483 ], [ 82.60985, 27.82568 ], [ 82.60975, 27.82619 ], [ 82.60938, 27.82683 ], [ 82.60735, 27.82876 ], [ 82.6051, 27.8303 ], [ 82.60405, 27.83165 ], [ 82.60034, 27.83369 ], [ 82.60077, 27.83413 ], [ 82.60105, 27.83419 ], [ 82.60341, 27.83427 ], [ 82.6056, 27.83398 ], [ 82.60652, 27.83434 ], [ 82.60932, 27.83478 ], [ 82.61217, 27.83623 ], [ 82.61269, 27.83676 ], [ 82.61343, 27.83813 ], [ 82.61371, 27.83834 ], [ 82.61564, 27.83865 ], [ 82.61581, 27.83886 ], [ 82.61533, 27.83924 ], [ 82.61357, 27.83939 ], [ 82.61297, 27.83985 ], [ 82.61296, 27.84044 ], [ 82.61337, 27.8415 ], [ 82.61322, 27.84181 ], [ 82.61155, 27.8423 ], [ 82.61175, 27.84259 ], [ 82.61234, 27.84261 ], [ 82.61467, 27.844 ], [ 82.61521, 27.84404 ], [ 82.61539, 27.8442 ], [ 82.61547, 27.84452 ], [ 82.61512, 27.84513 ], [ 82.61514, 27.84546 ], [ 82.61535, 27.8458 ], [ 82.61653, 27.84666 ], [ 82.6174, 27.84766 ], [ 82.6177, 27.84834 ], [ 82.61761, 27.84865 ], [ 82.61713, 27.84898 ], [ 82.61585, 27.8494 ], [ 82.61457, 27.84954 ], [ 82.61341, 27.84926 ], [ 82.61201, 27.84922 ], [ 82.61114, 27.84966 ], [ 82.61159, 27.85031 ], [ 82.61281, 27.85096 ], [ 82.6138, 27.85186 ], [ 82.61527, 27.8524 ], [ 82.61599, 27.85294 ], [ 82.61669, 27.85397 ], [ 82.61724, 27.85517 ], [ 82.61698, 27.85626 ], [ 82.61646, 27.85644 ], [ 82.61606, 27.8568 ], [ 82.61594, 27.85738 ], [ 82.61611, 27.85761 ], [ 82.6183, 27.85883 ], [ 82.61828, 27.85915 ], [ 82.61757, 27.85998 ], [ 82.61748, 27.86031 ], [ 82.61766, 27.86135 ], [ 82.6182, 27.86191 ], [ 82.62017, 27.86193 ], [ 82.62057, 27.86178 ], [ 82.62102, 27.86211 ], [ 82.62197, 27.86224 ], [ 82.62203, 27.86267 ], [ 82.62173, 27.86308 ], [ 82.62109, 27.86321 ], [ 82.6209, 27.86339 ], [ 82.62097, 27.86362 ], [ 82.62199, 27.86446 ], [ 82.62246, 27.86459 ], [ 82.62275, 27.86486 ], [ 82.62285, 27.86555 ], [ 82.62321, 27.86626 ], [ 82.62335, 27.86732 ], [ 82.62418, 27.86869 ], [ 82.62409, 27.87006 ], [ 82.62332, 27.87062 ], [ 82.62296, 27.87325 ], [ 82.62331, 27.87366 ], [ 82.62355, 27.87456 ], [ 82.62335, 27.8784 ], [ 82.62309, 27.8796 ], [ 82.62426, 27.8823 ], [ 82.62539, 27.88661 ], [ 82.62667, 27.89338 ], [ 82.62662, 27.89659 ], [ 82.62636, 27.899 ], [ 82.62642, 27.90015 ], [ 82.62757, 27.9025 ], [ 82.62796, 27.90405 ], [ 82.62793, 27.90509 ], [ 82.62723, 27.90704 ], [ 82.62695, 27.90876 ], [ 82.62701, 27.91157 ], [ 82.62684, 27.91214 ], [ 82.62694, 27.91409 ], [ 82.62718, 27.91461 ], [ 82.6298, 27.91699 ], [ 82.63119, 27.91697 ], [ 82.6329, 27.91771 ], [ 82.6335, 27.91781 ], [ 82.63405, 27.91771 ], [ 82.63525, 27.91712 ], [ 82.63816, 27.91694 ], [ 82.64004, 27.91732 ], [ 82.64115, 27.91787 ], [ 82.642, 27.91745 ], [ 82.64269, 27.91737 ], [ 82.64337, 27.91758 ], [ 82.64384, 27.9181 ], [ 82.64418, 27.91823 ], [ 82.64448, 27.91802 ], [ 82.64474, 27.91731 ], [ 82.64502, 27.91708 ], [ 82.64555, 27.91728 ], [ 82.6461, 27.9184 ], [ 82.64642, 27.91858 ], [ 82.64728, 27.9184 ], [ 82.64976, 27.91729 ], [ 82.65044, 27.91729 ], [ 82.65127, 27.91761 ], [ 82.65204, 27.91763 ], [ 82.65316, 27.91686 ], [ 82.65351, 27.91679 ], [ 82.65531, 27.91774 ], [ 82.65591, 27.91785 ], [ 82.65732, 27.91682 ], [ 82.65801, 27.91651 ], [ 82.66006, 27.91651 ], [ 82.66166, 27.91616 ], [ 82.66773, 27.9158 ], [ 82.67072, 27.91511 ], [ 82.67423, 27.91398 ], [ 82.67611, 27.91435 ], [ 82.67624, 27.91421 ], [ 82.67619, 27.91227 ], [ 82.67669, 27.91007 ], [ 82.67848, 27.91028 ], [ 82.68111, 27.90979 ], [ 82.68464, 27.9099 ], [ 82.68688, 27.91023 ], [ 82.68774, 27.91066 ], [ 82.68859, 27.912 ], [ 82.68889, 27.91292 ], [ 82.68957, 27.9141 ], [ 82.69116, 27.91305 ], [ 82.6924, 27.91286 ], [ 82.69291, 27.9124 ], [ 82.69394, 27.91192 ], [ 82.69451, 27.91189 ], [ 82.69537, 27.91219 ], [ 82.69678, 27.91223 ], [ 82.69738, 27.91244 ], [ 82.69797, 27.9128 ], [ 82.69819, 27.91412 ], [ 82.69836, 27.91435 ], [ 82.69928, 27.91483 ], [ 82.7005, 27.91513 ], [ 82.69934, 27.91675 ], [ 82.69945, 27.91725 ], [ 82.7005, 27.91809 ], [ 82.70146, 27.91845 ], [ 82.7027, 27.91824 ], [ 82.70306, 27.91784 ], [ 82.70353, 27.91673 ], [ 82.70411, 27.91645 ], [ 82.70513, 27.91656 ], [ 82.70575, 27.91694 ], [ 82.7058, 27.91742 ], [ 82.70469, 27.91859 ], [ 82.70473, 27.91928 ], [ 82.70535, 27.91977 ], [ 82.70695, 27.91998 ], [ 82.7073, 27.91965 ], [ 82.70721, 27.91897 ], [ 82.70732, 27.91872 ], [ 82.70764, 27.91853 ], [ 82.70821, 27.91851 ], [ 82.70868, 27.9187 ], [ 82.70969, 27.91994 ], [ 82.71044, 27.92034 ], [ 82.71153, 27.91994 ], [ 82.7136, 27.91863 ] ] ] } },
{ "type": "Feature", "properties": { "fid": 718, "STATE_CODE": 7.0, "DISTRICT": "KAILALI", "GaPa_NaPa": "Dhangadhi", "Type_GN": "Upamahanagarpalika", "Province": "Sudur Pashchim" }, "geometry": { "type": "Polygon", "coordinates": [ [ [ 80.60866, 28.77997 ], [ 80.60767, 28.77318 ], [ 80.60811, 28.77006 ], [ 80.60831, 28.76981 ], [ 80.60913, 28.76984 ], [ 80.6098, 28.77022 ], [ 80.6108, 28.77202 ], [ 80.61192, 28.77265 ], [ 80.61209, 28.77311 ], [ 80.612, 28.7738 ], [ 80.61232, 28.77484 ], [ 80.61353, 28.77464 ], [ 80.61509, 28.77475 ], [ 80.61669, 28.77411 ], [ 80.61963, 28.77352 ], [ 80.62032, 28.77352 ], [ 80.62255, 28.77386 ], [ 80.62438, 28.77485 ], [ 80.62593, 28.77477 ], [ 80.62664, 28.77489 ], [ 80.62849, 28.77558 ], [ 80.62902, 28.77604 ], [ 80.62998, 28.77764 ], [ 80.63111, 28.7786 ], [ 80.63213, 28.77989 ], [ 80.63342, 28.78235 ], [ 80.63675, 28.77998 ], [ 80.63758, 28.7784 ], [ 80.63779, 28.77718 ], [ 80.63771, 28.77619 ], [ 80.63789, 28.77588 ], [ 80.63919, 28.77495 ], [ 80.63981, 28.77349 ], [ 80.64071, 28.77248 ], [ 80.64158, 28.77166 ], [ 80.64306, 28.77064 ], [ 80.64375, 28.77026 ], [ 80.64585, 28.76954 ], [ 80.64592, 28.7692 ], [ 80.64556, 28.76879 ], [ 80.64446, 28.76842 ], [ 80.64375, 28.76836 ], [ 80.64279, 28.76772 ], [ 80.64253, 28.76771 ], [ 80.64155, 28.7683 ], [ 80.64064, 28.7686 ], [ 80.64006, 28.76907 ], [ 80.63934, 28.76931 ], [ 80.6382, 28.77074 ], [ 80.63773, 28.771 ], [ 80.63753, 28.77085 ], [ 80.63731, 28.76981 ], [ 80.63646, 28.76837 ], [ 80.63629, 28.76669 ], [ 80.63526, 28.76589 ], [ 80.63494, 28.76513 ], [ 80.63519, 28.76398 ], [ 80.63561, 28.76318 ], [ 80.63557, 28.76265 ], [ 80.63575, 28.76219 ], [ 80.63669, 28.76115 ], [ 80.63825, 28.76006 ], [ 80.63806, 28.75983 ], [ 80.63754, 28.75993 ], [ 80.63709, 28.75982 ], [ 80.6369, 28.75939 ], [ 80.63697, 28.75911 ], [ 80.63803, 28.75893 ], [ 80.63932, 28.75907 ], [ 80.63967, 28.75896 ], [ 80.63978, 28.75872 ], [ 80.63888, 28.75827 ], [ 80.63655, 28.75771 ], [ 80.63552, 28.75781 ], [ 80.63396, 28.75826 ], [ 80.63425, 28.75122 ], [ 80.63418, 28.74963 ], [ 80.63441, 28.74774 ], [ 80.634, 28.7468 ], [ 80.63313, 28.7456 ], [ 80.63239, 28.74417 ], [ 80.63141, 28.74112 ], [ 80.63136, 28.73997 ], [ 80.63164, 28.73859 ], [ 80.63536, 28.73183 ], [ 80.63783, 28.7262 ], [ 80.63912, 28.7265 ], [ 80.64185, 28.72638 ], [ 80.64308, 28.72697 ], [ 80.64502, 28.72715 ], [ 80.64684, 28.72799 ], [ 80.64794, 28.72787 ], [ 80.64917, 28.72751 ], [ 80.65008, 28.72758 ], [ 80.65293, 28.7288 ], [ 80.65345, 28.72916 ], [ 80.65434, 28.73036 ], [ 80.65836, 28.73024 ], [ 80.6575, 28.73076 ], [ 80.6572, 28.73116 ], [ 80.65705, 28.73156 ], [ 80.6571, 28.73265 ], [ 80.65759, 28.7332 ], [ 80.65907, 28.7339 ], [ 80.65974, 28.7347 ], [ 80.66137, 28.73745 ], [ 80.6615, 28.73796 ], [ 80.66138, 28.73859 ], [ 80.66058, 28.73943 ], [ 80.66037, 28.73997 ], [ 80.65966, 28.74047 ], [ 80.65885, 28.74236 ], [ 80.65768, 28.7436 ], [ 80.65669, 28.74382 ], [ 80.65578, 28.74367 ], [ 80.65487, 28.74373 ], [ 80.6539, 28.74415 ], [ 80.65332, 28.74419 ], [ 80.65261, 28.74467 ], [ 80.65164, 28.746 ], [ 80.65158, 28.74848 ], [ 80.65178, 28.74894 ], [ 80.65239, 28.74957 ], [ 80.65517, 28.75103 ], [ 80.65704, 28.75145 ], [ 80.65779, 28.75206 ], [ 80.66223, 28.75068 ], [ 80.66312, 28.75 ], [ 80.66358, 28.74847 ], [ 80.66403, 28.74815 ], [ 80.66515, 28.75002 ], [ 80.66713, 28.75191 ], [ 80.66902, 28.75469 ], [ 80.66987, 28.7552 ], [ 80.67153, 28.75554 ], [ 80.6718, 28.75666 ], [ 80.67149, 28.75769 ], [ 80.66896, 28.75983 ], [ 80.6674, 28.76304 ], [ 80.66727, 28.7655 ], [ 80.66803, 28.76722 ], [ 80.66804, 28.76974 ], [ 80.66838, 28.77055 ], [ 80.66958, 28.77117 ], [ 80.66984, 28.77121 ], [ 80.67116, 28.77059 ], [ 80.67211, 28.77065 ], [ 80.67286, 28.77099 ], [ 80.67341, 28.77202 ], [ 80.67388, 28.77247 ], [ 80.67459, 28.77213 ], [ 80.67492, 28.77152 ], [ 80.67506, 28.77045 ], [ 80.67433, 28.76854 ], [ 80.67421, 28.76785 ], [ 80.67452, 28.76694 ], [ 80.67462, 28.76587 ], [ 80.67436, 28.76373 ], [ 80.67509, 28.7619 ], [ 80.67622, 28.76048 ], [ 80.67948, 28.75853 ], [ 80.68084, 28.75792 ], [ 80.68122, 28.75743 ], [ 80.68126, 28.75537 ], [ 80.68172, 28.75495 ], [ 80.68241, 28.75492 ], [ 80.68456, 28.75542 ], [ 80.68645, 28.75635 ], [ 80.68709, 28.75695 ], [ 80.68766, 28.75814 ], [ 80.68732, 28.75945 ], [ 80.68643, 28.76019 ], [ 80.68578, 28.7601 ], [ 80.68501, 28.75933 ], [ 80.68424, 28.75912 ], [ 80.68294, 28.75927 ], [ 80.68255, 28.75948 ], [ 80.68223, 28.75984 ], [ 80.68218, 28.76022 ], [ 80.68288, 28.7612 ], [ 80.68397, 28.76163 ], [ 80.68639, 28.76159 ], [ 80.69118, 28.76372 ], [ 80.69299, 28.76406 ], [ 80.69506, 28.76401 ], [ 80.69609, 28.7643 ], [ 80.69686, 28.76473 ], [ 80.69718, 28.76519 ], [ 80.69785, 28.76703 ], [ 80.69908, 28.77287 ], [ 80.6998, 28.77425 ], [ 80.70167, 28.77534 ], [ 80.70261, 28.77613 ], [ 80.70399, 28.77641 ], [ 80.70511, 28.77629 ], [ 80.70639, 28.77567 ], [ 80.70719, 28.77507 ], [ 80.70944, 28.7743 ], [ 80.71098, 28.77359 ], [ 80.71314, 28.77302 ], [ 80.71453, 28.77293 ], [ 80.71553, 28.77229 ], [ 80.71605, 28.77147 ], [ 80.71623, 28.77086 ], [ 80.7161, 28.76905 ], [ 80.71667, 28.76746 ], [ 80.71932, 28.76433 ], [ 80.72017, 28.76283 ], [ 80.72112, 28.76237 ], [ 80.72198, 28.76258 ], [ 80.72282, 28.76092 ], [ 80.72419, 28.75905 ], [ 80.72427, 28.75796 ], [ 80.72464, 28.75707 ], [ 80.72563, 28.75735 ], [ 80.72615, 28.7573 ], [ 80.72792, 28.75644 ], [ 80.72675, 28.75505 ], [ 80.72642, 28.75384 ], [ 80.7263, 28.75224 ], [ 80.72599, 28.75094 ], [ 80.72615, 28.75002 ], [ 80.72529, 28.74932 ], [ 80.72546, 28.74885 ], [ 80.72484, 28.74725 ], [ 80.72486, 28.74565 ], [ 80.72442, 28.74374 ], [ 80.72351, 28.74251 ], [ 80.72287, 28.74076 ], [ 80.72247, 28.74062 ], [ 80.72404, 28.73507 ], [ 80.72461, 28.73385 ], [ 80.72515, 28.73187 ], [ 80.7256, 28.73089 ], [ 80.72644, 28.73108 ], [ 80.7278, 28.73176 ], [ 80.72876, 28.73202 ], [ 80.72945, 28.73196 ], [ 80.73087, 28.73127 ], [ 80.73163, 28.7315 ], [ 80.73227, 28.73114 ], [ 80.73305, 28.73113 ], [ 80.7339, 28.73174 ], [ 80.73428, 28.73142 ], [ 80.73458, 28.73073 ], [ 80.73454, 28.73035 ], [ 80.73388, 28.72963 ], [ 80.73318, 28.72818 ], [ 80.73223, 28.72742 ], [ 80.73216, 28.72702 ], [ 80.73281, 28.72603 ], [ 80.73291, 28.72521 ], [ 80.73378, 28.72346 ], [ 80.73414, 28.72171 ], [ 80.73457, 28.72123 ], [ 80.73474, 28.72077 ], [ 80.73435, 28.72068 ], [ 80.73384, 28.72093 ], [ 80.73293, 28.72104 ], [ 80.73241, 28.72089 ], [ 80.73148, 28.71964 ], [ 80.73173, 28.7193 ], [ 80.73218, 28.71914 ], [ 80.73383, 28.71944 ], [ 80.7365, 28.71934 ], [ 80.73681, 28.71966 ], [ 80.73664, 28.72057 ], [ 80.73675, 28.72109 ], [ 80.73742, 28.7212 ], [ 80.73835, 28.72065 ], [ 80.73839, 28.72042 ], [ 80.73806, 28.71973 ], [ 80.73708, 28.71836 ], [ 80.73785, 28.71768 ], [ 80.73861, 28.71737 ], [ 80.73882, 28.71701 ], [ 80.73845, 28.71644 ], [ 80.73648, 28.71572 ], [ 80.73622, 28.71547 ], [ 80.73622, 28.71525 ], [ 80.73725, 28.71379 ], [ 80.73917, 28.71318 ], [ 80.73958, 28.71282 ], [ 80.73955, 28.71251 ], [ 80.73895, 28.712 ], [ 80.73786, 28.71174 ], [ 80.73763, 28.71141 ], [ 80.73852, 28.71012 ], [ 80.73938, 28.70958 ], [ 80.73945, 28.70903 ], [ 80.73899, 28.70861 ], [ 80.73888, 28.70823 ], [ 80.7397, 28.70769 ], [ 80.74056, 28.70771 ], [ 80.7414, 28.70637 ], [ 80.74252, 28.70593 ], [ 80.74258, 28.7056 ], [ 80.74187, 28.70465 ], [ 80.74158, 28.70396 ], [ 80.74152, 28.70335 ], [ 80.74188, 28.70266 ], [ 80.74319, 28.70172 ], [ 80.74349, 28.70122 ], [ 80.74343, 28.70099 ], [ 80.74252, 28.70031 ], [ 80.74209, 28.69973 ], [ 80.74208, 28.6995 ], [ 80.74424, 28.69898 ], [ 80.74549, 28.69919 ], [ 80.74601, 28.69911 ], [ 80.74799, 28.69831 ], [ 80.74847, 28.69788 ], [ 80.74881, 28.69669 ], [ 80.74844, 28.69604 ], [ 80.74848, 28.69548 ], [ 80.7486, 28.69517 ], [ 80.74954, 28.69436 ], [ 80.7495, 28.69419 ], [ 80.74934, 28.69398 ], [ 80.74894, 28.69393 ], [ 80.7485, 28.69392 ], [ 80.74817, 28.6941 ], [ 80.7472, 28.69396 ], [ 80.74681, 28.69352 ], [ 80.74654, 28.69237 ], [ 80.7468, 28.69203 ], [ 80.74835, 28.69147 ], [ 80.7483, 28.6895 ], [ 80.74882, 28.68886 ], [ 80.74838, 28.68805 ], [ 80.74862, 28.68781 ], [ 80.75007, 28.68799 ], [ 80.75058, 28.68757 ], [ 80.75069, 28.68709 ], [ 80.74997, 28.68644 ], [ 80.74984, 28.68592 ], [ 80.75131, 28.68447 ], [ 80.75184, 28.68319 ], [ 80.75288, 28.68327 ], [ 80.75376, 28.68185 ], [ 80.75404, 28.68106 ], [ 80.75318, 28.67866 ], [ 80.75271, 28.67802 ], [ 80.75244, 28.67791 ], [ 80.75108, 28.67873 ], [ 80.75083, 28.67868 ], [ 80.75085, 28.67834 ], [ 80.75106, 28.67808 ], [ 80.75165, 28.6777 ], [ 80.75228, 28.67697 ], [ 80.75239, 28.67628 ], [ 80.7518, 28.67509 ], [ 80.75121, 28.67443 ], [ 80.74966, 28.67336 ], [ 80.74972, 28.67307 ], [ 80.75024, 28.67273 ], [ 80.75177, 28.67297 ], [ 80.75219, 28.67283 ], [ 80.75242, 28.67263 ], [ 80.75247, 28.67229 ], [ 80.75173, 28.67169 ], [ 80.74926, 28.6705 ], [ 80.74848, 28.67061 ], [ 80.74809, 28.67043 ], [ 80.74697, 28.67099 ], [ 80.74628, 28.67109 ], [ 80.74361, 28.67113 ], [ 80.7418, 28.67152 ], [ 80.73947, 28.67151 ], [ 80.73783, 28.6717 ], [ 80.73509, 28.67276 ], [ 80.73173, 28.67431 ], [ 80.72992, 28.67542 ], [ 80.72837, 28.67582 ], [ 80.72665, 28.67588 ], [ 80.72527, 28.67638 ], [ 80.72302, 28.67639 ], [ 80.72207, 28.67612 ], [ 80.72019, 28.67517 ], [ 80.7189, 28.67554 ], [ 80.71648, 28.67579 ], [ 80.71568, 28.67522 ], [ 80.71566, 28.67493 ], [ 80.71731, 28.67279 ], [ 80.71802, 28.6709 ], [ 80.71918, 28.66883 ], [ 80.72119, 28.6635 ], [ 80.72188, 28.66069 ], [ 80.72248, 28.65897 ], [ 80.72433, 28.65644 ], [ 80.72452, 28.65541 ], [ 80.72437, 28.65478 ], [ 80.72423, 28.6496 ], [ 80.723, 28.64752 ], [ 80.72289, 28.64577 ], [ 80.72234, 28.64432 ], [ 80.72075, 28.64291 ], [ 80.7193, 28.6423 ], [ 80.71835, 28.6414 ], [ 80.71684, 28.64033 ], [ 80.7177, 28.63903 ], [ 80.71811, 28.63812 ], [ 80.71813, 28.63766 ], [ 80.71776, 28.63643 ], [ 80.71797, 28.63514 ], [ 80.71791, 28.63464 ], [ 80.71709, 28.63298 ], [ 80.71646, 28.63262 ], [ 80.71797, 28.63216 ], [ 80.7203, 28.63176 ], [ 80.72233, 28.63093 ], [ 80.72342, 28.6299 ], [ 80.72465, 28.62771 ], [ 80.72586, 28.62634 ], [ 80.72377, 28.62333 ], [ 80.72315, 28.62189 ], [ 80.72252, 28.62122 ], [ 80.72103, 28.62041 ], [ 80.72036, 28.61956 ], [ 80.72014, 28.61903 ], [ 80.72015, 28.61827 ], [ 80.72063, 28.61597 ], [ 80.72119, 28.6146 ], [ 80.72097, 28.61399 ], [ 80.7208, 28.61231 ], [ 80.72007, 28.61161 ], [ 80.72041, 28.611 ], [ 80.72198, 28.61024 ], [ 80.72253, 28.60955 ], [ 80.72299, 28.60949 ], [ 80.72344, 28.60918 ], [ 80.72406, 28.60966 ], [ 80.72484, 28.60958 ], [ 80.72553, 28.6102 ], [ 80.72597, 28.61014 ], [ 80.72635, 28.60907 ], [ 80.72712, 28.60895 ], [ 80.72712, 28.60815 ], [ 80.72733, 28.60807 ], [ 80.72785, 28.60824 ], [ 80.72825, 28.6069 ], [ 80.72851, 28.60652 ], [ 80.7301, 28.60573 ], [ 80.73001, 28.60542 ], [ 80.72914, 28.60499 ], [ 80.72884, 28.60442 ], [ 80.7283, 28.60416 ], [ 80.72726, 28.60407 ], [ 80.727, 28.60365 ], [ 80.72723, 28.60281 ], [ 80.72785, 28.60202 ], [ 80.72802, 28.60072 ], [ 80.72937, 28.59942 ], [ 80.72934, 28.59918 ], [ 80.72861, 28.59887 ], [ 80.72867, 28.5985 ], [ 80.7303, 28.59717 ], [ 80.7315, 28.59681 ], [ 80.73245, 28.59671 ], [ 80.7334, 28.59693 ], [ 80.73436, 28.59742 ], [ 80.736, 28.59783 ], [ 80.73598, 28.59871 ], [ 80.73611, 28.59884 ], [ 80.73641, 28.59889 ], [ 80.73708, 28.59858 ], [ 80.73881, 28.59661 ], [ 80.73879, 28.59646 ], [ 80.73808, 28.59614 ], [ 80.73814, 28.59541 ], [ 80.73772, 28.59459 ], [ 80.73785, 28.59429 ], [ 80.73845, 28.59387 ], [ 80.73827, 28.59274 ], [ 80.73868, 28.59236 ], [ 80.73966, 28.59189 ], [ 80.73985, 28.59075 ], [ 80.74024, 28.59029 ], [ 80.74131, 28.5895 ], [ 80.74346, 28.58849 ], [ 80.74492, 28.58799 ], [ 80.74681, 28.58763 ], [ 80.74772, 28.58715 ], [ 80.75, 28.58523 ], [ 80.75291, 28.58311 ], [ 80.75602, 28.57995 ], [ 80.75639, 28.57923 ], [ 80.75638, 28.57895 ], [ 80.7558, 28.57842 ], [ 80.75515, 28.57805 ], [ 80.7522, 28.57699 ], [ 80.75194, 28.57673 ], [ 80.75167, 28.57625 ], [ 80.75161, 28.57571 ], [ 80.75224, 28.57405 ], [ 80.75221, 28.57304 ], [ 80.75141, 28.57188 ], [ 80.74968, 28.57077 ], [ 80.74823, 28.57136 ], [ 80.73834, 28.5742 ], [ 80.73873, 28.56593 ], [ 80.73854, 28.56584 ], [ 80.72446, 28.57478 ], [ 80.72387, 28.57454 ], [ 80.7156, 28.56845 ], [ 80.71456, 28.56786 ], [ 80.70385, 28.57875 ], [ 80.69021, 28.58706 ], [ 80.69565, 28.60335 ], [ 80.67732, 28.60433 ], [ 80.67949, 28.62044 ], [ 80.67426, 28.62467 ], [ 80.67119, 28.62745 ], [ 80.67069, 28.62832 ], [ 80.66754, 28.64187 ], [ 80.65117, 28.63389 ], [ 80.64144, 28.64325 ], [ 80.63321, 28.6373 ], [ 80.61151, 28.63928 ], [ 80.60618, 28.65234 ], [ 80.60398, 28.6516 ], [ 80.58965, 28.64772 ], [ 80.59753, 28.65594 ], [ 80.58012, 28.66126 ], [ 80.59034, 28.67971 ], [ 80.56861, 28.68788 ], [ 80.55414, 28.69071 ], [ 80.55134, 28.69338 ], [ 80.54943, 28.69493 ], [ 80.54793, 28.6953 ], [ 80.54455, 28.6956 ], [ 80.54312, 28.69601 ], [ 80.54263, 28.69637 ], [ 80.54249, 28.69772 ], [ 80.54274, 28.69842 ], [ 80.54406, 28.70022 ], [ 80.54409, 28.70056 ], [ 80.54358, 28.70118 ], [ 80.54114, 28.70238 ], [ 80.54054, 28.70296 ], [ 80.54055, 28.70372 ], [ 80.54081, 28.70453 ], [ 80.54196, 28.706 ], [ 80.54209, 28.70692 ], [ 80.54193, 28.70744 ], [ 80.54097, 28.70872 ], [ 80.53885, 28.71059 ], [ 80.53849, 28.71133 ], [ 80.53805, 28.71327 ], [ 80.53822, 28.71465 ], [ 80.53861, 28.71597 ], [ 80.53899, 28.71634 ], [ 80.53975, 28.71653 ], [ 80.54072, 28.71632 ], [ 80.54312, 28.7147 ], [ 80.54481, 28.71265 ], [ 80.54569, 28.71184 ], [ 80.54642, 28.71145 ], [ 80.54823, 28.71155 ], [ 80.54983, 28.71222 ], [ 80.55027, 28.71301 ], [ 80.54942, 28.71753 ], [ 80.54964, 28.7185 ], [ 80.55034, 28.71966 ], [ 80.55226, 28.72106 ], [ 80.55311, 28.72141 ], [ 80.55811, 28.72202 ], [ 80.55923, 28.72239 ], [ 80.55941, 28.72283 ], [ 80.55879, 28.72356 ], [ 80.55745, 28.72426 ], [ 80.55554, 28.72553 ], [ 80.55505, 28.72602 ], [ 80.55449, 28.72677 ], [ 80.55332, 28.72898 ], [ 80.55232, 28.7316 ], [ 80.55183, 28.73245 ], [ 80.55067, 28.73367 ], [ 80.54877, 28.73452 ], [ 80.54718, 28.73412 ], [ 80.54537, 28.73409 ], [ 80.54348, 28.73451 ], [ 80.53992, 28.73608 ], [ 80.53845, 28.73764 ], [ 80.5381, 28.73866 ], [ 80.53824, 28.73929 ], [ 80.53926, 28.74015 ], [ 80.54357, 28.74051 ], [ 80.54451, 28.7408 ], [ 80.54674, 28.74185 ], [ 80.55056, 28.74445 ], [ 80.55092, 28.74484 ], [ 80.55165, 28.74621 ], [ 80.55195, 28.74868 ], [ 80.55235, 28.74943 ], [ 80.55582, 28.75186 ], [ 80.55674, 28.75324 ], [ 80.5568, 28.75377 ], [ 80.55669, 28.75431 ], [ 80.55632, 28.75469 ], [ 80.55514, 28.75497 ], [ 80.55455, 28.75456 ], [ 80.55249, 28.75226 ], [ 80.55094, 28.75102 ], [ 80.54995, 28.7505 ], [ 80.549, 28.7504 ], [ 80.54754, 28.75064 ], [ 80.54488, 28.75182 ], [ 80.54334, 28.75321 ], [ 80.54097, 28.75627 ], [ 80.54077, 28.75703 ], [ 80.54068, 28.76154 ], [ 80.5402, 28.76322 ], [ 80.53981, 28.76383 ], [ 80.53857, 28.76506 ], [ 80.53945, 28.76526 ], [ 80.54101, 28.76483 ], [ 80.55026, 28.76498 ], [ 80.5513, 28.76464 ], [ 80.55354, 28.76448 ], [ 80.55501, 28.76405 ], [ 80.558, 28.7622 ], [ 80.55938, 28.76212 ], [ 80.55979, 28.76141 ], [ 80.56455, 28.76341 ], [ 80.56509, 28.76389 ], [ 80.56565, 28.76475 ], [ 80.56606, 28.7647 ], [ 80.56631, 28.76558 ], [ 80.56676, 28.76634 ], [ 80.56828, 28.76586 ], [ 80.57044, 28.76545 ], [ 80.57113, 28.76572 ], [ 80.57173, 28.76556 ], [ 80.57225, 28.76562 ], [ 80.57661, 28.7643 ], [ 80.57702, 28.76448 ], [ 80.57751, 28.76525 ], [ 80.57846, 28.76602 ], [ 80.57925, 28.76738 ], [ 80.58083, 28.76874 ], [ 80.58121, 28.76878 ], [ 80.58225, 28.76837 ], [ 80.58268, 28.76883 ], [ 80.58304, 28.76963 ], [ 80.58401, 28.77004 ], [ 80.5847, 28.77091 ], [ 80.5852, 28.77213 ], [ 80.58605, 28.77325 ], [ 80.58772, 28.77606 ], [ 80.58919, 28.77591 ], [ 80.59282, 28.77486 ], [ 80.59377, 28.77496 ], [ 80.59478, 28.77542 ], [ 80.59556, 28.77553 ], [ 80.59806, 28.77493 ], [ 80.5983, 28.77499 ], [ 80.59877, 28.77553 ], [ 80.60011, 28.77566 ], [ 80.60097, 28.77597 ], [ 80.60099, 28.77614 ], [ 80.60056, 28.77666 ], [ 80.60096, 28.77712 ], [ 80.60131, 28.77792 ], [ 80.601, 28.77901 ], [ 80.601, 28.77964 ], [ 80.60164, 28.78 ], [ 80.60197, 28.78088 ], [ 80.60248, 28.78146 ], [ 80.60403, 28.78255 ], [ 80.6048, 28.78358 ], [ 80.60614, 28.78451 ], [ 80.60729, 28.78344 ], [ 80.60873, 28.78295 ], [ 80.60866, 28.77997 ] ] ] } },
{ "type": "Feature", "properties": { "fid": 764, "STATE_CODE": 4.0, "DISTRICT": "NAWALPARASI_E", "GaPa_NaPa": "Binayee Tribeni", "Type_GN": "Gaunpalika", "Province": "Gandaki" }, "geometry": { "type": "Polygon", "coordinates": [ [ [ 83.89736, 27.49573 ], [ 83.89779, 27.49493 ], [ 83.89863, 27.49401 ], [ 83.90076, 27.49213 ], [ 83.90335, 27.49132 ], [ 83.90625, 27.49105 ], [ 83.90789, 27.49111 ], [ 83.90823, 27.4908 ], [ 83.90853, 27.48835 ], [ 83.90849, 27.48713 ], [ 83.90871, 27.48639 ], [ 83.91192, 27.48262 ], [ 83.91259, 27.48132 ], [ 83.9126, 27.48075 ], [ 83.91232, 27.47965 ], [ 83.91193, 27.47895 ], [ 83.91132, 27.47806 ], [ 83.90988, 27.47661 ], [ 83.90814, 27.47352 ], [ 83.90786, 27.47271 ], [ 83.90802, 27.47162 ], [ 83.90855, 27.47049 ], [ 83.90961, 27.46887 ], [ 83.91075, 27.46784 ], [ 83.91136, 27.46757 ], [ 83.91167, 27.46724 ], [ 83.91184, 27.46661 ], [ 83.91213, 27.46627 ], [ 83.91185, 27.46558 ], [ 83.91195, 27.46489 ], [ 83.91308, 27.46364 ], [ 83.91405, 27.46205 ], [ 83.91541, 27.46033 ], [ 83.91606, 27.45925 ], [ 83.91657, 27.45875 ], [ 83.92314, 27.45844 ], [ 83.92461, 27.45855 ], [ 83.92636, 27.45915 ], [ 83.92649, 27.45976 ], [ 83.92642, 27.46083 ], [ 83.92683, 27.46213 ], [ 83.92689, 27.46293 ], [ 83.92718, 27.46331 ], [ 83.9283, 27.46383 ], [ 83.92958, 27.46413 ], [ 83.9306, 27.46479 ], [ 83.93257, 27.46561 ], [ 83.9348, 27.46897 ], [ 83.93511, 27.46923 ], [ 83.93569, 27.46915 ], [ 83.93849, 27.46793 ], [ 83.93991, 27.46757 ], [ 83.94096, 27.46698 ], [ 83.94212, 27.46682 ], [ 83.94388, 27.4659 ], [ 83.94449, 27.46577 ], [ 83.94282, 27.46148 ], [ 83.94182, 27.45952 ], [ 83.94035, 27.45734 ], [ 83.93924, 27.4551 ], [ 83.93673, 27.45247 ], [ 83.93626, 27.45175 ], [ 83.93575, 27.4515 ], [ 83.93556, 27.45113 ], [ 83.9349, 27.45083 ], [ 83.93319, 27.45054 ], [ 83.93147, 27.44988 ], [ 83.92862, 27.44824 ], [ 83.92392, 27.44616 ], [ 83.91575, 27.44224 ], [ 83.90866, 27.43991 ], [ 83.9051, 27.43917 ], [ 83.89544, 27.43775 ], [ 83.89371, 27.43957 ], [ 83.89199, 27.44172 ], [ 83.88898, 27.44348 ], [ 83.88798, 27.44544 ], [ 83.88763, 27.4465 ], [ 83.88732, 27.44966 ], [ 83.88699, 27.4504 ], [ 83.88694, 27.45406 ], [ 83.88706, 27.45572 ], [ 83.88737, 27.45699 ], [ 83.88809, 27.45867 ], [ 83.88885, 27.45975 ], [ 83.88969, 27.46164 ], [ 83.88462, 27.46343 ], [ 83.88375, 27.46385 ], [ 83.88355, 27.46424 ], [ 83.88429, 27.46577 ], [ 83.88494, 27.46642 ], [ 83.88556, 27.46774 ], [ 83.8858, 27.46889 ], [ 83.88558, 27.4705 ], [ 83.88592, 27.47143 ], [ 83.88655, 27.47236 ], [ 83.88646, 27.47259 ], [ 83.88565, 27.47318 ], [ 83.88549, 27.47354 ], [ 83.88615, 27.47435 ], [ 83.88541, 27.47693 ], [ 83.8853, 27.47839 ], [ 83.88546, 27.4796 ], [ 83.88495, 27.48011 ], [ 83.88501, 27.48095 ], [ 83.88489, 27.48128 ], [ 83.88396, 27.48177 ], [ 83.88205, 27.48184 ], [ 83.88156, 27.48229 ], [ 83.88095, 27.48333 ], [ 83.88033, 27.48403 ], [ 83.87795, 27.48491 ], [ 83.87732, 27.48539 ], [ 83.87492, 27.48839 ], [ 83.87471, 27.48884 ], [ 83.87464, 27.48965 ], [ 83.87531, 27.49016 ], [ 83.87646, 27.49047 ], [ 83.87847, 27.49171 ], [ 83.88018, 27.49248 ], [ 83.88114, 27.49331 ], [ 83.8818, 27.49366 ], [ 83.88256, 27.49447 ], [ 83.88287, 27.49551 ], [ 83.88354, 27.49612 ], [ 83.88606, 27.49555 ], [ 83.8867, 27.49568 ], [ 83.88853, 27.49683 ], [ 83.89024, 27.49875 ], [ 83.89158, 27.49932 ], [ 83.89394, 27.49958 ], [ 83.89759, 27.49876 ], [ 83.89762, 27.49763 ], [ 83.89727, 27.49636 ], [ 83.89736, 27.49573 ] ] ] } },
{ "type": "Feature", "properties": { "fid": 765, "STATE_CODE": 4.0, "DISTRICT": "NAWALPARASI_E", "GaPa_NaPa": "Binayee Tribeni", "Type_GN": "Gaunpalika", "Province": "Gandaki" }, "geometry": { "type": "Polygon", "coordinates": [ [ [ 83.87757, 27.73526 ], [ 83.87858, 27.73534 ], [ 83.87895, 27.73497 ], [ 83.87906, 27.73426 ], [ 83.88001, 27.73342 ], [ 83.88044, 27.73343 ], [ 83.88145, 27.73397 ], [ 83.88208, 27.73451 ], [ 83.88352, 27.735 ], [ 83.88379, 27.7347 ], [ 83.88361, 27.73414 ], [ 83.88368, 27.73391 ], [ 83.88404, 27.73346 ], [ 83.88581, 27.73233 ], [ 83.88751, 27.73212 ], [ 83.88792, 27.73148 ], [ 83.88784, 27.73071 ], [ 83.88847, 27.73023 ], [ 83.89299, 27.73126 ], [ 83.89488, 27.73035 ], [ 83.89584, 27.73002 ], [ 83.89635, 27.73002 ], [ 83.89703, 27.73026 ], [ 83.89809, 27.73161 ], [ 83.89876, 27.73197 ], [ 83.8991, 27.732 ], [ 83.89978, 27.73173 ], [ 83.90004, 27.73079 ], [ 83.9005, 27.7304 ], [ 83.9019, 27.73028 ], [ 83.90301, 27.73064 ], [ 83.90376, 27.73123 ], [ 83.90394, 27.7316 ], [ 83.9035, 27.73343 ], [ 83.90352, 27.73424 ], [ 83.90377, 27.73534 ], [ 83.9044, 27.73564 ], [ 83.90752, 27.73472 ], [ 83.90809, 27.73417 ], [ 83.90815, 27.73364 ], [ 83.90792, 27.73336 ], [ 83.9069, 27.73303 ], [ 83.90602, 27.73247 ], [ 83.90595, 27.73207 ], [ 83.90637, 27.73156 ], [ 83.90786, 27.73116 ], [ 83.91071, 27.73076 ], [ 83.91165, 27.73077 ], [ 83.91301, 27.73105 ], [ 83.91405, 27.73031 ], [ 83.91543, 27.72852 ], [ 83.91586, 27.72839 ], [ 83.91648, 27.72862 ], [ 83.91662, 27.7283 ], [ 83.91663, 27.72774 ], [ 83.91603, 27.72715 ], [ 83.91563, 27.72612 ], [ 83.91463, 27.72516 ], [ 83.91449, 27.72475 ], [ 83.91466, 27.72343 ], [ 83.91449, 27.72308 ], [ 83.91235, 27.72109 ], [ 83.91163, 27.71998 ], [ 83.91035, 27.71915 ], [ 83.90979, 27.71848 ], [ 83.90769, 27.71408 ], [ 83.90767, 27.7126 ], [ 83.90738, 27.71209 ], [ 83.90573, 27.71134 ], [ 83.90517, 27.71085 ], [ 83.90378, 27.71049 ], [ 83.90311, 27.70992 ], [ 83.90262, 27.70904 ], [ 83.90281, 27.70872 ], [ 83.90286, 27.70763 ], [ 83.90313, 27.70697 ], [ 83.90375, 27.7071 ], [ 83.90449, 27.70767 ], [ 83.90483, 27.70764 ], [ 83.90572, 27.70711 ], [ 83.90637, 27.70695 ], [ 83.9074, 27.70608 ], [ 83.90903, 27.70531 ], [ 83.9079, 27.70358 ], [ 83.90667, 27.70109 ], [ 83.90633, 27.6994 ], [ 83.90622, 27.69656 ], [ 83.90598, 27.69586 ], [ 83.90563, 27.69538 ], [ 83.90442, 27.69437 ], [ 83.90338, 27.694 ], [ 83.90239, 27.6933 ], [ 83.90106, 27.69189 ], [ 83.89999, 27.68964 ], [ 83.89903, 27.68879 ], [ 83.89917, 27.68818 ], [ 83.89812, 27.68541 ], [ 83.89778, 27.68508 ], [ 83.89649, 27.6847 ], [ 83.89622, 27.68446 ], [ 83.89624, 27.68355 ], [ 83.89573, 27.68261 ], [ 83.8956, 27.682 ], [ 83.89639, 27.68079 ], [ 83.89618, 27.67973 ], [ 83.89633, 27.67957 ], [ 83.89689, 27.67966 ], [ 83.89806, 27.67927 ], [ 83.89862, 27.67895 ], [ 83.89937, 27.67811 ], [ 83.89995, 27.67785 ], [ 83.90156, 27.67805 ], [ 83.90205, 27.6779 ], [ 83.90113, 27.67676 ], [ 83.90065, 27.67577 ], [ 83.90084, 27.67445 ], [ 83.90122, 27.67375 ], [ 83.90374, 27.67311 ], [ 83.90725, 27.6712 ], [ 83.9087, 27.67081 ], [ 83.90952, 27.67032 ], [ 83.90999, 27.66952 ], [ 83.91033, 27.66815 ], [ 83.91068, 27.66643 ], [ 83.91073, 27.66419 ], [ 83.911, 27.66367 ], [ 83.91178, 27.66326 ], [ 83.91484, 27.66264 ], [ 83.91767, 27.66 ], [ 83.91885, 27.65921 ], [ 83.91922, 27.65875 ], [ 83.91964, 27.65763 ], [ 83.91973, 27.6563 ], [ 83.92033, 27.65505 ], [ 83.92025, 27.65466 ], [ 83.91861, 27.6538 ], [ 83.91726, 27.65223 ], [ 83.91688, 27.65156 ], [ 83.91449, 27.65146 ], [ 83.91332, 27.65098 ], [ 83.91284, 27.6504 ], [ 83.91225, 27.64923 ], [ 83.91175, 27.64705 ], [ 83.91178, 27.64636 ], [ 83.91205, 27.64558 ], [ 83.91467, 27.6431 ], [ 83.91518, 27.64202 ], [ 83.91662, 27.6406 ], [ 83.91792, 27.63866 ], [ 83.91792, 27.63699 ], [ 83.91918, 27.63471 ], [ 83.9189, 27.6324 ], [ 83.9194, 27.63097 ], [ 83.91952, 27.62844 ], [ 83.91988, 27.62741 ], [ 83.91994, 27.62632 ], [ 83.92033, 27.62523 ], [ 83.92002, 27.62436 ], [ 83.91933, 27.62344 ], [ 83.91914, 27.62292 ], [ 83.91948, 27.6216 ], [ 83.91963, 27.61913 ], [ 83.91951, 27.61843 ], [ 83.91976, 27.61677 ], [ 83.91935, 27.61533 ], [ 83.91889, 27.61446 ], [ 83.91874, 27.61313 ], [ 83.91881, 27.61175 ], [ 83.91937, 27.61027 ], [ 83.91935, 27.60969 ], [ 83.91868, 27.60877 ], [ 83.91821, 27.60721 ], [ 83.9176, 27.60622 ], [ 83.91721, 27.60496 ], [ 83.91661, 27.60391 ], [ 83.916, 27.60086 ], [ 83.91649, 27.59966 ], [ 83.91621, 27.59811 ], [ 83.91699, 27.59582 ], [ 83.9171, 27.59439 ], [ 83.91766, 27.59273 ], [ 83.91798, 27.59069 ], [ 83.91852, 27.59029 ], [ 83.91942, 27.59029 ], [ 83.91998, 27.59009 ], [ 83.92085, 27.58922 ], [ 83.921, 27.5887 ], [ 83.92073, 27.58709 ], [ 83.92083, 27.58606 ], [ 83.92118, 27.58534 ], [ 83.92194, 27.58447 ], [ 83.92223, 27.58351 ], [ 83.92199, 27.58234 ], [ 83.9217, 27.58177 ], [ 83.92109, 27.58105 ], [ 83.91994, 27.58013 ], [ 83.91938, 27.57892 ], [ 83.91722, 27.57604 ], [ 83.91552, 27.57343 ], [ 83.91504, 27.57239 ], [ 83.91483, 27.57063 ], [ 83.91523, 27.56952 ], [ 83.91592, 27.56896 ], [ 83.91649, 27.5678 ], [ 83.91587, 27.56609 ], [ 83.91675, 27.56466 ], [ 83.91701, 27.56457 ], [ 83.91809, 27.56509 ], [ 83.91938, 27.56518 ], [ 83.91981, 27.56511 ], [ 83.92126, 27.56438 ], [ 83.92219, 27.56356 ], [ 83.92242, 27.56287 ], [ 83.92273, 27.56251 ], [ 83.92382, 27.56194 ], [ 83.92484, 27.56095 ], [ 83.92565, 27.55959 ], [ 83.92595, 27.55793 ], [ 83.92499, 27.55618 ], [ 83.92349, 27.55396 ], [ 83.92268, 27.55227 ], [ 83.92196, 27.54957 ], [ 83.92195, 27.54781 ], [ 83.92169, 27.54696 ], [ 83.92209, 27.54518 ], [ 83.91993, 27.54393 ], [ 83.91866, 27.5428 ], [ 83.91749, 27.54234 ], [ 83.91359, 27.54238 ], [ 83.91051, 27.54189 ], [ 83.90682, 27.542 ], [ 83.90529, 27.54234 ], [ 83.90273, 27.54173 ], [ 83.90161, 27.54184 ], [ 83.90019, 27.54131 ], [ 83.89556, 27.54016 ], [ 83.89502, 27.53954 ], [ 83.89462, 27.53869 ], [ 83.89316, 27.53725 ], [ 83.89211, 27.53464 ], [ 83.89081, 27.53283 ], [ 83.89042, 27.53161 ], [ 83.89006, 27.53103 ], [ 83.8879, 27.53004 ], [ 83.8861, 27.53005 ], [ 83.88479, 27.5288 ], [ 83.88232, 27.52786 ], [ 83.88064, 27.52953 ], [ 83.87871, 27.53236 ], [ 83.87774, 27.53331 ], [ 83.87547, 27.53481 ], [ 83.87348, 27.53735 ], [ 83.87251, 27.53923 ], [ 83.87182, 27.54008 ], [ 83.87036, 27.54126 ], [ 83.8696, 27.54182 ], [ 83.86787, 27.54253 ], [ 83.86658, 27.54334 ], [ 83.86555, 27.54342 ], [ 83.86477, 27.54394 ], [ 83.86191, 27.5451 ], [ 83.85933, 27.54533 ], [ 83.85873, 27.54553 ], [ 83.85805, 27.54598 ], [ 83.85729, 27.54732 ], [ 83.85514, 27.54847 ], [ 83.85378, 27.55063 ], [ 83.85324, 27.55272 ], [ 83.85211, 27.55592 ], [ 83.85058, 27.55898 ], [ 83.85009, 27.55889 ], [ 83.84948, 27.55902 ], [ 83.84709, 27.5603 ], [ 83.84658, 27.56029 ], [ 83.84607, 27.55994 ], [ 83.84507, 27.55869 ], [ 83.84359, 27.55847 ], [ 83.8415, 27.55621 ], [ 83.84175, 27.55501 ], [ 83.84116, 27.55425 ], [ 83.84109, 27.55373 ], [ 83.84166, 27.55237 ], [ 83.8424, 27.55117 ], [ 83.8424, 27.55083 ], [ 83.84176, 27.54922 ], [ 83.84085, 27.54848 ], [ 83.83909, 27.54772 ], [ 83.83868, 27.54702 ], [ 83.83838, 27.54581 ], [ 83.83805, 27.5455 ], [ 83.83692, 27.54494 ], [ 83.836, 27.54502 ], [ 83.8367, 27.5462 ], [ 83.8369, 27.5469 ], [ 83.83731, 27.54943 ], [ 83.83727, 27.55127 ], [ 83.8366, 27.5523 ], [ 83.83584, 27.55435 ], [ 83.8342, 27.55649 ], [ 83.8327, 27.55915 ], [ 83.83257, 27.5603 ], [ 83.83269, 27.56061 ], [ 83.83307, 27.56086 ], [ 83.83315, 27.56117 ], [ 83.83267, 27.56216 ], [ 83.83208, 27.56253 ], [ 83.83177, 27.56299 ], [ 83.8317, 27.56329 ], [ 83.83197, 27.56452 ], [ 83.83161, 27.56513 ], [ 83.83151, 27.56565 ], [ 83.83334, 27.56746 ], [ 83.83483, 27.56842 ], [ 83.83867, 27.57152 ], [ 83.84011, 27.57214 ], [ 83.8414, 27.57232 ], [ 83.84134, 27.57298 ], [ 83.84005, 27.57603 ], [ 83.83914, 27.57889 ], [ 83.8378, 27.58188 ], [ 83.83705, 27.58412 ], [ 83.83607, 27.58573 ], [ 83.83486, 27.58674 ], [ 83.83388, 27.58702 ], [ 83.83333, 27.5879 ], [ 83.83301, 27.58794 ], [ 83.83117, 27.58731 ], [ 83.83069, 27.58739 ], [ 83.82984, 27.58829 ], [ 83.82912, 27.58862 ], [ 83.82891, 27.5891 ], [ 83.82799, 27.58953 ], [ 83.82766, 27.58999 ], [ 83.8261, 27.59051 ], [ 83.82516, 27.59114 ], [ 83.8245, 27.59135 ], [ 83.82361, 27.59202 ], [ 83.82143, 27.59265 ], [ 83.82002, 27.59247 ], [ 83.81794, 27.59088 ], [ 83.81671, 27.59019 ], [ 83.81497, 27.58953 ], [ 83.81143, 27.58889 ], [ 83.808, 27.58869 ], [ 83.80786, 27.58984 ], [ 83.80906, 27.59177 ], [ 83.80986, 27.59358 ], [ 83.80978, 27.59457 ], [ 83.8093, 27.59537 ], [ 83.80839, 27.5962 ], [ 83.80755, 27.59659 ], [ 83.8061, 27.59689 ], [ 83.80196, 27.59659 ], [ 83.80095, 27.59613 ], [ 83.79888, 27.59841 ], [ 83.79837, 27.59866 ], [ 83.79742, 27.59861 ], [ 83.79657, 27.59896 ], [ 83.79534, 27.60025 ], [ 83.79484, 27.60134 ], [ 83.79275, 27.60281 ], [ 83.79045, 27.60503 ], [ 83.78978, 27.60662 ], [ 83.79037, 27.60717 ], [ 83.79172, 27.60756 ], [ 83.79237, 27.60794 ], [ 83.79338, 27.6088 ], [ 83.79393, 27.60964 ], [ 83.79585, 27.60953 ], [ 83.79794, 27.61003 ], [ 83.79895, 27.6109 ], [ 83.79985, 27.61249 ], [ 83.79986, 27.61325 ], [ 83.79955, 27.61417 ], [ 83.79807, 27.61649 ], [ 83.79713, 27.61863 ], [ 83.79697, 27.61948 ], [ 83.79719, 27.62024 ], [ 83.79867, 27.62097 ], [ 83.7997, 27.62075 ], [ 83.80067, 27.62093 ], [ 83.8024, 27.62047 ], [ 83.8051, 27.62084 ], [ 83.80518, 27.6221 ], [ 83.80485, 27.62333 ], [ 83.80435, 27.62424 ], [ 83.80303, 27.62531 ], [ 83.803, 27.62646 ], [ 83.80265, 27.62778 ], [ 83.80188, 27.62825 ], [ 83.80091, 27.62955 ], [ 83.80181, 27.63152 ], [ 83.80235, 27.63224 ], [ 83.80504, 27.63273 ], [ 83.80685, 27.63394 ], [ 83.8084, 27.63446 ], [ 83.8094, 27.63503 ], [ 83.80975, 27.63543 ], [ 83.80992, 27.63796 ], [ 83.81021, 27.63882 ], [ 83.81009, 27.63957 ], [ 83.81022, 27.63992 ], [ 83.80852, 27.64113 ], [ 83.80773, 27.6431 ], [ 83.80817, 27.64394 ], [ 83.80768, 27.64463 ], [ 83.8085, 27.64535 ], [ 83.80847, 27.64583 ], [ 83.80821, 27.64609 ], [ 83.80665, 27.64616 ], [ 83.80663, 27.64641 ], [ 83.80708, 27.64687 ], [ 83.80642, 27.64753 ], [ 83.80683, 27.64777 ], [ 83.80804, 27.64778 ], [ 83.81006, 27.64852 ], [ 83.80953, 27.64917 ], [ 83.80956, 27.64966 ], [ 83.80993, 27.64987 ], [ 83.81056, 27.65109 ], [ 83.81236, 27.65292 ], [ 83.81252, 27.65326 ], [ 83.81242, 27.65395 ], [ 83.81214, 27.65436 ], [ 83.81185, 27.65456 ], [ 83.81026, 27.65492 ], [ 83.80988, 27.65513 ], [ 83.80975, 27.65544 ], [ 83.80984, 27.65608 ], [ 83.81089, 27.65768 ], [ 83.81129, 27.66107 ], [ 83.81173, 27.66188 ], [ 83.81174, 27.66234 ], [ 83.81, 27.66213 ], [ 83.80897, 27.66217 ], [ 83.80614, 27.66284 ], [ 83.7996, 27.66548 ], [ 83.79382, 27.66633 ], [ 83.7906, 27.6665 ], [ 83.78725, 27.66632 ], [ 83.78648, 27.66637 ], [ 83.78577, 27.66663 ], [ 83.78483, 27.6666 ], [ 83.78399, 27.66689 ], [ 83.78309, 27.66698 ], [ 83.77871, 27.6667 ], [ 83.77536, 27.66618 ], [ 83.77162, 27.66623 ], [ 83.76816, 27.66657 ], [ 83.7676, 27.66572 ], [ 83.76576, 27.66449 ], [ 83.76518, 27.6639 ], [ 83.76365, 27.66169 ], [ 83.76305, 27.6612 ], [ 83.76264, 27.66117 ], [ 83.76104, 27.66174 ], [ 83.76021, 27.66223 ], [ 83.75906, 27.66357 ], [ 83.75847, 27.66503 ], [ 83.75818, 27.66739 ], [ 83.75551, 27.66695 ], [ 83.75043, 27.6671 ], [ 83.74734, 27.66674 ], [ 83.74468, 27.6668 ], [ 83.74373, 27.66709 ], [ 83.74304, 27.66768 ], [ 83.74231, 27.66784 ], [ 83.74196, 27.66858 ], [ 83.74129, 27.66894 ], [ 83.74099, 27.66955 ], [ 83.74073, 27.66964 ], [ 83.7373, 27.66965 ], [ 83.73628, 27.66945 ], [ 83.73371, 27.66965 ], [ 83.73305, 27.66925 ], [ 83.73231, 27.66968 ], [ 83.73123, 27.67069 ], [ 83.72957, 27.67129 ], [ 83.7288, 27.67136 ], [ 83.72691, 27.67096 ], [ 83.72633, 27.67106 ], [ 83.72507, 27.67243 ], [ 83.72392, 27.67179 ], [ 83.72252, 27.67072 ], [ 83.72209, 27.67058 ], [ 83.72186, 27.6701 ], [ 83.72143, 27.67001 ], [ 83.72118, 27.66962 ], [ 83.72064, 27.66991 ], [ 83.72034, 27.66986 ], [ 83.7195, 27.66873 ], [ 83.71937, 27.66832 ], [ 83.71889, 27.66782 ], [ 83.71883, 27.66711 ], [ 83.71809, 27.66645 ], [ 83.71758, 27.66632 ], [ 83.71724, 27.66603 ], [ 83.71652, 27.66495 ], [ 83.71579, 27.66339 ], [ 83.71511, 27.66268 ], [ 83.71417, 27.66231 ], [ 83.71192, 27.66212 ], [ 83.71028, 27.66151 ], [ 83.70947, 27.66099 ], [ 83.70855, 27.6596 ], [ 83.70799, 27.6591 ], [ 83.70579, 27.65887 ], [ 83.70439, 27.66111 ], [ 83.70322, 27.66213 ], [ 83.70292, 27.66213 ], [ 83.70202, 27.66159 ], [ 83.70149, 27.66151 ], [ 83.69944, 27.66235 ], [ 83.69826, 27.66254 ], [ 83.69731, 27.66234 ], [ 83.69576, 27.66147 ], [ 83.69527, 27.66146 ], [ 83.69517, 27.66209 ], [ 83.69568, 27.66237 ], [ 83.69613, 27.66306 ], [ 83.69651, 27.66456 ], [ 83.69731, 27.66623 ], [ 83.69738, 27.6675 ], [ 83.69771, 27.66859 ], [ 83.69845, 27.66938 ], [ 83.69874, 27.66994 ], [ 83.69906, 27.6715 ], [ 83.69909, 27.67259 ], [ 83.69954, 27.67415 ], [ 83.69946, 27.6757 ], [ 83.69926, 27.67639 ], [ 83.70006, 27.6771 ], [ 83.70016, 27.67783 ], [ 83.70045, 27.67841 ], [ 83.70191, 27.67892 ], [ 83.70216, 27.67926 ], [ 83.70234, 27.67999 ], [ 83.70152, 27.6808 ], [ 83.70144, 27.68111 ], [ 83.70159, 27.68141 ], [ 83.70195, 27.68157 ], [ 83.70272, 27.68145 ], [ 83.70405, 27.68185 ], [ 83.70435, 27.68206 ], [ 83.7045, 27.68281 ], [ 83.70429, 27.68333 ], [ 83.70301, 27.68493 ], [ 83.70194, 27.68568 ], [ 83.70149, 27.68678 ], [ 83.70093, 27.68715 ], [ 83.70083, 27.68827 ], [ 83.70057, 27.68869 ], [ 83.69924, 27.68957 ], [ 83.69858, 27.69047 ], [ 83.69706, 27.69158 ], [ 83.69665, 27.69242 ], [ 83.69606, 27.69311 ], [ 83.6955, 27.69332 ], [ 83.69451, 27.69427 ], [ 83.69357, 27.69431 ], [ 83.69265, 27.69503 ], [ 83.69182, 27.6954 ], [ 83.68966, 27.69815 ], [ 83.68955, 27.69884 ], [ 83.68972, 27.69964 ], [ 83.6897, 27.70067 ], [ 83.68951, 27.7017 ], [ 83.68981, 27.70262 ], [ 83.69003, 27.70434 ], [ 83.68982, 27.70555 ], [ 83.68986, 27.70646 ], [ 83.6895, 27.70773 ], [ 83.68901, 27.7091 ], [ 83.68762, 27.71034 ], [ 83.68569, 27.71384 ], [ 83.68458, 27.71495 ], [ 83.684, 27.71621 ], [ 83.68268, 27.71816 ], [ 83.68199, 27.71848 ], [ 83.67942, 27.71863 ], [ 83.67749, 27.71838 ], [ 83.67704, 27.71842 ], [ 83.67696, 27.71857 ], [ 83.67848, 27.72004 ], [ 83.68187, 27.72089 ], [ 83.68375, 27.72066 ], [ 83.68752, 27.7194 ], [ 83.68846, 27.71933 ], [ 83.68975, 27.71889 ], [ 83.69146, 27.71877 ], [ 83.69204, 27.71812 ], [ 83.69348, 27.71747 ], [ 83.69429, 27.71625 ], [ 83.69504, 27.71599 ], [ 83.69769, 27.71587 ], [ 83.6983, 27.71601 ], [ 83.69954, 27.71664 ], [ 83.7004, 27.71677 ], [ 83.70095, 27.71624 ], [ 83.70162, 27.71595 ], [ 83.70307, 27.71586 ], [ 83.7059, 27.7153 ], [ 83.70633, 27.71528 ], [ 83.70787, 27.71576 ], [ 83.70924, 27.7159 ], [ 83.70975, 27.71573 ], [ 83.71069, 27.71506 ], [ 83.71117, 27.715 ], [ 83.7129, 27.71546 ], [ 83.71418, 27.71561 ], [ 83.71513, 27.71525 ], [ 83.71632, 27.71418 ], [ 83.71692, 27.71389 ], [ 83.71752, 27.71302 ], [ 83.71863, 27.71198 ], [ 83.71962, 27.71189 ], [ 83.7209, 27.71208 ], [ 83.72116, 27.71196 ], [ 83.72097, 27.71116 ], [ 83.72146, 27.71065 ], [ 83.72315, 27.71 ], [ 83.72486, 27.71021 ], [ 83.72675, 27.70996 ], [ 83.72814, 27.70914 ], [ 83.72848, 27.7091 ], [ 83.72899, 27.70923 ], [ 83.72938, 27.70954 ], [ 83.73047, 27.71126 ], [ 83.73066, 27.71189 ], [ 83.73131, 27.71256 ], [ 83.73129, 27.71342 ], [ 83.73221, 27.71415 ], [ 83.73351, 27.71441 ], [ 83.73437, 27.71438 ], [ 83.73572, 27.71483 ], [ 83.73692, 27.71462 ], [ 83.73931, 27.71501 ], [ 83.74047, 27.71567 ], [ 83.74156, 27.71596 ], [ 83.74325, 27.71745 ], [ 83.74405, 27.71737 ], [ 83.74509, 27.7191 ], [ 83.74656, 27.71955 ], [ 83.7481, 27.71951 ], [ 83.74938, 27.71998 ], [ 83.75103, 27.72095 ], [ 83.75366, 27.72087 ], [ 83.75479, 27.72038 ], [ 83.75626, 27.72014 ], [ 83.75776, 27.72086 ], [ 83.75923, 27.72229 ], [ 83.75972, 27.72249 ], [ 83.76092, 27.72227 ], [ 83.76291, 27.7216 ], [ 83.76368, 27.72162 ], [ 83.76573, 27.72211 ], [ 83.76796, 27.72225 ], [ 83.77057, 27.72317 ], [ 83.77152, 27.7232 ], [ 83.77322, 27.72381 ], [ 83.77425, 27.72372 ], [ 83.7757, 27.72402 ], [ 83.7765, 27.72382 ], [ 83.77744, 27.72386 ], [ 83.78221, 27.72502 ], [ 83.78438, 27.72437 ], [ 83.78651, 27.72467 ], [ 83.78769, 27.72389 ], [ 83.78844, 27.72298 ], [ 83.7895, 27.72287 ], [ 83.79009, 27.72242 ], [ 83.79138, 27.72224 ], [ 83.79222, 27.72184 ], [ 83.7954, 27.72175 ], [ 83.79642, 27.72208 ], [ 83.79711, 27.72183 ], [ 83.79891, 27.72175 ], [ 83.80132, 27.72129 ], [ 83.80285, 27.72027 ], [ 83.80455, 27.71826 ], [ 83.80615, 27.71735 ], [ 83.80777, 27.71706 ], [ 83.80933, 27.71618 ], [ 83.81081, 27.71428 ], [ 83.81326, 27.71401 ], [ 83.81559, 27.71346 ], [ 83.81893, 27.71191 ], [ 83.81945, 27.71152 ], [ 83.81976, 27.71099 ], [ 83.82033, 27.7106 ], [ 83.82112, 27.71071 ], [ 83.82232, 27.71148 ], [ 83.82283, 27.71197 ], [ 83.82361, 27.71337 ], [ 83.82483, 27.71399 ], [ 83.82809, 27.71415 ], [ 83.83116, 27.71354 ], [ 83.83349, 27.71396 ], [ 83.83444, 27.71366 ], [ 83.83563, 27.71255 ], [ 83.83669, 27.7121 ], [ 83.83845, 27.71091 ], [ 83.84213, 27.71097 ], [ 83.84617, 27.70946 ], [ 83.84874, 27.71158 ], [ 83.84873, 27.712 ], [ 83.84762, 27.71284 ], [ 83.84586, 27.71477 ], [ 83.84475, 27.71555 ], [ 83.84441, 27.71626 ], [ 83.84427, 27.71826 ], [ 83.84452, 27.71953 ], [ 83.84414, 27.72107 ], [ 83.8444, 27.72348 ], [ 83.84384, 27.72519 ], [ 83.844, 27.72726 ], [ 83.84364, 27.72806 ], [ 83.84277, 27.72869 ], [ 83.84233, 27.72983 ], [ 83.84172, 27.73041 ], [ 83.84178, 27.7311 ], [ 83.84293, 27.73246 ], [ 83.84305, 27.73338 ], [ 83.84347, 27.73368 ], [ 83.84348, 27.7341 ], [ 83.84384, 27.73451 ], [ 83.84485, 27.73499 ], [ 83.84579, 27.73495 ], [ 83.84826, 27.7341 ], [ 83.8492, 27.73403 ], [ 83.85159, 27.73324 ], [ 83.85202, 27.73324 ], [ 83.85893, 27.73444 ], [ 83.85978, 27.73442 ], [ 83.86234, 27.73388 ], [ 83.86431, 27.73409 ], [ 83.8656, 27.73381 ], [ 83.86662, 27.73393 ], [ 83.86804, 27.73459 ], [ 83.86898, 27.73465 ], [ 83.8703, 27.73406 ], [ 83.87169, 27.73399 ], [ 83.87307, 27.73356 ], [ 83.87453, 27.73361 ], [ 83.8751, 27.73315 ], [ 83.87557, 27.73327 ], [ 83.87584, 27.73503 ], [ 83.87616, 27.73567 ], [ 83.87667, 27.73583 ], [ 83.87757, 27.73526 ] ] ] } },
{ "type": "Feature", "properties": { "fid": 771, "STATE_CODE": 4.0, "DISTRICT": "NAWALPARASI_E", "GaPa_NaPa": "Kawasoti", "Type_GN": "Nagarpalika", "Province": "Gandaki" }, "geometry": { "type": "Polygon", "coordinates": [ [ [ 84.15643, 27.73728 ], [ 84.15586, 27.73675 ], [ 84.15592, 27.73561 ], [ 84.15567, 27.73424 ], [ 84.15475, 27.73389 ], [ 84.1542, 27.73329 ], [ 84.15407, 27.73231 ], [ 84.15426, 27.73115 ], [ 84.15333, 27.73024 ], [ 84.15334, 27.72842 ], [ 84.15283, 27.72811 ], [ 84.15256, 27.72762 ], [ 84.15205, 27.72741 ], [ 84.15169, 27.72689 ], [ 84.15149, 27.72602 ], [ 84.15112, 27.72554 ], [ 84.15138, 27.72403 ], [ 84.15089, 27.72374 ], [ 84.1501, 27.72369 ], [ 84.14972, 27.72313 ], [ 84.14848, 27.7231 ], [ 84.14807, 27.72288 ], [ 84.14789, 27.72249 ], [ 84.14774, 27.72098 ], [ 84.14796, 27.71926 ], [ 84.14838, 27.71868 ], [ 84.1482, 27.71798 ], [ 84.14897, 27.71553 ], [ 84.14911, 27.71455 ], [ 84.1498, 27.7133 ], [ 84.15043, 27.71124 ], [ 84.15056, 27.70986 ], [ 84.15107, 27.70901 ], [ 84.15179, 27.70667 ], [ 84.15219, 27.70587 ], [ 84.15274, 27.70509 ], [ 84.15435, 27.70345 ], [ 84.15608, 27.70254 ], [ 84.15719, 27.70164 ], [ 84.15829, 27.70118 ], [ 84.15896, 27.70109 ], [ 84.15966, 27.70053 ], [ 84.15974, 27.69939 ], [ 84.15882, 27.69783 ], [ 84.15785, 27.69323 ], [ 84.15783, 27.6918 ], [ 84.15816, 27.68979 ], [ 84.15814, 27.68842 ], [ 84.15696, 27.68588 ], [ 84.15707, 27.68481 ], [ 84.15814, 27.68332 ], [ 84.15975, 27.68244 ], [ 84.16077, 27.68127 ], [ 84.16138, 27.68002 ], [ 84.16142, 27.6788 ], [ 84.16187, 27.6784 ], [ 84.1627, 27.678 ], [ 84.1627, 27.67732 ], [ 84.162, 27.67645 ], [ 84.16188, 27.67579 ], [ 84.162, 27.6754 ], [ 84.16296, 27.67475 ], [ 84.1635, 27.67413 ], [ 84.16379, 27.67254 ], [ 84.16427, 27.67182 ], [ 84.16439, 27.67054 ], [ 84.1651, 27.67002 ], [ 84.16509, 27.66847 ], [ 84.16547, 27.6672 ], [ 84.16573, 27.66698 ], [ 84.16727, 27.66688 ], [ 84.16843, 27.66648 ], [ 84.16944, 27.66649 ], [ 84.17016, 27.66593 ], [ 84.17142, 27.66566 ], [ 84.17223, 27.66385 ], [ 84.17639, 27.66318 ], [ 84.17656, 27.66296 ], [ 84.17611, 27.66241 ], [ 84.17607, 27.66214 ], [ 84.17662, 27.66126 ], [ 84.17755, 27.66085 ], [ 84.17883, 27.66058 ], [ 84.17941, 27.65975 ], [ 84.1795, 27.65838 ], [ 84.17939, 27.65783 ], [ 84.17954, 27.65745 ], [ 84.18003, 27.65724 ], [ 84.1827, 27.65707 ], [ 84.18349, 27.65579 ], [ 84.18373, 27.65452 ], [ 84.18462, 27.6541 ], [ 84.18603, 27.6543 ], [ 84.18644, 27.65413 ], [ 84.18685, 27.65333 ], [ 84.18713, 27.65312 ], [ 84.18865, 27.65322 ], [ 84.18923, 27.65267 ], [ 84.19038, 27.65059 ], [ 84.19016, 27.64811 ], [ 84.1883, 27.64595 ], [ 84.18664, 27.64138 ], [ 84.18567, 27.64116 ], [ 84.18455, 27.64195 ], [ 84.18218, 27.64249 ], [ 84.18117, 27.64237 ], [ 84.17973, 27.64207 ], [ 84.1781, 27.64132 ], [ 84.17694, 27.64115 ], [ 84.17603, 27.64054 ], [ 84.1747, 27.64014 ], [ 84.174, 27.63951 ], [ 84.17331, 27.63776 ], [ 84.17243, 27.63478 ], [ 84.17229, 27.63295 ], [ 84.172, 27.63214 ], [ 84.17243, 27.62955 ], [ 84.17235, 27.6282 ], [ 84.17153, 27.62756 ], [ 84.17001, 27.6256 ], [ 84.16814, 27.62385 ], [ 84.16737, 27.62361 ], [ 84.16128, 27.62372 ], [ 84.15735, 27.62267 ], [ 84.15256, 27.62208 ], [ 84.15163, 27.62163 ], [ 84.15061, 27.62089 ], [ 84.14863, 27.61881 ], [ 84.14336, 27.61445 ], [ 84.14146, 27.61247 ], [ 84.14008, 27.61154 ], [ 84.13914, 27.61131 ], [ 84.1354, 27.61201 ], [ 84.12983, 27.61249 ], [ 84.12897, 27.6124 ], [ 84.12634, 27.61082 ], [ 84.12508, 27.60977 ], [ 84.12417, 27.60855 ], [ 84.12308, 27.60546 ], [ 84.12115, 27.60316 ], [ 84.11939, 27.60165 ], [ 84.11825, 27.59998 ], [ 84.11682, 27.59628 ], [ 84.11622, 27.59404 ], [ 84.11474, 27.59162 ], [ 84.11331, 27.58888 ], [ 84.1149, 27.58814 ], [ 84.11524, 27.58776 ], [ 84.11552, 27.58707 ], [ 84.11638, 27.58602 ], [ 84.11654, 27.5841 ], [ 84.11566, 27.58157 ], [ 84.11564, 27.58088 ], [ 84.11611, 27.5802 ], [ 84.11721, 27.57951 ], [ 84.1174, 27.57895 ], [ 84.11728, 27.5778 ], [ 84.11627, 27.57583 ], [ 84.11557, 27.57376 ], [ 84.11457, 27.57177 ], [ 84.11452, 27.56978 ], [ 84.11387, 27.56787 ], [ 84.11332, 27.56748 ], [ 84.11261, 27.56742 ], [ 84.11197, 27.56749 ], [ 84.11088, 27.56798 ], [ 84.10941, 27.56807 ], [ 84.10564, 27.56642 ], [ 84.1055, 27.56358 ], [ 84.10569, 27.56261 ], [ 84.10724, 27.55873 ], [ 84.10629, 27.55838 ], [ 84.1039, 27.55597 ], [ 84.10226, 27.55497 ], [ 84.09963, 27.55494 ], [ 84.09836, 27.5553 ], [ 84.09507, 27.55551 ], [ 84.0923, 27.55588 ], [ 84.09118, 27.55621 ], [ 84.08903, 27.5574 ], [ 84.08711, 27.55899 ], [ 84.08593, 27.55935 ], [ 84.08456, 27.56006 ], [ 84.082, 27.56056 ], [ 84.08039, 27.56141 ], [ 84.07912, 27.56167 ], [ 84.07868, 27.56161 ], [ 84.07793, 27.56207 ], [ 84.07687, 27.56306 ], [ 84.07601, 27.56327 ], [ 84.07675, 27.56474 ], [ 84.07682, 27.56809 ], [ 84.07708, 27.57027 ], [ 84.07805, 27.57397 ], [ 84.07848, 27.57416 ], [ 84.07885, 27.57688 ], [ 84.0787, 27.57768 ], [ 84.07902, 27.57871 ], [ 84.07764, 27.57871 ], [ 84.07584, 27.57897 ], [ 84.0752, 27.5793 ], [ 84.07397, 27.57949 ], [ 84.07348, 27.57985 ], [ 84.07351, 27.58245 ], [ 84.07286, 27.58371 ], [ 84.0724, 27.58584 ], [ 84.07247, 27.58605 ], [ 84.07283, 27.58614 ], [ 84.0742, 27.58622 ], [ 84.07493, 27.58684 ], [ 84.07441, 27.58795 ], [ 84.07462, 27.58883 ], [ 84.0741, 27.58969 ], [ 84.07292, 27.59062 ], [ 84.07201, 27.59098 ], [ 84.06752, 27.58996 ], [ 84.06647, 27.58942 ], [ 84.06558, 27.59065 ], [ 84.06554, 27.5913 ], [ 84.06433, 27.592 ], [ 84.06412, 27.59231 ], [ 84.063, 27.59701 ], [ 84.06302, 27.59759 ], [ 84.06382, 27.60015 ], [ 84.06414, 27.6009 ], [ 84.06489, 27.60199 ], [ 84.06491, 27.60262 ], [ 84.06389, 27.60377 ], [ 84.06268, 27.606 ], [ 84.06159, 27.60671 ], [ 84.06147, 27.60811 ], [ 84.06166, 27.60885 ], [ 84.06215, 27.60966 ], [ 84.06313, 27.61207 ], [ 84.06346, 27.61414 ], [ 84.0638, 27.61494 ], [ 84.06384, 27.61546 ], [ 84.06347, 27.61689 ], [ 84.06353, 27.61747 ], [ 84.06419, 27.61902 ], [ 84.06466, 27.61955 ], [ 84.06478, 27.62036 ], [ 84.06555, 27.6222 ], [ 84.06654, 27.62375 ], [ 84.06696, 27.62565 ], [ 84.08045, 27.62189 ], [ 84.08047, 27.62293 ], [ 84.08145, 27.62442 ], [ 84.08186, 27.62563 ], [ 84.08181, 27.62741 ], [ 84.08138, 27.62953 ], [ 84.08187, 27.63109 ], [ 84.08189, 27.6316 ], [ 84.08152, 27.63263 ], [ 84.08021, 27.63504 ], [ 84.07986, 27.63625 ], [ 84.07988, 27.637 ], [ 84.08091, 27.63953 ], [ 84.08185, 27.64137 ], [ 84.08282, 27.64286 ], [ 84.08357, 27.64395 ], [ 84.08483, 27.64467 ], [ 84.08561, 27.64486 ], [ 84.08681, 27.64488 ], [ 84.09025, 27.64577 ], [ 84.09395, 27.64727 ], [ 84.09661, 27.64808 ], [ 84.09803, 27.64824 ], [ 84.09792, 27.64906 ], [ 84.09738, 27.65034 ], [ 84.0971, 27.6528 ], [ 84.09695, 27.65314 ], [ 84.09611, 27.65352 ], [ 84.09561, 27.65588 ], [ 84.09511, 27.65687 ], [ 84.09488, 27.65802 ], [ 84.09492, 27.65856 ], [ 84.0958, 27.65952 ], [ 84.09612, 27.6603 ], [ 84.09604, 27.66046 ], [ 84.0955, 27.66057 ], [ 84.09527, 27.66086 ], [ 84.09488, 27.66164 ], [ 84.09479, 27.66226 ], [ 84.09585, 27.66479 ], [ 84.09694, 27.66653 ], [ 84.09707, 27.66691 ], [ 84.09673, 27.66756 ], [ 84.09696, 27.66774 ], [ 84.09739, 27.66741 ], [ 84.09778, 27.66764 ], [ 84.09793, 27.6681 ], [ 84.09789, 27.66971 ], [ 84.09922, 27.67115 ], [ 84.09935, 27.67153 ], [ 84.0993, 27.67238 ], [ 84.09896, 27.67287 ], [ 84.09804, 27.67335 ], [ 84.09771, 27.67395 ], [ 84.09608, 27.67576 ], [ 84.09587, 27.6764 ], [ 84.0937, 27.67773 ], [ 84.09241, 27.67873 ], [ 84.09196, 27.67926 ], [ 84.09173, 27.68085 ], [ 84.09148, 27.68118 ], [ 84.09077, 27.68154 ], [ 84.0906, 27.68185 ], [ 84.0906, 27.68225 ], [ 84.09162, 27.68399 ], [ 84.09251, 27.6851 ], [ 84.09309, 27.68564 ], [ 84.09392, 27.68566 ], [ 84.09411, 27.68698 ], [ 84.09524, 27.68825 ], [ 84.09488, 27.69033 ], [ 84.09533, 27.6907 ], [ 84.09586, 27.69154 ], [ 84.09627, 27.69156 ], [ 84.0967, 27.69108 ], [ 84.09694, 27.68971 ], [ 84.09753, 27.68908 ], [ 84.09831, 27.68615 ], [ 84.0995, 27.68472 ], [ 84.10038, 27.68402 ], [ 84.10145, 27.68348 ], [ 84.10428, 27.68384 ], [ 84.10513, 27.68376 ], [ 84.10606, 27.68248 ], [ 84.10653, 27.68222 ], [ 84.10807, 27.68239 ], [ 84.1097, 27.68203 ], [ 84.11228, 27.68172 ], [ 84.11288, 27.68179 ], [ 84.11394, 27.68237 ], [ 84.1145, 27.68314 ], [ 84.11559, 27.684 ], [ 84.11698, 27.68305 ], [ 84.11815, 27.68142 ], [ 84.11864, 27.68118 ], [ 84.12327, 27.68127 ], [ 84.12374, 27.68155 ], [ 84.12416, 27.68244 ], [ 84.12498, 27.68334 ], [ 84.12612, 27.68579 ], [ 84.127, 27.6871 ], [ 84.12776, 27.68902 ], [ 84.1282, 27.69247 ], [ 84.12751, 27.69636 ], [ 84.12766, 27.69759 ], [ 84.12733, 27.7008 ], [ 84.12726, 27.70608 ], [ 84.12702, 27.70761 ], [ 84.1264, 27.70911 ], [ 84.12487, 27.71049 ], [ 84.12438, 27.71109 ], [ 84.12423, 27.71155 ], [ 84.12442, 27.714 ], [ 84.1242, 27.71452 ], [ 84.12332, 27.71555 ], [ 84.12267, 27.7173 ], [ 84.12243, 27.7196 ], [ 84.12268, 27.72083 ], [ 84.12244, 27.72243 ], [ 84.12147, 27.72471 ], [ 84.12086, 27.72549 ], [ 84.12127, 27.7272 ], [ 84.12096, 27.72842 ], [ 84.12152, 27.72882 ], [ 84.12352, 27.72898 ], [ 84.12449, 27.72957 ], [ 84.12624, 27.73007 ], [ 84.12864, 27.73011 ], [ 84.1297, 27.7297 ], [ 84.13166, 27.73028 ], [ 84.13354, 27.73034 ], [ 84.1353, 27.73203 ], [ 84.13687, 27.73276 ], [ 84.13732, 27.73412 ], [ 84.13808, 27.73457 ], [ 84.13846, 27.7353 ], [ 84.13928, 27.73587 ], [ 84.14073, 27.73635 ], [ 84.14171, 27.73709 ], [ 84.14333, 27.73726 ], [ 84.14393, 27.73748 ], [ 84.14708, 27.7392 ], [ 84.14831, 27.74004 ], [ 84.14879, 27.74066 ], [ 84.14991, 27.74278 ], [ 84.15067, 27.74357 ], [ 84.15215, 27.7447 ], [ 84.15551, 27.74677 ], [ 84.15655, 27.7483 ], [ 84.15664, 27.74681 ], [ 84.1552, 27.74604 ], [ 84.15459, 27.74496 ], [ 84.15353, 27.74455 ], [ 84.15308, 27.74408 ], [ 84.15414, 27.7427 ], [ 84.15422, 27.74125 ], [ 84.15613, 27.73888 ], [ 84.15651, 27.73759 ], [ 84.15643, 27.73728 ] ] ] } },
{ "type": "Feature", "properties": { "fid": 772, "STATE_CODE": 4.0, "DISTRICT": "NAWALPARASI_E", "GaPa_NaPa": "Madhyabindu", "Type_GN": "Nagarpalika", "Province": "Gandaki" }, "geometry": { "type": "Polygon", "coordinates": [ [ [ 83.92136, 27.72672 ], [ 83.92415, 27.72683 ], [ 83.92652, 27.72552 ], [ 83.92825, 27.72497 ], [ 83.92891, 27.72524 ], [ 83.92924, 27.72641 ], [ 83.92953, 27.72669 ], [ 83.93023, 27.7269 ], [ 83.93083, 27.72678 ], [ 83.9311, 27.72646 ], [ 83.93123, 27.72407 ], [ 83.93177, 27.72335 ], [ 83.93458, 27.72237 ], [ 83.93836, 27.72219 ], [ 83.93931, 27.72183 ], [ 83.93975, 27.7214 ], [ 83.93986, 27.72039 ], [ 83.94021, 27.71956 ], [ 83.94066, 27.71941 ], [ 83.94212, 27.71941 ], [ 83.94301, 27.71888 ], [ 83.94355, 27.7181 ], [ 83.94352, 27.71764 ], [ 83.94313, 27.71695 ], [ 83.94329, 27.71657 ], [ 83.94393, 27.71618 ], [ 83.94479, 27.71603 ], [ 83.94519, 27.71537 ], [ 83.94571, 27.71534 ], [ 83.94664, 27.7158 ], [ 83.94784, 27.7157 ], [ 83.95143, 27.71596 ], [ 83.95193, 27.71638 ], [ 83.95213, 27.71638 ], [ 83.95265, 27.71622 ], [ 83.95369, 27.71554 ], [ 83.95541, 27.71533 ], [ 83.9561, 27.71542 ], [ 83.95671, 27.71429 ], [ 83.95712, 27.71397 ], [ 83.95768, 27.71393 ], [ 83.95848, 27.71445 ], [ 83.95939, 27.7156 ], [ 83.96021, 27.71617 ], [ 83.9605, 27.71712 ], [ 83.96186, 27.71843 ], [ 83.96446, 27.71946 ], [ 83.96609, 27.71952 ], [ 83.96849, 27.7185 ], [ 83.97041, 27.71803 ], [ 83.97347, 27.71601 ], [ 83.97432, 27.71525 ], [ 83.976, 27.71441 ], [ 83.97677, 27.71423 ], [ 83.97847, 27.7148 ], [ 83.98053, 27.71474 ], [ 83.98321, 27.71376 ], [ 83.98424, 27.7136 ], [ 83.98479, 27.71309 ], [ 83.98492, 27.71244 ], [ 83.98599, 27.71218 ], [ 83.9863, 27.71127 ], [ 83.98713, 27.71081 ], [ 83.98672, 27.70942 ], [ 83.98673, 27.70896 ], [ 83.98695, 27.70857 ], [ 83.98625, 27.70775 ], [ 83.98623, 27.70691 ], [ 83.98434, 27.70556 ], [ 83.98379, 27.70475 ], [ 83.98361, 27.70417 ], [ 83.9848, 27.70313 ], [ 83.9854, 27.70239 ], [ 83.98672, 27.70191 ], [ 83.98739, 27.70234 ], [ 83.9879, 27.70234 ], [ 83.98925, 27.70166 ], [ 83.99054, 27.70144 ], [ 83.99105, 27.7017 ], [ 83.99204, 27.70287 ], [ 83.9923, 27.70299 ], [ 83.99307, 27.70293 ], [ 83.99462, 27.70184 ], [ 83.99531, 27.70156 ], [ 83.99836, 27.70183 ], [ 83.99889, 27.70235 ], [ 83.9991, 27.70063 ], [ 83.99895, 27.69955 ], [ 83.99923, 27.69895 ], [ 83.99958, 27.69875 ], [ 84.0018, 27.69903 ], [ 84.00334, 27.69945 ], [ 84.00557, 27.6996 ], [ 84.00804, 27.69865 ], [ 84.01061, 27.69843 ], [ 84.01293, 27.69702 ], [ 84.01334, 27.69647 ], [ 84.0136, 27.69549 ], [ 84.01416, 27.69469 ], [ 84.01441, 27.69278 ], [ 84.0144, 27.68987 ], [ 84.01557, 27.68854 ], [ 84.01554, 27.68655 ], [ 84.01626, 27.68326 ], [ 84.01541, 27.68192 ], [ 84.01507, 27.68083 ], [ 84.01503, 27.68031 ], [ 84.01535, 27.67905 ], [ 84.01529, 27.6779 ], [ 84.0151, 27.67727 ], [ 84.01447, 27.67648 ], [ 84.01299, 27.67519 ], [ 84.01175, 27.67347 ], [ 84.01181, 27.67283 ], [ 84.0125, 27.67082 ], [ 84.01244, 27.6695 ], [ 84.01212, 27.6687 ], [ 84.0121, 27.66816 ], [ 84.0124, 27.66814 ], [ 84.01581, 27.66951 ], [ 84.01626, 27.66951 ], [ 84.01806, 27.6689 ], [ 84.01884, 27.66906 ], [ 84.02, 27.66877 ], [ 84.02066, 27.66833 ], [ 84.02165, 27.66718 ], [ 84.02369, 27.66545 ], [ 84.02418, 27.66481 ], [ 84.02749, 27.66166 ], [ 84.02844, 27.66109 ], [ 84.0293, 27.66027 ], [ 84.03119, 27.65916 ], [ 84.03232, 27.65776 ], [ 84.03323, 27.65711 ], [ 84.03419, 27.6561 ], [ 84.03522, 27.65545 ], [ 84.0367, 27.65497 ], [ 84.0375, 27.6549 ], [ 84.03962, 27.65377 ], [ 84.04171, 27.65334 ], [ 84.04428, 27.65037 ], [ 84.04684, 27.64837 ], [ 84.0477, 27.64716 ], [ 84.04903, 27.64416 ], [ 84.04995, 27.64341 ], [ 84.0512, 27.64115 ], [ 84.05225, 27.64041 ], [ 84.05285, 27.63966 ], [ 84.05347, 27.63802 ], [ 84.05393, 27.6356 ], [ 84.05384, 27.63405 ], [ 84.05358, 27.63323 ], [ 84.05294, 27.63259 ], [ 84.05185, 27.63209 ], [ 84.05138, 27.63152 ], [ 84.0511, 27.63048 ], [ 84.05117, 27.62773 ], [ 84.05073, 27.62698 ], [ 84.05026, 27.6255 ], [ 84.05221, 27.62577 ], [ 84.0614, 27.62615 ], [ 84.06481, 27.62612 ], [ 84.06696, 27.62565 ], [ 84.06654, 27.62375 ], [ 84.06555, 27.6222 ], [ 84.06478, 27.62036 ], [ 84.06466, 27.61955 ], [ 84.06419, 27.61902 ], [ 84.06353, 27.61747 ], [ 84.06347, 27.61689 ], [ 84.06384, 27.61546 ], [ 84.0638, 27.61494 ], [ 84.06346, 27.61414 ], [ 84.06313, 27.61207 ], [ 84.06156, 27.60857 ], [ 84.0615, 27.60696 ], [ 84.06189, 27.60644 ], [ 84.06268, 27.606 ], [ 84.06389, 27.60377 ], [ 84.06491, 27.60262 ], [ 84.06489, 27.60199 ], [ 84.06414, 27.6009 ], [ 84.06382, 27.60015 ], [ 84.06302, 27.59759 ], [ 84.06305, 27.59678 ], [ 84.06374, 27.59414 ], [ 84.06379, 27.59345 ], [ 84.06423, 27.59212 ], [ 84.06554, 27.5913 ], [ 84.06558, 27.59065 ], [ 84.06647, 27.58942 ], [ 84.06752, 27.58996 ], [ 84.07201, 27.59098 ], [ 84.07292, 27.59062 ], [ 84.0741, 27.58969 ], [ 84.07462, 27.58883 ], [ 84.07441, 27.58795 ], [ 84.07493, 27.58684 ], [ 84.0742, 27.58622 ], [ 84.07283, 27.58614 ], [ 84.07247, 27.58605 ], [ 84.0724, 27.58584 ], [ 84.07286, 27.58371 ], [ 84.07351, 27.58245 ], [ 84.07348, 27.57985 ], [ 84.07397, 27.57949 ], [ 84.0752, 27.5793 ], [ 84.07584, 27.57897 ], [ 84.07764, 27.57871 ], [ 84.07902, 27.57871 ], [ 84.0787, 27.57768 ], [ 84.07885, 27.57688 ], [ 84.07848, 27.57416 ], [ 84.07805, 27.57397 ], [ 84.07708, 27.57027 ], [ 84.07682, 27.56809 ], [ 84.07675, 27.56474 ], [ 84.07601, 27.56327 ], [ 84.07529, 27.56342 ], [ 84.07338, 27.56329 ], [ 84.07236, 27.56346 ], [ 84.07142, 27.56339 ], [ 84.0653, 27.5639 ], [ 84.0629, 27.56432 ], [ 84.06084, 27.56534 ], [ 84.0599, 27.5655 ], [ 84.0594, 27.56515 ], [ 84.05902, 27.56455 ], [ 84.05793, 27.56368 ], [ 84.05615, 27.56322 ], [ 84.05503, 27.56268 ], [ 84.05348, 27.56228 ], [ 84.05268, 27.56189 ], [ 84.052, 27.56095 ], [ 84.05115, 27.55914 ], [ 84.05048, 27.55848 ], [ 84.04545, 27.55729 ], [ 84.04459, 27.55685 ], [ 84.04424, 27.55647 ], [ 84.04407, 27.55584 ], [ 84.04363, 27.55533 ], [ 84.04162, 27.55151 ], [ 84.0384, 27.54845 ], [ 84.03805, 27.54838 ], [ 84.03759, 27.54859 ], [ 84.03694, 27.54861 ], [ 84.03573, 27.54795 ], [ 84.03459, 27.54617 ], [ 84.03368, 27.54551 ], [ 84.03316, 27.54529 ], [ 84.03161, 27.54506 ], [ 84.03018, 27.54459 ], [ 84.02777, 27.54349 ], [ 84.02704, 27.5434 ], [ 84.02589, 27.54252 ], [ 84.02395, 27.54184 ], [ 84.02292, 27.54166 ], [ 84.02161, 27.5408 ], [ 84.02116, 27.54066 ], [ 84.01955, 27.54071 ], [ 84.01669, 27.54154 ], [ 84.01509, 27.54259 ], [ 84.01212, 27.54549 ], [ 84.01097, 27.54774 ], [ 84.01041, 27.54961 ], [ 84.00794, 27.55436 ], [ 84.00562, 27.55732 ], [ 84.00378, 27.55897 ], [ 84.00018, 27.56123 ], [ 83.99926, 27.56156 ], [ 83.99781, 27.5619 ], [ 83.99432, 27.56192 ], [ 83.99162, 27.56247 ], [ 83.98481, 27.56185 ], [ 83.98404, 27.56187 ], [ 83.9821, 27.56237 ], [ 83.97998, 27.56203 ], [ 83.97939, 27.56173 ], [ 83.97851, 27.56093 ], [ 83.97766, 27.55985 ], [ 83.97643, 27.55869 ], [ 83.97514, 27.55723 ], [ 83.97448, 27.55614 ], [ 83.9734, 27.55485 ], [ 83.97268, 27.55423 ], [ 83.97087, 27.55361 ], [ 83.96902, 27.55332 ], [ 83.96679, 27.55321 ], [ 83.96525, 27.55333 ], [ 83.96323, 27.5538 ], [ 83.96202, 27.55383 ], [ 83.95846, 27.55319 ], [ 83.95736, 27.55267 ], [ 83.956, 27.55109 ], [ 83.95486, 27.55013 ], [ 83.95392, 27.54989 ], [ 83.95207, 27.54979 ], [ 83.95001, 27.54897 ], [ 83.94635, 27.54793 ], [ 83.93876, 27.5475 ], [ 83.93107, 27.54818 ], [ 83.92904, 27.54872 ], [ 83.92716, 27.54856 ], [ 83.92639, 27.54841 ], [ 83.92446, 27.54698 ], [ 83.92329, 27.54583 ], [ 83.92209, 27.54518 ], [ 83.92169, 27.54696 ], [ 83.92195, 27.54781 ], [ 83.92196, 27.54957 ], [ 83.92229, 27.55088 ], [ 83.92268, 27.55227 ], [ 83.92349, 27.55396 ], [ 83.92583, 27.55754 ], [ 83.92595, 27.55793 ], [ 83.92574, 27.55928 ], [ 83.92522, 27.56042 ], [ 83.92444, 27.56142 ], [ 83.92382, 27.56194 ], [ 83.92273, 27.56251 ], [ 83.92242, 27.56287 ], [ 83.92219, 27.56356 ], [ 83.92126, 27.56438 ], [ 83.91981, 27.56511 ], [ 83.91938, 27.56518 ], [ 83.91809, 27.56509 ], [ 83.91701, 27.56457 ], [ 83.91675, 27.56466 ], [ 83.91587, 27.56609 ], [ 83.91649, 27.5678 ], [ 83.91592, 27.56896 ], [ 83.91523, 27.56952 ], [ 83.91483, 27.57063 ], [ 83.91504, 27.57239 ], [ 83.91552, 27.57343 ], [ 83.91722, 27.57604 ], [ 83.91938, 27.57892 ], [ 83.91994, 27.58013 ], [ 83.92109, 27.58105 ], [ 83.9217, 27.58177 ], [ 83.92199, 27.58234 ], [ 83.92223, 27.58349 ], [ 83.92194, 27.58447 ], [ 83.92118, 27.58534 ], [ 83.92083, 27.58606 ], [ 83.92073, 27.58709 ], [ 83.921, 27.5887 ], [ 83.92085, 27.58922 ], [ 83.91998, 27.59009 ], [ 83.91942, 27.59029 ], [ 83.91852, 27.59029 ], [ 83.91798, 27.59069 ], [ 83.91766, 27.59273 ], [ 83.9171, 27.59439 ], [ 83.91699, 27.59582 ], [ 83.91621, 27.59811 ], [ 83.91649, 27.59966 ], [ 83.916, 27.60086 ], [ 83.91661, 27.60391 ], [ 83.91721, 27.60496 ], [ 83.9176, 27.60622 ], [ 83.91821, 27.60721 ], [ 83.91868, 27.60877 ], [ 83.91935, 27.60969 ], [ 83.91937, 27.61027 ], [ 83.91881, 27.61175 ], [ 83.91874, 27.61313 ], [ 83.91889, 27.61446 ], [ 83.91935, 27.61533 ], [ 83.91976, 27.61677 ], [ 83.91951, 27.61843 ], [ 83.91963, 27.61913 ], [ 83.91948, 27.6216 ], [ 83.91914, 27.62292 ], [ 83.91933, 27.62344 ], [ 83.92002, 27.62436 ], [ 83.92033, 27.62523 ], [ 83.91994, 27.62632 ], [ 83.91988, 27.62741 ], [ 83.91952, 27.62844 ], [ 83.9194, 27.63097 ], [ 83.9189, 27.6324 ], [ 83.91918, 27.63471 ], [ 83.91792, 27.63699 ], [ 83.91792, 27.63866 ], [ 83.91662, 27.6406 ], [ 83.91518, 27.64202 ], [ 83.91467, 27.6431 ], [ 83.91205, 27.64558 ], [ 83.91178, 27.64636 ], [ 83.91175, 27.64705 ], [ 83.91225, 27.64923 ], [ 83.91284, 27.6504 ], [ 83.91332, 27.65098 ], [ 83.91449, 27.65146 ], [ 83.91688, 27.65156 ], [ 83.91726, 27.65223 ], [ 83.91861, 27.6538 ], [ 83.92025, 27.65466 ], [ 83.92033, 27.65505 ], [ 83.91973, 27.6563 ], [ 83.91964, 27.65763 ], [ 83.91922, 27.65875 ], [ 83.91885, 27.65921 ], [ 83.91767, 27.66 ], [ 83.91484, 27.66264 ], [ 83.91178, 27.66326 ], [ 83.911, 27.66367 ], [ 83.91073, 27.66419 ], [ 83.91068, 27.66643 ], [ 83.91033, 27.66815 ], [ 83.90999, 27.66952 ], [ 83.90952, 27.67032 ], [ 83.9087, 27.67081 ], [ 83.90725, 27.6712 ], [ 83.90374, 27.67311 ], [ 83.90122, 27.67375 ], [ 83.90084, 27.67445 ], [ 83.90065, 27.67577 ], [ 83.90113, 27.67676 ], [ 83.90205, 27.6779 ], [ 83.90156, 27.67805 ], [ 83.89995, 27.67785 ], [ 83.89937, 27.67811 ], [ 83.89862, 27.67895 ], [ 83.89806, 27.67927 ], [ 83.89689, 27.67966 ], [ 83.89633, 27.67957 ], [ 83.89618, 27.67973 ], [ 83.89639, 27.68079 ], [ 83.8956, 27.682 ], [ 83.89573, 27.68261 ], [ 83.89624, 27.68355 ], [ 83.89622, 27.68446 ], [ 83.89649, 27.6847 ], [ 83.89778, 27.68508 ], [ 83.89812, 27.68541 ], [ 83.89917, 27.68818 ], [ 83.89903, 27.68879 ], [ 83.89999, 27.68964 ], [ 83.90106, 27.69189 ], [ 83.90239, 27.6933 ], [ 83.90338, 27.694 ], [ 83.90442, 27.69437 ], [ 83.90563, 27.69538 ], [ 83.90598, 27.69586 ], [ 83.90622, 27.69656 ], [ 83.90633, 27.6994 ], [ 83.90667, 27.70109 ], [ 83.9079, 27.70358 ], [ 83.90903, 27.70531 ], [ 83.9074, 27.70608 ], [ 83.90637, 27.70695 ], [ 83.90572, 27.70711 ], [ 83.90483, 27.70764 ], [ 83.90449, 27.70767 ], [ 83.90375, 27.7071 ], [ 83.90313, 27.70697 ], [ 83.90286, 27.70763 ], [ 83.90281, 27.70872 ], [ 83.90262, 27.70904 ], [ 83.90295, 27.7097 ], [ 83.90378, 27.71049 ], [ 83.90517, 27.71085 ], [ 83.90573, 27.71134 ], [ 83.90738, 27.71209 ], [ 83.90767, 27.7126 ], [ 83.90769, 27.71408 ], [ 83.90979, 27.71848 ], [ 83.91035, 27.71915 ], [ 83.91163, 27.71998 ], [ 83.91235, 27.72109 ], [ 83.9146, 27.72324 ], [ 83.91449, 27.72475 ], [ 83.91463, 27.72516 ], [ 83.91563, 27.72612 ], [ 83.91603, 27.72715 ], [ 83.91663, 27.72774 ], [ 83.91671, 27.72795 ], [ 83.91648, 27.72862 ], [ 83.91847, 27.72953 ], [ 83.9189, 27.72952 ], [ 83.92069, 27.72763 ], [ 83.92096, 27.72709 ], [ 83.92136, 27.72672 ] ] ] } }
]
}
