{
"type": "FeatureCollection",
"crs": { "type": "name", "properties": { "name": "urn:ogc:def:crs:OGC:1.3:CRS84" } },
"features": [
{ "type": "Feature", "properties": { "fid": 1, "STATE_CODE": 6.0, "Province": "Karnali" }, "geometry": { "type": "Polygon", "coordinates": [ [ [ 82.36647, 28.32702 ], [ 82.36669, 28.32346 ], [ 82.3641, 28.32174 ], [ 82.36339, 28.31948 ], [ 82.37242, 28.31765 ], [ 82.37597, 28.31509 ], [ 82.3774, 28.30999 ], [ 82.37601, 28.30667 ], [ 82.37618, 28.3046 ], [ 82.38237, 28.29701 ], [ 82.38149, 28.2959 ], [ 82.38349, 28.29161 ], [ 82.38626, 28.29081 ], [ 82.39124, 28.28526 ], [ 82.39514, 28.28288 ], [ 82.3954, 28.27703 ], [ 82.39976, 28.2716 ], [ 82.40037, 28.26829 ], [ 82.40339, 28.26496 ], [ 82.40343, 28.26223 ], [ 82.406, 28.261 ], [ 82.40748, 28.25902 ], [ 82.41014, 28.2582 ], [ 82.41319, 28.25381 ], [ 82.41544, 28.25312 ], [ 82.41963, 28.25365 ], [ 82.42398, 28.25117 ], [ 82.42766, 28.25212 ], [ 82.42999, 28.24954 ], [ 82.43547, 28.24825 ], [ 82.43721, 28.24659 ], [ 82.43627, 28.24615 ], [ 82.43499, 28.24346 ], [ 82.4305, 28.2418 ], [ 82.42676, 28.23895 ], [ 82.42674, 28.23714 ], [ 82.4281, 28.23487 ], [ 82.4283, 28.23163 ], [ 82.42753, 28.23 ], [ 82.42513, 28.2294 ], [ 82.42406, 28.22801 ], [ 82.42191, 28.22978 ], [ 82.41878, 28.22974 ], [ 82.41476, 28.22464 ], [ 82.40673, 28.22064 ], [ 82.40563, 28.21559 ], [ 82.40362, 28.21312 ], [ 82.40433, 28.2115 ], [ 82.40219, 28.20528 ], [ 82.40295, 28.20213 ], [ 82.40164, 28.1993 ], [ 82.40149, 28.19353 ], [ 82.40047, 28.19234 ], [ 82.40151, 28.18827 ], [ 82.40343, 28.18495 ], [ 82.39912, 28.18011 ], [ 82.39906, 28.17895 ], [ 82.4013, 28.17632 ], [ 82.39847, 28.17169 ], [ 82.39873, 28.17042 ], [ 82.39671, 28.16885 ], [ 82.3946, 28.17141 ], [ 82.3936, 28.17438 ], [ 82.39383, 28.17642 ], [ 82.39513, 28.17811 ], [ 82.39504, 28.17939 ], [ 82.39621, 28.18021 ], [ 82.39676, 28.1827 ], [ 82.39459, 28.18478 ], [ 82.39271, 28.18923 ], [ 82.38698, 28.18849 ], [ 82.37797, 28.18449 ], [ 82.37126, 28.18855 ], [ 82.36703, 28.18979 ], [ 82.36543, 28.19141 ], [ 82.36541, 28.19323 ], [ 82.3637, 28.19453 ], [ 82.36297, 28.19672 ], [ 82.35869, 28.19907 ], [ 82.35482, 28.2055 ], [ 82.3493, 28.20715 ], [ 82.34705, 28.20861 ], [ 82.34626, 28.21034 ], [ 82.34597, 28.21632 ], [ 82.34068, 28.21981 ], [ 82.33949, 28.22208 ], [ 82.33746, 28.22348 ], [ 82.32975, 28.22418 ], [ 82.32706, 28.22524 ], [ 82.32194, 28.22439 ], [ 82.31954, 28.22485 ], [ 82.31233, 28.22334 ], [ 82.31235, 28.22684 ], [ 82.31007, 28.2316 ], [ 82.30542, 28.23132 ], [ 82.30213, 28.23259 ], [ 82.30103, 28.23659 ], [ 82.30124, 28.24378 ], [ 82.30003, 28.24595 ], [ 82.29705, 28.24508 ], [ 82.29159, 28.24683 ], [ 82.28716, 28.24565 ], [ 82.28175, 28.24815 ], [ 82.27537, 28.24843 ], [ 82.27302, 28.2465 ], [ 82.26477, 28.24363 ], [ 82.25821, 28.24361 ], [ 82.2559, 28.23966 ], [ 82.25017, 28.239 ], [ 82.24788, 28.23952 ], [ 82.24389, 28.23787 ], [ 82.23307, 28.23991 ], [ 82.22724, 28.24373 ], [ 82.2232, 28.24769 ], [ 82.2177, 28.2496 ], [ 82.21223, 28.2469 ], [ 82.20753, 28.24607 ], [ 82.20283, 28.24377 ], [ 82.19858, 28.24288 ], [ 82.19406, 28.24669 ], [ 82.1899, 28.24832 ], [ 82.18229, 28.24973 ], [ 82.17571, 28.24895 ], [ 82.17129, 28.2514 ], [ 82.16933, 28.25151 ], [ 82.1666, 28.25002 ], [ 82.16072, 28.24172 ], [ 82.15336, 28.24109 ], [ 82.1528, 28.23803 ], [ 82.14892, 28.23916 ], [ 82.14689, 28.23752 ], [ 82.1437, 28.23707 ], [ 82.14255, 28.23848 ], [ 82.14247, 28.2418 ], [ 82.13794, 28.24509 ], [ 82.1327, 28.25149 ], [ 82.12587, 28.25431 ], [ 82.12297, 28.25396 ], [ 82.1176, 28.25149 ], [ 82.11152, 28.25449 ], [ 82.10823, 28.25823 ], [ 82.1007, 28.25897 ], [ 82.09386, 28.25502 ], [ 82.0922, 28.25219 ], [ 82.09247, 28.25012 ], [ 82.09159, 28.24928 ], [ 82.08709, 28.24842 ], [ 82.08117, 28.24854 ], [ 82.07774, 28.24497 ], [ 82.06957, 28.23937 ], [ 82.06846, 28.23697 ], [ 82.0617, 28.24061 ], [ 82.05471, 28.24209 ], [ 82.05201, 28.24098 ], [ 82.04658, 28.2339 ], [ 82.04621, 28.23199 ], [ 82.0421, 28.23014 ], [ 82.03927, 28.22132 ], [ 82.038, 28.21917 ], [ 82.03557, 28.21753 ], [ 82.03676, 28.21503 ], [ 82.0323, 28.21498 ], [ 82.03083, 28.21405 ], [ 82.02683, 28.20841 ], [ 82.02617, 28.20428 ], [ 82.02343, 28.20153 ], [ 82.01882, 28.20177 ], [ 82.0169, 28.20099 ], [ 82.01448, 28.20403 ], [ 82.00909, 28.20587 ], [ 82.00575, 28.20898 ], [ 82.00257, 28.21064 ], [ 81.99897, 28.21581 ], [ 81.99263, 28.22058 ], [ 81.98895, 28.22038 ], [ 81.98329, 28.22214 ], [ 81.97767, 28.22113 ], [ 81.97236, 28.22269 ], [ 81.96994, 28.22814 ], [ 81.96462, 28.23582 ], [ 81.96319, 28.24197 ], [ 81.96884, 28.244 ], [ 81.97505, 28.2432 ], [ 81.97855, 28.24979 ], [ 81.9848, 28.25134 ], [ 81.9853, 28.25355 ], [ 81.98374, 28.25485 ], [ 81.98396, 28.25866 ], [ 81.98255, 28.25927 ], [ 81.98023, 28.25737 ], [ 81.97969, 28.25984 ], [ 81.97634, 28.25924 ], [ 81.97264, 28.25622 ], [ 81.96958, 28.25571 ], [ 81.96904, 28.25741 ], [ 81.96644, 28.25894 ], [ 81.96631, 28.26214 ], [ 81.96523, 28.2639 ], [ 81.96395, 28.26549 ], [ 81.96163, 28.26644 ], [ 81.95985, 28.27563 ], [ 81.95646, 28.27744 ], [ 81.95381, 28.28112 ], [ 81.94345, 28.28309 ], [ 81.9424, 28.28161 ], [ 81.93661, 28.27933 ], [ 81.93607, 28.27669 ], [ 81.93225, 28.26941 ], [ 81.93837, 28.26393 ], [ 81.94024, 28.25966 ], [ 81.94753, 28.25468 ], [ 81.95232, 28.24897 ], [ 81.95314, 28.24732 ], [ 81.953, 28.24343 ], [ 81.95084, 28.24034 ], [ 81.9446, 28.23755 ], [ 81.93866, 28.23217 ], [ 81.92701, 28.23239 ], [ 81.9231, 28.22963 ], [ 81.92119, 28.22696 ], [ 81.91877, 28.22679 ], [ 81.9139, 28.22835 ], [ 81.90919, 28.2322 ], [ 81.89639, 28.23325 ], [ 81.89229, 28.23573 ], [ 81.88852, 28.23682 ], [ 81.88697, 28.24029 ], [ 81.88278, 28.24347 ], [ 81.8785, 28.24112 ], [ 81.87665, 28.23912 ], [ 81.87124, 28.23969 ], [ 81.86809, 28.23877 ], [ 81.8608, 28.23866 ], [ 81.86043, 28.23904 ], [ 81.86414, 28.24505 ], [ 81.86456, 28.24977 ], [ 81.86138, 28.25504 ], [ 81.85408, 28.26006 ], [ 81.8502, 28.26569 ], [ 81.84474, 28.26956 ], [ 81.84344, 28.27196 ], [ 81.83104, 28.27421 ], [ 81.82613, 28.27694 ], [ 81.82197, 28.27676 ], [ 81.81441, 28.27873 ], [ 81.8115, 28.28138 ], [ 81.80836, 28.28294 ], [ 81.80535, 28.28211 ], [ 81.79799, 28.27359 ], [ 81.79353, 28.2738 ], [ 81.79145, 28.27703 ], [ 81.79209, 28.28193 ], [ 81.78705, 28.29464 ], [ 81.78418, 28.29566 ], [ 81.78034, 28.29509 ], [ 81.77677, 28.29788 ], [ 81.77333, 28.29746 ], [ 81.77051, 28.29999 ], [ 81.76733, 28.30071 ], [ 81.76111, 28.30915 ], [ 81.75368, 28.30742 ], [ 81.74923, 28.31025 ], [ 81.74795, 28.31241 ], [ 81.74497, 28.31321 ], [ 81.7434, 28.31898 ], [ 81.74561, 28.32261 ], [ 81.74646, 28.32668 ], [ 81.74917, 28.32858 ], [ 81.7516, 28.33216 ], [ 81.75154, 28.34364 ], [ 81.75476, 28.35007 ], [ 81.75863, 28.35421 ], [ 81.76004, 28.3592 ], [ 81.76524, 28.3653 ], [ 81.76659, 28.3701 ], [ 81.76276, 28.37106 ], [ 81.75757, 28.36999 ], [ 81.7547, 28.37142 ], [ 81.75214, 28.3743 ], [ 81.73214, 28.37756 ], [ 81.72899, 28.37902 ], [ 81.72432, 28.38306 ], [ 81.72115, 28.38229 ], [ 81.71653, 28.38407 ], [ 81.71008, 28.39002 ], [ 81.70345, 28.39251 ], [ 81.6997, 28.39704 ], [ 81.69537, 28.39951 ], [ 81.69202, 28.40298 ], [ 81.69153, 28.40625 ], [ 81.68811, 28.41054 ], [ 81.68302, 28.41136 ], [ 81.67419, 28.41756 ], [ 81.67258, 28.41731 ], [ 81.67194, 28.41508 ], [ 81.66968, 28.41328 ], [ 81.66574, 28.41486 ], [ 81.65834, 28.41537 ], [ 81.65573, 28.41883 ], [ 81.64796, 28.42298 ], [ 81.64289, 28.43024 ], [ 81.63149, 28.43629 ], [ 81.62617, 28.44442 ], [ 81.62079, 28.44606 ], [ 81.61205, 28.45429 ], [ 81.60778, 28.45356 ], [ 81.60237, 28.45853 ], [ 81.59996, 28.46292 ], [ 81.5966, 28.46466 ], [ 81.59229, 28.46895 ], [ 81.59021, 28.46966 ], [ 81.58729, 28.46895 ], [ 81.58294, 28.47379 ], [ 81.5744, 28.47847 ], [ 81.57248, 28.4833 ], [ 81.56777, 28.48552 ], [ 81.56324, 28.49024 ], [ 81.55917, 28.49213 ], [ 81.55723, 28.49493 ], [ 81.55584, 28.49517 ], [ 81.55293, 28.4933 ], [ 81.54373, 28.49508 ], [ 81.53864, 28.49462 ], [ 81.53955, 28.4979 ], [ 81.53929, 28.50005 ], [ 81.53602, 28.50403 ], [ 81.53008, 28.5093 ], [ 81.5238, 28.51148 ], [ 81.51934, 28.51193 ], [ 81.5161, 28.51351 ], [ 81.5129, 28.51912 ], [ 81.51161, 28.52007 ], [ 81.51256, 28.52272 ], [ 81.51209, 28.52418 ], [ 81.50821, 28.52561 ], [ 81.506, 28.52823 ], [ 81.50275, 28.52925 ], [ 81.49724, 28.5335 ], [ 81.49108, 28.53235 ], [ 81.48857, 28.53518 ], [ 81.48828, 28.5373 ], [ 81.48602, 28.53909 ], [ 81.47866, 28.53897 ], [ 81.476, 28.53973 ], [ 81.47412, 28.54196 ], [ 81.47222, 28.54852 ], [ 81.46899, 28.54837 ], [ 81.46534, 28.55374 ], [ 81.45962, 28.55418 ], [ 81.45307, 28.55221 ], [ 81.44552, 28.55405 ], [ 81.44218, 28.55805 ], [ 81.43788, 28.55949 ], [ 81.43325, 28.56353 ], [ 81.43235, 28.56606 ], [ 81.43321, 28.56798 ], [ 81.43275, 28.57193 ], [ 81.43062, 28.57728 ], [ 81.42606, 28.57807 ], [ 81.42435, 28.57759 ], [ 81.4236, 28.57983 ], [ 81.42165, 28.58129 ], [ 81.42476, 28.58672 ], [ 81.42453, 28.58773 ], [ 81.42131, 28.58919 ], [ 81.41998, 28.59072 ], [ 81.41914, 28.59377 ], [ 81.41671, 28.5955 ], [ 81.41377, 28.595 ], [ 81.40978, 28.59557 ], [ 81.40141, 28.60197 ], [ 81.40018, 28.60357 ], [ 81.40087, 28.6068 ], [ 81.39426, 28.60803 ], [ 81.38833, 28.61063 ], [ 81.38621, 28.61019 ], [ 81.38258, 28.61185 ], [ 81.37923, 28.61225 ], [ 81.37381, 28.61657 ], [ 81.37041, 28.61762 ], [ 81.36958, 28.61938 ], [ 81.36449, 28.62347 ], [ 81.35883, 28.62395 ], [ 81.35618, 28.62332 ], [ 81.35018, 28.62461 ], [ 81.34542, 28.62467 ], [ 81.34062, 28.62717 ], [ 81.3398, 28.62879 ], [ 81.32996, 28.6311 ], [ 81.32423, 28.63508 ], [ 81.31594, 28.63697 ], [ 81.31507, 28.63933 ], [ 81.31608, 28.63987 ], [ 81.31578, 28.64136 ], [ 81.3142, 28.64444 ], [ 81.31078, 28.64708 ], [ 81.31012, 28.65105 ], [ 81.31189, 28.65273 ], [ 81.31409, 28.65179 ], [ 81.31619, 28.65231 ], [ 81.31686, 28.65609 ], [ 81.31975, 28.65944 ], [ 81.32166, 28.66347 ], [ 81.32101, 28.66755 ], [ 81.31787, 28.66982 ], [ 81.30899, 28.67142 ], [ 81.30729, 28.67294 ], [ 81.30382, 28.67232 ], [ 81.30372, 28.67088 ], [ 81.30198, 28.67052 ], [ 81.30176, 28.673 ], [ 81.30015, 28.67385 ], [ 81.29453, 28.67321 ], [ 81.29035, 28.67467 ], [ 81.28522, 28.67324 ], [ 81.28429, 28.68256 ], [ 81.282, 28.68857 ], [ 81.28107, 28.69506 ], [ 81.27823, 28.69808 ], [ 81.27331, 28.70002 ], [ 81.27137, 28.70209 ], [ 81.26782, 28.70269 ], [ 81.26651, 28.70391 ], [ 81.26692, 28.70619 ], [ 81.27315, 28.71767 ], [ 81.27309, 28.72444 ], [ 81.27234, 28.72701 ], [ 81.26921, 28.72881 ], [ 81.26006, 28.72883 ], [ 81.25601, 28.72991 ], [ 81.25627, 28.73483 ], [ 81.25957, 28.74047 ], [ 81.26099, 28.7458 ], [ 81.25944, 28.75009 ], [ 81.25067, 28.75495 ], [ 81.24713, 28.76085 ], [ 81.24722, 28.76331 ], [ 81.24931, 28.76572 ], [ 81.25064, 28.77001 ], [ 81.24765, 28.77961 ], [ 81.24509, 28.78216 ], [ 81.23664, 28.78418 ], [ 81.23255, 28.78598 ], [ 81.22766, 28.79115 ], [ 81.2258, 28.79508 ], [ 81.226, 28.79697 ], [ 81.22782, 28.79889 ], [ 81.23897, 28.80299 ], [ 81.242, 28.81077 ], [ 81.24074, 28.81235 ], [ 81.23285, 28.81454 ], [ 81.2298, 28.81671 ], [ 81.22952, 28.82596 ], [ 81.2337, 28.82961 ], [ 81.23189, 28.83184 ], [ 81.22587, 28.83541 ], [ 81.2256, 28.83729 ], [ 81.22421, 28.83881 ], [ 81.21863, 28.84171 ], [ 81.21169, 28.84398 ], [ 81.20605, 28.85035 ], [ 81.20532, 28.85435 ], [ 81.20833, 28.8575 ], [ 81.2079, 28.86002 ], [ 81.20604, 28.86236 ], [ 81.20213, 28.86361 ], [ 81.19888, 28.8611 ], [ 81.19855, 28.85744 ], [ 81.1999, 28.85201 ], [ 81.19925, 28.8465 ], [ 81.19509, 28.83298 ], [ 81.20356, 28.82823 ], [ 81.20658, 28.82518 ], [ 81.20748, 28.82266 ], [ 81.20694, 28.82036 ], [ 81.20534, 28.81781 ], [ 81.2033, 28.81668 ], [ 81.20149, 28.81706 ], [ 81.19551, 28.8212 ], [ 81.18728, 28.82291 ], [ 81.18168, 28.82499 ], [ 81.17799, 28.82804 ], [ 81.17557, 28.83345 ], [ 81.17401, 28.83493 ], [ 81.16526, 28.83481 ], [ 81.15663, 28.8286 ], [ 81.15288, 28.83034 ], [ 81.15301, 28.83351 ], [ 81.15761, 28.84434 ], [ 81.15584, 28.84663 ], [ 81.1517, 28.849 ], [ 81.14908, 28.85264 ], [ 81.14497, 28.86238 ], [ 81.14489, 28.87088 ], [ 81.14327, 28.87302 ], [ 81.14009, 28.87314 ], [ 81.13684, 28.87218 ], [ 81.12896, 28.86516 ], [ 81.12674, 28.8612 ], [ 81.12729, 28.85508 ], [ 81.12589, 28.85158 ], [ 81.11355, 28.85001 ], [ 81.10788, 28.84849 ], [ 81.10232, 28.84475 ], [ 81.09255, 28.85597 ], [ 81.08905, 28.86281 ], [ 81.0767, 28.86342 ], [ 81.07277, 28.86481 ], [ 81.07171, 28.86809 ], [ 81.07381, 28.87508 ], [ 81.07218, 28.87673 ], [ 81.0707, 28.87759 ], [ 81.06715, 28.87734 ], [ 81.06117, 28.87388 ], [ 81.05868, 28.8734 ], [ 81.05586, 28.87411 ], [ 81.0514, 28.87683 ], [ 81.04804, 28.88301 ], [ 81.0453, 28.88619 ], [ 81.04062, 28.88849 ], [ 81.03912, 28.89008 ], [ 81.03389, 28.89845 ], [ 81.03096, 28.90455 ], [ 81.03027, 28.90804 ], [ 81.02564, 28.91171 ], [ 81.02106, 28.91978 ], [ 81.01393, 28.92272 ], [ 81.00709, 28.9276 ], [ 80.9971, 28.92913 ], [ 80.98706, 28.93405 ], [ 80.98093, 28.9387 ], [ 80.98282, 28.9421 ], [ 80.98922, 28.94538 ], [ 80.99241, 28.94789 ], [ 80.99851, 28.95486 ], [ 81.00173, 28.9566 ], [ 81.0082, 28.95732 ], [ 81.01324, 28.95543 ], [ 81.01783, 28.95226 ], [ 81.02072, 28.95282 ], [ 81.02638, 28.95868 ], [ 81.02843, 28.96317 ], [ 81.04171, 28.96997 ], [ 81.0461, 28.97409 ], [ 81.04798, 28.97791 ], [ 81.0498, 28.97824 ], [ 81.05218, 28.97735 ], [ 81.05687, 28.97321 ], [ 81.06485, 28.97021 ], [ 81.07298, 28.96993 ], [ 81.08075, 28.96761 ], [ 81.08936, 28.96771 ], [ 81.09883, 28.9638 ], [ 81.10097, 28.96379 ], [ 81.1047, 28.96587 ], [ 81.10756, 28.96599 ], [ 81.11241, 28.96571 ], [ 81.11913, 28.96343 ], [ 81.12657, 28.95736 ], [ 81.13244, 28.94874 ], [ 81.13459, 28.94709 ], [ 81.1421, 28.94534 ], [ 81.14672, 28.93816 ], [ 81.1553, 28.93362 ], [ 81.15968, 28.92864 ], [ 81.16405, 28.92581 ], [ 81.16867, 28.92138 ], [ 81.18429, 28.91482 ], [ 81.19441, 28.91615 ], [ 81.19892, 28.91296 ], [ 81.20125, 28.90943 ], [ 81.20409, 28.90803 ], [ 81.20974, 28.9079 ], [ 81.21906, 28.90607 ], [ 81.23652, 28.90591 ], [ 81.23856, 28.90763 ], [ 81.23975, 28.91224 ], [ 81.24112, 28.91392 ], [ 81.2433, 28.91501 ], [ 81.24557, 28.91509 ], [ 81.25161, 28.91365 ], [ 81.2572, 28.90646 ], [ 81.26119, 28.90295 ], [ 81.26277, 28.90228 ], [ 81.26601, 28.9026 ], [ 81.27229, 28.90737 ], [ 81.27392, 28.9131 ], [ 81.27567, 28.91619 ], [ 81.2816, 28.91869 ], [ 81.2834, 28.92156 ], [ 81.28645, 28.92283 ], [ 81.29063, 28.9224 ], [ 81.29813, 28.92523 ], [ 81.30193, 28.92568 ], [ 81.30977, 28.92002 ], [ 81.31619, 28.92016 ], [ 81.32091, 28.91438 ], [ 81.32149, 28.91166 ], [ 81.32408, 28.90802 ], [ 81.32821, 28.90781 ], [ 81.33208, 28.90886 ], [ 81.33648, 28.90691 ], [ 81.33705, 28.89992 ], [ 81.33881, 28.89564 ], [ 81.34222, 28.89262 ], [ 81.34752, 28.89012 ], [ 81.35512, 28.8897 ], [ 81.36727, 28.89098 ], [ 81.37473, 28.89294 ], [ 81.38342, 28.89856 ], [ 81.38734, 28.89987 ], [ 81.38926, 28.90368 ], [ 81.39132, 28.90492 ], [ 81.39428, 28.90845 ], [ 81.40019, 28.90934 ], [ 81.40343, 28.90898 ], [ 81.41405, 28.91409 ], [ 81.41527, 28.91387 ], [ 81.41857, 28.91086 ], [ 81.42445, 28.90928 ], [ 81.42688, 28.90919 ], [ 81.43167, 28.91059 ], [ 81.43427, 28.9082 ], [ 81.43561, 28.90431 ], [ 81.44052, 28.90033 ], [ 81.45574, 28.89654 ], [ 81.45839, 28.89496 ], [ 81.46324, 28.89458 ], [ 81.46483, 28.8936 ], [ 81.46648, 28.89101 ], [ 81.46684, 28.88734 ], [ 81.46496, 28.88315 ], [ 81.46237, 28.88052 ], [ 81.46211, 28.87508 ], [ 81.46578, 28.86943 ], [ 81.46592, 28.86568 ], [ 81.46728, 28.86186 ], [ 81.4665, 28.85955 ], [ 81.46282, 28.85508 ], [ 81.46315, 28.85273 ], [ 81.47416, 28.84902 ], [ 81.48158, 28.84274 ], [ 81.48788, 28.84234 ], [ 81.49042, 28.84091 ], [ 81.49071, 28.83702 ], [ 81.49384, 28.83316 ], [ 81.49561, 28.82623 ], [ 81.49812, 28.8212 ], [ 81.50336, 28.81712 ], [ 81.50998, 28.80925 ], [ 81.51783, 28.80696 ], [ 81.52225, 28.80327 ], [ 81.52298, 28.79915 ], [ 81.52163, 28.79744 ], [ 81.51836, 28.79577 ], [ 81.51578, 28.788 ], [ 81.51536, 28.78038 ], [ 81.51807, 28.77687 ], [ 81.52495, 28.77578 ], [ 81.52771, 28.7745 ], [ 81.53119, 28.76751 ], [ 81.53421, 28.76388 ], [ 81.53495, 28.76126 ], [ 81.53216, 28.75769 ], [ 81.52943, 28.75566 ], [ 81.52062, 28.75145 ], [ 81.51961, 28.75007 ], [ 81.52035, 28.749 ], [ 81.52223, 28.7482 ], [ 81.53, 28.74901 ], [ 81.54233, 28.74843 ], [ 81.55376, 28.75003 ], [ 81.5716, 28.75536 ], [ 81.57815, 28.75546 ], [ 81.58119, 28.75916 ], [ 81.58192, 28.76481 ], [ 81.58053, 28.77185 ], [ 81.58153, 28.7746 ], [ 81.57976, 28.77999 ], [ 81.57463, 28.78332 ], [ 81.56608, 28.79128 ], [ 81.56191, 28.79322 ], [ 81.55678, 28.7975 ], [ 81.55676, 28.8001 ], [ 81.5521, 28.80951 ], [ 81.55282, 28.81142 ], [ 81.55172, 28.81579 ], [ 81.54881, 28.81883 ], [ 81.54408, 28.82768 ], [ 81.54321, 28.83104 ], [ 81.53776, 28.83635 ], [ 81.53772, 28.84264 ], [ 81.53181, 28.85604 ], [ 81.52776, 28.85949 ], [ 81.52534, 28.86465 ], [ 81.52281, 28.86711 ], [ 81.52202, 28.86989 ], [ 81.51504, 28.87438 ], [ 81.51002, 28.88382 ], [ 81.50887, 28.88975 ], [ 81.50035, 28.88945 ], [ 81.49763, 28.89029 ], [ 81.49154, 28.89414 ], [ 81.48312, 28.90274 ], [ 81.48063, 28.90897 ], [ 81.47359, 28.91664 ], [ 81.47082, 28.92258 ], [ 81.46642, 28.92884 ], [ 81.46237, 28.9289 ], [ 81.4595, 28.93062 ], [ 81.45579, 28.93103 ], [ 81.45491, 28.93481 ], [ 81.45119, 28.93892 ], [ 81.44452, 28.94037 ], [ 81.44377, 28.94168 ], [ 81.44503, 28.95234 ], [ 81.44384, 28.95847 ], [ 81.44213, 28.9601 ], [ 81.43703, 28.95662 ], [ 81.43268, 28.95703 ], [ 81.43087, 28.95843 ], [ 81.42844, 28.96226 ], [ 81.42815, 28.9645 ], [ 81.42391, 28.96632 ], [ 81.42235, 28.97036 ], [ 81.42554, 28.97761 ], [ 81.42503, 28.98019 ], [ 81.42142, 28.98345 ], [ 81.42011, 28.98798 ], [ 81.41605, 28.99145 ], [ 81.41502, 28.99435 ], [ 81.41071, 28.99593 ], [ 81.41003, 28.9969 ], [ 81.41067, 28.99796 ], [ 81.41369, 28.99825 ], [ 81.41719, 29.00056 ], [ 81.41892, 29.00425 ], [ 81.41864, 29.00611 ], [ 81.41602, 29.00924 ], [ 81.4148, 29.01377 ], [ 81.41527, 29.01709 ], [ 81.41769, 29.0213 ], [ 81.41889, 29.02244 ], [ 81.42542, 29.02293 ], [ 81.42991, 29.02942 ], [ 81.43261, 29.03745 ], [ 81.43805, 29.03901 ], [ 81.43955, 29.04022 ], [ 81.44285, 29.04689 ], [ 81.44283, 29.0508 ], [ 81.44402, 29.05373 ], [ 81.4532, 29.0597 ], [ 81.45919, 29.06463 ], [ 81.46453, 29.06562 ], [ 81.4667, 29.06702 ], [ 81.46771, 29.0687 ], [ 81.46727, 29.07249 ], [ 81.46927, 29.07806 ], [ 81.47398, 29.08035 ], [ 81.483, 29.08307 ], [ 81.49319, 29.08824 ], [ 81.49666, 29.08867 ], [ 81.50048, 29.0911 ], [ 81.50979, 29.09066 ], [ 81.51466, 29.09539 ], [ 81.51797, 29.09652 ], [ 81.51902, 29.09849 ], [ 81.52149, 29.10022 ], [ 81.52209, 29.10282 ], [ 81.5234, 29.1042 ], [ 81.5366, 29.10668 ], [ 81.54768, 29.11539 ], [ 81.55126, 29.11962 ], [ 81.56088, 29.12489 ], [ 81.56544, 29.12609 ], [ 81.56186, 29.12741 ], [ 81.5523, 29.12851 ], [ 81.53973, 29.13422 ], [ 81.53755, 29.1363 ], [ 81.53518, 29.13682 ], [ 81.53292, 29.14087 ], [ 81.53321, 29.14651 ], [ 81.52456, 29.15268 ], [ 81.52004, 29.15275 ], [ 81.51822, 29.15355 ], [ 81.5154, 29.15272 ], [ 81.51341, 29.15301 ], [ 81.51191, 29.15119 ], [ 81.49898, 29.15168 ], [ 81.49683, 29.15476 ], [ 81.49525, 29.1599 ], [ 81.49463, 29.16543 ], [ 81.49514, 29.1688 ], [ 81.49056, 29.16981 ], [ 81.4872, 29.17294 ], [ 81.48668, 29.17584 ], [ 81.48981, 29.18053 ], [ 81.49065, 29.18496 ], [ 81.48459, 29.19269 ], [ 81.48377, 29.19733 ], [ 81.48199, 29.20052 ], [ 81.48557, 29.21075 ], [ 81.48692, 29.2269 ], [ 81.4909, 29.23087 ], [ 81.4918, 29.23302 ], [ 81.49471, 29.23625 ], [ 81.49812, 29.23878 ], [ 81.49951, 29.23879 ], [ 81.4951, 29.24478 ], [ 81.49313, 29.2522 ], [ 81.49477, 29.25455 ], [ 81.49464, 29.25709 ], [ 81.49109, 29.26162 ], [ 81.48694, 29.26332 ], [ 81.48412, 29.263 ], [ 81.47954, 29.26446 ], [ 81.47752, 29.26393 ], [ 81.47545, 29.26662 ], [ 81.47132, 29.26864 ], [ 81.46795, 29.27183 ], [ 81.47274, 29.2748 ], [ 81.47599, 29.2756 ], [ 81.47873, 29.27769 ], [ 81.48375, 29.27954 ], [ 81.48757, 29.28673 ], [ 81.49065, 29.29056 ], [ 81.49569, 29.29351 ], [ 81.49988, 29.29725 ], [ 81.5037, 29.30316 ], [ 81.50466, 29.30782 ], [ 81.50785, 29.31454 ], [ 81.51096, 29.31267 ], [ 81.5124, 29.31314 ], [ 81.51509, 29.312 ], [ 81.51617, 29.31234 ], [ 81.51797, 29.3149 ], [ 81.52113, 29.31555 ], [ 81.52377, 29.31506 ], [ 81.52879, 29.32603 ], [ 81.53162, 29.32734 ], [ 81.53579, 29.33108 ], [ 81.54034, 29.33222 ], [ 81.54726, 29.33818 ], [ 81.55048, 29.34568 ], [ 81.55027, 29.34948 ], [ 81.55834, 29.35784 ], [ 81.5591, 29.35425 ], [ 81.56094, 29.35141 ], [ 81.56634, 29.34909 ], [ 81.56691, 29.34777 ], [ 81.57036, 29.34967 ], [ 81.57278, 29.35378 ], [ 81.57368, 29.35864 ], [ 81.57306, 29.3607 ], [ 81.57617, 29.36279 ], [ 81.57953, 29.36245 ], [ 81.58167, 29.36475 ], [ 81.58997, 29.36513 ], [ 81.59282, 29.36603 ], [ 81.59978, 29.36557 ], [ 81.60366, 29.36693 ], [ 81.60913, 29.36743 ], [ 81.61138, 29.37015 ], [ 81.61356, 29.37072 ], [ 81.62548, 29.3688 ], [ 81.62744, 29.36608 ], [ 81.63461, 29.36435 ], [ 81.63815, 29.36146 ], [ 81.63902, 29.35566 ], [ 81.64297, 29.35614 ], [ 81.64397, 29.35428 ], [ 81.64323, 29.35157 ], [ 81.64387, 29.34336 ], [ 81.64183, 29.33439 ], [ 81.64236, 29.33175 ], [ 81.64644, 29.328 ], [ 81.647, 29.325 ], [ 81.64632, 29.32348 ], [ 81.64763, 29.32139 ], [ 81.65284, 29.32155 ], [ 81.65612, 29.31962 ], [ 81.66424, 29.31928 ], [ 81.66841, 29.31699 ], [ 81.66993, 29.31683 ], [ 81.67819, 29.32141 ], [ 81.68279, 29.31946 ], [ 81.6908, 29.32052 ], [ 81.69382, 29.32539 ], [ 81.69964, 29.32938 ], [ 81.70307, 29.33054 ], [ 81.71589, 29.33127 ], [ 81.72233, 29.33239 ], [ 81.72982, 29.33516 ], [ 81.73954, 29.33391 ], [ 81.74538, 29.33884 ], [ 81.74723, 29.3466 ], [ 81.75025, 29.3486 ], [ 81.7522, 29.35174 ], [ 81.75242, 29.35233 ], [ 81.7501, 29.35403 ], [ 81.75091, 29.3561 ], [ 81.74996, 29.35776 ], [ 81.75108, 29.35905 ], [ 81.74965, 29.36 ], [ 81.74905, 29.36218 ], [ 81.74956, 29.3665 ], [ 81.75501, 29.37484 ], [ 81.75642, 29.37561 ], [ 81.75766, 29.38122 ], [ 81.75985, 29.38352 ], [ 81.76024, 29.3857 ], [ 81.7618, 29.38676 ], [ 81.76641, 29.38568 ], [ 81.76711, 29.38668 ], [ 81.76679, 29.39038 ], [ 81.76872, 29.39217 ], [ 81.77169, 29.39091 ], [ 81.77668, 29.39132 ], [ 81.78638, 29.38869 ], [ 81.78923, 29.38896 ], [ 81.78932, 29.39354 ], [ 81.79034, 29.39597 ], [ 81.79439, 29.39935 ], [ 81.7949, 29.40238 ], [ 81.7978, 29.40702 ], [ 81.79633, 29.40837 ], [ 81.79755, 29.41239 ], [ 81.79663, 29.41453 ], [ 81.79715, 29.41781 ], [ 81.79867, 29.4209 ], [ 81.79942, 29.4272 ], [ 81.79892, 29.42909 ], [ 81.80205, 29.43165 ], [ 81.80532, 29.43929 ], [ 81.80349, 29.44218 ], [ 81.80305, 29.44731 ], [ 81.80516, 29.45257 ], [ 81.80771, 29.45388 ], [ 81.8081, 29.45628 ], [ 81.80675, 29.46306 ], [ 81.80694, 29.4661 ], [ 81.80534, 29.46882 ], [ 81.8038, 29.47509 ], [ 81.79904, 29.48114 ], [ 81.79649, 29.4865 ], [ 81.78926, 29.49482 ], [ 81.78765, 29.49746 ], [ 81.78793, 29.49997 ], [ 81.7838, 29.50226 ], [ 81.7791, 29.50117 ], [ 81.77713, 29.50233 ], [ 81.77147, 29.50358 ], [ 81.76672, 29.50342 ], [ 81.76237, 29.50529 ], [ 81.76908, 29.50931 ], [ 81.77478, 29.50798 ], [ 81.78051, 29.50911 ], [ 81.7807, 29.51051 ], [ 81.77712, 29.51562 ], [ 81.77717, 29.51728 ], [ 81.78097, 29.52037 ], [ 81.78228, 29.52468 ], [ 81.78561, 29.52833 ], [ 81.79178, 29.5293 ], [ 81.79277, 29.53053 ], [ 81.79242, 29.53332 ], [ 81.79002, 29.53765 ], [ 81.79027, 29.54047 ], [ 81.79346, 29.54776 ], [ 81.79745, 29.55208 ], [ 81.7989, 29.55915 ], [ 81.79775, 29.57334 ], [ 81.79842, 29.57652 ], [ 81.79537, 29.58079 ], [ 81.7943, 29.58401 ], [ 81.78976, 29.58962 ], [ 81.79083, 29.59374 ], [ 81.78957, 29.5966 ], [ 81.78378, 29.59722 ], [ 81.77781, 29.59969 ], [ 81.77559, 29.60162 ], [ 81.77365, 29.60575 ], [ 81.7687, 29.60649 ], [ 81.76238, 29.60608 ], [ 81.76035, 29.60515 ], [ 81.75542, 29.60592 ], [ 81.75036, 29.60485 ], [ 81.7368, 29.60652 ], [ 81.72783, 29.61492 ], [ 81.72369, 29.61503 ], [ 81.72057, 29.61636 ], [ 81.71982, 29.62109 ], [ 81.71687, 29.62031 ], [ 81.71568, 29.6208 ], [ 81.71295, 29.62517 ], [ 81.70958, 29.62707 ], [ 81.70939, 29.63227 ], [ 81.70644, 29.63527 ], [ 81.70274, 29.63713 ], [ 81.70346, 29.64017 ], [ 81.70251, 29.6419 ], [ 81.69927, 29.64201 ], [ 81.69994, 29.64315 ], [ 81.70348, 29.64462 ], [ 81.70349, 29.64535 ], [ 81.70022, 29.64741 ], [ 81.70159, 29.64932 ], [ 81.70203, 29.65545 ], [ 81.69937, 29.66186 ], [ 81.69899, 29.6703 ], [ 81.69695, 29.67825 ], [ 81.69733, 29.6808 ], [ 81.70297, 29.68824 ], [ 81.70416, 29.69138 ], [ 81.70397, 29.69328 ], [ 81.70858, 29.70019 ], [ 81.70846, 29.70282 ], [ 81.71073, 29.70787 ], [ 81.70994, 29.70982 ], [ 81.71156, 29.7114 ], [ 81.71246, 29.71408 ], [ 81.71251, 29.71797 ], [ 81.71391, 29.72224 ], [ 81.71979, 29.72913 ], [ 81.72298, 29.72959 ], [ 81.7269, 29.73406 ], [ 81.72727, 29.73544 ], [ 81.72604, 29.7371 ], [ 81.72819, 29.74152 ], [ 81.72636, 29.74395 ], [ 81.72668, 29.74789 ], [ 81.73122, 29.75509 ], [ 81.73156, 29.7576 ], [ 81.73272, 29.75912 ], [ 81.73123, 29.76243 ], [ 81.73006, 29.76914 ], [ 81.73122, 29.77103 ], [ 81.73285, 29.77184 ], [ 81.73603, 29.77684 ], [ 81.73696, 29.77959 ], [ 81.73711, 29.78458 ], [ 81.74012, 29.78925 ], [ 81.7395, 29.79216 ], [ 81.7466, 29.79455 ], [ 81.75289, 29.79866 ], [ 81.75524, 29.79675 ], [ 81.7581, 29.79735 ], [ 81.7644, 29.80175 ], [ 81.76936, 29.79995 ], [ 81.77119, 29.79843 ], [ 81.77354, 29.79808 ], [ 81.77683, 29.80142 ], [ 81.77843, 29.80539 ], [ 81.78024, 29.80699 ], [ 81.78057, 29.81046 ], [ 81.77908, 29.81431 ], [ 81.78267, 29.82217 ], [ 81.78148, 29.82485 ], [ 81.78288, 29.82713 ], [ 81.78327, 29.83045 ], [ 81.7829, 29.83717 ], [ 81.78066, 29.83921 ], [ 81.78906, 29.84324 ], [ 81.79409, 29.84877 ], [ 81.79143, 29.85373 ], [ 81.7928, 29.85564 ], [ 81.7929, 29.85781 ], [ 81.79514, 29.86033 ], [ 81.79444, 29.86271 ], [ 81.7966, 29.86678 ], [ 81.79634, 29.87496 ], [ 81.79709, 29.87873 ], [ 81.7959, 29.88224 ], [ 81.79661, 29.88612 ], [ 81.79581, 29.88914 ], [ 81.79622, 29.89036 ], [ 81.79352, 29.89546 ], [ 81.79561, 29.89688 ], [ 81.79862, 29.89662 ], [ 81.7991, 29.90161 ], [ 81.79098, 29.90671 ], [ 81.78856, 29.90955 ], [ 81.78546, 29.91029 ], [ 81.78252, 29.90849 ], [ 81.7808, 29.90909 ], [ 81.77985, 29.91099 ], [ 81.77522, 29.91113 ], [ 81.77268, 29.90972 ], [ 81.76925, 29.90945 ], [ 81.76338, 29.91098 ], [ 81.76168, 29.91232 ], [ 81.76127, 29.91161 ], [ 81.75824, 29.91101 ], [ 81.75487, 29.90847 ], [ 81.75087, 29.90899 ], [ 81.74807, 29.908 ], [ 81.74583, 29.90856 ], [ 81.74209, 29.90723 ], [ 81.73874, 29.90824 ], [ 81.73327, 29.90786 ], [ 81.73121, 29.91074 ], [ 81.72644, 29.91227 ], [ 81.72147, 29.91152 ], [ 81.71588, 29.90935 ], [ 81.71066, 29.91424 ], [ 81.70953, 29.9268 ], [ 81.69736, 29.93142 ], [ 81.69748, 29.93442 ], [ 81.69886, 29.93787 ], [ 81.69782, 29.94141 ], [ 81.68767, 29.94901 ], [ 81.6848, 29.94841 ], [ 81.6706, 29.94061 ], [ 81.66731, 29.94091 ], [ 81.66503, 29.94022 ], [ 81.65729, 29.94332 ], [ 81.65295, 29.94279 ], [ 81.64551, 29.94809 ], [ 81.64302, 29.94772 ], [ 81.63704, 29.94483 ], [ 81.63432, 29.94075 ], [ 81.6265, 29.9383 ], [ 81.62133, 29.93939 ], [ 81.61853, 29.93843 ], [ 81.61278, 29.94316 ], [ 81.60588, 29.93717 ], [ 81.60505, 29.93242 ], [ 81.60251, 29.93009 ], [ 81.59677, 29.93131 ], [ 81.59091, 29.93059 ], [ 81.58659, 29.93603 ], [ 81.58478, 29.93678 ], [ 81.5806, 29.93608 ], [ 81.57744, 29.93382 ], [ 81.5735, 29.93443 ], [ 81.5701, 29.93339 ], [ 81.5672, 29.93144 ], [ 81.56418, 29.9308 ], [ 81.55953, 29.92608 ], [ 81.55527, 29.92704 ], [ 81.54925, 29.92309 ], [ 81.54213, 29.92702 ], [ 81.53764, 29.92653 ], [ 81.5348, 29.92751 ], [ 81.5282, 29.92402 ], [ 81.51677, 29.92271 ], [ 81.51188, 29.91607 ], [ 81.51493, 29.90907 ], [ 81.5148, 29.90758 ], [ 81.51688, 29.9057 ], [ 81.51682, 29.90427 ], [ 81.51168, 29.90084 ], [ 81.50387, 29.89281 ], [ 81.4955, 29.88995 ], [ 81.49262, 29.88709 ], [ 81.4887, 29.88801 ], [ 81.48282, 29.89151 ], [ 81.47974, 29.89198 ], [ 81.47585, 29.89042 ], [ 81.47057, 29.88976 ], [ 81.46438, 29.8933 ], [ 81.45631, 29.90112 ], [ 81.45693, 29.90567 ], [ 81.46155, 29.91324 ], [ 81.45999, 29.91798 ], [ 81.46257, 29.92089 ], [ 81.46023, 29.92392 ], [ 81.4601, 29.92959 ], [ 81.45891, 29.93176 ], [ 81.45467, 29.93468 ], [ 81.45849, 29.94256 ], [ 81.45649, 29.94557 ], [ 81.45276, 29.94896 ], [ 81.45264, 29.95109 ], [ 81.45996, 29.95705 ], [ 81.46397, 29.95785 ], [ 81.46681, 29.96067 ], [ 81.46857, 29.96362 ], [ 81.46818, 29.97114 ], [ 81.47007, 29.97308 ], [ 81.46993, 29.97504 ], [ 81.4606, 29.98561 ], [ 81.46312, 29.99512 ], [ 81.45704, 30.0009 ], [ 81.45439, 30.00235 ], [ 81.44442, 30.00293 ], [ 81.44015, 30.00687 ], [ 81.43391, 30.00815 ], [ 81.43014, 30.00751 ], [ 81.42442, 30.01077 ], [ 81.41911, 30.01267 ], [ 81.41252, 30.01855 ], [ 81.40471, 30.01958 ], [ 81.40195, 30.02113 ], [ 81.40122, 30.02275 ], [ 81.39943, 30.01803 ], [ 81.39012, 30.01681 ], [ 81.38381, 30.01351 ], [ 81.38183, 30.00714 ], [ 81.3765, 30.00639 ], [ 81.3747, 30.00986 ], [ 81.37035, 30.00964 ], [ 81.36798, 30.01087 ], [ 81.36275, 30.00949 ], [ 81.35693, 30.01048 ], [ 81.34634, 30.01871 ], [ 81.33166, 30.02405 ], [ 81.31854, 30.02552 ], [ 81.3145, 30.03263 ], [ 81.30968, 30.03278 ], [ 81.30674, 30.03097 ], [ 81.30016, 30.03325 ], [ 81.29093, 30.03491 ], [ 81.28455, 30.03747 ], [ 81.28239, 30.04021 ], [ 81.28125, 30.0434 ], [ 81.27441, 30.04406 ], [ 81.27185, 30.04519 ], [ 81.27133, 30.0514 ], [ 81.27409, 30.05455 ], [ 81.27449, 30.05897 ], [ 81.2784, 30.06059 ], [ 81.27821, 30.0622 ], [ 81.27963, 30.06597 ], [ 81.28736, 30.06973 ], [ 81.28755, 30.07288 ], [ 81.28944, 30.07426 ], [ 81.28586, 30.07837 ], [ 81.28885, 30.08322 ], [ 81.28704, 30.08823 ], [ 81.28842, 30.09085 ], [ 81.28909, 30.0947 ], [ 81.28847, 30.0985 ], [ 81.28557, 30.10261 ], [ 81.2851, 30.10506 ], [ 81.28816, 30.10671 ], [ 81.28847, 30.1099 ], [ 81.29038, 30.11245 ], [ 81.2873, 30.11366 ], [ 81.2851, 30.11573 ], [ 81.28354, 30.11826 ], [ 81.28242, 30.12293 ], [ 81.27858, 30.12464 ], [ 81.27303, 30.13077 ], [ 81.27227, 30.13325 ], [ 81.26437, 30.13607 ], [ 81.25705, 30.14368 ], [ 81.25615, 30.14646 ], [ 81.25798, 30.15122 ], [ 81.26472, 30.15206 ], [ 81.27296, 30.15526 ], [ 81.27412, 30.1545 ], [ 81.28677, 30.15492 ], [ 81.29094, 30.1577 ], [ 81.30346, 30.15927 ], [ 81.30431, 30.15954 ], [ 81.30341, 30.16313 ], [ 81.30475, 30.16419 ], [ 81.30639, 30.16406 ], [ 81.30907, 30.16134 ], [ 81.30942, 30.15671 ], [ 81.31665, 30.1519 ], [ 81.32201, 30.15287 ], [ 81.33202, 30.15315 ], [ 81.33399, 30.16033 ], [ 81.34254, 30.16807 ], [ 81.35052, 30.17797 ], [ 81.35712, 30.18043 ], [ 81.35892, 30.18276 ], [ 81.37013, 30.18652 ], [ 81.37086, 30.19105 ], [ 81.37443, 30.19664 ], [ 81.37758, 30.19763 ], [ 81.39146, 30.20554 ], [ 81.39494, 30.20655 ], [ 81.39633, 30.20892 ], [ 81.39513, 30.21425 ], [ 81.39688, 30.21851 ], [ 81.39424, 30.22419 ], [ 81.39406, 30.22662 ], [ 81.39076, 30.23047 ], [ 81.39017, 30.23361 ], [ 81.3953, 30.23981 ], [ 81.39631, 30.24238 ], [ 81.39549, 30.24645 ], [ 81.39189, 30.25046 ], [ 81.39459, 30.25096 ], [ 81.39885, 30.25504 ], [ 81.4083, 30.26099 ], [ 81.41028, 30.26784 ], [ 81.41273, 30.27037 ], [ 81.41493, 30.27476 ], [ 81.41649, 30.28159 ], [ 81.41513, 30.28405 ], [ 81.40728, 30.28313 ], [ 81.40354, 30.28139 ], [ 81.39948, 30.28149 ], [ 81.40195, 30.28302 ], [ 81.40345, 30.28508 ], [ 81.40187, 30.29001 ], [ 81.4018, 30.29301 ], [ 81.40315, 30.29386 ], [ 81.41021, 30.29495 ], [ 81.41138, 30.29734 ], [ 81.41682, 30.30252 ], [ 81.42239, 30.30413 ], [ 81.42316, 30.30503 ], [ 81.42005, 30.308 ], [ 81.41887, 30.3116 ], [ 81.41461, 30.31634 ], [ 81.40527, 30.31604 ], [ 81.40053, 30.32087 ], [ 81.39629, 30.32334 ], [ 81.39817, 30.32597 ], [ 81.39876, 30.32874 ], [ 81.40571, 30.33656 ], [ 81.40551, 30.33973 ], [ 81.40343, 30.34144 ], [ 81.40244, 30.34399 ], [ 81.40411, 30.34979 ], [ 81.40593, 30.35309 ], [ 81.40479, 30.3545 ], [ 81.40219, 30.35528 ], [ 81.39926, 30.35757 ], [ 81.39968, 30.36458 ], [ 81.39517, 30.36787 ], [ 81.39651, 30.37002 ], [ 81.39897, 30.3711 ], [ 81.40225, 30.37028 ], [ 81.40675, 30.37121 ], [ 81.40982, 30.37085 ], [ 81.41151, 30.37197 ], [ 81.41425, 30.37081 ], [ 81.41999, 30.3705 ], [ 81.42224, 30.37353 ], [ 81.4225, 30.37622 ], [ 81.42923, 30.38332 ], [ 81.4288, 30.38427 ], [ 81.42599, 30.38399 ], [ 81.42057, 30.38531 ], [ 81.4201, 30.38889 ], [ 81.41651, 30.3889 ], [ 81.41411, 30.39054 ], [ 81.41182, 30.39353 ], [ 81.40954, 30.39311 ], [ 81.40661, 30.39549 ], [ 81.40206, 30.39533 ], [ 81.40058, 30.39614 ], [ 81.40034, 30.3978 ], [ 81.40324, 30.40131 ], [ 81.40494, 30.40539 ], [ 81.40469, 30.40715 ], [ 81.40268, 30.40986 ], [ 81.40648, 30.41388 ], [ 81.40694, 30.41534 ], [ 81.40594, 30.41851 ], [ 81.4082, 30.42119 ], [ 81.41373, 30.42023 ], [ 81.42103, 30.42028 ], [ 81.4258, 30.4206 ], [ 81.42757, 30.42184 ], [ 81.42982, 30.4185 ], [ 81.43214, 30.41671 ], [ 81.43235, 30.41362 ], [ 81.43385, 30.41273 ], [ 81.43622, 30.41338 ], [ 81.43852, 30.41861 ], [ 81.44491, 30.41583 ], [ 81.44704, 30.41335 ], [ 81.45269, 30.41093 ], [ 81.45586, 30.40644 ], [ 81.46093, 30.40558 ], [ 81.46761, 30.40321 ], [ 81.47131, 30.39913 ], [ 81.47269, 30.39396 ], [ 81.4761, 30.38856 ], [ 81.48162, 30.38608 ], [ 81.48935, 30.3812 ], [ 81.49253, 30.38106 ], [ 81.49559, 30.38247 ], [ 81.50075, 30.38099 ], [ 81.50675, 30.38061 ], [ 81.5148, 30.37869 ], [ 81.53498, 30.37124 ], [ 81.5398, 30.37103 ], [ 81.54642, 30.37211 ], [ 81.55172, 30.36975 ], [ 81.55414, 30.37162 ], [ 81.55553, 30.37394 ], [ 81.55508, 30.3752 ], [ 81.5508, 30.37826 ], [ 81.54971, 30.38093 ], [ 81.55067, 30.40258 ], [ 81.55136, 30.40476 ], [ 81.55328, 30.40657 ], [ 81.55935, 30.40736 ], [ 81.55768, 30.4156 ], [ 81.55776, 30.4194 ], [ 81.55891, 30.42486 ], [ 81.56071, 30.42795 ], [ 81.56465, 30.42975 ], [ 81.57417, 30.42658 ], [ 81.57746, 30.42454 ], [ 81.58286, 30.42281 ], [ 81.58737, 30.41769 ], [ 81.58917, 30.41671 ], [ 81.59874, 30.41408 ], [ 81.60228, 30.414 ], [ 81.60696, 30.41217 ], [ 81.61171, 30.41424 ], [ 81.61671, 30.42081 ], [ 81.61918, 30.42181 ], [ 81.62184, 30.4243 ], [ 81.62137, 30.42738 ], [ 81.61897, 30.43318 ], [ 81.61724, 30.4422 ], [ 81.61782, 30.44583 ], [ 81.62013, 30.44719 ], [ 81.62518, 30.44583 ], [ 81.634, 30.44499 ], [ 81.6391, 30.44049 ], [ 81.64645, 30.43969 ], [ 81.65351, 30.43476 ], [ 81.66084, 30.43251 ], [ 81.66431, 30.43049 ], [ 81.66773, 30.43009 ], [ 81.67221, 30.42752 ], [ 81.68929, 30.4254 ], [ 81.69472, 30.42372 ], [ 81.69987, 30.41923 ], [ 81.70649, 30.41703 ], [ 81.71045, 30.41369 ], [ 81.71426, 30.41172 ], [ 81.72673, 30.41124 ], [ 81.72914, 30.40912 ], [ 81.72925, 30.40212 ], [ 81.73158, 30.39821 ], [ 81.73655, 30.39632 ], [ 81.7391, 30.39336 ], [ 81.74561, 30.39267 ], [ 81.74806, 30.38965 ], [ 81.75101, 30.38869 ], [ 81.76208, 30.38901 ], [ 81.76434, 30.38752 ], [ 81.76823, 30.3868 ], [ 81.77394, 30.38427 ], [ 81.78278, 30.38535 ], [ 81.79062, 30.38891 ], [ 81.79751, 30.38659 ], [ 81.80365, 30.38617 ], [ 81.80888, 30.38718 ], [ 81.81089, 30.3844 ], [ 81.81512, 30.38351 ], [ 81.81761, 30.37958 ], [ 81.81942, 30.37816 ], [ 81.82627, 30.37498 ], [ 81.82914, 30.37571 ], [ 81.83148, 30.37484 ], [ 81.84044, 30.37652 ], [ 81.84402, 30.37434 ], [ 81.84977, 30.37305 ], [ 81.84978, 30.37635 ], [ 81.85377, 30.37928 ], [ 81.8564, 30.37916 ], [ 81.86199, 30.37721 ], [ 81.86758, 30.37724 ], [ 81.87108, 30.37531 ], [ 81.87291, 30.37234 ], [ 81.87796, 30.36941 ], [ 81.87866, 30.36829 ], [ 81.87846, 30.36532 ], [ 81.88205, 30.36072 ], [ 81.8886, 30.36071 ], [ 81.89198, 30.35738 ], [ 81.89632, 30.35654 ], [ 81.90418, 30.35319 ], [ 81.90928, 30.35366 ], [ 81.91165, 30.35118 ], [ 81.91438, 30.3499 ], [ 81.91945, 30.35106 ], [ 81.9233, 30.34888 ], [ 81.93938, 30.34748 ], [ 81.94492, 30.34984 ], [ 81.94469, 30.3522 ], [ 81.94593, 30.35699 ], [ 81.94922, 30.35887 ], [ 81.95397, 30.35433 ], [ 81.96041, 30.35295 ], [ 81.96209, 30.3507 ], [ 81.96203, 30.34609 ], [ 81.95656, 30.34117 ], [ 81.96232, 30.33904 ], [ 81.96897, 30.33784 ], [ 81.97323, 30.33299 ], [ 81.9747, 30.32976 ], [ 81.98227, 30.32929 ], [ 81.98343, 30.32709 ], [ 81.98649, 30.3256 ], [ 81.98709, 30.32113 ], [ 81.98831, 30.32072 ], [ 81.99365, 30.32217 ], [ 81.99556, 30.32055 ], [ 81.99803, 30.3206 ], [ 82.00526, 30.32894 ], [ 82.00811, 30.32982 ], [ 82.01204, 30.32909 ], [ 82.01255, 30.33246 ], [ 82.01104, 30.34176 ], [ 82.01133, 30.34259 ], [ 82.01619, 30.34407 ], [ 82.02146, 30.34432 ], [ 82.02263, 30.34226 ], [ 82.03086, 30.33746 ], [ 82.0382, 30.34085 ], [ 82.0411, 30.34087 ], [ 82.05491, 30.3341 ], [ 82.05589, 30.33251 ], [ 82.05647, 30.34003 ], [ 82.05909, 30.34151 ], [ 82.06009, 30.34517 ], [ 82.06522, 30.3472 ], [ 82.06435, 30.3509 ], [ 82.06581, 30.35528 ], [ 82.06762, 30.35684 ], [ 82.06993, 30.35612 ], [ 82.07345, 30.35868 ], [ 82.08157, 30.35979 ], [ 82.08523, 30.35909 ], [ 82.08952, 30.35547 ], [ 82.09142, 30.35153 ], [ 82.09433, 30.34988 ], [ 82.09772, 30.34936 ], [ 82.0997, 30.34796 ], [ 82.10065, 30.34938 ], [ 82.10482, 30.34948 ], [ 82.11106, 30.34407 ], [ 82.11022, 30.3387 ], [ 82.11071, 30.33488 ], [ 82.11365, 30.32908 ], [ 82.1164, 30.32836 ], [ 82.11859, 30.32673 ], [ 82.12098, 30.3218 ], [ 82.11778, 30.31953 ], [ 82.1199, 30.31887 ], [ 82.1227, 30.31003 ], [ 82.12529, 30.30523 ], [ 82.12817, 30.30209 ], [ 82.12534, 30.30176 ], [ 82.11629, 30.29414 ], [ 82.1164, 30.29281 ], [ 82.11783, 30.29117 ], [ 82.11628, 30.28601 ], [ 82.11395, 30.28444 ], [ 82.11359, 30.2809 ], [ 82.11232, 30.27837 ], [ 82.10931, 30.27711 ], [ 82.11043, 30.27544 ], [ 82.11413, 30.27476 ], [ 82.1161, 30.27222 ], [ 82.11709, 30.26921 ], [ 82.11532, 30.26414 ], [ 82.11797, 30.2624 ], [ 82.11803, 30.25876 ], [ 82.11677, 30.25744 ], [ 82.11212, 30.25688 ], [ 82.10727, 30.25501 ], [ 82.10734, 30.2517 ], [ 82.10454, 30.24837 ], [ 82.10497, 30.24423 ], [ 82.0983, 30.23913 ], [ 82.10026, 30.23581 ], [ 82.10654, 30.23108 ], [ 82.10927, 30.22593 ], [ 82.11263, 30.22476 ], [ 82.12584, 30.22627 ], [ 82.12751, 30.22543 ], [ 82.12811, 30.22344 ], [ 82.1306, 30.22209 ], [ 82.1332, 30.21923 ], [ 82.13303, 30.21701 ], [ 82.13092, 30.21439 ], [ 82.13256, 30.21075 ], [ 82.13209, 30.20749 ], [ 82.13948, 30.20253 ], [ 82.13797, 30.20053 ], [ 82.13901, 30.19884 ], [ 82.14932, 30.19437 ], [ 82.15207, 30.19411 ], [ 82.15325, 30.19156 ], [ 82.15505, 30.19053 ], [ 82.15652, 30.19075 ], [ 82.15864, 30.18922 ], [ 82.16246, 30.18926 ], [ 82.17856, 30.19237 ], [ 82.18437, 30.19075 ], [ 82.18708, 30.18495 ], [ 82.1838, 30.18004 ], [ 82.18472, 30.17748 ], [ 82.18637, 30.17599 ], [ 82.1864, 30.17285 ], [ 82.18516, 30.16933 ], [ 82.18133, 30.16553 ], [ 82.18195, 30.1608 ], [ 82.19336, 30.15973 ], [ 82.19466, 30.15795 ], [ 82.20103, 30.15649 ], [ 82.20545, 30.15356 ], [ 82.20414, 30.14996 ], [ 82.20074, 30.14537 ], [ 82.19746, 30.14257 ], [ 82.19678, 30.13868 ], [ 82.19873, 30.1362 ], [ 82.19702, 30.13667 ], [ 82.19374, 30.1351 ], [ 82.18685, 30.1337 ], [ 82.18497, 30.13177 ], [ 82.18177, 30.13101 ], [ 82.17907, 30.1291 ], [ 82.17649, 30.12188 ], [ 82.1749, 30.12136 ], [ 82.17071, 30.12191 ], [ 82.17148, 30.11757 ], [ 82.17638, 30.11797 ], [ 82.17915, 30.11714 ], [ 82.18127, 30.11453 ], [ 82.18644, 30.11087 ], [ 82.18376, 30.10927 ], [ 82.17933, 30.1023 ], [ 82.17907, 30.09983 ], [ 82.18164, 30.09621 ], [ 82.17699, 30.08887 ], [ 82.17383, 30.08666 ], [ 82.16895, 30.08641 ], [ 82.16577, 30.08135 ], [ 82.16611, 30.076 ], [ 82.1681, 30.07425 ], [ 82.16847, 30.0719 ], [ 82.1718, 30.06515 ], [ 82.17848, 30.06725 ], [ 82.18267, 30.06725 ], [ 82.18836, 30.06969 ], [ 82.19771, 30.06794 ], [ 82.19936, 30.06675 ], [ 82.20568, 30.06749 ], [ 82.21071, 30.06602 ], [ 82.21403, 30.06767 ], [ 82.21997, 30.06821 ], [ 82.22383, 30.06629 ], [ 82.22815, 30.06601 ], [ 82.23112, 30.0648 ], [ 82.23377, 30.0697 ], [ 82.23869, 30.07185 ], [ 82.24297, 30.07506 ], [ 82.24661, 30.07513 ], [ 82.24958, 30.07422 ], [ 82.25157, 30.07241 ], [ 82.25254, 30.06801 ], [ 82.25481, 30.06903 ], [ 82.25863, 30.06503 ], [ 82.2615, 30.0645 ], [ 82.26543, 30.06213 ], [ 82.2716, 30.06191 ], [ 82.27829, 30.06275 ], [ 82.28121, 30.06109 ], [ 82.28296, 30.05935 ], [ 82.28266, 30.05611 ], [ 82.28527, 30.05169 ], [ 82.28513, 30.04718 ], [ 82.28937, 30.04326 ], [ 82.29685, 30.04039 ], [ 82.2984, 30.03783 ], [ 82.30088, 30.03902 ], [ 82.305, 30.03737 ], [ 82.30983, 30.03756 ], [ 82.31558, 30.04027 ], [ 82.31848, 30.04342 ], [ 82.31841, 30.04699 ], [ 82.31986, 30.04944 ], [ 82.32688, 30.04703 ], [ 82.3295, 30.04769 ], [ 82.33401, 30.04684 ], [ 82.33777, 30.0409 ], [ 82.34132, 30.03906 ], [ 82.34351, 30.03676 ], [ 82.34468, 30.02881 ], [ 82.34762, 30.0271 ], [ 82.34914, 30.02483 ], [ 82.35173, 30.02614 ], [ 82.35441, 30.02574 ], [ 82.3594, 30.02158 ], [ 82.35994, 30.01929 ], [ 82.3619, 30.01696 ], [ 82.3629, 30.01037 ], [ 82.37259, 30.01557 ], [ 82.37528, 30.01233 ], [ 82.37775, 30.01112 ], [ 82.37703, 30.01461 ], [ 82.37556, 30.01691 ], [ 82.37753, 30.02035 ], [ 82.37589, 30.02327 ], [ 82.37585, 30.02636 ], [ 82.38204, 30.02706 ], [ 82.38357, 30.02318 ], [ 82.3871, 30.02038 ], [ 82.39075, 30.02385 ], [ 82.39276, 30.02453 ], [ 82.39539, 30.02393 ], [ 82.39797, 30.0224 ], [ 82.39996, 30.01962 ], [ 82.4008, 30.01619 ], [ 82.40242, 30.0145 ], [ 82.40384, 30.01548 ], [ 82.40635, 30.01522 ], [ 82.40883, 30.01069 ], [ 82.41445, 30.00854 ], [ 82.41684, 30.00541 ], [ 82.42083, 30.00397 ], [ 82.42162, 29.99994 ], [ 82.42358, 29.99575 ], [ 82.43204, 29.98895 ], [ 82.43487, 29.98967 ], [ 82.43652, 29.98803 ], [ 82.43847, 29.98863 ], [ 82.43959, 29.98692 ], [ 82.44372, 29.98547 ], [ 82.44678, 29.98207 ], [ 82.45397, 29.97934 ], [ 82.45618, 29.97685 ], [ 82.45723, 29.97984 ], [ 82.4611, 29.98048 ], [ 82.4631, 29.982 ], [ 82.4649, 29.97871 ], [ 82.47605, 29.97358 ], [ 82.47701, 29.96895 ], [ 82.47376, 29.9652 ], [ 82.47852, 29.96193 ], [ 82.48101, 29.95901 ], [ 82.48582, 29.95705 ], [ 82.48828, 29.95323 ], [ 82.49463, 29.95083 ], [ 82.49914, 29.94596 ], [ 82.50407, 29.94815 ], [ 82.50823, 29.94893 ], [ 82.51403, 29.95211 ], [ 82.51681, 29.95535 ], [ 82.51897, 29.95647 ], [ 82.52159, 29.96098 ], [ 82.52312, 29.96185 ], [ 82.52576, 29.96717 ], [ 82.52962, 29.9711 ], [ 82.53242, 29.9707 ], [ 82.54295, 29.96476 ], [ 82.54925, 29.96316 ], [ 82.55208, 29.95947 ], [ 82.56298, 29.95515 ], [ 82.56246, 29.94976 ], [ 82.56465, 29.94648 ], [ 82.56329, 29.94258 ], [ 82.56541, 29.93916 ], [ 82.56656, 29.93241 ], [ 82.56995, 29.93029 ], [ 82.57179, 29.92676 ], [ 82.57675, 29.92457 ], [ 82.57955, 29.92153 ], [ 82.58272, 29.92192 ], [ 82.58466, 29.92124 ], [ 82.58809, 29.91483 ], [ 82.58994, 29.90891 ], [ 82.59424, 29.90547 ], [ 82.59576, 29.90311 ], [ 82.59616, 29.89975 ], [ 82.60138, 29.89338 ], [ 82.60141, 29.89066 ], [ 82.60228, 29.889 ], [ 82.6085, 29.88442 ], [ 82.61956, 29.87923 ], [ 82.63056, 29.87765 ], [ 82.6345, 29.87626 ], [ 82.6389, 29.87396 ], [ 82.64218, 29.87046 ], [ 82.6427, 29.86725 ], [ 82.64041, 29.86287 ], [ 82.63345, 29.85892 ], [ 82.63135, 29.85671 ], [ 82.63079, 29.85406 ], [ 82.63162, 29.84957 ], [ 82.62977, 29.84845 ], [ 82.62739, 29.84888 ], [ 82.62239, 29.84773 ], [ 82.62021, 29.84498 ], [ 82.61883, 29.84197 ], [ 82.61952, 29.83864 ], [ 82.62087, 29.83723 ], [ 82.6396, 29.83382 ], [ 82.6463, 29.83613 ], [ 82.64845, 29.83822 ], [ 82.65564, 29.83829 ], [ 82.65781, 29.84119 ], [ 82.66054, 29.84224 ], [ 82.66245, 29.84246 ], [ 82.66588, 29.84098 ], [ 82.66715, 29.84286 ], [ 82.66984, 29.84391 ], [ 82.67595, 29.84325 ], [ 82.6843, 29.8471 ], [ 82.68635, 29.85203 ], [ 82.69051, 29.85397 ], [ 82.69399, 29.85361 ], [ 82.69709, 29.85529 ], [ 82.70044, 29.85306 ], [ 82.70379, 29.84523 ], [ 82.71048, 29.83877 ], [ 82.71471, 29.83785 ], [ 82.7193, 29.83896 ], [ 82.72205, 29.83872 ], [ 82.7265, 29.83525 ], [ 82.72696, 29.83038 ], [ 82.73043, 29.82133 ], [ 82.73323, 29.81684 ], [ 82.73722, 29.81445 ], [ 82.73703, 29.81348 ], [ 82.73102, 29.80908 ], [ 82.72901, 29.80858 ], [ 82.7297, 29.80692 ], [ 82.72801, 29.80289 ], [ 82.71987, 29.80017 ], [ 82.71591, 29.79787 ], [ 82.71292, 29.79434 ], [ 82.71015, 29.79273 ], [ 82.70513, 29.79252 ], [ 82.70066, 29.79477 ], [ 82.69401, 29.79112 ], [ 82.69596, 29.78417 ], [ 82.69597, 29.78159 ], [ 82.68639, 29.77342 ], [ 82.68908, 29.77007 ], [ 82.68998, 29.76308 ], [ 82.69315, 29.76113 ], [ 82.69762, 29.76161 ], [ 82.70715, 29.76509 ], [ 82.71096, 29.76889 ], [ 82.71551, 29.7685 ], [ 82.7189, 29.76608 ], [ 82.72371, 29.77047 ], [ 82.7277, 29.76917 ], [ 82.73302, 29.77066 ], [ 82.73846, 29.76869 ], [ 82.74464, 29.76943 ], [ 82.74784, 29.76622 ], [ 82.7521, 29.76552 ], [ 82.75696, 29.76204 ], [ 82.75845, 29.76005 ], [ 82.75889, 29.75531 ], [ 82.76184, 29.74988 ], [ 82.76135, 29.74745 ], [ 82.76663, 29.7424 ], [ 82.76615, 29.73374 ], [ 82.76466, 29.73189 ], [ 82.76282, 29.73113 ], [ 82.77474, 29.72742 ], [ 82.77882, 29.72508 ], [ 82.78197, 29.72556 ], [ 82.79276, 29.72006 ], [ 82.79752, 29.71899 ], [ 82.80702, 29.72154 ], [ 82.81661, 29.7218 ], [ 82.81779, 29.72108 ], [ 82.82112, 29.71608 ], [ 82.82128, 29.71377 ], [ 82.82019, 29.71073 ], [ 82.81486, 29.70555 ], [ 82.81488, 29.7047 ], [ 82.81798, 29.69684 ], [ 82.82635, 29.68984 ], [ 82.83317, 29.68926 ], [ 82.83853, 29.69174 ], [ 82.84417, 29.6899 ], [ 82.84651, 29.68994 ], [ 82.84947, 29.68771 ], [ 82.85629, 29.68648 ], [ 82.85778, 29.68458 ], [ 82.86058, 29.68452 ], [ 82.8682, 29.68622 ], [ 82.87674, 29.69193 ], [ 82.88134, 29.69153 ], [ 82.88609, 29.6927 ], [ 82.88736, 29.69479 ], [ 82.88778, 29.69964 ], [ 82.89083, 29.70136 ], [ 82.89891, 29.70259 ], [ 82.9028, 29.70101 ], [ 82.9082, 29.70035 ], [ 82.91117, 29.70203 ], [ 82.91493, 29.70637 ], [ 82.91945, 29.70599 ], [ 82.92666, 29.70058 ], [ 82.93537, 29.70542 ], [ 82.93576, 29.70309 ], [ 82.94239, 29.69531 ], [ 82.94834, 29.69154 ], [ 82.94778, 29.68782 ], [ 82.94487, 29.68498 ], [ 82.94424, 29.68102 ], [ 82.94084, 29.67408 ], [ 82.94673, 29.67319 ], [ 82.94722, 29.66889 ], [ 82.9556, 29.6626 ], [ 82.96493, 29.66244 ], [ 82.97016, 29.66412 ], [ 82.97057, 29.66594 ], [ 82.97302, 29.66706 ], [ 82.9809, 29.66726 ], [ 82.98492, 29.6684 ], [ 82.98624, 29.66813 ], [ 82.99156, 29.66332 ], [ 82.996, 29.66481 ], [ 83.00043, 29.66453 ], [ 83.00849, 29.67252 ], [ 83.0108, 29.66744 ], [ 83.01367, 29.6649 ], [ 83.01397, 29.66039 ], [ 83.02095, 29.6577 ], [ 83.02039, 29.65372 ], [ 83.02095, 29.65063 ], [ 83.02346, 29.65016 ], [ 83.03337, 29.65417 ], [ 83.03834, 29.6479 ], [ 83.03873, 29.64404 ], [ 83.03975, 29.64309 ], [ 83.04151, 29.63788 ], [ 83.04215, 29.63269 ], [ 83.04326, 29.6308 ], [ 83.0498, 29.62997 ], [ 83.05449, 29.62669 ], [ 83.06201, 29.62742 ], [ 83.06536, 29.62603 ], [ 83.06619, 29.61852 ], [ 83.06529, 29.6165 ], [ 83.06819, 29.6135 ], [ 83.06925, 29.60988 ], [ 83.08151, 29.60666 ], [ 83.08365, 29.60377 ], [ 83.08559, 29.60271 ], [ 83.0922, 29.60537 ], [ 83.08941, 29.60841 ], [ 83.09006, 29.61195 ], [ 83.10102, 29.61427 ], [ 83.10218, 29.61641 ], [ 83.10531, 29.61835 ], [ 83.10847, 29.61683 ], [ 83.1164, 29.61639 ], [ 83.11674, 29.62473 ], [ 83.12025, 29.62854 ], [ 83.12296, 29.62687 ], [ 83.12548, 29.62325 ], [ 83.1297, 29.62007 ], [ 83.13129, 29.61787 ], [ 83.13561, 29.62245 ], [ 83.14193, 29.6248 ], [ 83.14491, 29.62253 ], [ 83.14997, 29.62379 ], [ 83.16435, 29.61687 ], [ 83.16508, 29.61565 ], [ 83.16354, 29.61284 ], [ 83.16347, 29.60923 ], [ 83.15976, 29.60298 ], [ 83.16004, 29.60117 ], [ 83.15873, 29.59726 ], [ 83.15897, 29.59636 ], [ 83.16058, 29.59623 ], [ 83.1639, 29.59429 ], [ 83.16765, 29.5958 ], [ 83.17502, 29.59232 ], [ 83.1776, 29.59218 ], [ 83.18722, 29.59643 ], [ 83.18832, 29.59743 ], [ 83.1887, 29.60063 ], [ 83.18633, 29.6065 ], [ 83.1881, 29.60865 ], [ 83.19097, 29.60818 ], [ 83.19592, 29.61102 ], [ 83.19687, 29.6109 ], [ 83.19875, 29.6062 ], [ 83.20503, 29.6075 ], [ 83.21255, 29.6057 ], [ 83.21802, 29.60544 ], [ 83.21798, 29.60114 ], [ 83.2162, 29.59776 ], [ 83.21665, 29.5945 ], [ 83.21438, 29.58929 ], [ 83.21544, 29.5884 ], [ 83.22938, 29.58142 ], [ 83.23084, 29.58038 ], [ 83.23192, 29.57782 ], [ 83.23912, 29.5775 ], [ 83.24224, 29.57819 ], [ 83.24693, 29.57664 ], [ 83.25099, 29.57752 ], [ 83.26109, 29.57756 ], [ 83.26138, 29.57362 ], [ 83.26895, 29.56848 ], [ 83.27293, 29.568 ], [ 83.27767, 29.56896 ], [ 83.28391, 29.56284 ], [ 83.28267, 29.56117 ], [ 83.28204, 29.55753 ], [ 83.27872, 29.55786 ], [ 83.27386, 29.55444 ], [ 83.26871, 29.5566 ], [ 83.26702, 29.55666 ], [ 83.26385, 29.55493 ], [ 83.25883, 29.55718 ], [ 83.2565, 29.55748 ], [ 83.25527, 29.55674 ], [ 83.25553, 29.55513 ], [ 83.25873, 29.55101 ], [ 83.25412, 29.5446 ], [ 83.25618, 29.54106 ], [ 83.25579, 29.53923 ], [ 83.26061, 29.53677 ], [ 83.26375, 29.53292 ], [ 83.26496, 29.52607 ], [ 83.26868, 29.52208 ], [ 83.2679, 29.5193 ], [ 83.26887, 29.51694 ], [ 83.26656, 29.51339 ], [ 83.26826, 29.51108 ], [ 83.26834, 29.50911 ], [ 83.26735, 29.50741 ], [ 83.27149, 29.50781 ], [ 83.27514, 29.50262 ], [ 83.28199, 29.49869 ], [ 83.29194, 29.50276 ], [ 83.29338, 29.50436 ], [ 83.30224, 29.49967 ], [ 83.30434, 29.50126 ], [ 83.30928, 29.50269 ], [ 83.31194, 29.5069 ], [ 83.31567, 29.5089 ], [ 83.32032, 29.5045 ], [ 83.32579, 29.50328 ], [ 83.32917, 29.50357 ], [ 83.33199, 29.49996 ], [ 83.34438, 29.49476 ], [ 83.34719, 29.49223 ], [ 83.34534, 29.48921 ], [ 83.34783, 29.48472 ], [ 83.34716, 29.48099 ], [ 83.34758, 29.47853 ], [ 83.34629, 29.4769 ], [ 83.34197, 29.475 ], [ 83.3434, 29.47317 ], [ 83.34397, 29.46841 ], [ 83.34227, 29.4658 ], [ 83.3467, 29.46259 ], [ 83.34908, 29.45971 ], [ 83.35147, 29.45881 ], [ 83.35371, 29.45137 ], [ 83.35661, 29.45065 ], [ 83.36186, 29.45179 ], [ 83.36612, 29.45002 ], [ 83.36545, 29.44796 ], [ 83.36302, 29.44619 ], [ 83.36433, 29.43972 ], [ 83.37063, 29.43434 ], [ 83.37133, 29.42851 ], [ 83.37703, 29.42731 ], [ 83.38105, 29.42315 ], [ 83.38561, 29.42322 ], [ 83.38756, 29.4224 ], [ 83.39094, 29.42282 ], [ 83.39671, 29.42145 ], [ 83.40457, 29.42238 ], [ 83.40984, 29.42139 ], [ 83.41266, 29.42194 ], [ 83.41422, 29.42081 ], [ 83.41588, 29.41037 ], [ 83.42062, 29.4053 ], [ 83.42466, 29.40397 ], [ 83.42612, 29.4024 ], [ 83.42036, 29.39743 ], [ 83.42121, 29.39167 ], [ 83.42349, 29.38707 ], [ 83.42258, 29.38464 ], [ 83.42042, 29.38303 ], [ 83.41172, 29.38026 ], [ 83.41538, 29.37602 ], [ 83.41506, 29.37102 ], [ 83.41309, 29.36686 ], [ 83.41676, 29.36487 ], [ 83.41728, 29.36359 ], [ 83.41679, 29.36145 ], [ 83.41504, 29.35901 ], [ 83.4172, 29.35625 ], [ 83.42341, 29.35629 ], [ 83.42703, 29.35268 ], [ 83.42859, 29.34977 ], [ 83.43681, 29.35046 ], [ 83.43892, 29.34949 ], [ 83.44487, 29.3402 ], [ 83.44234, 29.33568 ], [ 83.44645, 29.32907 ], [ 83.44439, 29.32563 ], [ 83.44306, 29.32062 ], [ 83.43929, 29.31689 ], [ 83.43987, 29.31265 ], [ 83.43823, 29.30866 ], [ 83.44415, 29.30646 ], [ 83.44359, 29.29977 ], [ 83.44826, 29.29926 ], [ 83.45132, 29.29751 ], [ 83.45063, 29.29354 ], [ 83.45579, 29.2906 ], [ 83.4548, 29.28652 ], [ 83.45989, 29.28613 ], [ 83.4603, 29.28402 ], [ 83.46208, 29.28246 ], [ 83.46244, 29.27678 ], [ 83.46514, 29.27453 ], [ 83.46811, 29.27354 ], [ 83.47146, 29.27417 ], [ 83.47363, 29.27753 ], [ 83.47869, 29.28101 ], [ 83.48713, 29.28014 ], [ 83.48769, 29.27972 ], [ 83.4872, 29.27615 ], [ 83.49188, 29.27521 ], [ 83.49338, 29.27378 ], [ 83.49306, 29.26998 ], [ 83.49091, 29.26656 ], [ 83.49146, 29.2648 ], [ 83.49395, 29.2627 ], [ 83.49661, 29.26273 ], [ 83.50011, 29.26025 ], [ 83.50265, 29.25947 ], [ 83.5041, 29.25555 ], [ 83.50834, 29.25697 ], [ 83.51196, 29.25557 ], [ 83.51472, 29.25581 ], [ 83.51421, 29.25259 ], [ 83.51598, 29.24806 ], [ 83.51713, 29.24639 ], [ 83.51943, 29.24505 ], [ 83.51768, 29.24056 ], [ 83.52229, 29.23922 ], [ 83.5227, 29.23824 ], [ 83.52137, 29.23534 ], [ 83.51638, 29.23138 ], [ 83.51505, 29.22799 ], [ 83.51792, 29.22704 ], [ 83.51746, 29.22142 ], [ 83.51957, 29.21766 ], [ 83.53036, 29.21336 ], [ 83.52999, 29.2096 ], [ 83.53083, 29.20826 ], [ 83.53413, 29.20649 ], [ 83.53595, 29.20381 ], [ 83.53902, 29.20267 ], [ 83.55229, 29.20011 ], [ 83.5554, 29.20399 ], [ 83.56001, 29.20445 ], [ 83.5631, 29.20605 ], [ 83.56526, 29.20425 ], [ 83.57196, 29.2025 ], [ 83.57216, 29.19918 ], [ 83.56934, 29.19673 ], [ 83.56919, 29.19344 ], [ 83.56985, 29.19045 ], [ 83.57447, 29.18884 ], [ 83.57596, 29.18739 ], [ 83.57684, 29.18358 ], [ 83.57597, 29.18017 ], [ 83.59007, 29.17417 ], [ 83.59604, 29.17492 ], [ 83.60431, 29.17808 ], [ 83.60739, 29.18103 ], [ 83.61011, 29.18074 ], [ 83.61431, 29.17478 ], [ 83.61462, 29.17133 ], [ 83.62271, 29.16829 ], [ 83.62379, 29.16672 ], [ 83.62658, 29.16548 ], [ 83.62685, 29.16362 ], [ 83.6295, 29.16052 ], [ 83.63328, 29.15844 ], [ 83.64156, 29.16119 ], [ 83.64428, 29.16376 ], [ 83.64386, 29.16701 ], [ 83.64602, 29.1688 ], [ 83.64952, 29.16843 ], [ 83.65222, 29.17153 ], [ 83.6548, 29.17276 ], [ 83.65563, 29.17507 ], [ 83.65729, 29.17609 ], [ 83.66236, 29.17344 ], [ 83.66599, 29.16968 ], [ 83.66197, 29.16492 ], [ 83.663, 29.16292 ], [ 83.66236, 29.15948 ], [ 83.66321, 29.15569 ], [ 83.67209, 29.15279 ], [ 83.67569, 29.14895 ], [ 83.67636, 29.14724 ], [ 83.67508, 29.14528 ], [ 83.67567, 29.14139 ], [ 83.67483, 29.13702 ], [ 83.67922, 29.13165 ], [ 83.67874, 29.12503 ], [ 83.68032, 29.12343 ], [ 83.66826, 29.12324 ], [ 83.66246, 29.12474 ], [ 83.66013, 29.12442 ], [ 83.65826, 29.12276 ], [ 83.65369, 29.12118 ], [ 83.65134, 29.11906 ], [ 83.65051, 29.11342 ], [ 83.65244, 29.1092 ], [ 83.6517, 29.10655 ], [ 83.6498, 29.10446 ], [ 83.64609, 29.1041 ], [ 83.63621, 29.10734 ], [ 83.62876, 29.10683 ], [ 83.62622, 29.10316 ], [ 83.62311, 29.10144 ], [ 83.62051, 29.09779 ], [ 83.61632, 29.09844 ], [ 83.61527, 29.09774 ], [ 83.61488, 29.0943 ], [ 83.616, 29.09258 ], [ 83.62331, 29.08826 ], [ 83.6264, 29.08568 ], [ 83.62775, 29.08253 ], [ 83.63063, 29.081 ], [ 83.62942, 29.07156 ], [ 83.63141, 29.06489 ], [ 83.63091, 29.06243 ], [ 83.62649, 29.06243 ], [ 83.61952, 29.05968 ], [ 83.61807, 29.05513 ], [ 83.61889, 29.04575 ], [ 83.61602, 29.04037 ], [ 83.61246, 29.03594 ], [ 83.61257, 29.03372 ], [ 83.61528, 29.02757 ], [ 83.61401, 29.02234 ], [ 83.61645, 29.01888 ], [ 83.61526, 29.01671 ], [ 83.61185, 29.01472 ], [ 83.61687, 29.00616 ], [ 83.61438, 28.99862 ], [ 83.61539, 28.99468 ], [ 83.61492, 28.98768 ], [ 83.61011, 28.98293 ], [ 83.60917, 28.98024 ], [ 83.60443, 28.98013 ], [ 83.60047, 28.98482 ], [ 83.59842, 28.98574 ], [ 83.59224, 28.98386 ], [ 83.59024, 28.98101 ], [ 83.58892, 28.98069 ], [ 83.58651, 28.97584 ], [ 83.58729, 28.97252 ], [ 83.58654, 28.97011 ], [ 83.58498, 28.96719 ], [ 83.58155, 28.96493 ], [ 83.58251, 28.96127 ], [ 83.57995, 28.95614 ], [ 83.57885, 28.95507 ], [ 83.57478, 28.95388 ], [ 83.57117, 28.94725 ], [ 83.56687, 28.94333 ], [ 83.56212, 28.94517 ], [ 83.55856, 28.94483 ], [ 83.55691, 28.94162 ], [ 83.55782, 28.93839 ], [ 83.5564, 28.9337 ], [ 83.54938, 28.92687 ], [ 83.54611, 28.92182 ], [ 83.54225, 28.91868 ], [ 83.53977, 28.91492 ], [ 83.53532, 28.91136 ], [ 83.53272, 28.90956 ], [ 83.52851, 28.90862 ], [ 83.52742, 28.90384 ], [ 83.52524, 28.90194 ], [ 83.5228, 28.89793 ], [ 83.5203, 28.89627 ], [ 83.51459, 28.88951 ], [ 83.506, 28.88467 ], [ 83.50136, 28.87861 ], [ 83.49939, 28.87719 ], [ 83.50112, 28.87318 ], [ 83.50315, 28.8713 ], [ 83.50592, 28.86516 ], [ 83.50618, 28.85694 ], [ 83.50195, 28.85168 ], [ 83.50135, 28.84942 ], [ 83.50172, 28.84612 ], [ 83.49785, 28.84258 ], [ 83.49188, 28.84643 ], [ 83.48579, 28.84604 ], [ 83.48154, 28.84465 ], [ 83.48024, 28.83706 ], [ 83.48303, 28.83383 ], [ 83.48347, 28.83219 ], [ 83.47959, 28.82416 ], [ 83.47999, 28.81713 ], [ 83.48501, 28.81219 ], [ 83.48562, 28.80723 ], [ 83.48793, 28.80204 ], [ 83.48749, 28.79743 ], [ 83.48651, 28.79536 ], [ 83.48681, 28.79051 ], [ 83.48428, 28.78697 ], [ 83.48334, 28.78281 ], [ 83.4701, 28.78173 ], [ 83.46107, 28.78004 ], [ 83.45618, 28.77372 ], [ 83.44599, 28.76888 ], [ 83.44216, 28.76963 ], [ 83.43632, 28.76874 ], [ 83.42568, 28.76594 ], [ 83.41033, 28.7606 ], [ 83.40017, 28.76071 ], [ 83.3884, 28.76303 ], [ 83.38325, 28.75643 ], [ 83.37755, 28.75395 ], [ 83.37606, 28.7475 ], [ 83.37423, 28.74447 ], [ 83.36373, 28.73654 ], [ 83.3619, 28.73411 ], [ 83.35614, 28.73362 ], [ 83.34982, 28.73599 ], [ 83.34529, 28.73556 ], [ 83.33117, 28.73814 ], [ 83.32545, 28.73788 ], [ 83.31996, 28.73609 ], [ 83.31299, 28.73559 ], [ 83.30847, 28.73264 ], [ 83.29782, 28.7317 ], [ 83.2819, 28.72564 ], [ 83.27683, 28.72191 ], [ 83.27422, 28.72381 ], [ 83.27044, 28.72513 ], [ 83.26426, 28.72632 ], [ 83.25901, 28.7262 ], [ 83.24789, 28.73033 ], [ 83.24468, 28.73262 ], [ 83.23931, 28.73485 ], [ 83.23691, 28.73967 ], [ 83.22918, 28.74281 ], [ 83.22672, 28.74249 ], [ 83.22292, 28.74053 ], [ 83.21809, 28.73513 ], [ 83.21598, 28.73385 ], [ 83.20983, 28.7319 ], [ 83.2049, 28.733 ], [ 83.20003, 28.73519 ], [ 83.19707, 28.73795 ], [ 83.19491, 28.73848 ], [ 83.18648, 28.7435 ], [ 83.16646, 28.74512 ], [ 83.16318, 28.7464 ], [ 83.15554, 28.74759 ], [ 83.14986, 28.74784 ], [ 83.14142, 28.74631 ], [ 83.13722, 28.74786 ], [ 83.13225, 28.74798 ], [ 83.12992, 28.74646 ], [ 83.12131, 28.74545 ], [ 83.11472, 28.74317 ], [ 83.11327, 28.74373 ], [ 83.11206, 28.74717 ], [ 83.10797, 28.74923 ], [ 83.1025, 28.75341 ], [ 83.10216, 28.76026 ], [ 83.09809, 28.76657 ], [ 83.09503, 28.76765 ], [ 83.08494, 28.77782 ], [ 83.08165, 28.77944 ], [ 83.08016, 28.78173 ], [ 83.07915, 28.7861 ], [ 83.07246, 28.78342 ], [ 83.06826, 28.77991 ], [ 83.06782, 28.78127 ], [ 83.06506, 28.78381 ], [ 83.05785, 28.78574 ], [ 83.0456, 28.78644 ], [ 83.03597, 28.79271 ], [ 83.02996, 28.79314 ], [ 83.02537, 28.79231 ], [ 83.02223, 28.79069 ], [ 83.01222, 28.79891 ], [ 83.00887, 28.79979 ], [ 83.00504, 28.79956 ], [ 82.99726, 28.80384 ], [ 82.99038, 28.80159 ], [ 82.98678, 28.80251 ], [ 82.98081, 28.80067 ], [ 82.97574, 28.80337 ], [ 82.97499, 28.80728 ], [ 82.97363, 28.80925 ], [ 82.97008, 28.81135 ], [ 82.96805, 28.81571 ], [ 82.96576, 28.81657 ], [ 82.96575, 28.8203 ], [ 82.95978, 28.81987 ], [ 82.95654, 28.8209 ], [ 82.95256, 28.8234 ], [ 82.95054, 28.82379 ], [ 82.94954, 28.82767 ], [ 82.9471, 28.82896 ], [ 82.94195, 28.82704 ], [ 82.93715, 28.82793 ], [ 82.93009, 28.82701 ], [ 82.92591, 28.82752 ], [ 82.91746, 28.83137 ], [ 82.91019, 28.83099 ], [ 82.90476, 28.83228 ], [ 82.90372, 28.82957 ], [ 82.90073, 28.82922 ], [ 82.89799, 28.82541 ], [ 82.89599, 28.82466 ], [ 82.89275, 28.82664 ], [ 82.8858, 28.82608 ], [ 82.87946, 28.83037 ], [ 82.87305, 28.83111 ], [ 82.86747, 28.83419 ], [ 82.86567, 28.83393 ], [ 82.86511, 28.83235 ], [ 82.86405, 28.83185 ], [ 82.85448, 28.83216 ], [ 82.84788, 28.82737 ], [ 82.84366, 28.82645 ], [ 82.84113, 28.82694 ], [ 82.83942, 28.82947 ], [ 82.83558, 28.83159 ], [ 82.83334, 28.83021 ], [ 82.82585, 28.8307 ], [ 82.82015, 28.82987 ], [ 82.817, 28.83127 ], [ 82.81385, 28.82867 ], [ 82.79924, 28.82062 ], [ 82.7967, 28.82149 ], [ 82.79324, 28.81984 ], [ 82.79165, 28.82119 ], [ 82.78722, 28.82173 ], [ 82.78164, 28.82422 ], [ 82.77816, 28.81954 ], [ 82.7714, 28.81492 ], [ 82.76572, 28.80853 ], [ 82.76348, 28.8136 ], [ 82.76003, 28.81605 ], [ 82.75931, 28.81978 ], [ 82.7567, 28.82106 ], [ 82.75463, 28.82556 ], [ 82.74781, 28.83266 ], [ 82.74635, 28.83713 ], [ 82.7436, 28.84079 ], [ 82.74305, 28.8442 ], [ 82.74167, 28.84579 ], [ 82.73821, 28.84599 ], [ 82.736, 28.84794 ], [ 82.72906, 28.84767 ], [ 82.7263, 28.84628 ], [ 82.72362, 28.8497 ], [ 82.72007, 28.84955 ], [ 82.712, 28.85148 ], [ 82.70803, 28.85401 ], [ 82.70457, 28.85458 ], [ 82.69982, 28.85973 ], [ 82.69977, 28.86101 ], [ 82.69556, 28.86466 ], [ 82.69237, 28.86301 ], [ 82.68533, 28.86132 ], [ 82.67836, 28.85474 ], [ 82.67255, 28.85221 ], [ 82.66932, 28.85236 ], [ 82.66544, 28.85378 ], [ 82.66163, 28.85795 ], [ 82.65835, 28.86004 ], [ 82.65559, 28.86473 ], [ 82.65596, 28.86661 ], [ 82.64848, 28.86915 ], [ 82.64407, 28.86715 ], [ 82.6421, 28.86564 ], [ 82.63786, 28.85995 ], [ 82.63665, 28.85516 ], [ 82.62981, 28.85334 ], [ 82.62827, 28.85041 ], [ 82.62461, 28.84676 ], [ 82.62441, 28.84447 ], [ 82.62634, 28.84185 ], [ 82.62594, 28.83914 ], [ 82.61756, 28.82849 ], [ 82.61357, 28.82651 ], [ 82.61383, 28.8245 ], [ 82.619, 28.8149 ], [ 82.61997, 28.81116 ], [ 82.61962, 28.80901 ], [ 82.61894, 28.80825 ], [ 82.61316, 28.80732 ], [ 82.61237, 28.80585 ], [ 82.60525, 28.80118 ], [ 82.60301, 28.79803 ], [ 82.59612, 28.79194 ], [ 82.59154, 28.79155 ], [ 82.58958, 28.79028 ], [ 82.58938, 28.78564 ], [ 82.58808, 28.78482 ], [ 82.58687, 28.78209 ], [ 82.58134, 28.78066 ], [ 82.57703, 28.77645 ], [ 82.57201, 28.77418 ], [ 82.56965, 28.77122 ], [ 82.56694, 28.77061 ], [ 82.56723, 28.7683 ], [ 82.56664, 28.76751 ], [ 82.56583, 28.76697 ], [ 82.56175, 28.7677 ], [ 82.56459, 28.7648 ], [ 82.56477, 28.76379 ], [ 82.56316, 28.76064 ], [ 82.5636, 28.75863 ], [ 82.56703, 28.75686 ], [ 82.56671, 28.75115 ], [ 82.56525, 28.74698 ], [ 82.56591, 28.74384 ], [ 82.56719, 28.74475 ], [ 82.56848, 28.74439 ], [ 82.57409, 28.74052 ], [ 82.58154, 28.74115 ], [ 82.58793, 28.73988 ], [ 82.59181, 28.74048 ], [ 82.59442, 28.74214 ], [ 82.59548, 28.74378 ], [ 82.6013, 28.74283 ], [ 82.60228, 28.73667 ], [ 82.60152, 28.73407 ], [ 82.60307, 28.73081 ], [ 82.60516, 28.71559 ], [ 82.60728, 28.71407 ], [ 82.61254, 28.71272 ], [ 82.61521, 28.70997 ], [ 82.61454, 28.7052 ], [ 82.61299, 28.7017 ], [ 82.61349, 28.69902 ], [ 82.61232, 28.6958 ], [ 82.61513, 28.69285 ], [ 82.61578, 28.68972 ], [ 82.61335, 28.68842 ], [ 82.60386, 28.68714 ], [ 82.60054, 28.6848 ], [ 82.59965, 28.68239 ], [ 82.60093, 28.67674 ], [ 82.59985, 28.67491 ], [ 82.59973, 28.67032 ], [ 82.5988, 28.66903 ], [ 82.59536, 28.66745 ], [ 82.59195, 28.66755 ], [ 82.58919, 28.66499 ], [ 82.58659, 28.66383 ], [ 82.58103, 28.6651 ], [ 82.57883, 28.66462 ], [ 82.57485, 28.65872 ], [ 82.56964, 28.65432 ], [ 82.56617, 28.65272 ], [ 82.56057, 28.64649 ], [ 82.55454, 28.64398 ], [ 82.55177, 28.64547 ], [ 82.53909, 28.6469 ], [ 82.53647, 28.65012 ], [ 82.53342, 28.64993 ], [ 82.52775, 28.65471 ], [ 82.52439, 28.65529 ], [ 82.52143, 28.65931 ], [ 82.51913, 28.66061 ], [ 82.51715, 28.66113 ], [ 82.51323, 28.65938 ], [ 82.50549, 28.66198 ], [ 82.50128, 28.66769 ], [ 82.49971, 28.66239 ], [ 82.49756, 28.66155 ], [ 82.49461, 28.66259 ], [ 82.48982, 28.65924 ], [ 82.48935, 28.65555 ], [ 82.49093, 28.65329 ], [ 82.49093, 28.65176 ], [ 82.4857, 28.64057 ], [ 82.48896, 28.63966 ], [ 82.49421, 28.63623 ], [ 82.5068, 28.63055 ], [ 82.50824, 28.6277 ], [ 82.51829, 28.6245 ], [ 82.52605, 28.62482 ], [ 82.53384, 28.62346 ], [ 82.53977, 28.62069 ], [ 82.5437, 28.62286 ], [ 82.54344, 28.62618 ], [ 82.54785, 28.62703 ], [ 82.54923, 28.6255 ], [ 82.55137, 28.62517 ], [ 82.54685, 28.62226 ], [ 82.54567, 28.61839 ], [ 82.55084, 28.61577 ], [ 82.55331, 28.61541 ], [ 82.56112, 28.61001 ], [ 82.56526, 28.61038 ], [ 82.56862, 28.60964 ], [ 82.57437, 28.61177 ], [ 82.57763, 28.61448 ], [ 82.57929, 28.61369 ], [ 82.58049, 28.61185 ], [ 82.57858, 28.60213 ], [ 82.5809, 28.59975 ], [ 82.58038, 28.59815 ], [ 82.58109, 28.59191 ], [ 82.57903, 28.58976 ], [ 82.5806, 28.58853 ], [ 82.58066, 28.58647 ], [ 82.57722, 28.58408 ], [ 82.575, 28.57957 ], [ 82.572, 28.57847 ], [ 82.56623, 28.57781 ], [ 82.56109, 28.57965 ], [ 82.55678, 28.57957 ], [ 82.5533, 28.58157 ], [ 82.54703, 28.5767 ], [ 82.54408, 28.57297 ], [ 82.53996, 28.5713 ], [ 82.53744, 28.57145 ], [ 82.53488, 28.57042 ], [ 82.53292, 28.56607 ], [ 82.53024, 28.5641 ], [ 82.52894, 28.55818 ], [ 82.52584, 28.55798 ], [ 82.52237, 28.55597 ], [ 82.5212, 28.5539 ], [ 82.51654, 28.55453 ], [ 82.5144, 28.55284 ], [ 82.50891, 28.55117 ], [ 82.49968, 28.55394 ], [ 82.49406, 28.55361 ], [ 82.49222, 28.55266 ], [ 82.49166, 28.54868 ], [ 82.49401, 28.54353 ], [ 82.49285, 28.54001 ], [ 82.49031, 28.5377 ], [ 82.48445, 28.53538 ], [ 82.4795, 28.53037 ], [ 82.47481, 28.52894 ], [ 82.47265, 28.52922 ], [ 82.46998, 28.52674 ], [ 82.46674, 28.52567 ], [ 82.46283, 28.52122 ], [ 82.45972, 28.52094 ], [ 82.44769, 28.52305 ], [ 82.44416, 28.52284 ], [ 82.43797, 28.52559 ], [ 82.43347, 28.52628 ], [ 82.42936, 28.52453 ], [ 82.41806, 28.5287 ], [ 82.41644, 28.52331 ], [ 82.41624, 28.51956 ], [ 82.41694, 28.51766 ], [ 82.4155, 28.51645 ], [ 82.41423, 28.51338 ], [ 82.41176, 28.51291 ], [ 82.41048, 28.50837 ], [ 82.40839, 28.50686 ], [ 82.4074, 28.50366 ], [ 82.40937, 28.49917 ], [ 82.41164, 28.49643 ], [ 82.41157, 28.49261 ], [ 82.4093, 28.48856 ], [ 82.40564, 28.48654 ], [ 82.40553, 28.47814 ], [ 82.40158, 28.47332 ], [ 82.4003, 28.46977 ], [ 82.39596, 28.46838 ], [ 82.39588, 28.46416 ], [ 82.39661, 28.46255 ], [ 82.39551, 28.46038 ], [ 82.39168, 28.45819 ], [ 82.3866, 28.45763 ], [ 82.38345, 28.45599 ], [ 82.37371, 28.44825 ], [ 82.37353, 28.44598 ], [ 82.37551, 28.43851 ], [ 82.37679, 28.43638 ], [ 82.3765, 28.4303 ], [ 82.36911, 28.42602 ], [ 82.36499, 28.42616 ], [ 82.3576, 28.42441 ], [ 82.35107, 28.42387 ], [ 82.35027, 28.42183 ], [ 82.35145, 28.41734 ], [ 82.35379, 28.41486 ], [ 82.3531, 28.41037 ], [ 82.35601, 28.40873 ], [ 82.36093, 28.40809 ], [ 82.36235, 28.4052 ], [ 82.36548, 28.40312 ], [ 82.36246, 28.3945 ], [ 82.36347, 28.38826 ], [ 82.36644, 28.38686 ], [ 82.36807, 28.38402 ], [ 82.37504, 28.37728 ], [ 82.38255, 28.3739 ], [ 82.38347, 28.37277 ], [ 82.38271, 28.36463 ], [ 82.38032, 28.36356 ], [ 82.37854, 28.36032 ], [ 82.37598, 28.35846 ], [ 82.37841, 28.35656 ], [ 82.3792, 28.3517 ], [ 82.37271, 28.34846 ], [ 82.37091, 28.34611 ], [ 82.36587, 28.3439 ], [ 82.36307, 28.34079 ], [ 82.36416, 28.3348 ], [ 82.36332, 28.33253 ], [ 82.36423, 28.32977 ], [ 82.36725, 28.32989 ], [ 82.36647, 28.32702 ] ] ] } },
{ "type": "Feature", "properties": { "fid": 2, "STATE_CODE": 7.0, "Province": "Sudur Pashchim" }, "geometry": { "type": "Polygon", "coordinates": [ [ [ 81.16714, 28.5199 ], [ 81.16327, 28.51504 ], [ 81.16179, 28.50585 ], [ 81.16006, 28.50139 ], [ 81.15725, 28.50102 ], [ 81.15311, 28.50192 ], [ 81.14719, 28.49816 ], [ 81.1454, 28.49621 ], [ 81.14802, 28.49691 ], [ 81.14724, 28.49591 ], [ 81.14234, 28.49387 ], [ 81.13785, 28.49084 ], [ 81.12984, 28.48215 ], [ 81.12066, 28.47507 ], [ 81.11472, 28.4725 ], [ 81.11185, 28.46902 ], [ 81.1108, 28.46347 ], [ 81.10889, 28.4614 ], [ 81.0988, 28.45933 ], [ 81.09452, 28.45975 ], [ 81.09052, 28.45689 ], [ 81.0891, 28.45419 ], [ 81.08921, 28.44993 ], [ 81.08575, 28.43834 ], [ 81.07973, 28.43438 ], [ 81.07676, 28.43342 ], [ 81.06848, 28.42578 ], [ 81.06444, 28.42077 ], [ 81.05945, 28.40987 ], [ 81.05931, 28.40742 ], [ 81.06444, 28.40316 ], [ 81.067, 28.39955 ], [ 81.06727, 28.39443 ], [ 81.04588, 28.40999 ], [ 81.03477, 28.41335 ], [ 81.03227, 28.39874 ], [ 81.02096, 28.41032 ], [ 81.01669, 28.41575 ], [ 81.03371, 28.42791 ], [ 81.02952, 28.43854 ], [ 81.01915, 28.43167 ], [ 81.01293, 28.43821 ], [ 81.0174, 28.45162 ], [ 80.99965, 28.45399 ], [ 80.98912, 28.44163 ], [ 80.97779, 28.44248 ], [ 80.97904, 28.43434 ], [ 80.96525, 28.43772 ], [ 80.96803, 28.44287 ], [ 80.96479, 28.44471 ], [ 80.97978, 28.45524 ], [ 80.96699, 28.45698 ], [ 80.96402, 28.44957 ], [ 80.95169, 28.44752 ], [ 80.95154, 28.45558 ], [ 80.94466, 28.45471 ], [ 80.93222, 28.45858 ], [ 80.94519, 28.46611 ], [ 80.94249, 28.46842 ], [ 80.93232, 28.46304 ], [ 80.93052, 28.4576 ], [ 80.91753, 28.45973 ], [ 80.9195, 28.46374 ], [ 80.91442, 28.4678 ], [ 80.91558, 28.45763 ], [ 80.90565, 28.46577 ], [ 80.90136, 28.48568 ], [ 80.90692, 28.48966 ], [ 80.90855, 28.49756 ], [ 80.8997, 28.50048 ], [ 80.89605, 28.50563 ], [ 80.88573, 28.50717 ], [ 80.87578, 28.50974 ], [ 80.8615, 28.50413 ], [ 80.86549, 28.48955 ], [ 80.85523, 28.49709 ], [ 80.8443, 28.49545 ], [ 80.84348, 28.4997 ], [ 80.83629, 28.50533 ], [ 80.82993, 28.51172 ], [ 80.8154, 28.52064 ], [ 80.79969, 28.5211 ], [ 80.78893, 28.52435 ], [ 80.78448, 28.52926 ], [ 80.78947, 28.54335 ], [ 80.78265, 28.54677 ], [ 80.76946, 28.54969 ], [ 80.7679, 28.5656 ], [ 80.73834, 28.5742 ], [ 80.73869, 28.56586 ], [ 80.72446, 28.57478 ], [ 80.71456, 28.56786 ], [ 80.70385, 28.57875 ], [ 80.69021, 28.58706 ], [ 80.69565, 28.60335 ], [ 80.67732, 28.60433 ], [ 80.67949, 28.62044 ], [ 80.67069, 28.62832 ], [ 80.66754, 28.64187 ], [ 80.65117, 28.63389 ], [ 80.64144, 28.64325 ], [ 80.63321, 28.6373 ], [ 80.61151, 28.63928 ], [ 80.60618, 28.65234 ], [ 80.58965, 28.64772 ], [ 80.59753, 28.65594 ], [ 80.58012, 28.66126 ], [ 80.59034, 28.67971 ], [ 80.56782, 28.68807 ], [ 80.55003, 28.69155 ], [ 80.53978, 28.69062 ], [ 80.50609, 28.67097 ], [ 80.50347, 28.66519 ], [ 80.51127, 28.62373 ], [ 80.51476, 28.6159 ], [ 80.52147, 28.57718 ], [ 80.52555, 28.57323 ], [ 80.52983, 28.57486 ], [ 80.53066, 28.57224 ], [ 80.52289, 28.55296 ], [ 80.51985, 28.55426 ], [ 80.51887, 28.55225 ], [ 80.51757, 28.55179 ], [ 80.51519, 28.55731 ], [ 80.50638, 28.56805 ], [ 80.50413, 28.56928 ], [ 80.49974, 28.56968 ], [ 80.4949, 28.5753 ], [ 80.48869, 28.57969 ], [ 80.48368, 28.58205 ], [ 80.48106, 28.58534 ], [ 80.47853, 28.58531 ], [ 80.47537, 28.58306 ], [ 80.46994, 28.58255 ], [ 80.4682, 28.58337 ], [ 80.47094, 28.58457 ], [ 80.47169, 28.59021 ], [ 80.46613, 28.60074 ], [ 80.46248, 28.61253 ], [ 80.46025, 28.61376 ], [ 80.46181, 28.61538 ], [ 80.46375, 28.61432 ], [ 80.46428, 28.61491 ], [ 80.46288, 28.61701 ], [ 80.45957, 28.61753 ], [ 80.45978, 28.61826 ], [ 80.46166, 28.61861 ], [ 80.4605, 28.6216 ], [ 80.4562, 28.62357 ], [ 80.45157, 28.62861 ], [ 80.44255, 28.62847 ], [ 80.43988, 28.63095 ], [ 80.43763, 28.63531 ], [ 80.43235, 28.63725 ], [ 80.42395, 28.63708 ], [ 80.41997, 28.63786 ], [ 80.41838, 28.639 ], [ 80.41466, 28.63914 ], [ 80.40457, 28.63484 ], [ 80.38698, 28.63061 ], [ 80.38608, 28.62965 ], [ 80.38285, 28.63061 ], [ 80.37632, 28.62831 ], [ 80.37528, 28.62843 ], [ 80.37424, 28.62998 ], [ 80.37127, 28.62909 ], [ 80.37088, 28.63234 ], [ 80.36754, 28.63522 ], [ 80.36071, 28.63549 ], [ 80.35717, 28.64065 ], [ 80.35777, 28.64277 ], [ 80.36059, 28.64458 ], [ 80.36034, 28.64535 ], [ 80.35564, 28.64676 ], [ 80.35333, 28.65028 ], [ 80.34729, 28.65431 ], [ 80.33724, 28.66067 ], [ 80.32588, 28.66633 ], [ 80.32593, 28.6698 ], [ 80.32121, 28.68125 ], [ 80.32263, 28.6857 ], [ 80.32189, 28.6914 ], [ 80.32026, 28.69568 ], [ 80.31726, 28.69981 ], [ 80.30787, 28.70463 ], [ 80.29889, 28.7064 ], [ 80.29686, 28.70971 ], [ 80.29363, 28.7113 ], [ 80.27755, 28.70995 ], [ 80.27476, 28.71149 ], [ 80.26636, 28.72135 ], [ 80.25618, 28.72935 ], [ 80.25979, 28.73115 ], [ 80.26299, 28.73426 ], [ 80.26452, 28.73782 ], [ 80.26505, 28.7435 ], [ 80.26363, 28.74701 ], [ 80.26092, 28.75034 ], [ 80.25144, 28.75735 ], [ 80.24962, 28.75789 ], [ 80.24585, 28.75602 ], [ 80.24145, 28.75613 ], [ 80.23718, 28.75704 ], [ 80.23477, 28.75919 ], [ 80.23347, 28.75926 ], [ 80.21604, 28.75535 ], [ 80.17093, 28.78233 ], [ 80.13845, 28.81383 ], [ 80.1181, 28.82877 ], [ 80.07497, 28.82433 ], [ 80.06473, 28.83732 ], [ 80.05847, 28.91637 ], [ 80.09605, 28.97525 ], [ 80.10023, 28.98642 ], [ 80.11792, 28.98164 ], [ 80.12679, 29.00599 ], [ 80.13557, 29.00724 ], [ 80.13626, 29.00954 ], [ 80.12456, 29.01302 ], [ 80.13134, 29.03035 ], [ 80.12643, 29.03167 ], [ 80.13646, 29.05885 ], [ 80.12848, 29.06102 ], [ 80.14436, 29.10296 ], [ 80.14996, 29.10606 ], [ 80.1639, 29.11693 ], [ 80.16561, 29.11929 ], [ 80.16652, 29.12454 ], [ 80.16776, 29.12571 ], [ 80.17103, 29.12692 ], [ 80.17489, 29.1267 ], [ 80.17808, 29.12849 ], [ 80.18147, 29.13535 ], [ 80.18344, 29.13705 ], [ 80.1865, 29.13658 ], [ 80.19087, 29.13342 ], [ 80.19659, 29.13071 ], [ 80.20341, 29.1293 ], [ 80.20578, 29.12498 ], [ 80.20969, 29.1218 ], [ 80.21303, 29.12192 ], [ 80.23326, 29.11842 ], [ 80.23768, 29.12085 ], [ 80.24046, 29.12425 ], [ 80.2443, 29.12705 ], [ 80.2463, 29.127 ], [ 80.24879, 29.12893 ], [ 80.25209, 29.13586 ], [ 80.25406, 29.13791 ], [ 80.25921, 29.13989 ], [ 80.26906, 29.14051 ], [ 80.27163, 29.14204 ], [ 80.2728, 29.14393 ], [ 80.27182, 29.14665 ], [ 80.26561, 29.15345 ], [ 80.25832, 29.16573 ], [ 80.25837, 29.17042 ], [ 80.26061, 29.17462 ], [ 80.2579, 29.1873 ], [ 80.25006, 29.19559 ], [ 80.24186, 29.20035 ], [ 80.24077, 29.20241 ], [ 80.24101, 29.20414 ], [ 80.24409, 29.20951 ], [ 80.24443, 29.21239 ], [ 80.24707, 29.21525 ], [ 80.24697, 29.21923 ], [ 80.24829, 29.22096 ], [ 80.25267, 29.22141 ], [ 80.25598, 29.21939 ], [ 80.25718, 29.21721 ], [ 80.2578, 29.21067 ], [ 80.26078, 29.20667 ], [ 80.26407, 29.20606 ], [ 80.27497, 29.20702 ], [ 80.28106, 29.20165 ], [ 80.28444, 29.19677 ], [ 80.28721, 29.19515 ], [ 80.29008, 29.19526 ], [ 80.29323, 29.19723 ], [ 80.29725, 29.20504 ], [ 80.29732, 29.20642 ], [ 80.29399, 29.21113 ], [ 80.29602, 29.22135 ], [ 80.29085, 29.22967 ], [ 80.29066, 29.23153 ], [ 80.30032, 29.24207 ], [ 80.30032, 29.24544 ], [ 80.29853, 29.24959 ], [ 80.29874, 29.25203 ], [ 80.30017, 29.25495 ], [ 80.29914, 29.26051 ], [ 80.29954, 29.26275 ], [ 80.3016, 29.26448 ], [ 80.30397, 29.27278 ], [ 80.30426, 29.28524 ], [ 80.30609, 29.28894 ], [ 80.30977, 29.29 ], [ 80.31136, 29.29153 ], [ 80.31621, 29.30009 ], [ 80.31792, 29.30159 ], [ 80.31846, 29.30385 ], [ 80.31589, 29.30816 ], [ 80.31689, 29.31472 ], [ 80.30837, 29.32277 ], [ 80.29617, 29.32417 ], [ 80.29086, 29.33061 ], [ 80.29125, 29.33471 ], [ 80.29049, 29.33666 ], [ 80.2846, 29.34056 ], [ 80.2801, 29.3462 ], [ 80.27914, 29.34894 ], [ 80.27974, 29.35415 ], [ 80.27931, 29.35939 ], [ 80.27276, 29.36238 ], [ 80.27109, 29.36446 ], [ 80.27187, 29.37014 ], [ 80.27127, 29.37361 ], [ 80.27427, 29.3765 ], [ 80.27889, 29.3785 ], [ 80.27807, 29.38039 ], [ 80.27506, 29.38281 ], [ 80.2729, 29.38613 ], [ 80.27325, 29.38853 ], [ 80.27554, 29.39117 ], [ 80.27462, 29.39296 ], [ 80.27173, 29.39514 ], [ 80.26408, 29.39715 ], [ 80.25712, 29.40114 ], [ 80.25395, 29.40398 ], [ 80.24594, 29.40733 ], [ 80.24161, 29.41154 ], [ 80.24593, 29.41604 ], [ 80.24411, 29.41987 ], [ 80.24396, 29.42341 ], [ 80.24661, 29.42974 ], [ 80.24744, 29.43464 ], [ 80.24684, 29.43768 ], [ 80.24299, 29.44107 ], [ 80.24293, 29.44372 ], [ 80.24519, 29.44643 ], [ 80.2556, 29.44799 ], [ 80.25694, 29.45112 ], [ 80.2581, 29.45173 ], [ 80.26688, 29.44848 ], [ 80.26975, 29.45061 ], [ 80.27425, 29.44947 ], [ 80.27495, 29.45096 ], [ 80.27401, 29.45256 ], [ 80.2699, 29.45376 ], [ 80.26914, 29.45498 ], [ 80.27124, 29.45682 ], [ 80.27618, 29.45848 ], [ 80.27907, 29.45845 ], [ 80.28045, 29.45754 ], [ 80.27895, 29.45387 ], [ 80.28045, 29.45086 ], [ 80.28601, 29.4516 ], [ 80.28831, 29.45002 ], [ 80.29442, 29.45371 ], [ 80.2962, 29.45324 ], [ 80.29761, 29.45075 ], [ 80.29939, 29.45103 ], [ 80.30247, 29.45304 ], [ 80.30279, 29.45441 ], [ 80.30155, 29.4566 ], [ 80.29649, 29.46036 ], [ 80.29199, 29.46647 ], [ 80.29036, 29.47001 ], [ 80.28744, 29.47275 ], [ 80.28661, 29.47682 ], [ 80.2886, 29.47815 ], [ 80.29136, 29.47801 ], [ 80.293, 29.47882 ], [ 80.29628, 29.48338 ], [ 80.29602, 29.48799 ], [ 80.29905, 29.49053 ], [ 80.30081, 29.49052 ], [ 80.30447, 29.48594 ], [ 80.31303, 29.48446 ], [ 80.31415, 29.48643 ], [ 80.31461, 29.4898 ], [ 80.31282, 29.49655 ], [ 80.31383, 29.49899 ], [ 80.32868, 29.50528 ], [ 80.33039, 29.50724 ], [ 80.33229, 29.51286 ], [ 80.33492, 29.51281 ], [ 80.33867, 29.51041 ], [ 80.34124, 29.5099 ], [ 80.34962, 29.51885 ], [ 80.34848, 29.52408 ], [ 80.35544, 29.52773 ], [ 80.35796, 29.53247 ], [ 80.3565, 29.5345 ], [ 80.35159, 29.53678 ], [ 80.34852, 29.54041 ], [ 80.34658, 29.54097 ], [ 80.3442, 29.53995 ], [ 80.3418, 29.54026 ], [ 80.34154, 29.5427 ], [ 80.34563, 29.54854 ], [ 80.34268, 29.55172 ], [ 80.34266, 29.55285 ], [ 80.34884, 29.55525 ], [ 80.3572, 29.555 ], [ 80.36399, 29.55655 ], [ 80.36414, 29.55818 ], [ 80.36245, 29.56016 ], [ 80.36229, 29.56148 ], [ 80.36232, 29.56268 ], [ 80.36361, 29.564 ], [ 80.36808, 29.56262 ], [ 80.3719, 29.56284 ], [ 80.37589, 29.5612 ], [ 80.3788, 29.56126 ], [ 80.37908, 29.57142 ], [ 80.3879, 29.57169 ], [ 80.39019, 29.57454 ], [ 80.39141, 29.58155 ], [ 80.39646, 29.58459 ], [ 80.39803, 29.58688 ], [ 80.40317, 29.58951 ], [ 80.40796, 29.59531 ], [ 80.4089, 29.60467 ], [ 80.40785, 29.60751 ], [ 80.40795, 29.60972 ], [ 80.40568, 29.61277 ], [ 80.40815, 29.61505 ], [ 80.40801, 29.61995 ], [ 80.41063, 29.62493 ], [ 80.41307, 29.62598 ], [ 80.41805, 29.6263 ], [ 80.42091, 29.62971 ], [ 80.42105, 29.63152 ], [ 80.41938, 29.63396 ], [ 80.4202, 29.63906 ], [ 80.41587, 29.64155 ], [ 80.414, 29.64427 ], [ 80.41452, 29.64827 ], [ 80.41651, 29.65089 ], [ 80.41449, 29.6539 ], [ 80.41003, 29.65363 ], [ 80.40911, 29.65643 ], [ 80.40564, 29.65993 ], [ 80.40036, 29.65833 ], [ 80.39808, 29.65878 ], [ 80.39768, 29.65971 ], [ 80.39926, 29.66148 ], [ 80.39893, 29.66232 ], [ 80.39084, 29.66409 ], [ 80.3893, 29.66734 ], [ 80.39005, 29.671 ], [ 80.38447, 29.67433 ], [ 80.38331, 29.67941 ], [ 80.38521, 29.68501 ], [ 80.38035, 29.68848 ], [ 80.37928, 29.69927 ], [ 80.37984, 29.70096 ], [ 80.37711, 29.70238 ], [ 80.37419, 29.71011 ], [ 80.37444, 29.71279 ], [ 80.37199, 29.71523 ], [ 80.3723, 29.71619 ], [ 80.37534, 29.71811 ], [ 80.37533, 29.7202 ], [ 80.37308, 29.72157 ], [ 80.36842, 29.72162 ], [ 80.36603, 29.72477 ], [ 80.36611, 29.72984 ], [ 80.36965, 29.73435 ], [ 80.36415, 29.7397 ], [ 80.36576, 29.74769 ], [ 80.36871, 29.75091 ], [ 80.37233, 29.74908 ], [ 80.38116, 29.75057 ], [ 80.38575, 29.75034 ], [ 80.38636, 29.7513 ], [ 80.38483, 29.75612 ], [ 80.38513, 29.75846 ], [ 80.39011, 29.7603 ], [ 80.39441, 29.75823 ], [ 80.3975, 29.75921 ], [ 80.39633, 29.76502 ], [ 80.3985, 29.76813 ], [ 80.39986, 29.77376 ], [ 80.4046, 29.77831 ], [ 80.40364, 29.78168 ], [ 80.4071, 29.78393 ], [ 80.40618, 29.78837 ], [ 80.4076, 29.79156 ], [ 80.40686, 29.79437 ], [ 80.40789, 29.79447 ], [ 80.41079, 29.79181 ], [ 80.4131, 29.79177 ], [ 80.41593, 29.79563 ], [ 80.42193, 29.79598 ], [ 80.42889, 29.79802 ], [ 80.43471, 29.80594 ], [ 80.43724, 29.80533 ], [ 80.44033, 29.80108 ], [ 80.44413, 29.79905 ], [ 80.44902, 29.79912 ], [ 80.45419, 29.80235 ], [ 80.46391, 29.80219 ], [ 80.47643, 29.79787 ], [ 80.47953, 29.79562 ], [ 80.48282, 29.79632 ], [ 80.49331, 29.79546 ], [ 80.49449, 29.79833 ], [ 80.49268, 29.80196 ], [ 80.4949, 29.80212 ], [ 80.49545, 29.8047 ], [ 80.50024, 29.80863 ], [ 80.49747, 29.81027 ], [ 80.49736, 29.8115 ], [ 80.49971, 29.81398 ], [ 80.50124, 29.81739 ], [ 80.50507, 29.81925 ], [ 80.50723, 29.82302 ], [ 80.51359, 29.82513 ], [ 80.51723, 29.82505 ], [ 80.52172, 29.82696 ], [ 80.52389, 29.82911 ], [ 80.52377, 29.83201 ], [ 80.52813, 29.83346 ], [ 80.53115, 29.83814 ], [ 80.53579, 29.83859 ], [ 80.5366, 29.84247 ], [ 80.53887, 29.84707 ], [ 80.54364, 29.8462 ], [ 80.54847, 29.85001 ], [ 80.55267, 29.85032 ], [ 80.55348, 29.85296 ], [ 80.55146, 29.85513 ], [ 80.55149, 29.85643 ], [ 80.55437, 29.8595 ], [ 80.55476, 29.86196 ], [ 80.56154, 29.86632 ], [ 80.55743, 29.86849 ], [ 80.55686, 29.87053 ], [ 80.55981, 29.87425 ], [ 80.56589, 29.87913 ], [ 80.57022, 29.89134 ], [ 80.5726, 29.89518 ], [ 80.571, 29.9023 ], [ 80.57129, 29.90465 ], [ 80.56966, 29.90893 ], [ 80.57098, 29.91506 ], [ 80.57305, 29.91889 ], [ 80.57422, 29.92338 ], [ 80.57818, 29.92811 ], [ 80.57877, 29.9319 ], [ 80.58133, 29.93623 ], [ 80.58827, 29.94425 ], [ 80.5904, 29.94834 ], [ 80.59535, 29.95296 ], [ 80.60389, 29.9588 ], [ 80.60866, 29.95852 ], [ 80.61623, 29.96104 ], [ 80.62139, 29.96389 ], [ 80.62514, 29.96366 ], [ 80.62978, 29.96506 ], [ 80.6379, 29.96277 ], [ 80.64065, 29.95963 ], [ 80.64856, 29.95583 ], [ 80.65675, 29.95512 ], [ 80.65878, 29.95605 ], [ 80.66901, 29.95734 ], [ 80.67311, 29.9568 ], [ 80.67788, 29.95881 ], [ 80.68257, 29.96286 ], [ 80.68365, 29.96685 ], [ 80.68693, 29.96962 ], [ 80.68998, 29.97409 ], [ 80.69605, 29.97802 ], [ 80.697, 29.97942 ], [ 80.70045, 29.9799 ], [ 80.7045, 29.98563 ], [ 80.70788, 29.98683 ], [ 80.70929, 29.98907 ], [ 80.71228, 29.99009 ], [ 80.71931, 30.00008 ], [ 80.72092, 30.00058 ], [ 80.72549, 29.99975 ], [ 80.72779, 30.00034 ], [ 80.73803, 29.99943 ], [ 80.74187, 30.00291 ], [ 80.74415, 30.00356 ], [ 80.74761, 30.00648 ], [ 80.75148, 30.01251 ], [ 80.75413, 30.02032 ], [ 80.75748, 30.02381 ], [ 80.75819, 30.0275 ], [ 80.75544, 30.03159 ], [ 80.75565, 30.03952 ], [ 80.75931, 30.04344 ], [ 80.75834, 30.04496 ], [ 80.76069, 30.04728 ], [ 80.76116, 30.04942 ], [ 80.76552, 30.05187 ], [ 80.77604, 30.05426 ], [ 80.77939, 30.05657 ], [ 80.78198, 30.06021 ], [ 80.78388, 30.0615 ], [ 80.78614, 30.06612 ], [ 80.78903, 30.06923 ], [ 80.78895, 30.0717 ], [ 80.78978, 30.07302 ], [ 80.79164, 30.07351 ], [ 80.79495, 30.07775 ], [ 80.79942, 30.0808 ], [ 80.80159, 30.08552 ], [ 80.80573, 30.08956 ], [ 80.8139, 30.09288 ], [ 80.81426, 30.09515 ], [ 80.81537, 30.09627 ], [ 80.81939, 30.09696 ], [ 80.82039, 30.09897 ], [ 80.82167, 30.09972 ], [ 80.82619, 30.09995 ], [ 80.82783, 30.09772 ], [ 80.82999, 30.09707 ], [ 80.83338, 30.09778 ], [ 80.83642, 30.09715 ], [ 80.84065, 30.09933 ], [ 80.84518, 30.10224 ], [ 80.84583, 30.10461 ], [ 80.84605, 30.10653 ], [ 80.84178, 30.11033 ], [ 80.84423, 30.11544 ], [ 80.84701, 30.11699 ], [ 80.85416, 30.11875 ], [ 80.85493, 30.12016 ], [ 80.85925, 30.12126 ], [ 80.86245, 30.12084 ], [ 80.86791, 30.12526 ], [ 80.87394, 30.12614 ], [ 80.87788, 30.12914 ], [ 80.87849, 30.13287 ], [ 80.87609, 30.13644 ], [ 80.876, 30.14098 ], [ 80.8735, 30.14412 ], [ 80.87316, 30.14758 ], [ 80.87085, 30.15316 ], [ 80.87165, 30.15811 ], [ 80.87107, 30.16121 ], [ 80.86689, 30.16651 ], [ 80.86385, 30.16701 ], [ 80.86281, 30.16884 ], [ 80.859, 30.1719 ], [ 80.85443, 30.17748 ], [ 80.85386, 30.1815 ], [ 80.84837, 30.18544 ], [ 80.84684, 30.18778 ], [ 80.83937, 30.19364 ], [ 80.8372, 30.19966 ], [ 80.83263, 30.20383 ], [ 80.83287, 30.20504 ], [ 80.82718, 30.20842 ], [ 80.82714, 30.21017 ], [ 80.82491, 30.21408 ], [ 80.82202, 30.2169 ], [ 80.82229, 30.21856 ], [ 80.82112, 30.22038 ], [ 80.82015, 30.2205 ], [ 80.81883, 30.22366 ], [ 80.81566, 30.22512 ], [ 80.81301, 30.2245 ], [ 80.81131, 30.22845 ], [ 80.80816, 30.22916 ], [ 80.8032, 30.2323 ], [ 80.79844, 30.23687 ], [ 80.79574, 30.23835 ], [ 80.79378, 30.24174 ], [ 80.79004, 30.24527 ], [ 80.78676, 30.24998 ], [ 80.78522, 30.25514 ], [ 80.78263, 30.25996 ], [ 80.77668, 30.26558 ], [ 80.77714, 30.26704 ], [ 80.76661, 30.27813 ], [ 80.76189, 30.27888 ], [ 80.7616, 30.28303 ], [ 80.75978, 30.28658 ], [ 80.76094, 30.29443 ], [ 80.75924, 30.29718 ], [ 80.75985, 30.29834 ], [ 80.75888, 30.3019 ], [ 80.75669, 30.30554 ], [ 80.75281, 30.3081 ], [ 80.74307, 30.30636 ], [ 80.73751, 30.30792 ], [ 80.73393, 30.31148 ], [ 80.73425, 30.3136 ], [ 80.73368, 30.3144 ], [ 80.73443, 30.31615 ], [ 80.7339, 30.31688 ], [ 80.72665, 30.32116 ], [ 80.7237, 30.3221 ], [ 80.72078, 30.32451 ], [ 80.71864, 30.32504 ], [ 80.71656, 30.32826 ], [ 80.71464, 30.32954 ], [ 80.70809, 30.33053 ], [ 80.70467, 30.33341 ], [ 80.69812, 30.33429 ], [ 80.69714, 30.33522 ], [ 80.69592, 30.33395 ], [ 80.69084, 30.33295 ], [ 80.68923, 30.33408 ], [ 80.68769, 30.33343 ], [ 80.68383, 30.33445 ], [ 80.67959, 30.33889 ], [ 80.67398, 30.33945 ], [ 80.67293, 30.34084 ], [ 80.66893, 30.34212 ], [ 80.66613, 30.34462 ], [ 80.66501, 30.34839 ], [ 80.66284, 30.35039 ], [ 80.6609, 30.35084 ], [ 80.66119, 30.35299 ], [ 80.65869, 30.3546 ], [ 80.65895, 30.35555 ], [ 80.6606, 30.35583 ], [ 80.65983, 30.35864 ], [ 80.66015, 30.36075 ], [ 80.65772, 30.36687 ], [ 80.65565, 30.37784 ], [ 80.65373, 30.38106 ], [ 80.64931, 30.38314 ], [ 80.64695, 30.38646 ], [ 80.64098, 30.38879 ], [ 80.63816, 30.39093 ], [ 80.63798, 30.39284 ], [ 80.63624, 30.39457 ], [ 80.63566, 30.39813 ], [ 80.63389, 30.39857 ], [ 80.63434, 30.40293 ], [ 80.63251, 30.40546 ], [ 80.62791, 30.40881 ], [ 80.62669, 30.41086 ], [ 80.62613, 30.41437 ], [ 80.627, 30.41604 ], [ 80.62875, 30.41653 ], [ 80.62906, 30.41788 ], [ 80.62543, 30.42039 ], [ 80.62262, 30.42534 ], [ 80.6219, 30.43369 ], [ 80.61543, 30.43971 ], [ 80.61172, 30.44545 ], [ 80.60738, 30.44651 ], [ 80.60459, 30.44863 ], [ 80.60242, 30.44921 ], [ 80.59769, 30.44873 ], [ 80.59033, 30.44561 ], [ 80.58271, 30.44547 ], [ 80.57333, 30.4423 ], [ 80.56559, 30.43723 ], [ 80.55905, 30.42962 ], [ 80.54917, 30.42323 ], [ 80.54459, 30.41806 ], [ 80.53923, 30.41515 ], [ 80.53776, 30.41522 ], [ 80.53504, 30.41749 ], [ 80.53166, 30.42163 ], [ 80.52543, 30.42512 ], [ 80.52864, 30.42994 ], [ 80.52893, 30.43428 ], [ 80.52819, 30.43606 ], [ 80.52891, 30.43692 ], [ 80.53622, 30.44102 ], [ 80.54066, 30.44822 ], [ 80.54795, 30.44866 ], [ 80.55242, 30.4506 ], [ 80.55345, 30.45222 ], [ 80.55946, 30.45397 ], [ 80.55975, 30.45556 ], [ 80.56542, 30.46009 ], [ 80.56494, 30.46386 ], [ 80.56717, 30.46741 ], [ 80.56828, 30.46424 ], [ 80.57327, 30.46462 ], [ 80.57613, 30.46383 ], [ 80.58167, 30.46782 ], [ 80.58413, 30.4684 ], [ 80.59705, 30.46785 ], [ 80.59895, 30.47293 ], [ 80.60625, 30.47297 ], [ 80.60913, 30.46517 ], [ 80.61367, 30.46089 ], [ 80.61552, 30.46093 ], [ 80.62338, 30.46423 ], [ 80.62782, 30.45867 ], [ 80.63026, 30.45794 ], [ 80.63626, 30.45279 ], [ 80.64091, 30.45307 ], [ 80.64495, 30.45117 ], [ 80.64799, 30.44826 ], [ 80.65829, 30.44522 ], [ 80.65982, 30.4427 ], [ 80.66511, 30.44006 ], [ 80.66713, 30.43812 ], [ 80.6677, 30.43645 ], [ 80.67112, 30.43415 ], [ 80.67601, 30.43255 ], [ 80.67808, 30.43048 ], [ 80.67725, 30.42704 ], [ 80.67771, 30.42572 ], [ 80.6789, 30.42453 ], [ 80.68562, 30.4233 ], [ 80.68713, 30.42146 ], [ 80.68789, 30.41757 ], [ 80.696, 30.41566 ], [ 80.69976, 30.41565 ], [ 80.70267, 30.42029 ], [ 80.70614, 30.42052 ], [ 80.71701, 30.41469 ], [ 80.7179, 30.41269 ], [ 80.72689, 30.40555 ], [ 80.7292, 30.4041 ], [ 80.73379, 30.40378 ], [ 80.73563, 30.40079 ], [ 80.7374, 30.39985 ], [ 80.74515, 30.39161 ], [ 80.74909, 30.3904 ], [ 80.75063, 30.38674 ], [ 80.75097, 30.38291 ], [ 80.75861, 30.37902 ], [ 80.76228, 30.37467 ], [ 80.7653, 30.37533 ], [ 80.76778, 30.37088 ], [ 80.77225, 30.36906 ], [ 80.77562, 30.36563 ], [ 80.77806, 30.36016 ], [ 80.77965, 30.35869 ], [ 80.78662, 30.35744 ], [ 80.78548, 30.35574 ], [ 80.78435, 30.35039 ], [ 80.78603, 30.34657 ], [ 80.79085, 30.34212 ], [ 80.80263, 30.3362 ], [ 80.80096, 30.3305 ], [ 80.80223, 30.32748 ], [ 80.81882, 30.32664 ], [ 80.82029, 30.32569 ], [ 80.82092, 30.32235 ], [ 80.82592, 30.31813 ], [ 80.82889, 30.31822 ], [ 80.83431, 30.31663 ], [ 80.84155, 30.31836 ], [ 80.84576, 30.32022 ], [ 80.85593, 30.31786 ], [ 80.86249, 30.31721 ], [ 80.86748, 30.3116 ], [ 80.87193, 30.30942 ], [ 80.87407, 30.30373 ], [ 80.879, 30.30398 ], [ 80.88355, 30.30327 ], [ 80.88542, 30.30223 ], [ 80.89376, 30.30419 ], [ 80.90281, 30.30234 ], [ 80.90348, 30.30131 ], [ 80.90658, 30.30001 ], [ 80.91377, 30.29152 ], [ 80.92549, 30.28642 ], [ 80.93063, 30.28117 ], [ 80.9309, 30.27849 ], [ 80.9267, 30.27639 ], [ 80.9261, 30.27286 ], [ 80.92675, 30.27111 ], [ 80.93566, 30.26494 ], [ 80.9361, 30.26628 ], [ 80.94008, 30.26943 ], [ 80.95222, 30.27299 ], [ 80.96749, 30.27175 ], [ 80.97638, 30.27259 ], [ 80.97765, 30.26977 ], [ 80.98502, 30.26795 ], [ 80.98934, 30.27063 ], [ 81.00522, 30.26513 ], [ 81.00894, 30.26171 ], [ 81.00797, 30.25688 ], [ 81.02007, 30.25386 ], [ 81.02155, 30.25135 ], [ 81.02261, 30.25088 ], [ 81.03188, 30.24929 ], [ 81.03183, 30.24687 ], [ 81.02897, 30.243 ], [ 81.03036, 30.23782 ], [ 81.02572, 30.22678 ], [ 81.02931, 30.22563 ], [ 81.02983, 30.22335 ], [ 81.02882, 30.221 ], [ 81.02906, 30.21962 ], [ 81.0339, 30.21845 ], [ 81.03665, 30.21591 ], [ 81.04005, 30.21529 ], [ 81.04234, 30.21187 ], [ 81.0446, 30.21105 ], [ 81.04557, 30.20748 ], [ 81.04273, 30.20434 ], [ 81.03414, 30.20141 ], [ 81.03515, 30.19833 ], [ 81.03348, 30.19686 ], [ 81.04238, 30.19352 ], [ 81.04234, 30.1908 ], [ 81.0436, 30.18676 ], [ 81.04273, 30.18316 ], [ 81.04378, 30.18051 ], [ 81.0455, 30.17945 ], [ 81.05029, 30.17973 ], [ 81.05161, 30.17887 ], [ 81.053, 30.1757 ], [ 81.05605, 30.17333 ], [ 81.05686, 30.16981 ], [ 81.06148, 30.16771 ], [ 81.064, 30.1587 ], [ 81.06605, 30.15735 ], [ 81.07728, 30.1548 ], [ 81.07881, 30.15171 ], [ 81.08296, 30.14829 ], [ 81.08191, 30.14603 ], [ 81.08246, 30.14345 ], [ 81.08169, 30.14123 ], [ 81.08182, 30.13747 ], [ 81.08273, 30.13567 ], [ 81.07859, 30.127 ], [ 81.07816, 30.12458 ], [ 81.07937, 30.12288 ], [ 81.0818, 30.12159 ], [ 81.08441, 30.11679 ], [ 81.08438, 30.10663 ], [ 81.08119, 30.10033 ], [ 81.08259, 30.09944 ], [ 81.08694, 30.0989 ], [ 81.09455, 30.10073 ], [ 81.09821, 30.09994 ], [ 81.10186, 30.09705 ], [ 81.10209, 30.09528 ], [ 81.10453, 30.09112 ], [ 81.10765, 30.08866 ], [ 81.10862, 30.08608 ], [ 81.10604, 30.07919 ], [ 81.10711, 30.07773 ], [ 81.10072, 30.07473 ], [ 81.0988, 30.0646 ], [ 81.09554, 30.06164 ], [ 81.09406, 30.05772 ], [ 81.09079, 30.05414 ], [ 81.09502, 30.05199 ], [ 81.09911, 30.04761 ], [ 81.10654, 30.0443 ], [ 81.10767, 30.04152 ], [ 81.10756, 30.0395 ], [ 81.11065, 30.03557 ], [ 81.11308, 30.03441 ], [ 81.11805, 30.03415 ], [ 81.11964, 30.03093 ], [ 81.12203, 30.02842 ], [ 81.12405, 30.02006 ], [ 81.13324, 30.01597 ], [ 81.14044, 30.01674 ], [ 81.14396, 30.01619 ], [ 81.14924, 30.0115 ], [ 81.15623, 30.01237 ], [ 81.15866, 30.01122 ], [ 81.1636, 30.01045 ], [ 81.17093, 30.01439 ], [ 81.17758, 30.01502 ], [ 81.18034, 30.0139 ], [ 81.18391, 30.01071 ], [ 81.18567, 30.01173 ], [ 81.1903, 30.01715 ], [ 81.19126, 30.01937 ], [ 81.19471, 30.0228 ], [ 81.20068, 30.02134 ], [ 81.20387, 30.02194 ], [ 81.20761, 30.02037 ], [ 81.21058, 30.01553 ], [ 81.2141, 30.01395 ], [ 81.21735, 30.00723 ], [ 81.22481, 30.00802 ], [ 81.2316, 30.00762 ], [ 81.23519, 30.01043 ], [ 81.23984, 30.01249 ], [ 81.24188, 30.01251 ], [ 81.24529, 30.01113 ], [ 81.25354, 30.01962 ], [ 81.25315, 30.02356 ], [ 81.24729, 30.02731 ], [ 81.2373, 30.03176 ], [ 81.24324, 30.03393 ], [ 81.24399, 30.03509 ], [ 81.2499, 30.03853 ], [ 81.26191, 30.03985 ], [ 81.26308, 30.04058 ], [ 81.26387, 30.04327 ], [ 81.27185, 30.04519 ], [ 81.27441, 30.04406 ], [ 81.28125, 30.0434 ], [ 81.28239, 30.04021 ], [ 81.28455, 30.03747 ], [ 81.29093, 30.03491 ], [ 81.30016, 30.03325 ], [ 81.30674, 30.03097 ], [ 81.30968, 30.03278 ], [ 81.3145, 30.03263 ], [ 81.31854, 30.02552 ], [ 81.33166, 30.02405 ], [ 81.34634, 30.01871 ], [ 81.35693, 30.01048 ], [ 81.36382, 30.00954 ], [ 81.36753, 30.01091 ], [ 81.37035, 30.00964 ], [ 81.3747, 30.00986 ], [ 81.3765, 30.00639 ], [ 81.38183, 30.00714 ], [ 81.38262, 30.00802 ], [ 81.38355, 30.01322 ], [ 81.39012, 30.01681 ], [ 81.39943, 30.01803 ], [ 81.40122, 30.02275 ], [ 81.40195, 30.02113 ], [ 81.40471, 30.01958 ], [ 81.41252, 30.01855 ], [ 81.41616, 30.01482 ], [ 81.42124, 30.01156 ], [ 81.42442, 30.01077 ], [ 81.43014, 30.00751 ], [ 81.43391, 30.00815 ], [ 81.44015, 30.00687 ], [ 81.44442, 30.00293 ], [ 81.45439, 30.00235 ], [ 81.45704, 30.0009 ], [ 81.46304, 29.99548 ], [ 81.46057, 29.98574 ], [ 81.46345, 29.98166 ], [ 81.46512, 29.98083 ], [ 81.46993, 29.97504 ], [ 81.47007, 29.97308 ], [ 81.46816, 29.97101 ], [ 81.46857, 29.96362 ], [ 81.46397, 29.95785 ], [ 81.46085, 29.95763 ], [ 81.45326, 29.95172 ], [ 81.45276, 29.94896 ], [ 81.45649, 29.94557 ], [ 81.45849, 29.94256 ], [ 81.45467, 29.93468 ], [ 81.45891, 29.93176 ], [ 81.4601, 29.92959 ], [ 81.46023, 29.92392 ], [ 81.46257, 29.92089 ], [ 81.45999, 29.91798 ], [ 81.46155, 29.91324 ], [ 81.45693, 29.90567 ], [ 81.45631, 29.90112 ], [ 81.46438, 29.8933 ], [ 81.47057, 29.88976 ], [ 81.47585, 29.89042 ], [ 81.47974, 29.89198 ], [ 81.48282, 29.89151 ], [ 81.4887, 29.88801 ], [ 81.49262, 29.88709 ], [ 81.4955, 29.88995 ], [ 81.50387, 29.89281 ], [ 81.51168, 29.90084 ], [ 81.51682, 29.90427 ], [ 81.51688, 29.9057 ], [ 81.5148, 29.90758 ], [ 81.51493, 29.90907 ], [ 81.51188, 29.91607 ], [ 81.51677, 29.92271 ], [ 81.5282, 29.92402 ], [ 81.5348, 29.92751 ], [ 81.53764, 29.92653 ], [ 81.54213, 29.92702 ], [ 81.54925, 29.92309 ], [ 81.55527, 29.92704 ], [ 81.55953, 29.92608 ], [ 81.56418, 29.9308 ], [ 81.5672, 29.93144 ], [ 81.5701, 29.93339 ], [ 81.5735, 29.93443 ], [ 81.57744, 29.93382 ], [ 81.5806, 29.93608 ], [ 81.58478, 29.93678 ], [ 81.58659, 29.93603 ], [ 81.59091, 29.93059 ], [ 81.59677, 29.93131 ], [ 81.60251, 29.93009 ], [ 81.60505, 29.93242 ], [ 81.60588, 29.93717 ], [ 81.61278, 29.94316 ], [ 81.61853, 29.93843 ], [ 81.62133, 29.93939 ], [ 81.6265, 29.9383 ], [ 81.63432, 29.94075 ], [ 81.63704, 29.94483 ], [ 81.64302, 29.94772 ], [ 81.64551, 29.94809 ], [ 81.65295, 29.94279 ], [ 81.65729, 29.94332 ], [ 81.66503, 29.94022 ], [ 81.66731, 29.94091 ], [ 81.6706, 29.94061 ], [ 81.6848, 29.94841 ], [ 81.68767, 29.94901 ], [ 81.69782, 29.94141 ], [ 81.69886, 29.93787 ], [ 81.69748, 29.93442 ], [ 81.69736, 29.93142 ], [ 81.70953, 29.9268 ], [ 81.71066, 29.91424 ], [ 81.71588, 29.90935 ], [ 81.72147, 29.91152 ], [ 81.72644, 29.91227 ], [ 81.73121, 29.91074 ], [ 81.73327, 29.90786 ], [ 81.73874, 29.90824 ], [ 81.74209, 29.90723 ], [ 81.74583, 29.90856 ], [ 81.74807, 29.908 ], [ 81.75087, 29.90899 ], [ 81.75487, 29.90847 ], [ 81.75824, 29.91101 ], [ 81.76127, 29.91161 ], [ 81.76168, 29.91232 ], [ 81.76338, 29.91098 ], [ 81.76925, 29.90945 ], [ 81.77268, 29.90972 ], [ 81.77522, 29.91113 ], [ 81.77985, 29.91099 ], [ 81.7808, 29.90909 ], [ 81.78252, 29.90849 ], [ 81.78546, 29.91029 ], [ 81.78856, 29.90955 ], [ 81.79098, 29.90671 ], [ 81.7991, 29.90161 ], [ 81.79862, 29.89662 ], [ 81.79561, 29.89688 ], [ 81.79352, 29.89546 ], [ 81.79622, 29.89036 ], [ 81.79581, 29.88914 ], [ 81.79661, 29.88612 ], [ 81.7959, 29.88224 ], [ 81.79709, 29.87873 ], [ 81.79634, 29.87496 ], [ 81.7966, 29.86678 ], [ 81.79444, 29.86271 ], [ 81.79514, 29.86033 ], [ 81.7929, 29.85781 ], [ 81.7928, 29.85564 ], [ 81.79143, 29.85373 ], [ 81.79409, 29.84877 ], [ 81.78906, 29.84324 ], [ 81.78066, 29.83921 ], [ 81.7829, 29.83717 ], [ 81.78327, 29.83045 ], [ 81.78288, 29.82713 ], [ 81.78148, 29.82485 ], [ 81.78267, 29.82217 ], [ 81.77908, 29.81431 ], [ 81.78057, 29.81046 ], [ 81.78024, 29.80699 ], [ 81.77843, 29.80539 ], [ 81.77683, 29.80142 ], [ 81.77354, 29.79808 ], [ 81.77119, 29.79843 ], [ 81.76936, 29.79995 ], [ 81.7644, 29.80175 ], [ 81.7581, 29.79735 ], [ 81.75524, 29.79675 ], [ 81.75289, 29.79866 ], [ 81.7466, 29.79455 ], [ 81.7395, 29.79216 ], [ 81.74012, 29.78925 ], [ 81.73711, 29.78458 ], [ 81.73696, 29.77959 ], [ 81.73603, 29.77684 ], [ 81.73285, 29.77184 ], [ 81.73122, 29.77103 ], [ 81.73006, 29.76914 ], [ 81.73123, 29.76243 ], [ 81.73272, 29.75912 ], [ 81.73156, 29.7576 ], [ 81.73122, 29.75509 ], [ 81.72668, 29.74789 ], [ 81.72636, 29.74395 ], [ 81.72819, 29.74152 ], [ 81.72604, 29.7371 ], [ 81.72727, 29.73544 ], [ 81.7269, 29.73406 ], [ 81.72298, 29.72959 ], [ 81.71979, 29.72913 ], [ 81.71391, 29.72224 ], [ 81.71251, 29.71797 ], [ 81.71246, 29.71408 ], [ 81.71156, 29.7114 ], [ 81.70994, 29.70982 ], [ 81.71073, 29.70787 ], [ 81.70846, 29.70282 ], [ 81.70858, 29.70019 ], [ 81.70397, 29.69328 ], [ 81.70416, 29.69138 ], [ 81.70297, 29.68824 ], [ 81.69733, 29.6808 ], [ 81.69695, 29.67825 ], [ 81.69899, 29.6703 ], [ 81.69937, 29.66186 ], [ 81.70203, 29.65545 ], [ 81.70159, 29.64932 ], [ 81.70022, 29.64741 ], [ 81.70349, 29.64535 ], [ 81.70348, 29.64462 ], [ 81.69994, 29.64315 ], [ 81.69927, 29.64201 ], [ 81.70251, 29.6419 ], [ 81.70346, 29.64017 ], [ 81.70274, 29.63713 ], [ 81.70644, 29.63527 ], [ 81.70939, 29.63227 ], [ 81.70958, 29.62707 ], [ 81.71295, 29.62517 ], [ 81.71568, 29.6208 ], [ 81.71687, 29.62031 ], [ 81.71982, 29.62109 ], [ 81.72057, 29.61636 ], [ 81.72369, 29.61503 ], [ 81.72783, 29.61492 ], [ 81.7368, 29.60652 ], [ 81.75036, 29.60485 ], [ 81.75542, 29.60592 ], [ 81.76035, 29.60515 ], [ 81.76238, 29.60608 ], [ 81.7687, 29.60649 ], [ 81.77365, 29.60575 ], [ 81.77559, 29.60162 ], [ 81.77781, 29.59969 ], [ 81.78378, 29.59722 ], [ 81.78957, 29.5966 ], [ 81.79083, 29.59374 ], [ 81.78976, 29.58962 ], [ 81.7943, 29.58401 ], [ 81.79537, 29.58079 ], [ 81.79842, 29.57652 ], [ 81.79775, 29.57334 ], [ 81.7989, 29.55915 ], [ 81.79745, 29.55208 ], [ 81.79346, 29.54776 ], [ 81.79027, 29.54047 ], [ 81.79002, 29.53765 ], [ 81.79242, 29.53332 ], [ 81.79277, 29.53053 ], [ 81.79178, 29.5293 ], [ 81.78561, 29.52833 ], [ 81.78228, 29.52468 ], [ 81.78097, 29.52037 ], [ 81.77717, 29.51728 ], [ 81.77712, 29.51562 ], [ 81.7807, 29.51051 ], [ 81.78051, 29.50911 ], [ 81.77478, 29.50798 ], [ 81.76908, 29.50931 ], [ 81.76237, 29.50529 ], [ 81.76672, 29.50342 ], [ 81.77147, 29.50358 ], [ 81.77713, 29.50233 ], [ 81.7791, 29.50117 ], [ 81.7838, 29.50226 ], [ 81.78793, 29.49997 ], [ 81.78765, 29.49746 ], [ 81.78926, 29.49482 ], [ 81.79649, 29.4865 ], [ 81.79904, 29.48114 ], [ 81.8038, 29.47509 ], [ 81.80534, 29.46882 ], [ 81.80694, 29.4661 ], [ 81.80675, 29.46306 ], [ 81.8081, 29.45628 ], [ 81.80771, 29.45388 ], [ 81.80516, 29.45257 ], [ 81.80305, 29.44731 ], [ 81.80349, 29.44218 ], [ 81.80532, 29.43929 ], [ 81.80205, 29.43165 ], [ 81.79892, 29.42909 ], [ 81.79942, 29.4272 ], [ 81.79867, 29.4209 ], [ 81.79715, 29.41781 ], [ 81.79663, 29.41453 ], [ 81.79755, 29.41239 ], [ 81.79633, 29.40837 ], [ 81.79767, 29.4066 ], [ 81.7949, 29.40238 ], [ 81.79439, 29.39935 ], [ 81.79034, 29.39597 ], [ 81.78932, 29.39354 ], [ 81.78923, 29.38896 ], [ 81.78638, 29.38869 ], [ 81.77668, 29.39132 ], [ 81.77169, 29.39091 ], [ 81.76872, 29.39217 ], [ 81.76679, 29.39038 ], [ 81.76711, 29.38668 ], [ 81.76641, 29.38568 ], [ 81.7618, 29.38676 ], [ 81.76024, 29.3857 ], [ 81.75985, 29.38352 ], [ 81.75766, 29.38122 ], [ 81.75642, 29.37561 ], [ 81.75501, 29.37484 ], [ 81.74956, 29.3665 ], [ 81.74905, 29.36218 ], [ 81.74965, 29.36 ], [ 81.75108, 29.35905 ], [ 81.74996, 29.35776 ], [ 81.75091, 29.3561 ], [ 81.7501, 29.35403 ], [ 81.75242, 29.35233 ], [ 81.7522, 29.35174 ], [ 81.75025, 29.3486 ], [ 81.74723, 29.3466 ], [ 81.74538, 29.33884 ], [ 81.73954, 29.33391 ], [ 81.72982, 29.33516 ], [ 81.72233, 29.33239 ], [ 81.71589, 29.33127 ], [ 81.70307, 29.33054 ], [ 81.69964, 29.32938 ], [ 81.69382, 29.32539 ], [ 81.6908, 29.32052 ], [ 81.68279, 29.31946 ], [ 81.67819, 29.32141 ], [ 81.66993, 29.31683 ], [ 81.66267, 29.31961 ], [ 81.65612, 29.31962 ], [ 81.65284, 29.32155 ], [ 81.64825, 29.32113 ], [ 81.64632, 29.32348 ], [ 81.647, 29.325 ], [ 81.64644, 29.328 ], [ 81.64236, 29.33175 ], [ 81.64183, 29.33439 ], [ 81.64387, 29.34336 ], [ 81.64357, 29.35545 ], [ 81.64207, 29.35632 ], [ 81.64024, 29.35533 ], [ 81.63902, 29.35566 ], [ 81.63815, 29.36146 ], [ 81.63461, 29.36435 ], [ 81.62744, 29.36608 ], [ 81.62548, 29.3688 ], [ 81.61356, 29.37072 ], [ 81.61138, 29.37015 ], [ 81.60833, 29.36722 ], [ 81.60366, 29.36693 ], [ 81.59978, 29.36557 ], [ 81.59282, 29.36603 ], [ 81.58997, 29.36513 ], [ 81.58317, 29.36503 ], [ 81.58113, 29.36446 ], [ 81.57953, 29.36245 ], [ 81.57617, 29.36279 ], [ 81.57306, 29.3607 ], [ 81.57368, 29.35864 ], [ 81.57317, 29.35508 ], [ 81.57088, 29.35038 ], [ 81.56691, 29.34777 ], [ 81.56634, 29.34909 ], [ 81.56094, 29.35141 ], [ 81.5591, 29.35425 ], [ 81.55834, 29.35784 ], [ 81.55027, 29.34948 ], [ 81.55048, 29.34568 ], [ 81.54726, 29.33818 ], [ 81.54034, 29.33222 ], [ 81.53579, 29.33108 ], [ 81.53162, 29.32734 ], [ 81.52879, 29.32603 ], [ 81.52377, 29.31506 ], [ 81.52113, 29.31555 ], [ 81.51797, 29.3149 ], [ 81.51617, 29.31234 ], [ 81.51509, 29.312 ], [ 81.5124, 29.31314 ], [ 81.51096, 29.31267 ], [ 81.50785, 29.31454 ], [ 81.50466, 29.30782 ], [ 81.5037, 29.30316 ], [ 81.49988, 29.29725 ], [ 81.49569, 29.29351 ], [ 81.49065, 29.29056 ], [ 81.48757, 29.28673 ], [ 81.48375, 29.27954 ], [ 81.47873, 29.27769 ], [ 81.47599, 29.2756 ], [ 81.47274, 29.2748 ], [ 81.46795, 29.27183 ], [ 81.47132, 29.26864 ], [ 81.47545, 29.26662 ], [ 81.47752, 29.26393 ], [ 81.47954, 29.26446 ], [ 81.48412, 29.263 ], [ 81.48694, 29.26332 ], [ 81.49109, 29.26162 ], [ 81.49464, 29.25709 ], [ 81.49477, 29.25455 ], [ 81.49313, 29.2522 ], [ 81.4951, 29.24478 ], [ 81.49951, 29.23879 ], [ 81.49812, 29.23878 ], [ 81.49471, 29.23625 ], [ 81.4918, 29.23302 ], [ 81.4909, 29.23087 ], [ 81.48747, 29.22786 ], [ 81.48645, 29.22541 ], [ 81.48557, 29.21075 ], [ 81.48199, 29.20052 ], [ 81.48377, 29.19733 ], [ 81.48459, 29.19269 ], [ 81.49065, 29.18496 ], [ 81.48981, 29.18053 ], [ 81.48668, 29.17584 ], [ 81.4872, 29.17294 ], [ 81.49056, 29.16981 ], [ 81.49514, 29.1688 ], [ 81.49463, 29.16543 ], [ 81.49525, 29.1599 ], [ 81.49683, 29.15476 ], [ 81.49898, 29.15168 ], [ 81.51191, 29.15119 ], [ 81.51341, 29.15301 ], [ 81.5154, 29.15272 ], [ 81.51822, 29.15355 ], [ 81.52004, 29.15275 ], [ 81.52456, 29.15268 ], [ 81.53321, 29.14651 ], [ 81.53292, 29.14087 ], [ 81.53518, 29.13682 ], [ 81.53755, 29.1363 ], [ 81.53973, 29.13422 ], [ 81.5523, 29.12851 ], [ 81.56186, 29.12741 ], [ 81.56544, 29.12609 ], [ 81.56088, 29.12489 ], [ 81.55126, 29.11962 ], [ 81.54768, 29.11539 ], [ 81.5366, 29.10668 ], [ 81.5234, 29.1042 ], [ 81.52209, 29.10282 ], [ 81.52149, 29.10022 ], [ 81.51902, 29.09849 ], [ 81.51797, 29.09652 ], [ 81.51466, 29.09539 ], [ 81.50979, 29.09066 ], [ 81.50048, 29.0911 ], [ 81.49666, 29.08867 ], [ 81.49319, 29.08824 ], [ 81.483, 29.08307 ], [ 81.47398, 29.08035 ], [ 81.46927, 29.07806 ], [ 81.46727, 29.07249 ], [ 81.46771, 29.0687 ], [ 81.4667, 29.06702 ], [ 81.46453, 29.06562 ], [ 81.45919, 29.06463 ], [ 81.4532, 29.0597 ], [ 81.44402, 29.05373 ], [ 81.44283, 29.0508 ], [ 81.44285, 29.04689 ], [ 81.43955, 29.04022 ], [ 81.43805, 29.03901 ], [ 81.43261, 29.03745 ], [ 81.42991, 29.02942 ], [ 81.42542, 29.02293 ], [ 81.41889, 29.02244 ], [ 81.41769, 29.0213 ], [ 81.41527, 29.01709 ], [ 81.4148, 29.01377 ], [ 81.41602, 29.00924 ], [ 81.41864, 29.00611 ], [ 81.41892, 29.00425 ], [ 81.41719, 29.00056 ], [ 81.41369, 28.99825 ], [ 81.41067, 28.99796 ], [ 81.41003, 28.9969 ], [ 81.41071, 28.99593 ], [ 81.41502, 28.99435 ], [ 81.41605, 28.99145 ], [ 81.42011, 28.98798 ], [ 81.42142, 28.98345 ], [ 81.42503, 28.98019 ], [ 81.42554, 28.97761 ], [ 81.42235, 28.97036 ], [ 81.42391, 28.96632 ], [ 81.42815, 28.9645 ], [ 81.42844, 28.96226 ], [ 81.43087, 28.95843 ], [ 81.43268, 28.95703 ], [ 81.43703, 28.95662 ], [ 81.44213, 28.9601 ], [ 81.44384, 28.95847 ], [ 81.44503, 28.95234 ], [ 81.44377, 28.94168 ], [ 81.44452, 28.94037 ], [ 81.45119, 28.93892 ], [ 81.45491, 28.93481 ], [ 81.45579, 28.93103 ], [ 81.4595, 28.93062 ], [ 81.46237, 28.9289 ], [ 81.46642, 28.92884 ], [ 81.47082, 28.92258 ], [ 81.47359, 28.91664 ], [ 81.48063, 28.90897 ], [ 81.48312, 28.90274 ], [ 81.49154, 28.89414 ], [ 81.49763, 28.89029 ], [ 81.50035, 28.88945 ], [ 81.50887, 28.88975 ], [ 81.51002, 28.88382 ], [ 81.51504, 28.87438 ], [ 81.52202, 28.86989 ], [ 81.52281, 28.86711 ], [ 81.52534, 28.86465 ], [ 81.52776, 28.85949 ], [ 81.53181, 28.85604 ], [ 81.53772, 28.84264 ], [ 81.53776, 28.83635 ], [ 81.54321, 28.83104 ], [ 81.54408, 28.82768 ], [ 81.54881, 28.81883 ], [ 81.55172, 28.81579 ], [ 81.55282, 28.81142 ], [ 81.5521, 28.80951 ], [ 81.55676, 28.8001 ], [ 81.55678, 28.7975 ], [ 81.56191, 28.79322 ], [ 81.56608, 28.79128 ], [ 81.57463, 28.78332 ], [ 81.57976, 28.77999 ], [ 81.58153, 28.7746 ], [ 81.58053, 28.77185 ], [ 81.58192, 28.76481 ], [ 81.58119, 28.75916 ], [ 81.57976, 28.75689 ], [ 81.57744, 28.75523 ], [ 81.57225, 28.75545 ], [ 81.56799, 28.75464 ], [ 81.55793, 28.75108 ], [ 81.54809, 28.74918 ], [ 81.54097, 28.74835 ], [ 81.53, 28.74901 ], [ 81.52295, 28.7482 ], [ 81.52035, 28.749 ], [ 81.51961, 28.75007 ], [ 81.52062, 28.75145 ], [ 81.52943, 28.75566 ], [ 81.53216, 28.75769 ], [ 81.53495, 28.76126 ], [ 81.53421, 28.76388 ], [ 81.53119, 28.76751 ], [ 81.52771, 28.7745 ], [ 81.52495, 28.77578 ], [ 81.51807, 28.77687 ], [ 81.51536, 28.78038 ], [ 81.51578, 28.788 ], [ 81.51836, 28.79577 ], [ 81.52163, 28.79744 ], [ 81.52298, 28.79915 ], [ 81.52225, 28.80327 ], [ 81.51783, 28.80696 ], [ 81.50998, 28.80925 ], [ 81.50336, 28.81712 ], [ 81.49812, 28.8212 ], [ 81.49561, 28.82623 ], [ 81.49384, 28.83316 ], [ 81.49071, 28.83702 ], [ 81.49042, 28.84091 ], [ 81.48788, 28.84234 ], [ 81.48158, 28.84274 ], [ 81.47416, 28.84902 ], [ 81.46315, 28.85273 ], [ 81.46282, 28.85508 ], [ 81.4665, 28.85955 ], [ 81.46728, 28.86186 ], [ 81.46592, 28.86568 ], [ 81.46578, 28.86943 ], [ 81.46211, 28.87508 ], [ 81.46237, 28.88052 ], [ 81.46496, 28.88315 ], [ 81.46684, 28.88734 ], [ 81.46648, 28.89101 ], [ 81.46483, 28.8936 ], [ 81.46324, 28.89458 ], [ 81.45839, 28.89496 ], [ 81.45574, 28.89654 ], [ 81.44052, 28.90033 ], [ 81.43561, 28.90431 ], [ 81.43427, 28.9082 ], [ 81.43167, 28.91059 ], [ 81.42688, 28.90919 ], [ 81.42445, 28.90928 ], [ 81.41857, 28.91086 ], [ 81.41527, 28.91387 ], [ 81.41405, 28.91409 ], [ 81.40343, 28.90898 ], [ 81.40019, 28.90934 ], [ 81.39428, 28.90845 ], [ 81.39132, 28.90492 ], [ 81.38926, 28.90368 ], [ 81.38734, 28.89987 ], [ 81.38342, 28.89856 ], [ 81.37473, 28.89294 ], [ 81.36727, 28.89098 ], [ 81.35512, 28.8897 ], [ 81.34752, 28.89012 ], [ 81.34222, 28.89262 ], [ 81.33881, 28.89564 ], [ 81.33705, 28.89992 ], [ 81.33648, 28.90691 ], [ 81.33208, 28.90886 ], [ 81.32821, 28.90781 ], [ 81.32408, 28.90802 ], [ 81.32149, 28.91166 ], [ 81.32091, 28.91438 ], [ 81.31619, 28.92016 ], [ 81.30977, 28.92002 ], [ 81.30193, 28.92568 ], [ 81.29813, 28.92523 ], [ 81.29063, 28.9224 ], [ 81.28645, 28.92283 ], [ 81.2834, 28.92156 ], [ 81.2816, 28.91869 ], [ 81.27567, 28.91619 ], [ 81.27392, 28.9131 ], [ 81.27229, 28.90737 ], [ 81.26601, 28.9026 ], [ 81.26277, 28.90228 ], [ 81.26119, 28.90295 ], [ 81.2572, 28.90646 ], [ 81.25161, 28.91365 ], [ 81.24557, 28.91509 ], [ 81.2433, 28.91501 ], [ 81.24112, 28.91392 ], [ 81.23975, 28.91224 ], [ 81.23856, 28.90763 ], [ 81.23652, 28.90591 ], [ 81.21906, 28.90607 ], [ 81.20974, 28.9079 ], [ 81.20409, 28.90803 ], [ 81.20125, 28.90943 ], [ 81.19892, 28.91296 ], [ 81.19441, 28.91615 ], [ 81.18429, 28.91482 ], [ 81.16867, 28.92138 ], [ 81.16405, 28.92581 ], [ 81.15968, 28.92864 ], [ 81.1553, 28.93362 ], [ 81.14672, 28.93816 ], [ 81.1421, 28.94534 ], [ 81.13459, 28.94709 ], [ 81.13244, 28.94874 ], [ 81.12657, 28.95736 ], [ 81.11913, 28.96343 ], [ 81.11241, 28.96571 ], [ 81.10756, 28.96599 ], [ 81.1047, 28.96587 ], [ 81.10097, 28.96379 ], [ 81.09883, 28.9638 ], [ 81.08936, 28.96771 ], [ 81.08075, 28.96761 ], [ 81.07298, 28.96993 ], [ 81.06485, 28.97021 ], [ 81.05687, 28.97321 ], [ 81.05218, 28.97735 ], [ 81.0498, 28.97824 ], [ 81.04798, 28.97791 ], [ 81.0461, 28.97409 ], [ 81.04171, 28.96997 ], [ 81.02843, 28.96317 ], [ 81.02638, 28.95868 ], [ 81.02072, 28.95282 ], [ 81.01783, 28.95226 ], [ 81.01042, 28.95679 ], [ 81.00748, 28.95746 ], [ 81.00322, 28.9571 ], [ 80.99851, 28.95486 ], [ 80.99209, 28.9476 ], [ 80.98694, 28.94384 ], [ 80.98282, 28.9421 ], [ 80.9816, 28.94024 ], [ 80.98135, 28.93815 ], [ 80.98706, 28.93405 ], [ 80.99762, 28.92891 ], [ 81.00742, 28.92747 ], [ 81.01393, 28.92272 ], [ 81.02106, 28.91978 ], [ 81.02564, 28.91171 ], [ 81.03027, 28.90804 ], [ 81.03096, 28.90455 ], [ 81.03389, 28.89845 ], [ 81.03912, 28.89008 ], [ 81.04062, 28.88849 ], [ 81.0453, 28.88619 ], [ 81.04804, 28.88301 ], [ 81.0514, 28.87683 ], [ 81.05586, 28.87411 ], [ 81.05868, 28.8734 ], [ 81.06117, 28.87388 ], [ 81.06715, 28.87734 ], [ 81.0707, 28.87759 ], [ 81.07218, 28.87673 ], [ 81.07381, 28.87508 ], [ 81.07171, 28.86809 ], [ 81.07277, 28.86481 ], [ 81.0767, 28.86342 ], [ 81.08905, 28.86281 ], [ 81.09255, 28.85597 ], [ 81.10232, 28.84475 ], [ 81.10788, 28.84849 ], [ 81.11355, 28.85001 ], [ 81.12589, 28.85158 ], [ 81.12729, 28.85508 ], [ 81.12674, 28.8612 ], [ 81.12896, 28.86516 ], [ 81.13684, 28.87218 ], [ 81.14275, 28.87313 ], [ 81.14432, 28.87237 ], [ 81.14482, 28.87123 ], [ 81.14497, 28.86238 ], [ 81.14908, 28.85264 ], [ 81.1517, 28.849 ], [ 81.15584, 28.84663 ], [ 81.15756, 28.84451 ], [ 81.15259, 28.83185 ], [ 81.15288, 28.83034 ], [ 81.15481, 28.82903 ], [ 81.15663, 28.8286 ], [ 81.16526, 28.83481 ], [ 81.17401, 28.83493 ], [ 81.17557, 28.83345 ], [ 81.17799, 28.82804 ], [ 81.18168, 28.82499 ], [ 81.18728, 28.82291 ], [ 81.19551, 28.8212 ], [ 81.20214, 28.81673 ], [ 81.20495, 28.81746 ], [ 81.20748, 28.82228 ], [ 81.20658, 28.82518 ], [ 81.20356, 28.82823 ], [ 81.19509, 28.83298 ], [ 81.19925, 28.8465 ], [ 81.1999, 28.85201 ], [ 81.19855, 28.85744 ], [ 81.19865, 28.86019 ], [ 81.20013, 28.8626 ], [ 81.20226, 28.86363 ], [ 81.20604, 28.86236 ], [ 81.20803, 28.85967 ], [ 81.20833, 28.8575 ], [ 81.20553, 28.85476 ], [ 81.20515, 28.85286 ], [ 81.20575, 28.85081 ], [ 81.20844, 28.84712 ], [ 81.21234, 28.84355 ], [ 81.21863, 28.84171 ], [ 81.22421, 28.83881 ], [ 81.2256, 28.83729 ], [ 81.22587, 28.83541 ], [ 81.23033, 28.83333 ], [ 81.2337, 28.82961 ], [ 81.22952, 28.82596 ], [ 81.22953, 28.81729 ], [ 81.23182, 28.81497 ], [ 81.24074, 28.81235 ], [ 81.24214, 28.8098 ], [ 81.23897, 28.80299 ], [ 81.22782, 28.79889 ], [ 81.226, 28.79697 ], [ 81.2258, 28.79508 ], [ 81.22766, 28.79115 ], [ 81.23255, 28.78598 ], [ 81.23664, 28.78418 ], [ 81.24509, 28.78216 ], [ 81.24765, 28.77961 ], [ 81.25064, 28.77001 ], [ 81.24931, 28.76572 ], [ 81.24722, 28.76331 ], [ 81.24713, 28.76085 ], [ 81.25067, 28.75495 ], [ 81.25944, 28.75009 ], [ 81.26099, 28.7458 ], [ 81.25957, 28.74047 ], [ 81.25627, 28.73483 ], [ 81.25601, 28.72991 ], [ 81.26006, 28.72883 ], [ 81.27037, 28.72857 ], [ 81.27272, 28.72616 ], [ 81.27305, 28.71726 ], [ 81.2664, 28.70414 ], [ 81.26766, 28.70277 ], [ 81.27137, 28.70209 ], [ 81.27331, 28.70002 ], [ 81.27823, 28.69808 ], [ 81.28129, 28.69454 ], [ 81.28155, 28.69035 ], [ 81.28445, 28.6817 ], [ 81.28532, 28.67 ], [ 81.28732, 28.66345 ], [ 81.28763, 28.64857 ], [ 81.28188, 28.63927 ], [ 81.27097, 28.63016 ], [ 81.26868, 28.61778 ], [ 81.26093, 28.61358 ], [ 81.25951, 28.61206 ], [ 81.24853, 28.59407 ], [ 81.24426, 28.59053 ], [ 81.23234, 28.5775 ], [ 81.22421, 28.57083 ], [ 81.21892, 28.56688 ], [ 81.20448, 28.55844 ], [ 81.18917, 28.54547 ], [ 81.17366, 28.52909 ], [ 81.168, 28.52415 ], [ 81.16714, 28.5199 ] ] ] } },
{ "type": "Feature", "properties": { "fid": 3, "STATE_CODE": 2.0, "Province": "2" }, "geometry": { "type": "Polygon", "coordinates": [ [ [ 86.9712, 26.55329 ], [ 86.96863, 26.55151 ], [ 86.9665, 26.54704 ], [ 86.9642, 26.54502 ], [ 86.96166, 26.5435 ], [ 86.95627, 26.54235 ], [ 86.95125, 26.53743 ], [ 86.94554, 26.53683 ], [ 86.93317, 26.53354 ], [ 86.9236, 26.52319 ], [ 86.91665, 26.5124 ], [ 86.91589, 26.50797 ], [ 86.91774, 26.50445 ], [ 86.91613, 26.50139 ], [ 86.9139, 26.49977 ], [ 86.91075, 26.49912 ], [ 86.91088, 26.49774 ], [ 86.90954, 26.49526 ], [ 86.90664, 26.494 ], [ 86.90689, 26.49096 ], [ 86.90413, 26.48914 ], [ 86.90398, 26.48828 ], [ 86.89307, 26.48764 ], [ 86.89386, 26.48643 ], [ 86.89155, 26.48614 ], [ 86.89132, 26.48391 ], [ 86.89003, 26.48176 ], [ 86.89103, 26.48134 ], [ 86.89252, 26.4781 ], [ 86.89164, 26.47636 ], [ 86.89339, 26.47636 ], [ 86.89206, 26.47564 ], [ 86.89333, 26.47366 ], [ 86.89232, 26.47219 ], [ 86.89355, 26.47206 ], [ 86.89218, 26.46917 ], [ 86.89437, 26.46911 ], [ 86.89406, 26.46789 ], [ 86.89504, 26.46732 ], [ 86.89363, 26.4619 ], [ 86.88442, 26.46134 ], [ 86.88357, 26.46071 ], [ 86.88385, 26.45958 ], [ 86.88226, 26.45966 ], [ 86.87917, 26.45705 ], [ 86.87818, 26.45784 ], [ 86.87679, 26.45688 ], [ 86.87507, 26.45761 ], [ 86.87588, 26.4556 ], [ 86.87408, 26.45549 ], [ 86.87283, 26.45404 ], [ 86.87136, 26.45402 ], [ 86.87068, 26.45553 ], [ 86.86883, 26.45438 ], [ 86.86638, 26.45482 ], [ 86.86655, 26.45626 ], [ 86.86475, 26.4555 ], [ 86.86562, 26.45719 ], [ 86.86513, 26.45758 ], [ 86.86084, 26.45755 ], [ 86.86174, 26.45638 ], [ 86.85986, 26.45618 ], [ 86.85989, 26.45452 ], [ 86.85832, 26.45352 ], [ 86.85854, 26.45205 ], [ 86.85699, 26.45153 ], [ 86.85707, 26.4496 ], [ 86.85593, 26.44847 ], [ 86.85167, 26.44757 ], [ 86.84957, 26.44859 ], [ 86.8458, 26.44822 ], [ 86.84515, 26.44724 ], [ 86.84526, 26.4444 ], [ 86.84692, 26.44274 ], [ 86.84673, 26.44189 ], [ 86.8445, 26.44259 ], [ 86.84428, 26.44157 ], [ 86.8429, 26.44117 ], [ 86.84244, 26.44017 ], [ 86.83931, 26.44046 ], [ 86.83912, 26.44134 ], [ 86.84002, 26.4418 ], [ 86.83782, 26.44254 ], [ 86.83687, 26.44014 ], [ 86.836, 26.43992 ], [ 86.83638, 26.44075 ], [ 86.83494, 26.44104 ], [ 86.83331, 26.43901 ], [ 86.80434, 26.44631 ], [ 86.77384, 26.45683 ], [ 86.769, 26.45942 ], [ 86.76617, 26.45929 ], [ 86.76243, 26.45583 ], [ 86.76406, 26.45437 ], [ 86.76325, 26.45361 ], [ 86.76355, 26.45261 ], [ 86.76469, 26.45229 ], [ 86.76401, 26.45121 ], [ 86.76238, 26.4508 ], [ 86.76029, 26.45155 ], [ 86.76013, 26.4481 ], [ 86.75343, 26.44645 ], [ 86.75264, 26.44537 ], [ 86.75332, 26.44339 ], [ 86.75295, 26.442 ], [ 86.74991, 26.44138 ], [ 86.74714, 26.43617 ], [ 86.74387, 26.43495 ], [ 86.74417, 26.43394 ], [ 86.74698, 26.43359 ], [ 86.74634, 26.43089 ], [ 86.74692, 26.4285 ], [ 86.74317, 26.42718 ], [ 86.74062, 26.42454 ], [ 86.73761, 26.42565 ], [ 86.73695, 26.42336 ], [ 86.7327, 26.42438 ], [ 86.73081, 26.42231 ], [ 86.72917, 26.42277 ], [ 86.73029, 26.42603 ], [ 86.72851, 26.42678 ], [ 86.72715, 26.42479 ], [ 86.72495, 26.42615 ], [ 86.72002, 26.43486 ], [ 86.69969, 26.43735 ], [ 86.69986, 26.43922 ], [ 86.69843, 26.44277 ], [ 86.69538, 26.44468 ], [ 86.69595, 26.44886 ], [ 86.69432, 26.44905 ], [ 86.69325, 26.45117 ], [ 86.69017, 26.45089 ], [ 86.63991, 26.46335 ], [ 86.63827, 26.4639 ], [ 86.63837, 26.46554 ], [ 86.63705, 26.46634 ], [ 86.63433, 26.46616 ], [ 86.63326, 26.46452 ], [ 86.6301, 26.46864 ], [ 86.62921, 26.46814 ], [ 86.62974, 26.46658 ], [ 86.62733, 26.46699 ], [ 86.62974, 26.46954 ], [ 86.6269, 26.46885 ], [ 86.62602, 26.46948 ], [ 86.62749, 26.47569 ], [ 86.62924, 26.47803 ], [ 86.62796, 26.47894 ], [ 86.62729, 26.47826 ], [ 86.62767, 26.47731 ], [ 86.62689, 26.47701 ], [ 86.62579, 26.47876 ], [ 86.6259, 26.48069 ], [ 86.62375, 26.48057 ], [ 86.62308, 26.48188 ], [ 86.62148, 26.48172 ], [ 86.62139, 26.48349 ], [ 86.62049, 26.48436 ], [ 86.61842, 26.4836 ], [ 86.61728, 26.48454 ], [ 86.61511, 26.48476 ], [ 86.61367, 26.48705 ], [ 86.61272, 26.48706 ], [ 86.61146, 26.4856 ], [ 86.6109, 26.48636 ], [ 86.5885, 26.4934 ], [ 86.58053, 26.4939 ], [ 86.57015, 26.49647 ], [ 86.57032, 26.49793 ], [ 86.5689, 26.49771 ], [ 86.56937, 26.49852 ], [ 86.5687, 26.4991 ], [ 86.56431, 26.50101 ], [ 86.56348, 26.50563 ], [ 86.56126, 26.5096 ], [ 86.56024, 26.50954 ], [ 86.5603, 26.5105 ], [ 86.55447, 26.51613 ], [ 86.55407, 26.51866 ], [ 86.55552, 26.518 ], [ 86.55514, 26.52214 ], [ 86.55432, 26.5242 ], [ 86.55184, 26.5235 ], [ 86.55083, 26.5246 ], [ 86.55044, 26.53029 ], [ 86.5481, 26.5312 ], [ 86.54667, 26.53395 ], [ 86.54462, 26.53499 ], [ 86.54172, 26.53846 ], [ 86.53131, 26.54073 ], [ 86.52805, 26.54283 ], [ 86.52375, 26.54346 ], [ 86.52059, 26.54293 ], [ 86.51561, 26.53919 ], [ 86.49718, 26.5423 ], [ 86.49244, 26.54604 ], [ 86.45537, 26.56808 ], [ 86.43033, 26.57292 ], [ 86.39486, 26.58511 ], [ 86.39549, 26.58781 ], [ 86.39688, 26.58901 ], [ 86.39679, 26.59352 ], [ 86.35636, 26.60421 ], [ 86.34079, 26.606 ], [ 86.33885, 26.60852 ], [ 86.34059, 26.61193 ], [ 86.34209, 26.61145 ], [ 86.34196, 26.61305 ], [ 86.3431, 26.61427 ], [ 86.34336, 26.61615 ], [ 86.34471, 26.61673 ], [ 86.33317, 26.61893 ], [ 86.30774, 26.61997 ], [ 86.29276, 26.61324 ], [ 86.27551, 26.61732 ], [ 86.25316, 26.61478 ], [ 86.25234, 26.61555 ], [ 86.25323, 26.61592 ], [ 86.25307, 26.61668 ], [ 86.25204, 26.61706 ], [ 86.25044, 26.61447 ], [ 86.24951, 26.61421 ], [ 86.24921, 26.61265 ], [ 86.24767, 26.61231 ], [ 86.24895, 26.60993 ], [ 86.24828, 26.60864 ], [ 86.24627, 26.60864 ], [ 86.24597, 26.6075 ], [ 86.2448, 26.60936 ], [ 86.24375, 26.60827 ], [ 86.24427, 26.60626 ], [ 86.24229, 26.60579 ], [ 86.24309, 26.60277 ], [ 86.24008, 26.60343 ], [ 86.2399, 26.60129 ], [ 86.2372, 26.60158 ], [ 86.23692, 26.59927 ], [ 86.23441, 26.59792 ], [ 86.23519, 26.59737 ], [ 86.2343, 26.59077 ], [ 86.23121, 26.59305 ], [ 86.23061, 26.59144 ], [ 86.22871, 26.59212 ], [ 86.22677, 26.59045 ], [ 86.22363, 26.59133 ], [ 86.2221, 26.5899 ], [ 86.21717, 26.58842 ], [ 86.21454, 26.59097 ], [ 86.21302, 26.59108 ], [ 86.21239, 26.59251 ], [ 86.20957, 26.59225 ], [ 86.20807, 26.59292 ], [ 86.20526, 26.59661 ], [ 86.20149, 26.5944 ], [ 86.20142, 26.59655 ], [ 86.20052, 26.59716 ], [ 86.19783, 26.59344 ], [ 86.1969, 26.59323 ], [ 86.19553, 26.59435 ], [ 86.19536, 26.59555 ], [ 86.19661, 26.59785 ], [ 86.19489, 26.59836 ], [ 86.19646, 26.60105 ], [ 86.1951, 26.6056 ], [ 86.19534, 26.60803 ], [ 86.19143, 26.60991 ], [ 86.19009, 26.61183 ], [ 86.19088, 26.61264 ], [ 86.19301, 26.61128 ], [ 86.1938, 26.61181 ], [ 86.19214, 26.61467 ], [ 86.18844, 26.61522 ], [ 86.18647, 26.61499 ], [ 86.18505, 26.61365 ], [ 86.18236, 26.61368 ], [ 86.17586, 26.61542 ], [ 86.1737, 26.61394 ], [ 86.17144, 26.61711 ], [ 86.16758, 26.61432 ], [ 86.16273, 26.61405 ], [ 86.1612, 26.61489 ], [ 86.15495, 26.60992 ], [ 86.14566, 26.60868 ], [ 86.14235, 26.60502 ], [ 86.13592, 26.60652 ], [ 86.13913, 26.61635 ], [ 86.14081, 26.61664 ], [ 86.13834, 26.62892 ], [ 86.11927, 26.63002 ], [ 86.10062, 26.63706 ], [ 86.07383, 26.64971 ], [ 86.0698, 26.65695 ], [ 86.06787, 26.65785 ], [ 86.05276, 26.66026 ], [ 86.02689, 26.66666 ], [ 86.02644, 26.66523 ], [ 86.02223, 26.66376 ], [ 86.01863, 26.6611 ], [ 86.01354, 26.66053 ], [ 86.01175, 26.65954 ], [ 86.01264, 26.65838 ], [ 86.01109, 26.65454 ], [ 86.0097, 26.6539 ], [ 86.00576, 26.65627 ], [ 85.9997, 26.65489 ], [ 85.97578, 26.65821 ], [ 85.97405, 26.65708 ], [ 85.97308, 26.65483 ], [ 85.96998, 26.65509 ], [ 85.96975, 26.65392 ], [ 85.96776, 26.65304 ], [ 85.96751, 26.65192 ], [ 85.96495, 26.65286 ], [ 85.96296, 26.65052 ], [ 85.96007, 26.65134 ], [ 85.95894, 26.64932 ], [ 85.95638, 26.64923 ], [ 85.95602, 26.64759 ], [ 85.95462, 26.64707 ], [ 85.95481, 26.64534 ], [ 85.95321, 26.64386 ], [ 85.95386, 26.63937 ], [ 85.95233, 26.63742 ], [ 85.95544, 26.63057 ], [ 85.95147, 26.62431 ], [ 85.94934, 26.6247 ], [ 85.94919, 26.62363 ], [ 85.94603, 26.62117 ], [ 85.94611, 26.61759 ], [ 85.94781, 26.61677 ], [ 85.94672, 26.61563 ], [ 85.94803, 26.61495 ], [ 85.94788, 26.61348 ], [ 85.9463, 26.61416 ], [ 85.94547, 26.61276 ], [ 85.94241, 26.61359 ], [ 85.9402, 26.61322 ], [ 85.93988, 26.61457 ], [ 85.93792, 26.61619 ], [ 85.93262, 26.6135 ], [ 85.93054, 26.61601 ], [ 85.92842, 26.61649 ], [ 85.92896, 26.61421 ], [ 85.92628, 26.61162 ], [ 85.92704, 26.60964 ], [ 85.92339, 26.60915 ], [ 85.92171, 26.60997 ], [ 85.91578, 26.60855 ], [ 85.9138, 26.60889 ], [ 85.91268, 26.60674 ], [ 85.91295, 26.60454 ], [ 85.90953, 26.60464 ], [ 85.90623, 26.60356 ], [ 85.90559, 26.60218 ], [ 85.90254, 26.60149 ], [ 85.90201, 26.6003 ], [ 85.90028, 26.60036 ], [ 85.90113, 26.59793 ], [ 85.90058, 26.59502 ], [ 85.89736, 26.59458 ], [ 85.89632, 26.5937 ], [ 85.89393, 26.59489 ], [ 85.89158, 26.59441 ], [ 85.88767, 26.58317 ], [ 85.88534, 26.5823 ], [ 85.88232, 26.58369 ], [ 85.87939, 26.58379 ], [ 85.87844, 26.58174 ], [ 85.87563, 26.58117 ], [ 85.87258, 26.57865 ], [ 85.87051, 26.57961 ], [ 85.86901, 26.57816 ], [ 85.86911, 26.57642 ], [ 85.8681, 26.57493 ], [ 85.85841, 26.56888 ], [ 85.85787, 26.56895 ], [ 85.85825, 26.57112 ], [ 85.85641, 26.57203 ], [ 85.85314, 26.57063 ], [ 85.85223, 26.56877 ], [ 85.85044, 26.56847 ], [ 85.84896, 26.5689 ], [ 85.84822, 26.57685 ], [ 85.85765, 26.58991 ], [ 85.85088, 26.6085 ], [ 85.83109, 26.61129 ], [ 85.83051, 26.60162 ], [ 85.8174, 26.60274 ], [ 85.80321, 26.61491 ], [ 85.80128, 26.62426 ], [ 85.76918, 26.62992 ], [ 85.75957, 26.63621 ], [ 85.74822, 26.63893 ], [ 85.73762, 26.64842 ], [ 85.73588, 26.65121 ], [ 85.73406, 26.65051 ], [ 85.73509, 26.65268 ], [ 85.73387, 26.65251 ], [ 85.7341, 26.65335 ], [ 85.73212, 26.65387 ], [ 85.73217, 26.65572 ], [ 85.73355, 26.65581 ], [ 85.73482, 26.65751 ], [ 85.73635, 26.66393 ], [ 85.73304, 26.6645 ], [ 85.73171, 26.66571 ], [ 85.72981, 26.6657 ], [ 85.72981, 26.66682 ], [ 85.73071, 26.66743 ], [ 85.72953, 26.66776 ], [ 85.7287, 26.667 ], [ 85.72526, 26.67053 ], [ 85.72633, 26.67393 ], [ 85.72345, 26.67409 ], [ 85.72451, 26.676 ], [ 85.72478, 26.68201 ], [ 85.72352, 26.68305 ], [ 85.72526, 26.68515 ], [ 85.72326, 26.68662 ], [ 85.72519, 26.6954 ], [ 85.72513, 26.69734 ], [ 85.7234, 26.69963 ], [ 85.72481, 26.70035 ], [ 85.72437, 26.70321 ], [ 85.72622, 26.70598 ], [ 85.72507, 26.70739 ], [ 85.72478, 26.70962 ], [ 85.72608, 26.71118 ], [ 85.72776, 26.71778 ], [ 85.72616, 26.71915 ], [ 85.72588, 26.7213 ], [ 85.72794, 26.72505 ], [ 85.72941, 26.7253 ], [ 85.72813, 26.72972 ], [ 85.73131, 26.7306 ], [ 85.73022, 26.73137 ], [ 85.7305, 26.73284 ], [ 85.7295, 26.734 ], [ 85.73051, 26.73581 ], [ 85.73397, 26.73743 ], [ 85.72861, 26.74998 ], [ 85.73489, 26.77743 ], [ 85.73432, 26.79585 ], [ 85.72844, 26.8028 ], [ 85.72859, 26.80811 ], [ 85.72112, 26.82003 ], [ 85.70416, 26.83218 ], [ 85.67929, 26.84368 ], [ 85.64224, 26.85322 ], [ 85.63429, 26.87221 ], [ 85.62382, 26.87365 ], [ 85.60681, 26.85724 ], [ 85.58506, 26.84717 ], [ 85.58465, 26.85038 ], [ 85.58625, 26.85259 ], [ 85.58356, 26.85693 ], [ 85.58364, 26.85814 ], [ 85.58163, 26.85853 ], [ 85.58003, 26.85633 ], [ 85.57806, 26.85636 ], [ 85.57805, 26.85952 ], [ 85.57655, 26.85944 ], [ 85.57521, 26.86103 ], [ 85.57194, 26.85692 ], [ 85.56559, 26.84093 ], [ 85.55752, 26.844 ], [ 85.55329, 26.8343 ], [ 85.54287, 26.83837 ], [ 85.51969, 26.8144 ], [ 85.50737, 26.81679 ], [ 85.50182, 26.81475 ], [ 85.50093, 26.81357 ], [ 85.49764, 26.81204 ], [ 85.49876, 26.81056 ], [ 85.49667, 26.80929 ], [ 85.49785, 26.80776 ], [ 85.49686, 26.80292 ], [ 85.49537, 26.80139 ], [ 85.49681, 26.79948 ], [ 85.49574, 26.79698 ], [ 85.47969, 26.80234 ], [ 85.47882, 26.80163 ], [ 85.47873, 26.79433 ], [ 85.47715, 26.79218 ], [ 85.47355, 26.79014 ], [ 85.46652, 26.78883 ], [ 85.46534, 26.78794 ], [ 85.46411, 26.78888 ], [ 85.46213, 26.78692 ], [ 85.45835, 26.78505 ], [ 85.45821, 26.78441 ], [ 85.45924, 26.78435 ], [ 85.45831, 26.78352 ], [ 85.45574, 26.78299 ], [ 85.45354, 26.78147 ], [ 85.45313, 26.78208 ], [ 85.45379, 26.78246 ], [ 85.45315, 26.78241 ], [ 85.45189, 26.78127 ], [ 85.43246, 26.7901 ], [ 85.42962, 26.78659 ], [ 85.42537, 26.7859 ], [ 85.42322, 26.78647 ], [ 85.4177, 26.79037 ], [ 85.4076, 26.79122 ], [ 85.40266, 26.78286 ], [ 85.39766, 26.77848 ], [ 85.39228, 26.77539 ], [ 85.38411, 26.77414 ], [ 85.37696, 26.76228 ], [ 85.37513, 26.76064 ], [ 85.36927, 26.75823 ], [ 85.3635, 26.76037 ], [ 85.36149, 26.76308 ], [ 85.35518, 26.76025 ], [ 85.3344, 26.74151 ], [ 85.324, 26.74535 ], [ 85.32273, 26.74485 ], [ 85.31914, 26.74899 ], [ 85.31516, 26.74932 ], [ 85.30655, 26.75218 ], [ 85.27926, 26.75341 ], [ 85.26019, 26.7552 ], [ 85.25135, 26.75922 ], [ 85.24012, 26.76188 ], [ 85.23134, 26.76223 ], [ 85.21903, 26.75875 ], [ 85.21167, 26.75788 ], [ 85.20579, 26.76149 ], [ 85.20039, 26.76885 ], [ 85.19702, 26.76992 ], [ 85.19154, 26.78211 ], [ 85.19346, 26.78252 ], [ 85.19471, 26.78433 ], [ 85.19298, 26.78854 ], [ 85.19326, 26.79055 ], [ 85.19129, 26.79147 ], [ 85.1865, 26.79089 ], [ 85.18599, 26.79201 ], [ 85.18678, 26.79503 ], [ 85.18588, 26.79557 ], [ 85.18228, 26.79465 ], [ 85.18024, 26.79574 ], [ 85.17939, 26.79835 ], [ 85.18236, 26.79993 ], [ 85.18233, 26.80083 ], [ 85.17664, 26.80966 ], [ 85.17689, 26.81512 ], [ 85.18476, 26.82227 ], [ 85.19106, 26.83121 ], [ 85.19262, 26.83881 ], [ 85.19058, 26.84711 ], [ 85.19273, 26.86295 ], [ 85.19248, 26.86671 ], [ 85.19144, 26.86887 ], [ 85.18976, 26.87007 ], [ 85.16712, 26.86847 ], [ 85.15362, 26.87061 ], [ 85.1399, 26.87112 ], [ 85.13405, 26.86777 ], [ 85.12608, 26.86977 ], [ 85.12332, 26.8714 ], [ 85.11104, 26.87243 ], [ 85.11069, 26.87134 ], [ 85.10945, 26.87087 ], [ 85.10539, 26.87151 ], [ 85.10471, 26.87082 ], [ 85.09939, 26.87105 ], [ 85.09598, 26.86704 ], [ 85.09156, 26.86784 ], [ 85.09017, 26.86909 ], [ 85.08969, 26.86789 ], [ 85.08849, 26.86834 ], [ 85.08892, 26.86733 ], [ 85.08659, 26.86736 ], [ 85.08572, 26.8665 ], [ 85.08559, 26.86452 ], [ 85.08887, 26.86128 ], [ 85.08924, 26.85955 ], [ 85.08692, 26.85919 ], [ 85.08734, 26.85673 ], [ 85.08424, 26.85544 ], [ 85.08732, 26.85406 ], [ 85.0871, 26.85286 ], [ 85.08357, 26.85376 ], [ 85.08274, 26.85472 ], [ 85.08334, 26.85659 ], [ 85.08222, 26.85666 ], [ 85.08254, 26.85586 ], [ 85.08102, 26.85556 ], [ 85.08142, 26.8571 ], [ 85.07982, 26.85651 ], [ 85.07816, 26.85877 ], [ 85.07668, 26.85789 ], [ 85.07844, 26.85658 ], [ 85.07811, 26.85578 ], [ 85.077, 26.85569 ], [ 85.07696, 26.85695 ], [ 85.07631, 26.85696 ], [ 85.07598, 26.8557 ], [ 85.07119, 26.85556 ], [ 85.07084, 26.85422 ], [ 85.06634, 26.85397 ], [ 85.06556, 26.85326 ], [ 85.06578, 26.85097 ], [ 85.06384, 26.84965 ], [ 85.06254, 26.85004 ], [ 85.06146, 26.85384 ], [ 85.06479, 26.85622 ], [ 85.06454, 26.85683 ], [ 85.06239, 26.8564 ], [ 85.06341, 26.85772 ], [ 85.06259, 26.85819 ], [ 85.06081, 26.85674 ], [ 85.06237, 26.85556 ], [ 85.06067, 26.8539 ], [ 85.05899, 26.8542 ], [ 85.05781, 26.85607 ], [ 85.05663, 26.85256 ], [ 85.05835, 26.85006 ], [ 85.0573, 26.84915 ], [ 85.02191, 26.85485 ], [ 85.02235, 26.85647 ], [ 85.02585, 26.85766 ], [ 85.02642, 26.85886 ], [ 85.02865, 26.85929 ], [ 85.02879, 26.86238 ], [ 85.02725, 26.86286 ], [ 85.02649, 26.8665 ], [ 85.02693, 26.86735 ], [ 85.03006, 26.86767 ], [ 85.02779, 26.87061 ], [ 85.02917, 26.87525 ], [ 85.03143, 26.87443 ], [ 85.03599, 26.87508 ], [ 85.03725, 26.87582 ], [ 85.03666, 26.87738 ], [ 85.03734, 26.87806 ], [ 85.03938, 26.87525 ], [ 85.04158, 26.87456 ], [ 85.04125, 26.87745 ], [ 85.04303, 26.87964 ], [ 85.04431, 26.87989 ], [ 85.04579, 26.87854 ], [ 85.05212, 26.88124 ], [ 85.052, 26.8826 ], [ 85.04972, 26.88231 ], [ 85.04805, 26.88426 ], [ 85.04826, 26.88519 ], [ 85.04918, 26.88526 ], [ 85.05054, 26.88319 ], [ 85.052, 26.88482 ], [ 85.05373, 26.88471 ], [ 85.05507, 26.88142 ], [ 85.05975, 26.88535 ], [ 85.06013, 26.88692 ], [ 85.05932, 26.88729 ], [ 85.05856, 26.88532 ], [ 85.05418, 26.88694 ], [ 85.05165, 26.88618 ], [ 85.05108, 26.88755 ], [ 85.05308, 26.88903 ], [ 85.03573, 26.8914 ], [ 85.02241, 26.89174 ], [ 85.01957, 26.8931 ], [ 85.00377, 26.89507 ], [ 84.99262, 26.90288 ], [ 84.99303, 26.90559 ], [ 84.99572, 26.90661 ], [ 84.99769, 26.9048 ], [ 85.00026, 26.9045 ], [ 85.0021, 26.90338 ], [ 85.00191, 26.90541 ], [ 85.00052, 26.90652 ], [ 85.00101, 26.90762 ], [ 85.00045, 26.90881 ], [ 85.00164, 26.90982 ], [ 84.9994, 26.91216 ], [ 84.96751, 26.91623 ], [ 84.97057, 26.91706 ], [ 84.97007, 26.92033 ], [ 84.97175, 26.92196 ], [ 84.9693, 26.92496 ], [ 84.97179, 26.92616 ], [ 84.97006, 26.92896 ], [ 84.97196, 26.92963 ], [ 84.97371, 26.93192 ], [ 84.97647, 26.93204 ], [ 84.9781, 26.93585 ], [ 84.9747, 26.93955 ], [ 84.97816, 26.94027 ], [ 84.96792, 26.95466 ], [ 84.96568, 26.95652 ], [ 84.96578, 26.95829 ], [ 84.96479, 26.9579 ], [ 84.96334, 26.95864 ], [ 84.96221, 26.96046 ], [ 84.95653, 26.961 ], [ 84.9558, 26.95989 ], [ 84.95322, 26.9597 ], [ 84.93422, 26.96751 ], [ 84.9293, 26.96866 ], [ 84.92392, 26.96754 ], [ 84.91713, 26.96894 ], [ 84.90983, 26.96795 ], [ 84.90181, 26.9702 ], [ 84.8993, 26.96981 ], [ 84.89551, 26.97292 ], [ 84.89196, 26.97226 ], [ 84.89273, 26.96954 ], [ 84.89133, 26.96979 ], [ 84.89006, 26.97132 ], [ 84.89054, 26.97469 ], [ 84.88876, 26.9757 ], [ 84.88845, 26.97749 ], [ 84.87136, 26.98189 ], [ 84.86884, 26.98276 ], [ 84.86893, 26.98395 ], [ 84.86747, 26.98402 ], [ 84.8675, 26.98312 ], [ 84.86465, 26.98417 ], [ 84.86178, 26.98708 ], [ 84.85875, 26.98795 ], [ 84.8589, 26.9891 ], [ 84.85597, 26.98652 ], [ 84.85525, 26.98821 ], [ 84.85726, 26.99065 ], [ 84.85477, 26.99251 ], [ 84.85538, 26.99322 ], [ 84.85756, 26.99257 ], [ 84.85791, 26.99524 ], [ 84.85667, 26.99638 ], [ 84.85769, 26.99768 ], [ 84.85426, 26.99882 ], [ 84.85305, 26.99808 ], [ 84.84999, 26.99836 ], [ 84.85172, 26.9994 ], [ 84.85163, 27.00069 ], [ 84.85253, 27.00177 ], [ 84.85142, 27.00186 ], [ 84.8511, 27.00301 ], [ 84.85274, 27.00604 ], [ 84.85523, 27.00718 ], [ 84.85458, 27.0082 ], [ 84.83835, 27.01404 ], [ 84.82961, 27.01949 ], [ 84.82547, 27.02089 ], [ 84.81664, 27.02078 ], [ 84.81335, 27.01818 ], [ 84.81276, 27.02036 ], [ 84.81194, 27.02076 ], [ 84.81231, 27.01584 ], [ 84.81077, 27.01616 ], [ 84.81049, 27.01828 ], [ 84.80894, 27.01821 ], [ 84.80681, 27.01466 ], [ 84.80747, 27.01374 ], [ 84.81, 27.01504 ], [ 84.81078, 27.01383 ], [ 84.80975, 27.01089 ], [ 84.808, 27.01213 ], [ 84.80664, 27.01051 ], [ 84.80681, 27.00818 ], [ 84.8082, 27.00777 ], [ 84.80125, 27.00437 ], [ 84.80015, 27.00071 ], [ 84.79944, 27.00106 ], [ 84.79896, 27.00349 ], [ 84.79701, 27.00415 ], [ 84.79656, 27.00269 ], [ 84.79569, 27.00252 ], [ 84.79628, 27.00049 ], [ 84.79465, 26.99904 ], [ 84.79346, 26.99578 ], [ 84.79046, 26.99737 ], [ 84.79083, 26.99837 ], [ 84.79186, 26.99799 ], [ 84.79081, 26.99961 ], [ 84.78974, 26.99897 ], [ 84.78938, 26.99714 ], [ 84.7883, 26.99724 ], [ 84.78832, 26.9988 ], [ 84.78619, 26.9985 ], [ 84.78767, 27.00308 ], [ 84.78685, 27.00541 ], [ 84.78798, 27.006 ], [ 84.78868, 27.00892 ], [ 84.78668, 27.0089 ], [ 84.7857, 27.01096 ], [ 84.78516, 27.008 ], [ 84.78411, 27.00801 ], [ 84.78241, 27.01154 ], [ 84.78253, 27.01413 ], [ 84.77296, 27.0178 ], [ 84.77085, 27.01718 ], [ 84.76715, 27.0139 ], [ 84.76459, 27.01294 ], [ 84.76046, 27.00514 ], [ 84.75665, 27.00282 ], [ 84.72956, 27.01494 ], [ 84.72749, 27.01349 ], [ 84.72128, 27.0143 ], [ 84.71923, 27.01545 ], [ 84.7188, 27.01751 ], [ 84.71703, 27.01756 ], [ 84.71647, 27.01978 ], [ 84.71443, 27.01991 ], [ 84.71394, 27.02147 ], [ 84.70948, 27.02144 ], [ 84.70132, 27.02699 ], [ 84.6798, 27.03221 ], [ 84.64267, 27.04644 ], [ 84.64265, 27.0485 ], [ 84.6443, 27.04903 ], [ 84.64312, 27.051 ], [ 84.64622, 27.05134 ], [ 84.64535, 27.05532 ], [ 84.6445, 27.05622 ], [ 84.64565, 27.05859 ], [ 84.64424, 27.05851 ], [ 84.64286, 27.05967 ], [ 84.64521, 27.06391 ], [ 84.64336, 27.06596 ], [ 84.64461, 27.06653 ], [ 84.64594, 27.07028 ], [ 84.64731, 27.07111 ], [ 84.64617, 27.07297 ], [ 84.64674, 27.07485 ], [ 84.64621, 27.07556 ], [ 84.64746, 27.07654 ], [ 84.64857, 27.0747 ], [ 84.64862, 27.07629 ], [ 84.64954, 27.07725 ], [ 84.65077, 27.07722 ], [ 84.65199, 27.07839 ], [ 84.65297, 27.07767 ], [ 84.65327, 27.07862 ], [ 84.6523, 27.08011 ], [ 84.6529, 27.0807 ], [ 84.65593, 27.07913 ], [ 84.65779, 27.08039 ], [ 84.65816, 27.07957 ], [ 84.65824, 27.0811 ], [ 84.65402, 27.08192 ], [ 84.65505, 27.08431 ], [ 84.6577, 27.08255 ], [ 84.65855, 27.0844 ], [ 84.66137, 27.0851 ], [ 84.66283, 27.08683 ], [ 84.66469, 27.08637 ], [ 84.66353, 27.08742 ], [ 84.66312, 27.08919 ], [ 84.66594, 27.08766 ], [ 84.6664, 27.09049 ], [ 84.66851, 27.08984 ], [ 84.67024, 27.09094 ], [ 84.67016, 27.09166 ], [ 84.66675, 27.09295 ], [ 84.66436, 27.09254 ], [ 84.66468, 27.09462 ], [ 84.66747, 27.09356 ], [ 84.6695, 27.09581 ], [ 84.66982, 27.09813 ], [ 84.67371, 27.09577 ], [ 84.67454, 27.09644 ], [ 84.67426, 27.09953 ], [ 84.67547, 27.10323 ], [ 84.67368, 27.10526 ], [ 84.67358, 27.107 ], [ 84.67471, 27.10873 ], [ 84.67388, 27.10901 ], [ 84.6709, 27.10721 ], [ 84.66979, 27.11038 ], [ 84.67155, 27.11162 ], [ 84.67254, 27.11404 ], [ 84.67507, 27.11412 ], [ 84.67688, 27.11517 ], [ 84.6769, 27.11913 ], [ 84.67515, 27.1208 ], [ 84.6755, 27.12345 ], [ 84.6774, 27.12442 ], [ 84.677, 27.1253 ], [ 84.67879, 27.12741 ], [ 84.67771, 27.12931 ], [ 84.67908, 27.1327 ], [ 84.67765, 27.13247 ], [ 84.67726, 27.13334 ], [ 84.67994, 27.13593 ], [ 84.68346, 27.1436 ], [ 84.68262, 27.14651 ], [ 84.68312, 27.14995 ], [ 84.68026, 27.15198 ], [ 84.68235, 27.15266 ], [ 84.68222, 27.15422 ], [ 84.68665, 27.1585 ], [ 84.68425, 27.16082 ], [ 84.68141, 27.15926 ], [ 84.67682, 27.16254 ], [ 84.67726, 27.16646 ], [ 84.68012, 27.16737 ], [ 84.6808, 27.16878 ], [ 84.67975, 27.17022 ], [ 84.67599, 27.16961 ], [ 84.67516, 27.17089 ], [ 84.676, 27.17223 ], [ 84.68069, 27.17523 ], [ 84.68221, 27.17749 ], [ 84.68359, 27.1779 ], [ 84.68164, 27.17881 ], [ 84.68139, 27.18003 ], [ 84.68267, 27.18056 ], [ 84.68448, 27.18009 ], [ 84.68528, 27.18081 ], [ 84.68346, 27.18207 ], [ 84.68431, 27.18303 ], [ 84.6837, 27.18422 ], [ 84.68126, 27.18344 ], [ 84.68068, 27.18434 ], [ 84.68147, 27.18583 ], [ 84.67959, 27.18495 ], [ 84.67912, 27.18565 ], [ 84.68178, 27.18839 ], [ 84.68345, 27.19657 ], [ 84.68287, 27.19824 ], [ 84.68102, 27.19934 ], [ 84.68043, 27.20065 ], [ 84.68339, 27.20356 ], [ 84.68405, 27.20574 ], [ 84.68564, 27.20634 ], [ 84.68567, 27.20839 ], [ 84.68717, 27.20907 ], [ 84.68689, 27.21054 ], [ 84.68595, 27.21062 ], [ 84.68459, 27.21301 ], [ 84.68671, 27.21326 ], [ 84.68755, 27.21507 ], [ 84.69086, 27.21497 ], [ 84.68937, 27.2182 ], [ 84.68945, 27.22347 ], [ 84.68693, 27.22397 ], [ 84.68512, 27.22643 ], [ 84.68558, 27.22899 ], [ 84.68348, 27.23205 ], [ 84.68183, 27.23663 ], [ 84.68105, 27.23694 ], [ 84.6479, 27.29785 ], [ 84.63201, 27.32309 ], [ 84.62226, 27.33629 ], [ 84.6183, 27.3378 ], [ 84.6096, 27.33663 ], [ 84.60765, 27.33537 ], [ 84.60148, 27.33868 ], [ 84.58637, 27.34129 ], [ 84.58478, 27.34233 ], [ 84.58121, 27.34269 ], [ 84.56492, 27.34752 ], [ 84.55338, 27.34909 ], [ 84.54759, 27.3486 ], [ 84.53818, 27.35044 ], [ 84.53349, 27.35011 ], [ 84.52291, 27.35227 ], [ 84.52069, 27.35365 ], [ 84.51803, 27.35261 ], [ 84.51444, 27.35283 ], [ 84.51027, 27.35453 ], [ 84.50362, 27.35465 ], [ 84.5023, 27.35576 ], [ 84.48999, 27.35737 ], [ 84.48577, 27.35851 ], [ 84.48383, 27.36635 ], [ 84.48705, 27.36894 ], [ 84.48781, 27.37146 ], [ 84.49252, 27.37287 ], [ 84.49485, 27.37642 ], [ 84.5016, 27.37652 ], [ 84.50244, 27.37993 ], [ 84.50396, 27.3811 ], [ 84.50984, 27.38072 ], [ 84.51154, 27.38253 ], [ 84.51976, 27.38401 ], [ 84.52404, 27.3833 ], [ 84.53034, 27.38098 ], [ 84.53237, 27.38393 ], [ 84.53955, 27.38584 ], [ 84.53935, 27.38759 ], [ 84.53542, 27.3924 ], [ 84.53442, 27.39818 ], [ 84.53461, 27.40172 ], [ 84.53571, 27.40334 ], [ 84.53734, 27.40377 ], [ 84.54576, 27.40377 ], [ 84.54677, 27.4046 ], [ 84.54612, 27.40815 ], [ 84.54485, 27.40992 ], [ 84.53425, 27.41232 ], [ 84.53237, 27.41435 ], [ 84.53657, 27.41533 ], [ 84.53866, 27.41831 ], [ 84.5416, 27.41943 ], [ 84.54332, 27.41789 ], [ 84.54824, 27.41795 ], [ 84.5477, 27.42669 ], [ 84.55073, 27.43266 ], [ 84.55119, 27.43713 ], [ 84.55592, 27.44177 ], [ 84.55739, 27.44895 ], [ 84.55648, 27.45114 ], [ 84.55822, 27.45508 ], [ 84.55767, 27.45881 ], [ 84.55847, 27.4604 ], [ 84.56154, 27.46296 ], [ 84.56515, 27.46308 ], [ 84.56772, 27.46046 ], [ 84.57297, 27.45878 ], [ 84.5734, 27.45619 ], [ 84.57465, 27.4557 ], [ 84.57574, 27.45391 ], [ 84.58178, 27.45432 ], [ 84.58246, 27.45478 ], [ 84.58232, 27.45642 ], [ 84.58465, 27.45642 ], [ 84.58715, 27.45441 ], [ 84.59094, 27.45318 ], [ 84.59726, 27.45439 ], [ 84.60116, 27.45107 ], [ 84.60322, 27.45311 ], [ 84.60671, 27.45425 ], [ 84.60991, 27.45198 ], [ 84.62027, 27.45108 ], [ 84.62166, 27.4519 ], [ 84.62275, 27.44971 ], [ 84.62816, 27.4508 ], [ 84.62896, 27.44904 ], [ 84.63058, 27.44851 ], [ 84.63482, 27.4444 ], [ 84.63847, 27.44376 ], [ 84.63963, 27.44446 ], [ 84.64286, 27.44284 ], [ 84.6434, 27.43655 ], [ 84.64532, 27.43437 ], [ 84.64654, 27.42934 ], [ 84.64755, 27.42906 ], [ 84.65249, 27.4304 ], [ 84.65632, 27.43261 ], [ 84.65852, 27.43201 ], [ 84.66162, 27.43296 ], [ 84.66264, 27.42967 ], [ 84.67059, 27.42901 ], [ 84.68074, 27.42982 ], [ 84.69049, 27.43245 ], [ 84.70063, 27.43189 ], [ 84.7048, 27.43295 ], [ 84.70842, 27.43247 ], [ 84.70944, 27.43158 ], [ 84.7132, 27.43247 ], [ 84.71882, 27.43119 ], [ 84.71886, 27.43375 ], [ 84.72063, 27.43566 ], [ 84.72069, 27.43767 ], [ 84.72461, 27.44138 ], [ 84.72596, 27.44461 ], [ 84.72887, 27.44382 ], [ 84.73458, 27.44419 ], [ 84.73439, 27.44204 ], [ 84.73801, 27.44229 ], [ 84.73934, 27.44041 ], [ 84.74167, 27.44199 ], [ 84.7432, 27.442 ], [ 84.74866, 27.43768 ], [ 84.7552, 27.43565 ], [ 84.75821, 27.43751 ], [ 84.76122, 27.43678 ], [ 84.76517, 27.43794 ], [ 84.76824, 27.43701 ], [ 84.77017, 27.43883 ], [ 84.77432, 27.43875 ], [ 84.77508, 27.43759 ], [ 84.77936, 27.43631 ], [ 84.77993, 27.43502 ], [ 84.78435, 27.43523 ], [ 84.7861, 27.4368 ], [ 84.79083, 27.43768 ], [ 84.79706, 27.4352 ], [ 84.79731, 27.43269 ], [ 84.79975, 27.43009 ], [ 84.80913, 27.42445 ], [ 84.80851, 27.42367 ], [ 84.81001, 27.41591 ], [ 84.81314, 27.41676 ], [ 84.81555, 27.41899 ], [ 84.82516, 27.41955 ], [ 84.82965, 27.41621 ], [ 84.83359, 27.41767 ], [ 84.83616, 27.41624 ], [ 84.83759, 27.41431 ], [ 84.84028, 27.41473 ], [ 84.84092, 27.41408 ], [ 84.84076, 27.41198 ], [ 84.84417, 27.41185 ], [ 84.84549, 27.40913 ], [ 84.84751, 27.40855 ], [ 84.85098, 27.40434 ], [ 84.85033, 27.40264 ], [ 84.85178, 27.3985 ], [ 84.85816, 27.39855 ], [ 84.86075, 27.39748 ], [ 84.86261, 27.39785 ], [ 84.86398, 27.39692 ], [ 84.86799, 27.39746 ], [ 84.87139, 27.39921 ], [ 84.87257, 27.39817 ], [ 84.87661, 27.39759 ], [ 84.87865, 27.39605 ], [ 84.87792, 27.39506 ], [ 84.87841, 27.39319 ], [ 84.88173, 27.388 ], [ 84.88977, 27.38926 ], [ 84.8912, 27.38723 ], [ 84.89356, 27.38725 ], [ 84.89658, 27.38544 ], [ 84.89771, 27.37922 ], [ 84.9007, 27.37491 ], [ 84.90234, 27.37463 ], [ 84.90592, 27.37718 ], [ 84.90834, 27.37719 ], [ 84.91403, 27.37274 ], [ 84.91698, 27.37254 ], [ 84.91898, 27.37106 ], [ 84.92162, 27.37059 ], [ 84.92612, 27.36416 ], [ 84.93084, 27.3657 ], [ 84.93328, 27.36455 ], [ 84.93576, 27.36643 ], [ 84.93705, 27.36565 ], [ 84.94077, 27.36571 ], [ 84.94087, 27.36313 ], [ 84.94311, 27.36346 ], [ 84.94532, 27.36237 ], [ 84.94484, 27.36017 ], [ 84.9493, 27.36225 ], [ 84.95029, 27.36559 ], [ 84.95167, 27.36694 ], [ 84.95427, 27.3663 ], [ 84.95618, 27.36418 ], [ 84.95629, 27.36344 ], [ 84.95367, 27.36141 ], [ 84.95551, 27.36097 ], [ 84.95665, 27.3591 ], [ 84.96408, 27.36363 ], [ 84.96478, 27.36302 ], [ 84.9646, 27.36016 ], [ 84.96547, 27.3585 ], [ 84.96739, 27.35688 ], [ 84.9718, 27.35507 ], [ 84.97548, 27.35628 ], [ 84.97734, 27.35606 ], [ 84.9785, 27.35952 ], [ 84.98142, 27.36213 ], [ 84.98821, 27.36163 ], [ 84.99023, 27.36338 ], [ 84.99324, 27.36375 ], [ 84.99471, 27.36542 ], [ 84.9958, 27.36567 ], [ 84.99736, 27.36468 ], [ 84.99876, 27.36551 ], [ 85.00052, 27.36202 ], [ 85.0008, 27.3557 ], [ 85.00305, 27.3543 ], [ 85.00386, 27.35279 ], [ 85.00836, 27.35465 ], [ 85.01309, 27.35533 ], [ 85.02138, 27.35202 ], [ 85.02199, 27.35373 ], [ 85.02084, 27.35667 ], [ 85.02445, 27.35863 ], [ 85.02918, 27.35927 ], [ 85.03184, 27.36048 ], [ 85.03282, 27.36009 ], [ 85.03321, 27.35874 ], [ 85.03637, 27.35733 ], [ 85.03987, 27.35927 ], [ 85.04292, 27.35902 ], [ 85.04466, 27.36155 ], [ 85.04635, 27.36226 ], [ 85.04819, 27.3617 ], [ 85.05034, 27.36336 ], [ 85.05226, 27.36313 ], [ 85.05336, 27.36473 ], [ 85.05606, 27.3656 ], [ 85.05995, 27.36328 ], [ 85.05964, 27.36136 ], [ 85.06136, 27.36037 ], [ 85.06538, 27.36256 ], [ 85.0672, 27.36034 ], [ 85.06812, 27.36208 ], [ 85.0696, 27.36242 ], [ 85.06931, 27.36425 ], [ 85.0707, 27.36434 ], [ 85.08645, 27.36107 ], [ 85.08787, 27.35952 ], [ 85.08795, 27.35814 ], [ 85.09122, 27.35652 ], [ 85.09051, 27.35332 ], [ 85.09219, 27.35235 ], [ 85.09298, 27.34855 ], [ 85.09298, 27.34344 ], [ 85.09184, 27.34218 ], [ 85.09198, 27.34013 ], [ 85.09436, 27.33333 ], [ 85.09876, 27.32857 ], [ 85.10007, 27.32582 ], [ 85.10311, 27.32324 ], [ 85.1038, 27.32017 ], [ 85.10597, 27.31893 ], [ 85.11668, 27.31784 ], [ 85.1189, 27.31432 ], [ 85.11894, 27.3092 ], [ 85.12049, 27.30596 ], [ 85.12076, 27.3021 ], [ 85.12542, 27.30107 ], [ 85.127, 27.29555 ], [ 85.12652, 27.29255 ], [ 85.13169, 27.29208 ], [ 85.13663, 27.29016 ], [ 85.13926, 27.28559 ], [ 85.14195, 27.28503 ], [ 85.14467, 27.28291 ], [ 85.14411, 27.28001 ], [ 85.14516, 27.2729 ], [ 85.15095, 27.26854 ], [ 85.15168, 27.26568 ], [ 85.15474, 27.26395 ], [ 85.15588, 27.26206 ], [ 85.16133, 27.26203 ], [ 85.16479, 27.26043 ], [ 85.16759, 27.26012 ], [ 85.17083, 27.25472 ], [ 85.17493, 27.25358 ], [ 85.18084, 27.25451 ], [ 85.17982, 27.25209 ], [ 85.17719, 27.24957 ], [ 85.17903, 27.24839 ], [ 85.19279, 27.24502 ], [ 85.1978, 27.24599 ], [ 85.19948, 27.24914 ], [ 85.20234, 27.25018 ], [ 85.20662, 27.24827 ], [ 85.20829, 27.24532 ], [ 85.21508, 27.24674 ], [ 85.2171, 27.24462 ], [ 85.21981, 27.24396 ], [ 85.2246, 27.24542 ], [ 85.23168, 27.24332 ], [ 85.23264, 27.24497 ], [ 85.23656, 27.24761 ], [ 85.24233, 27.24872 ], [ 85.24545, 27.24653 ], [ 85.24892, 27.24633 ], [ 85.2514, 27.24491 ], [ 85.25152, 27.24255 ], [ 85.25329, 27.23819 ], [ 85.25798, 27.23414 ], [ 85.25683, 27.23108 ], [ 85.25768, 27.22915 ], [ 85.2618, 27.22658 ], [ 85.26373, 27.22708 ], [ 85.26726, 27.22621 ], [ 85.26961, 27.2284 ], [ 85.27183, 27.22922 ], [ 85.27411, 27.22957 ], [ 85.27942, 27.2287 ], [ 85.28051, 27.23115 ], [ 85.28863, 27.23108 ], [ 85.29291, 27.23285 ], [ 85.30392, 27.22986 ], [ 85.30728, 27.23176 ], [ 85.30976, 27.23044 ], [ 85.3122, 27.23048 ], [ 85.31729, 27.22716 ], [ 85.32084, 27.22669 ], [ 85.3306, 27.22296 ], [ 85.3327, 27.22294 ], [ 85.33749, 27.21975 ], [ 85.34863, 27.22211 ], [ 85.35361, 27.21571 ], [ 85.35666, 27.21313 ], [ 85.35835, 27.21323 ], [ 85.35953, 27.21073 ], [ 85.36244, 27.2127 ], [ 85.36926, 27.21191 ], [ 85.3727, 27.20998 ], [ 85.37648, 27.21203 ], [ 85.3825, 27.20795 ], [ 85.38505, 27.20736 ], [ 85.3892, 27.20964 ], [ 85.3915, 27.20885 ], [ 85.39337, 27.21035 ], [ 85.39715, 27.20613 ], [ 85.39601, 27.20071 ], [ 85.39717, 27.1976 ], [ 85.39922, 27.19654 ], [ 85.4034, 27.19631 ], [ 85.40916, 27.19693 ], [ 85.41304, 27.19471 ], [ 85.41582, 27.19136 ], [ 85.41816, 27.19006 ], [ 85.42189, 27.19116 ], [ 85.42418, 27.19288 ], [ 85.42651, 27.19303 ], [ 85.4285, 27.19137 ], [ 85.43357, 27.19036 ], [ 85.43645, 27.18727 ], [ 85.44799, 27.18671 ], [ 85.45005, 27.18362 ], [ 85.44937, 27.18038 ], [ 85.45141, 27.17963 ], [ 85.45324, 27.17766 ], [ 85.45212, 27.17315 ], [ 85.45281, 27.16835 ], [ 85.45535, 27.16796 ], [ 85.4571, 27.16607 ], [ 85.46674, 27.16608 ], [ 85.4693, 27.16257 ], [ 85.47215, 27.16182 ], [ 85.48609, 27.16434 ], [ 85.49394, 27.16985 ], [ 85.49507, 27.1736 ], [ 85.49762, 27.17396 ], [ 85.50083, 27.17571 ], [ 85.50327, 27.17251 ], [ 85.49945, 27.16763 ], [ 85.50027, 27.16662 ], [ 85.50323, 27.16579 ], [ 85.50384, 27.16338 ], [ 85.50257, 27.16248 ], [ 85.49551, 27.16316 ], [ 85.49303, 27.16211 ], [ 85.4894, 27.15454 ], [ 85.49111, 27.15401 ], [ 85.49611, 27.14594 ], [ 85.50092, 27.14348 ], [ 85.50796, 27.14368 ], [ 85.51248, 27.1419 ], [ 85.51585, 27.14259 ], [ 85.52066, 27.14082 ], [ 85.52798, 27.14033 ], [ 85.53094, 27.14113 ], [ 85.53286, 27.1439 ], [ 85.53305, 27.14639 ], [ 85.53456, 27.14805 ], [ 85.53654, 27.14878 ], [ 85.54213, 27.14616 ], [ 85.54221, 27.14446 ], [ 85.54456, 27.14464 ], [ 85.54583, 27.14387 ], [ 85.54705, 27.14238 ], [ 85.54667, 27.14057 ], [ 85.55161, 27.14049 ], [ 85.54908, 27.14256 ], [ 85.54965, 27.14564 ], [ 85.55344, 27.14673 ], [ 85.55893, 27.14381 ], [ 85.5619, 27.14458 ], [ 85.56588, 27.14339 ], [ 85.5688, 27.14343 ], [ 85.56991, 27.13821 ], [ 85.57097, 27.137 ], [ 85.57516, 27.1397 ], [ 85.57846, 27.14338 ], [ 85.58059, 27.14388 ], [ 85.58377, 27.14255 ], [ 85.58542, 27.14344 ], [ 85.58894, 27.14286 ], [ 85.59457, 27.14056 ], [ 85.59707, 27.14285 ], [ 85.59993, 27.14355 ], [ 85.60486, 27.13955 ], [ 85.60755, 27.1395 ], [ 85.61267, 27.14165 ], [ 85.61412, 27.14068 ], [ 85.61864, 27.14002 ], [ 85.61997, 27.13875 ], [ 85.62269, 27.14061 ], [ 85.62647, 27.13818 ], [ 85.62965, 27.13735 ], [ 85.63106, 27.13786 ], [ 85.63334, 27.14128 ], [ 85.63979, 27.14287 ], [ 85.64162, 27.14208 ], [ 85.64667, 27.14455 ], [ 85.64847, 27.14641 ], [ 85.65017, 27.15036 ], [ 85.65182, 27.15095 ], [ 85.65338, 27.15283 ], [ 85.65622, 27.15255 ], [ 85.65548, 27.15419 ], [ 85.65595, 27.155 ], [ 85.66233, 27.15609 ], [ 85.66507, 27.15984 ], [ 85.66561, 27.16217 ], [ 85.6695, 27.16396 ], [ 85.67096, 27.16639 ], [ 85.67742, 27.16712 ], [ 85.6816, 27.16928 ], [ 85.68523, 27.17392 ], [ 85.68575, 27.17634 ], [ 85.68741, 27.17628 ], [ 85.69001, 27.17769 ], [ 85.69362, 27.18098 ], [ 85.69478, 27.18402 ], [ 85.69883, 27.1862 ], [ 85.70361, 27.18472 ], [ 85.71674, 27.18777 ], [ 85.72073, 27.19098 ], [ 85.72217, 27.19434 ], [ 85.72354, 27.19517 ], [ 85.7332, 27.19065 ], [ 85.73821, 27.19022 ], [ 85.74307, 27.18748 ], [ 85.74743, 27.18828 ], [ 85.74832, 27.18685 ], [ 85.75021, 27.18594 ], [ 85.75787, 27.18501 ], [ 85.76303, 27.18245 ], [ 85.76933, 27.1821 ], [ 85.77006, 27.18062 ], [ 85.7728, 27.17867 ], [ 85.77578, 27.17845 ], [ 85.77654, 27.17728 ], [ 85.78155, 27.17506 ], [ 85.78332, 27.17532 ], [ 85.78799, 27.17372 ], [ 85.78993, 27.17106 ], [ 85.79358, 27.1684 ], [ 85.79888, 27.16718 ], [ 85.80888, 27.16161 ], [ 85.81252, 27.16203 ], [ 85.81408, 27.16101 ], [ 85.81575, 27.16123 ], [ 85.82015, 27.16387 ], [ 85.82247, 27.16701 ], [ 85.82445, 27.16819 ], [ 85.83057, 27.1671 ], [ 85.84343, 27.15986 ], [ 85.84049, 27.1558 ], [ 85.83964, 27.15252 ], [ 85.83453, 27.14964 ], [ 85.83554, 27.14702 ], [ 85.83823, 27.14469 ], [ 85.8411, 27.14423 ], [ 85.84542, 27.14086 ], [ 85.85341, 27.13797 ], [ 85.85386, 27.13613 ], [ 85.85494, 27.13543 ], [ 85.85478, 27.13392 ], [ 85.85828, 27.13257 ], [ 85.85912, 27.13028 ], [ 85.86235, 27.1271 ], [ 85.86356, 27.127 ], [ 85.86818, 27.13353 ], [ 85.8737, 27.1379 ], [ 85.87538, 27.14032 ], [ 85.88078, 27.14348 ], [ 85.88291, 27.14633 ], [ 85.88646, 27.1457 ], [ 85.89076, 27.14125 ], [ 85.89294, 27.14104 ], [ 85.89795, 27.13732 ], [ 85.90028, 27.13704 ], [ 85.90177, 27.13535 ], [ 85.91195, 27.13215 ], [ 85.914, 27.12966 ], [ 85.91894, 27.12906 ], [ 85.92156, 27.12713 ], [ 85.92914, 27.12553 ], [ 85.93801, 27.12136 ], [ 85.93806, 27.11859 ], [ 85.93578, 27.11013 ], [ 85.94401, 27.09201 ], [ 85.94626, 27.09058 ], [ 85.94663, 27.08945 ], [ 85.94774, 27.08929 ], [ 85.94796, 27.08815 ], [ 85.95086, 27.08775 ], [ 85.94983, 27.08395 ], [ 85.95326, 27.08346 ], [ 85.95549, 27.08417 ], [ 85.9619, 27.07977 ], [ 85.96168, 27.07664 ], [ 85.9631, 27.07315 ], [ 85.96537, 27.07373 ], [ 85.96677, 27.07034 ], [ 85.96595, 27.06712 ], [ 85.96789, 27.06514 ], [ 85.96957, 27.06096 ], [ 85.96932, 27.05875 ], [ 85.97058, 27.05643 ], [ 85.9697, 27.05337 ], [ 85.97079, 27.05089 ], [ 85.97392, 27.04755 ], [ 85.97475, 27.04516 ], [ 85.9777, 27.04131 ], [ 85.98237, 27.03679 ], [ 85.98252, 27.03496 ], [ 85.98564, 27.03313 ], [ 85.98751, 27.02829 ], [ 85.99155, 27.02477 ], [ 85.9982, 27.02309 ], [ 86.00175, 27.02094 ], [ 86.00564, 27.02196 ], [ 86.00916, 27.02009 ], [ 86.01076, 27.02044 ], [ 86.01218, 27.01862 ], [ 86.01485, 27.02007 ], [ 86.02098, 27.01916 ], [ 86.0234, 27.02022 ], [ 86.03022, 27.02072 ], [ 86.04202, 27.01951 ], [ 86.04492, 27.01984 ], [ 86.04742, 27.02133 ], [ 86.04846, 27.02081 ], [ 86.04895, 27.01894 ], [ 86.05515, 27.01816 ], [ 86.06885, 27.0191 ], [ 86.08256, 27.01831 ], [ 86.08838, 27.0191 ], [ 86.09995, 27.01721 ], [ 86.12515, 27.00727 ], [ 86.13656, 27.0018 ], [ 86.14026, 26.99923 ], [ 86.14727, 26.99722 ], [ 86.1544, 26.99371 ], [ 86.16297, 26.99182 ], [ 86.16707, 26.98873 ], [ 86.17, 26.98904 ], [ 86.17414, 26.98683 ], [ 86.17627, 26.9866 ], [ 86.17877, 26.98437 ], [ 86.1809, 26.98437 ], [ 86.18522, 26.98224 ], [ 86.18746, 26.98238 ], [ 86.18802, 26.98009 ], [ 86.1869, 26.97839 ], [ 86.18715, 26.97738 ], [ 86.1914, 26.97851 ], [ 86.19245, 26.97497 ], [ 86.19849, 26.97048 ], [ 86.20205, 26.96968 ], [ 86.20512, 26.96748 ], [ 86.21009, 26.96549 ], [ 86.21835, 26.9577 ], [ 86.21888, 26.95405 ], [ 86.22057, 26.95508 ], [ 86.22157, 26.95481 ], [ 86.22297, 26.95246 ], [ 86.22459, 26.95227 ], [ 86.22511, 26.95043 ], [ 86.22767, 26.9491 ], [ 86.23247, 26.95044 ], [ 86.23447, 26.95012 ], [ 86.23526, 26.94669 ], [ 86.24129, 26.93982 ], [ 86.25056, 26.93569 ], [ 86.25289, 26.93341 ], [ 86.2553, 26.93238 ], [ 86.25781, 26.9283 ], [ 86.25687, 26.92718 ], [ 86.25671, 26.92321 ], [ 86.25734, 26.92093 ], [ 86.25957, 26.91907 ], [ 86.25914, 26.91438 ], [ 86.25634, 26.91168 ], [ 86.25338, 26.91131 ], [ 86.24613, 26.91504 ], [ 86.24168, 26.90546 ], [ 86.236, 26.90328 ], [ 86.22409, 26.90377 ], [ 86.22204, 26.90022 ], [ 86.22395, 26.89205 ], [ 86.22351, 26.89002 ], [ 86.22231, 26.88891 ], [ 86.22049, 26.88851 ], [ 86.21798, 26.8902 ], [ 86.21621, 26.89277 ], [ 86.21578, 26.89617 ], [ 86.21085, 26.89844 ], [ 86.20357, 26.90001 ], [ 86.20127, 26.9043 ], [ 86.19985, 26.90546 ], [ 86.19183, 26.90412 ], [ 86.18674, 26.90641 ], [ 86.18111, 26.91101 ], [ 86.17842, 26.91441 ], [ 86.17096, 26.91989 ], [ 86.16307, 26.92443 ], [ 86.15841, 26.92592 ], [ 86.15737, 26.92991 ], [ 86.15613, 26.92589 ], [ 86.15629, 26.9239 ], [ 86.1577, 26.92178 ], [ 86.15581, 26.9189 ], [ 86.16065, 26.91432 ], [ 86.1684, 26.91354 ], [ 86.16907, 26.91045 ], [ 86.17382, 26.9081 ], [ 86.17788, 26.90033 ], [ 86.17998, 26.89947 ], [ 86.18299, 26.90069 ], [ 86.18539, 26.89992 ], [ 86.18714, 26.89632 ], [ 86.18693, 26.89462 ], [ 86.19444, 26.894 ], [ 86.19499, 26.89298 ], [ 86.19826, 26.89224 ], [ 86.20013, 26.88905 ], [ 86.20093, 26.88958 ], [ 86.20767, 26.88725 ], [ 86.21883, 26.88177 ], [ 86.22277, 26.88211 ], [ 86.22733, 26.88061 ], [ 86.23223, 26.87525 ], [ 86.23406, 26.87471 ], [ 86.24068, 26.86657 ], [ 86.24388, 26.86463 ], [ 86.24686, 26.86382 ], [ 86.24924, 26.86578 ], [ 86.25012, 26.86772 ], [ 86.25486, 26.86963 ], [ 86.25682, 26.87264 ], [ 86.26257, 26.87528 ], [ 86.26408, 26.87681 ], [ 86.26809, 26.87807 ], [ 86.26934, 26.8808 ], [ 86.2711, 26.88246 ], [ 86.27829, 26.88454 ], [ 86.28205, 26.88445 ], [ 86.28742, 26.88663 ], [ 86.29407, 26.88503 ], [ 86.29848, 26.88577 ], [ 86.29936, 26.88468 ], [ 86.30187, 26.88431 ], [ 86.30708, 26.88166 ], [ 86.31028, 26.88269 ], [ 86.31415, 26.87897 ], [ 86.31715, 26.88049 ], [ 86.32123, 26.87865 ], [ 86.34068, 26.8801 ], [ 86.34618, 26.87738 ], [ 86.35145, 26.87782 ], [ 86.35498, 26.87683 ], [ 86.35789, 26.87495 ], [ 86.36214, 26.87482 ], [ 86.36593, 26.87249 ], [ 86.36954, 26.87523 ], [ 86.36853, 26.87711 ], [ 86.36937, 26.88011 ], [ 86.37393, 26.8837 ], [ 86.37465, 26.88976 ], [ 86.37712, 26.89233 ], [ 86.37639, 26.89442 ], [ 86.37669, 26.8965 ], [ 86.37847, 26.89909 ], [ 86.38061, 26.89995 ], [ 86.38268, 26.90231 ], [ 86.3826, 26.90492 ], [ 86.38342, 26.90656 ], [ 86.38256, 26.90815 ], [ 86.38433, 26.90931 ], [ 86.38628, 26.90792 ], [ 86.39129, 26.90848 ], [ 86.39366, 26.90797 ], [ 86.39641, 26.90959 ], [ 86.3981, 26.90862 ], [ 86.40161, 26.90824 ], [ 86.40334, 26.90974 ], [ 86.40733, 26.90711 ], [ 86.41328, 26.90688 ], [ 86.41641, 26.90574 ], [ 86.41833, 26.90627 ], [ 86.41918, 26.9048 ], [ 86.42261, 26.90309 ], [ 86.42572, 26.90337 ], [ 86.42813, 26.90246 ], [ 86.43314, 26.89821 ], [ 86.4383, 26.8951 ], [ 86.44018, 26.89492 ], [ 86.44482, 26.89159 ], [ 86.45701, 26.88732 ], [ 86.46747, 26.88684 ], [ 86.47082, 26.88774 ], [ 86.476, 26.88714 ], [ 86.47944, 26.88848 ], [ 86.48001, 26.88663 ], [ 86.47728, 26.88318 ], [ 86.47912, 26.87616 ], [ 86.48091, 26.87532 ], [ 86.48114, 26.87444 ], [ 86.47936, 26.87279 ], [ 86.48004, 26.87218 ], [ 86.47983, 26.87098 ], [ 86.48239, 26.8695 ], [ 86.48331, 26.87009 ], [ 86.48497, 26.86905 ], [ 86.48804, 26.86932 ], [ 86.48768, 26.86812 ], [ 86.48856, 26.86686 ], [ 86.49075, 26.86608 ], [ 86.49065, 26.86486 ], [ 86.49276, 26.86391 ], [ 86.49341, 26.86214 ], [ 86.49285, 26.86139 ], [ 86.49422, 26.86074 ], [ 86.49312, 26.85955 ], [ 86.49474, 26.8586 ], [ 86.49598, 26.85656 ], [ 86.50032, 26.85756 ], [ 86.50465, 26.85601 ], [ 86.50561, 26.85266 ], [ 86.50532, 26.84816 ], [ 86.50713, 26.84655 ], [ 86.51158, 26.84652 ], [ 86.51196, 26.84505 ], [ 86.51086, 26.84305 ], [ 86.51241, 26.84037 ], [ 86.51471, 26.84165 ], [ 86.51499, 26.84337 ], [ 86.51764, 26.84321 ], [ 86.51984, 26.83885 ], [ 86.51962, 26.8373 ], [ 86.5207, 26.83481 ], [ 86.51952, 26.83149 ], [ 86.52499, 26.8324 ], [ 86.52908, 26.83136 ], [ 86.53709, 26.83151 ], [ 86.53714, 26.83334 ], [ 86.54035, 26.83582 ], [ 86.54658, 26.83669 ], [ 86.55167, 26.83542 ], [ 86.55232, 26.83366 ], [ 86.55139, 26.8316 ], [ 86.5544, 26.83085 ], [ 86.55378, 26.82742 ], [ 86.55147, 26.82434 ], [ 86.55221, 26.82242 ], [ 86.5515, 26.82028 ], [ 86.55335, 26.8148 ], [ 86.55035, 26.81353 ], [ 86.54831, 26.81098 ], [ 86.54698, 26.80764 ], [ 86.5447, 26.80623 ], [ 86.54574, 26.80334 ], [ 86.54218, 26.80066 ], [ 86.54173, 26.79954 ], [ 86.54066, 26.79941 ], [ 86.54049, 26.79821 ], [ 86.53682, 26.8007 ], [ 86.53554, 26.80022 ], [ 86.53429, 26.79807 ], [ 86.53604, 26.79697 ], [ 86.53559, 26.79583 ], [ 86.53001, 26.79114 ], [ 86.53097, 26.79048 ], [ 86.53116, 26.78876 ], [ 86.53436, 26.78723 ], [ 86.53809, 26.78769 ], [ 86.53663, 26.78655 ], [ 86.53619, 26.78432 ], [ 86.53844, 26.78303 ], [ 86.54038, 26.78409 ], [ 86.54136, 26.78347 ], [ 86.54305, 26.78418 ], [ 86.54335, 26.78311 ], [ 86.54429, 26.78345 ], [ 86.54467, 26.78267 ], [ 86.54805, 26.78187 ], [ 86.54915, 26.78482 ], [ 86.55022, 26.78467 ], [ 86.55126, 26.78663 ], [ 86.55233, 26.78634 ], [ 86.55453, 26.78784 ], [ 86.55606, 26.78796 ], [ 86.55745, 26.79017 ], [ 86.56195, 26.78943 ], [ 86.56377, 26.79102 ], [ 86.56533, 26.78769 ], [ 86.56491, 26.78283 ], [ 86.56648, 26.78089 ], [ 86.56837, 26.78153 ], [ 86.5714, 26.7846 ], [ 86.57775, 26.78436 ], [ 86.57686, 26.78185 ], [ 86.57771, 26.7799 ], [ 86.57711, 26.77568 ], [ 86.57268, 26.76997 ], [ 86.5726, 26.76816 ], [ 86.56873, 26.76798 ], [ 86.5677, 26.76419 ], [ 86.5656, 26.76302 ], [ 86.56499, 26.76128 ], [ 86.56123, 26.75796 ], [ 86.55807, 26.75369 ], [ 86.55741, 26.75106 ], [ 86.55398, 26.7483 ], [ 86.55302, 26.74605 ], [ 86.556, 26.74451 ], [ 86.56384, 26.74401 ], [ 86.56782, 26.74242 ], [ 86.56962, 26.7406 ], [ 86.57381, 26.73951 ], [ 86.57357, 26.73721 ], [ 86.57159, 26.73342 ], [ 86.5728, 26.7307 ], [ 86.57163, 26.72457 ], [ 86.57196, 26.72228 ], [ 86.57361, 26.72033 ], [ 86.57689, 26.7191 ], [ 86.57973, 26.71662 ], [ 86.58011, 26.71319 ], [ 86.58321, 26.71213 ], [ 86.58109, 26.70808 ], [ 86.58309, 26.70405 ], [ 86.58294, 26.70176 ], [ 86.58594, 26.70037 ], [ 86.58667, 26.69615 ], [ 86.58822, 26.69736 ], [ 86.59758, 26.69723 ], [ 86.60059, 26.6997 ], [ 86.60178, 26.69981 ], [ 86.60515, 26.69263 ], [ 86.61058, 26.68897 ], [ 86.61338, 26.69389 ], [ 86.61593, 26.69499 ], [ 86.62096, 26.69351 ], [ 86.62561, 26.69015 ], [ 86.62718, 26.68993 ], [ 86.62809, 26.69427 ], [ 86.63121, 26.69472 ], [ 86.63323, 26.69666 ], [ 86.63367, 26.69847 ], [ 86.63863, 26.69752 ], [ 86.64156, 26.69819 ], [ 86.64467, 26.69584 ], [ 86.64692, 26.69267 ], [ 86.64718, 26.69077 ], [ 86.64942, 26.68968 ], [ 86.65237, 26.69165 ], [ 86.65649, 26.69145 ], [ 86.66479, 26.70441 ], [ 86.66642, 26.70389 ], [ 86.66889, 26.70146 ], [ 86.66896, 26.69957 ], [ 86.67095, 26.69707 ], [ 86.66982, 26.69564 ], [ 86.67033, 26.69361 ], [ 86.6719, 26.69321 ], [ 86.67242, 26.69218 ], [ 86.67826, 26.69027 ], [ 86.67919, 26.68923 ], [ 86.68471, 26.68803 ], [ 86.69103, 26.68962 ], [ 86.69702, 26.69569 ], [ 86.69822, 26.69798 ], [ 86.70264, 26.69932 ], [ 86.70363, 26.70392 ], [ 86.70588, 26.70519 ], [ 86.70615, 26.7071 ], [ 86.71029, 26.70684 ], [ 86.71455, 26.70821 ], [ 86.71785, 26.70675 ], [ 86.71908, 26.70779 ], [ 86.72119, 26.70782 ], [ 86.72224, 26.70957 ], [ 86.72736, 26.70963 ], [ 86.7295, 26.71124 ], [ 86.73165, 26.71031 ], [ 86.73327, 26.71202 ], [ 86.73683, 26.71226 ], [ 86.73815, 26.71192 ], [ 86.73988, 26.70983 ], [ 86.73938, 26.70582 ], [ 86.74194, 26.70496 ], [ 86.74217, 26.70177 ], [ 86.74378, 26.69991 ], [ 86.74577, 26.69934 ], [ 86.74559, 26.69814 ], [ 86.7466, 26.69688 ], [ 86.7474, 26.6979 ], [ 86.74861, 26.69798 ], [ 86.75185, 26.69616 ], [ 86.75206, 26.69499 ], [ 86.75303, 26.69516 ], [ 86.75372, 26.69302 ], [ 86.75206, 26.68663 ], [ 86.75302, 26.68623 ], [ 86.75387, 26.68846 ], [ 86.757, 26.69001 ], [ 86.75981, 26.69533 ], [ 86.76402, 26.69498 ], [ 86.76561, 26.69695 ], [ 86.76793, 26.69798 ], [ 86.76844, 26.69917 ], [ 86.77178, 26.69883 ], [ 86.77413, 26.70031 ], [ 86.77568, 26.70258 ], [ 86.77876, 26.70271 ], [ 86.7792, 26.70168 ], [ 86.78004, 26.70237 ], [ 86.78129, 26.70162 ], [ 86.78372, 26.70448 ], [ 86.78681, 26.70551 ], [ 86.78939, 26.70771 ], [ 86.79237, 26.70814 ], [ 86.79474, 26.71042 ], [ 86.79739, 26.71041 ], [ 86.7979, 26.71158 ], [ 86.79905, 26.71142 ], [ 86.79984, 26.7126 ], [ 86.80321, 26.71323 ], [ 86.80459, 26.71223 ], [ 86.80617, 26.71274 ], [ 86.80831, 26.70887 ], [ 86.81416, 26.70771 ], [ 86.81532, 26.70961 ], [ 86.81864, 26.70926 ], [ 86.8238, 26.71427 ], [ 86.82836, 26.71251 ], [ 86.83394, 26.71158 ], [ 86.83744, 26.70978 ], [ 86.83741, 26.70772 ], [ 86.83982, 26.70427 ], [ 86.84004, 26.69841 ], [ 86.8417, 26.69568 ], [ 86.84034, 26.69172 ], [ 86.84193, 26.69051 ], [ 86.84358, 26.69313 ], [ 86.84609, 26.69366 ], [ 86.84814, 26.69125 ], [ 86.85105, 26.69318 ], [ 86.85063, 26.69638 ], [ 86.85355, 26.69611 ], [ 86.85704, 26.69838 ], [ 86.8584, 26.69785 ], [ 86.85896, 26.70035 ], [ 86.8615, 26.7017 ], [ 86.86555, 26.70058 ], [ 86.86533, 26.70679 ], [ 86.86644, 26.70986 ], [ 86.87118, 26.71308 ], [ 86.87632, 26.71224 ], [ 86.87885, 26.71289 ], [ 86.88226, 26.7112 ], [ 86.88483, 26.71203 ], [ 86.88846, 26.71711 ], [ 86.88908, 26.71967 ], [ 86.89416, 26.72464 ], [ 86.89763, 26.7257 ], [ 86.89915, 26.72915 ], [ 86.9012, 26.72937 ], [ 86.90092, 26.73156 ], [ 86.90246, 26.73067 ], [ 86.90397, 26.73202 ], [ 86.90453, 26.73432 ], [ 86.90331, 26.7359 ], [ 86.90636, 26.73573 ], [ 86.90729, 26.73702 ], [ 86.90694, 26.73866 ], [ 86.91104, 26.73987 ], [ 86.91128, 26.74101 ], [ 86.90939, 26.74361 ], [ 86.90908, 26.74771 ], [ 86.90832, 26.74877 ], [ 86.90933, 26.7555 ], [ 86.90858, 26.75922 ], [ 86.91345, 26.76041 ], [ 86.92038, 26.76627 ], [ 86.92199, 26.76632 ], [ 86.92582, 26.76309 ], [ 86.92771, 26.75835 ], [ 86.9246, 26.75008 ], [ 86.93375, 26.73955 ], [ 86.94435, 26.73291 ], [ 86.94871, 26.73213 ], [ 86.96277, 26.73574 ], [ 86.96697, 26.73563 ], [ 86.97056, 26.73092 ], [ 86.97162, 26.72468 ], [ 86.97312, 26.72159 ], [ 86.97553, 26.71916 ], [ 86.98105, 26.71674 ], [ 86.98266, 26.7149 ], [ 86.98405, 26.71006 ], [ 86.98402, 26.70396 ], [ 86.9904, 26.69815 ], [ 86.99121, 26.70293 ], [ 86.99304, 26.70371 ], [ 86.99575, 26.70299 ], [ 86.99638, 26.70436 ], [ 87.00041, 26.70744 ], [ 87.0004, 26.70995 ], [ 87.00137, 26.71047 ], [ 87.00306, 26.70875 ], [ 87.00427, 26.70863 ], [ 87.00732, 26.70879 ], [ 87.00988, 26.71081 ], [ 87.01015, 26.70875 ], [ 87.00943, 26.70782 ], [ 87.01, 26.70553 ], [ 87.01327, 26.69952 ], [ 87.01448, 26.68982 ], [ 87.01157, 26.6864 ], [ 87.01061, 26.68289 ], [ 87.01334, 26.67474 ], [ 87.01327, 26.67083 ], [ 87.00615, 26.66629 ], [ 87.00421, 26.66135 ], [ 87.00225, 26.65953 ], [ 87.00177, 26.65562 ], [ 86.99479, 26.65402 ], [ 86.991, 26.64952 ], [ 86.99037, 26.6467 ], [ 86.99097, 26.64491 ], [ 86.98841, 26.64099 ], [ 86.98861, 26.63631 ], [ 86.98469, 26.63267 ], [ 86.98556, 26.62933 ], [ 86.97872, 26.62516 ], [ 86.98676, 26.61306 ], [ 86.98929, 26.60593 ], [ 86.98875, 26.60303 ], [ 86.9843, 26.5955 ], [ 86.98252, 26.59094 ], [ 86.98242, 26.58628 ], [ 86.98483, 26.58205 ], [ 86.99161, 26.57619 ], [ 86.99231, 26.57231 ], [ 86.9826, 26.56383 ], [ 86.97376, 26.55802 ], [ 86.9712, 26.55329 ] ] ] } },
{ "type": "Feature", "properties": { "fid": 4, "STATE_CODE": 3.0, "Province": "Bagmati" }, "geometry": { "type": "Polygon", "coordinates": [ [ [ 85.495, 27.17348 ], [ 85.49394, 27.16985 ], [ 85.48689, 27.16473 ], [ 85.48009, 27.16286 ], [ 85.47416, 27.16266 ], [ 85.47215, 27.16182 ], [ 85.4693, 27.16257 ], [ 85.46674, 27.16608 ], [ 85.4571, 27.16607 ], [ 85.45535, 27.16796 ], [ 85.45281, 27.16835 ], [ 85.45212, 27.17315 ], [ 85.45324, 27.17766 ], [ 85.45141, 27.17963 ], [ 85.44937, 27.18038 ], [ 85.45005, 27.18362 ], [ 85.44799, 27.18671 ], [ 85.43645, 27.18727 ], [ 85.43357, 27.19036 ], [ 85.4285, 27.19137 ], [ 85.42651, 27.19303 ], [ 85.42418, 27.19288 ], [ 85.42189, 27.19116 ], [ 85.41816, 27.19006 ], [ 85.41582, 27.19136 ], [ 85.41304, 27.19471 ], [ 85.40916, 27.19693 ], [ 85.4034, 27.19631 ], [ 85.39922, 27.19654 ], [ 85.39717, 27.1976 ], [ 85.39601, 27.20071 ], [ 85.39715, 27.20613 ], [ 85.39337, 27.21035 ], [ 85.3915, 27.20885 ], [ 85.3892, 27.20964 ], [ 85.38505, 27.20736 ], [ 85.3825, 27.20795 ], [ 85.37648, 27.21203 ], [ 85.3727, 27.20998 ], [ 85.36926, 27.21191 ], [ 85.36244, 27.2127 ], [ 85.35953, 27.21073 ], [ 85.35835, 27.21323 ], [ 85.35666, 27.21313 ], [ 85.35361, 27.21571 ], [ 85.34863, 27.22211 ], [ 85.33749, 27.21975 ], [ 85.3327, 27.22294 ], [ 85.3306, 27.22296 ], [ 85.32084, 27.22669 ], [ 85.31729, 27.22716 ], [ 85.3122, 27.23048 ], [ 85.30976, 27.23044 ], [ 85.30728, 27.23176 ], [ 85.30392, 27.22986 ], [ 85.29291, 27.23285 ], [ 85.28863, 27.23108 ], [ 85.28051, 27.23115 ], [ 85.27942, 27.2287 ], [ 85.27411, 27.22957 ], [ 85.27183, 27.22922 ], [ 85.26961, 27.2284 ], [ 85.26726, 27.22621 ], [ 85.26373, 27.22708 ], [ 85.2618, 27.22658 ], [ 85.25768, 27.22915 ], [ 85.25683, 27.23108 ], [ 85.25798, 27.23414 ], [ 85.25329, 27.23819 ], [ 85.25152, 27.24255 ], [ 85.2514, 27.24491 ], [ 85.24892, 27.24633 ], [ 85.24545, 27.24653 ], [ 85.24233, 27.24872 ], [ 85.23656, 27.24761 ], [ 85.23264, 27.24497 ], [ 85.23168, 27.24332 ], [ 85.2246, 27.24542 ], [ 85.21981, 27.24396 ], [ 85.2171, 27.24462 ], [ 85.21508, 27.24674 ], [ 85.20829, 27.24532 ], [ 85.20662, 27.24827 ], [ 85.20234, 27.25018 ], [ 85.19948, 27.24914 ], [ 85.1978, 27.24599 ], [ 85.19381, 27.2451 ], [ 85.17963, 27.24811 ], [ 85.17719, 27.24957 ], [ 85.17982, 27.25209 ], [ 85.18084, 27.25451 ], [ 85.17493, 27.25358 ], [ 85.17083, 27.25472 ], [ 85.16759, 27.26012 ], [ 85.16479, 27.26043 ], [ 85.16133, 27.26203 ], [ 85.15588, 27.26206 ], [ 85.15474, 27.26395 ], [ 85.15168, 27.26568 ], [ 85.15095, 27.26854 ], [ 85.14516, 27.2729 ], [ 85.14411, 27.28001 ], [ 85.14467, 27.28291 ], [ 85.14195, 27.28503 ], [ 85.13926, 27.28559 ], [ 85.13663, 27.29016 ], [ 85.13169, 27.29208 ], [ 85.12652, 27.29255 ], [ 85.127, 27.29555 ], [ 85.12542, 27.30107 ], [ 85.12076, 27.3021 ], [ 85.12049, 27.30596 ], [ 85.11894, 27.3092 ], [ 85.1189, 27.31432 ], [ 85.11668, 27.31784 ], [ 85.10597, 27.31893 ], [ 85.1038, 27.32017 ], [ 85.10311, 27.32324 ], [ 85.10007, 27.32582 ], [ 85.09876, 27.32857 ], [ 85.09436, 27.33333 ], [ 85.09198, 27.34013 ], [ 85.09184, 27.34218 ], [ 85.09298, 27.34344 ], [ 85.09298, 27.34855 ], [ 85.09219, 27.35235 ], [ 85.09051, 27.35332 ], [ 85.09122, 27.35652 ], [ 85.08795, 27.35814 ], [ 85.08694, 27.36085 ], [ 85.0831, 27.36221 ], [ 85.0707, 27.36434 ], [ 85.06931, 27.36425 ], [ 85.0696, 27.36242 ], [ 85.06812, 27.36208 ], [ 85.0672, 27.36034 ], [ 85.06538, 27.36256 ], [ 85.06136, 27.36037 ], [ 85.05964, 27.36136 ], [ 85.05995, 27.36328 ], [ 85.05606, 27.3656 ], [ 85.05336, 27.36473 ], [ 85.05226, 27.36313 ], [ 85.05034, 27.36336 ], [ 85.04819, 27.3617 ], [ 85.04635, 27.36226 ], [ 85.04466, 27.36155 ], [ 85.04292, 27.35902 ], [ 85.03987, 27.35927 ], [ 85.03637, 27.35733 ], [ 85.03321, 27.35874 ], [ 85.03282, 27.36009 ], [ 85.03184, 27.36048 ], [ 85.02918, 27.35927 ], [ 85.02445, 27.35863 ], [ 85.02084, 27.35667 ], [ 85.02199, 27.35373 ], [ 85.02138, 27.35202 ], [ 85.01309, 27.35533 ], [ 85.00836, 27.35465 ], [ 85.00386, 27.35279 ], [ 85.00305, 27.3543 ], [ 85.0008, 27.3557 ], [ 85.00052, 27.36202 ], [ 84.99876, 27.36551 ], [ 84.99736, 27.36468 ], [ 84.9958, 27.36567 ], [ 84.99471, 27.36542 ], [ 84.99324, 27.36375 ], [ 84.99023, 27.36338 ], [ 84.98821, 27.36163 ], [ 84.98142, 27.36213 ], [ 84.9785, 27.35952 ], [ 84.97734, 27.35606 ], [ 84.97548, 27.35628 ], [ 84.9718, 27.35507 ], [ 84.96739, 27.35688 ], [ 84.96547, 27.3585 ], [ 84.9646, 27.36016 ], [ 84.96478, 27.36302 ], [ 84.96408, 27.36363 ], [ 84.95665, 27.3591 ], [ 84.95551, 27.36097 ], [ 84.95367, 27.36141 ], [ 84.95629, 27.36344 ], [ 84.95618, 27.36418 ], [ 84.95427, 27.3663 ], [ 84.95167, 27.36694 ], [ 84.95029, 27.36559 ], [ 84.9493, 27.36225 ], [ 84.94484, 27.36017 ], [ 84.94532, 27.36237 ], [ 84.94311, 27.36346 ], [ 84.94087, 27.36313 ], [ 84.94077, 27.36571 ], [ 84.93705, 27.36565 ], [ 84.93576, 27.36643 ], [ 84.93328, 27.36455 ], [ 84.93084, 27.3657 ], [ 84.92612, 27.36416 ], [ 84.92162, 27.37059 ], [ 84.91898, 27.37106 ], [ 84.91698, 27.37254 ], [ 84.91403, 27.37274 ], [ 84.90834, 27.37719 ], [ 84.90592, 27.37718 ], [ 84.90234, 27.37463 ], [ 84.9007, 27.37491 ], [ 84.89771, 27.37922 ], [ 84.89658, 27.38544 ], [ 84.89356, 27.38725 ], [ 84.8912, 27.38723 ], [ 84.88977, 27.38926 ], [ 84.88173, 27.388 ], [ 84.87841, 27.39319 ], [ 84.87792, 27.39506 ], [ 84.87865, 27.39605 ], [ 84.87661, 27.39759 ], [ 84.87257, 27.39817 ], [ 84.87139, 27.39921 ], [ 84.86799, 27.39746 ], [ 84.86398, 27.39692 ], [ 84.86261, 27.39785 ], [ 84.86075, 27.39748 ], [ 84.85816, 27.39855 ], [ 84.85178, 27.3985 ], [ 84.85033, 27.40264 ], [ 84.85098, 27.40434 ], [ 84.84751, 27.40855 ], [ 84.84549, 27.40913 ], [ 84.84417, 27.41185 ], [ 84.84076, 27.41198 ], [ 84.84092, 27.41408 ], [ 84.84028, 27.41473 ], [ 84.83759, 27.41431 ], [ 84.83616, 27.41624 ], [ 84.83359, 27.41767 ], [ 84.82965, 27.41621 ], [ 84.82516, 27.41955 ], [ 84.81555, 27.41899 ], [ 84.81314, 27.41676 ], [ 84.81001, 27.41591 ], [ 84.80851, 27.42367 ], [ 84.80913, 27.42445 ], [ 84.79975, 27.43009 ], [ 84.79731, 27.43269 ], [ 84.79706, 27.4352 ], [ 84.79083, 27.43768 ], [ 84.7861, 27.4368 ], [ 84.78435, 27.43523 ], [ 84.77993, 27.43502 ], [ 84.77936, 27.43631 ], [ 84.77508, 27.43759 ], [ 84.77432, 27.43875 ], [ 84.77017, 27.43883 ], [ 84.76824, 27.43701 ], [ 84.76517, 27.43794 ], [ 84.76122, 27.43678 ], [ 84.75821, 27.43751 ], [ 84.7552, 27.43565 ], [ 84.74866, 27.43768 ], [ 84.7432, 27.442 ], [ 84.74167, 27.44199 ], [ 84.73934, 27.44041 ], [ 84.73801, 27.44229 ], [ 84.73439, 27.44204 ], [ 84.73458, 27.44419 ], [ 84.72887, 27.44382 ], [ 84.72596, 27.44461 ], [ 84.72461, 27.44138 ], [ 84.72069, 27.43767 ], [ 84.72063, 27.43566 ], [ 84.71886, 27.43375 ], [ 84.71882, 27.43119 ], [ 84.7132, 27.43247 ], [ 84.70944, 27.43158 ], [ 84.70842, 27.43247 ], [ 84.7048, 27.43295 ], [ 84.70063, 27.43189 ], [ 84.69049, 27.43245 ], [ 84.68074, 27.42982 ], [ 84.67059, 27.42901 ], [ 84.66264, 27.42967 ], [ 84.66162, 27.43296 ], [ 84.65852, 27.43201 ], [ 84.65632, 27.43261 ], [ 84.65249, 27.4304 ], [ 84.64755, 27.42906 ], [ 84.64654, 27.42934 ], [ 84.64532, 27.43437 ], [ 84.6434, 27.43655 ], [ 84.64286, 27.44284 ], [ 84.63963, 27.44446 ], [ 84.63847, 27.44376 ], [ 84.63482, 27.4444 ], [ 84.63058, 27.44851 ], [ 84.62896, 27.44904 ], [ 84.62816, 27.4508 ], [ 84.62275, 27.44971 ], [ 84.62166, 27.4519 ], [ 84.62027, 27.45108 ], [ 84.60991, 27.45198 ], [ 84.60671, 27.45425 ], [ 84.60322, 27.45311 ], [ 84.60116, 27.45107 ], [ 84.59726, 27.45439 ], [ 84.59094, 27.45318 ], [ 84.58715, 27.45441 ], [ 84.58465, 27.45642 ], [ 84.58232, 27.45642 ], [ 84.58246, 27.45478 ], [ 84.58178, 27.45432 ], [ 84.57574, 27.45391 ], [ 84.57465, 27.4557 ], [ 84.5734, 27.45619 ], [ 84.57297, 27.45878 ], [ 84.56772, 27.46046 ], [ 84.56515, 27.46308 ], [ 84.56154, 27.46296 ], [ 84.55847, 27.4604 ], [ 84.55767, 27.45881 ], [ 84.55822, 27.45508 ], [ 84.55648, 27.45114 ], [ 84.55739, 27.44895 ], [ 84.55592, 27.44177 ], [ 84.55119, 27.43713 ], [ 84.55073, 27.43266 ], [ 84.5477, 27.42669 ], [ 84.54824, 27.41795 ], [ 84.54332, 27.41789 ], [ 84.5416, 27.41943 ], [ 84.53866, 27.41831 ], [ 84.53657, 27.41533 ], [ 84.53237, 27.41435 ], [ 84.53425, 27.41232 ], [ 84.54485, 27.40992 ], [ 84.54612, 27.40815 ], [ 84.54677, 27.4046 ], [ 84.54576, 27.40377 ], [ 84.53734, 27.40377 ], [ 84.53571, 27.40334 ], [ 84.53461, 27.40172 ], [ 84.53442, 27.39818 ], [ 84.53542, 27.3924 ], [ 84.53935, 27.38759 ], [ 84.53955, 27.38584 ], [ 84.53237, 27.38393 ], [ 84.53034, 27.38098 ], [ 84.52404, 27.3833 ], [ 84.51976, 27.38401 ], [ 84.51154, 27.38253 ], [ 84.50984, 27.38072 ], [ 84.50396, 27.3811 ], [ 84.50244, 27.37993 ], [ 84.5016, 27.37652 ], [ 84.49523, 27.37662 ], [ 84.49252, 27.37287 ], [ 84.48769, 27.37135 ], [ 84.48734, 27.36933 ], [ 84.48377, 27.36607 ], [ 84.48577, 27.35851 ], [ 84.47586, 27.36245 ], [ 84.47286, 27.35843 ], [ 84.47245, 27.3559 ], [ 84.47073, 27.35497 ], [ 84.46614, 27.35664 ], [ 84.46464, 27.35972 ], [ 84.46175, 27.35933 ], [ 84.45861, 27.36082 ], [ 84.45764, 27.3621 ], [ 84.44634, 27.36372 ], [ 84.44457, 27.36511 ], [ 84.44377, 27.36859 ], [ 84.44108, 27.37019 ], [ 84.43522, 27.36952 ], [ 84.4306, 27.37114 ], [ 84.42799, 27.37085 ], [ 84.42414, 27.37196 ], [ 84.42024, 27.36985 ], [ 84.41392, 27.37076 ], [ 84.41026, 27.36849 ], [ 84.40597, 27.37036 ], [ 84.40043, 27.37017 ], [ 84.3987, 27.36943 ], [ 84.39694, 27.37035 ], [ 84.39173, 27.36815 ], [ 84.38751, 27.37232 ], [ 84.37274, 27.37662 ], [ 84.37159, 27.37525 ], [ 84.35603, 27.37343 ], [ 84.34796, 27.37416 ], [ 84.3377, 27.3778 ], [ 84.33248, 27.37738 ], [ 84.32853, 27.38021 ], [ 84.32391, 27.38037 ], [ 84.32217, 27.38151 ], [ 84.31743, 27.38212 ], [ 84.31367, 27.3852 ], [ 84.31047, 27.38672 ], [ 84.30456, 27.38786 ], [ 84.30046, 27.39041 ], [ 84.29755, 27.38881 ], [ 84.29477, 27.3844 ], [ 84.29175, 27.38493 ], [ 84.28705, 27.39041 ], [ 84.28523, 27.39147 ], [ 84.28438, 27.39461 ], [ 84.28238, 27.39651 ], [ 84.2763, 27.39563 ], [ 84.27544, 27.40105 ], [ 84.27723, 27.40283 ], [ 84.27905, 27.40666 ], [ 84.27747, 27.40975 ], [ 84.27806, 27.41563 ], [ 84.27348, 27.42132 ], [ 84.27223, 27.42581 ], [ 84.2725, 27.4288 ], [ 84.26792, 27.43165 ], [ 84.26593, 27.43444 ], [ 84.26181, 27.43547 ], [ 84.25855, 27.43874 ], [ 84.25813, 27.44111 ], [ 84.25938, 27.4458 ], [ 84.25464, 27.44936 ], [ 84.25415, 27.45206 ], [ 84.25054, 27.45344 ], [ 84.24602, 27.45305 ], [ 84.24402, 27.45467 ], [ 84.23906, 27.45251 ], [ 84.23507, 27.45376 ], [ 84.23158, 27.45628 ], [ 84.2269, 27.45103 ], [ 84.22393, 27.45037 ], [ 84.22082, 27.44763 ], [ 84.22088, 27.44275 ], [ 84.21943, 27.44039 ], [ 84.21641, 27.44152 ], [ 84.21244, 27.44121 ], [ 84.20844, 27.44258 ], [ 84.20652, 27.44659 ], [ 84.20822, 27.4529 ], [ 84.20726, 27.4542 ], [ 84.20768, 27.45627 ], [ 84.20378, 27.45957 ], [ 84.20874, 27.46535 ], [ 84.20572, 27.46966 ], [ 84.20158, 27.47069 ], [ 84.19949, 27.47209 ], [ 84.19574, 27.47192 ], [ 84.19438, 27.47325 ], [ 84.19102, 27.46922 ], [ 84.18862, 27.47209 ], [ 84.18398, 27.47245 ], [ 84.17981, 27.47475 ], [ 84.17875, 27.4739 ], [ 84.17597, 27.4738 ], [ 84.17365, 27.47541 ], [ 84.17146, 27.47568 ], [ 84.171, 27.47909 ], [ 84.16742, 27.47963 ], [ 84.16706, 27.4818 ], [ 84.16353, 27.4838 ], [ 84.15973, 27.48457 ], [ 84.15763, 27.48361 ], [ 84.1536, 27.48402 ], [ 84.15182, 27.48603 ], [ 84.14881, 27.48593 ], [ 84.14873, 27.489 ], [ 84.1453, 27.49286 ], [ 84.14613, 27.49548 ], [ 84.14432, 27.4969 ], [ 84.14984, 27.50091 ], [ 84.14824, 27.50301 ], [ 84.14931, 27.50433 ], [ 84.14859, 27.50576 ], [ 84.14951, 27.50694 ], [ 84.14918, 27.50933 ], [ 84.15118, 27.51016 ], [ 84.14979, 27.51248 ], [ 84.15099, 27.51643 ], [ 84.14715, 27.51725 ], [ 84.1457, 27.5188 ], [ 84.1436, 27.51709 ], [ 84.14151, 27.51794 ], [ 84.13822, 27.51762 ], [ 84.13691, 27.51611 ], [ 84.13463, 27.51464 ], [ 84.1336, 27.51496 ], [ 84.12972, 27.5119 ], [ 84.12407, 27.51105 ], [ 84.11742, 27.51367 ], [ 84.11655, 27.51926 ], [ 84.11376, 27.51928 ], [ 84.11256, 27.52005 ], [ 84.11081, 27.51941 ], [ 84.10854, 27.52173 ], [ 84.10505, 27.52081 ], [ 84.10071, 27.51774 ], [ 84.09775, 27.51721 ], [ 84.09754, 27.51552 ], [ 84.0989, 27.51354 ], [ 84.09965, 27.5104 ], [ 84.09843, 27.50807 ], [ 84.09862, 27.50557 ], [ 84.09709, 27.50501 ], [ 84.0986, 27.5025 ], [ 84.09536, 27.48958 ], [ 84.09361, 27.48863 ], [ 84.09133, 27.48884 ], [ 84.09079, 27.48608 ], [ 84.08955, 27.48629 ], [ 84.08393, 27.48324 ], [ 84.07804, 27.48403 ], [ 84.07683, 27.48276 ], [ 84.07475, 27.48244 ], [ 84.07382, 27.48079 ], [ 84.07186, 27.4805 ], [ 84.07127, 27.48176 ], [ 84.07052, 27.48162 ], [ 84.06895, 27.47935 ], [ 84.0681, 27.47625 ], [ 84.06833, 27.47342 ], [ 84.06716, 27.47226 ], [ 84.06658, 27.46964 ], [ 84.06198, 27.46693 ], [ 84.06208, 27.46521 ], [ 84.06069, 27.46197 ], [ 84.05842, 27.46121 ], [ 84.05921, 27.45844 ], [ 84.06152, 27.45698 ], [ 84.06166, 27.45589 ], [ 84.06086, 27.45466 ], [ 84.05832, 27.45372 ], [ 84.0584, 27.45206 ], [ 84.05744, 27.45098 ], [ 84.05459, 27.44938 ], [ 84.05191, 27.44268 ], [ 84.04356, 27.44333 ], [ 84.0432, 27.44232 ], [ 84.03879, 27.44269 ], [ 84.03553, 27.44086 ], [ 84.03161, 27.44162 ], [ 84.03093, 27.439 ], [ 84.02773, 27.43976 ], [ 84.02567, 27.4382 ], [ 84.02737, 27.43546 ], [ 84.02732, 27.43378 ], [ 84.02539, 27.43396 ], [ 84.0233, 27.43297 ], [ 84.02101, 27.43372 ], [ 84.01887, 27.436 ], [ 84.01569, 27.43476 ], [ 84.01182, 27.43884 ], [ 84.01025, 27.43768 ], [ 84.00884, 27.43769 ], [ 84.0075, 27.4405 ], [ 84.00518, 27.43968 ], [ 84.00591, 27.44131 ], [ 84.00539, 27.44215 ], [ 84.00371, 27.44131 ], [ 84.00229, 27.44216 ], [ 84.0016, 27.44032 ], [ 83.99869, 27.44213 ], [ 83.99802, 27.44064 ], [ 83.99695, 27.44367 ], [ 83.99729, 27.44541 ], [ 83.99573, 27.44619 ], [ 83.99153, 27.44417 ], [ 83.9839, 27.44385 ], [ 83.97781, 27.43932 ], [ 83.9771, 27.43951 ], [ 83.97771, 27.44244 ], [ 83.97488, 27.44291 ], [ 83.97254, 27.44207 ], [ 83.96962, 27.4447 ], [ 83.966, 27.44658 ], [ 83.96467, 27.44624 ], [ 83.96248, 27.44396 ], [ 83.96024, 27.44426 ], [ 83.95772, 27.44306 ], [ 83.94541, 27.44124 ], [ 83.94309, 27.44348 ], [ 83.94402, 27.44629 ], [ 83.94209, 27.44772 ], [ 83.93924, 27.44887 ], [ 83.93572, 27.44827 ], [ 83.93111, 27.44956 ], [ 83.93533, 27.45096 ], [ 83.93924, 27.4551 ], [ 83.94449, 27.46577 ], [ 83.94354, 27.4735 ], [ 83.93843, 27.48836 ], [ 83.93864, 27.49151 ], [ 83.94103, 27.49383 ], [ 83.95767, 27.50034 ], [ 83.96641, 27.50619 ], [ 83.9689, 27.51061 ], [ 83.96928, 27.51603 ], [ 83.96477, 27.52318 ], [ 83.95642, 27.52705 ], [ 83.95293, 27.52752 ], [ 83.95082, 27.52644 ], [ 83.94622, 27.51846 ], [ 83.94181, 27.51571 ], [ 83.93416, 27.51331 ], [ 83.92999, 27.51302 ], [ 83.92679, 27.51395 ], [ 83.92335, 27.51648 ], [ 83.92141, 27.5191 ], [ 83.92214, 27.52432 ], [ 83.91982, 27.52659 ], [ 83.91872, 27.53155 ], [ 83.91939, 27.53977 ], [ 83.92024, 27.54146 ], [ 83.92433, 27.54457 ], [ 83.93094, 27.5455 ], [ 83.94091, 27.54152 ], [ 83.94836, 27.54015 ], [ 83.95428, 27.543 ], [ 83.95764, 27.54837 ], [ 83.97029, 27.55053 ], [ 83.97453, 27.54956 ], [ 83.98181, 27.54492 ], [ 83.98524, 27.54387 ], [ 83.99304, 27.54349 ], [ 83.9988, 27.54551 ], [ 84.00544, 27.54475 ], [ 84.00799, 27.54394 ], [ 84.01425, 27.5398 ], [ 84.01818, 27.53844 ], [ 84.02527, 27.53707 ], [ 84.03106, 27.53719 ], [ 84.03575, 27.53839 ], [ 84.03874, 27.54051 ], [ 84.04167, 27.54527 ], [ 84.04392, 27.55221 ], [ 84.04689, 27.55494 ], [ 84.05049, 27.55647 ], [ 84.05645, 27.55545 ], [ 84.06431, 27.55132 ], [ 84.06745, 27.55216 ], [ 84.07075, 27.55736 ], [ 84.07455, 27.55949 ], [ 84.08335, 27.55761 ], [ 84.09015, 27.55464 ], [ 84.10057, 27.55383 ], [ 84.10719, 27.55169 ], [ 84.1146, 27.55327 ], [ 84.11928, 27.55633 ], [ 84.11972, 27.56004 ], [ 84.12553, 27.56605 ], [ 84.12608, 27.57129 ], [ 84.12764, 27.57476 ], [ 84.13515, 27.58451 ], [ 84.14154, 27.5888 ], [ 84.15099, 27.59839 ], [ 84.16415, 27.60692 ], [ 84.1763, 27.61907 ], [ 84.19071, 27.6284 ], [ 84.19684, 27.63126 ], [ 84.20656, 27.63873 ], [ 84.21806, 27.64353 ], [ 84.22876, 27.64533 ], [ 84.23487, 27.64922 ], [ 84.24094, 27.65178 ], [ 84.25022, 27.65411 ], [ 84.25489, 27.65137 ], [ 84.2578, 27.65107 ], [ 84.26216, 27.65653 ], [ 84.27086, 27.66292 ], [ 84.27553, 27.66351 ], [ 84.29225, 27.66829 ], [ 84.31385, 27.68025 ], [ 84.32286, 27.6865 ], [ 84.32385, 27.68893 ], [ 84.32399, 27.69242 ], [ 84.32524, 27.69395 ], [ 84.3436, 27.70224 ], [ 84.34667, 27.703 ], [ 84.35018, 27.70278 ], [ 84.35995, 27.69825 ], [ 84.3625, 27.69552 ], [ 84.36341, 27.69126 ], [ 84.36508, 27.68853 ], [ 84.3728, 27.68282 ], [ 84.378, 27.68125 ], [ 84.38037, 27.68152 ], [ 84.40808, 27.69638 ], [ 84.42784, 27.70368 ], [ 84.43055, 27.70581 ], [ 84.43115, 27.71044 ], [ 84.42192, 27.74126 ], [ 84.42677, 27.74246 ], [ 84.43295, 27.74115 ], [ 84.43694, 27.74277 ], [ 84.4385, 27.74401 ], [ 84.44194, 27.74992 ], [ 84.44773, 27.75715 ], [ 84.45044, 27.75928 ], [ 84.45756, 27.75928 ], [ 84.46463, 27.75313 ], [ 84.4678, 27.75191 ], [ 84.47107, 27.75239 ], [ 84.47188, 27.75433 ], [ 84.47044, 27.76085 ], [ 84.46725, 27.76712 ], [ 84.46048, 27.77365 ], [ 84.45541, 27.77635 ], [ 84.44897, 27.7783 ], [ 84.43922, 27.7784 ], [ 84.43401, 27.78285 ], [ 84.43116, 27.78681 ], [ 84.42977, 27.79281 ], [ 84.4308, 27.80407 ], [ 84.43266, 27.81334 ], [ 84.43522, 27.8152 ], [ 84.4401, 27.81652 ], [ 84.44264, 27.82074 ], [ 84.44569, 27.82309 ], [ 84.45447, 27.82019 ], [ 84.46481, 27.81886 ], [ 84.46604, 27.81981 ], [ 84.46527, 27.8239 ], [ 84.46603, 27.82433 ], [ 84.47422, 27.82355 ], [ 84.48042, 27.82153 ], [ 84.48846, 27.82081 ], [ 84.49268, 27.81934 ], [ 84.49703, 27.8208 ], [ 84.50286, 27.81963 ], [ 84.5113, 27.81544 ], [ 84.51698, 27.81608 ], [ 84.52025, 27.82131 ], [ 84.52023, 27.82977 ], [ 84.52065, 27.83139 ], [ 84.52184, 27.83225 ], [ 84.52731, 27.83359 ], [ 84.53213, 27.83297 ], [ 84.53905, 27.83364 ], [ 84.546, 27.83172 ], [ 84.54983, 27.83278 ], [ 84.55506, 27.83574 ], [ 84.55663, 27.83838 ], [ 84.55796, 27.84499 ], [ 84.5581, 27.84747 ], [ 84.55674, 27.85269 ], [ 84.55867, 27.85789 ], [ 84.56731, 27.85886 ], [ 84.57331, 27.86136 ], [ 84.57718, 27.86472 ], [ 84.57675, 27.87051 ], [ 84.57792, 27.87237 ], [ 84.58985, 27.87966 ], [ 84.59104, 27.87967 ], [ 84.59592, 27.87623 ], [ 84.6033, 27.87539 ], [ 84.60478, 27.87218 ], [ 84.60725, 27.8715 ], [ 84.61363, 27.87302 ], [ 84.61454, 27.87668 ], [ 84.61857, 27.88018 ], [ 84.62241, 27.88027 ], [ 84.62571, 27.87893 ], [ 84.62726, 27.87715 ], [ 84.62748, 27.87494 ], [ 84.62662, 27.87354 ], [ 84.62786, 27.87156 ], [ 84.63373, 27.86875 ], [ 84.63361, 27.86323 ], [ 84.63467, 27.86091 ], [ 84.63804, 27.85965 ], [ 84.64551, 27.86062 ], [ 84.64886, 27.85967 ], [ 84.64982, 27.85849 ], [ 84.64676, 27.85506 ], [ 84.64719, 27.85332 ], [ 84.65568, 27.85216 ], [ 84.65861, 27.85103 ], [ 84.66027, 27.84945 ], [ 84.66387, 27.84052 ], [ 84.66089, 27.82912 ], [ 84.66734, 27.82301 ], [ 84.66746, 27.81896 ], [ 84.67102, 27.81694 ], [ 84.67701, 27.81568 ], [ 84.68494, 27.81027 ], [ 84.7073, 27.80661 ], [ 84.7081, 27.80486 ], [ 84.70784, 27.80249 ], [ 84.71105, 27.80043 ], [ 84.71371, 27.80041 ], [ 84.71863, 27.80367 ], [ 84.72143, 27.80126 ], [ 84.72733, 27.79985 ], [ 84.72939, 27.79606 ], [ 84.73072, 27.79553 ], [ 84.73691, 27.79899 ], [ 84.7371, 27.80159 ], [ 84.73867, 27.80399 ], [ 84.74445, 27.80426 ], [ 84.74686, 27.80555 ], [ 84.75139, 27.80524 ], [ 84.75373, 27.80639 ], [ 84.75614, 27.80894 ], [ 84.75683, 27.81444 ], [ 84.76253, 27.81816 ], [ 84.76486, 27.81843 ], [ 84.76932, 27.81506 ], [ 84.76836, 27.81193 ], [ 84.76917, 27.81083 ], [ 84.77297, 27.80858 ], [ 84.77531, 27.80875 ], [ 84.77897, 27.8125 ], [ 84.78227, 27.8138 ], [ 84.78206, 27.81528 ], [ 84.77692, 27.81882 ], [ 84.7736, 27.82412 ], [ 84.773, 27.8294 ], [ 84.77584, 27.83527 ], [ 84.77408, 27.83727 ], [ 84.77056, 27.83883 ], [ 84.76981, 27.84279 ], [ 84.76744, 27.84371 ], [ 84.76792, 27.85165 ], [ 84.76523, 27.85371 ], [ 84.76513, 27.85896 ], [ 84.76362, 27.86002 ], [ 84.75923, 27.85932 ], [ 84.75592, 27.8617 ], [ 84.75412, 27.86528 ], [ 84.755, 27.86926 ], [ 84.75329, 27.87349 ], [ 84.75222, 27.87525 ], [ 84.74684, 27.87852 ], [ 84.74584, 27.88017 ], [ 84.74912, 27.88604 ], [ 84.7418, 27.88975 ], [ 84.7374, 27.89066 ], [ 84.73565, 27.8928 ], [ 84.73751, 27.89697 ], [ 84.73311, 27.90698 ], [ 84.73498, 27.91537 ], [ 84.73404, 27.91718 ], [ 84.7333, 27.92467 ], [ 84.73189, 27.92576 ], [ 84.73253, 27.92726 ], [ 84.73632, 27.92847 ], [ 84.73629, 27.93072 ], [ 84.73402, 27.93118 ], [ 84.73378, 27.93309 ], [ 84.73926, 27.93651 ], [ 84.73969, 27.94362 ], [ 84.74096, 27.94733 ], [ 84.74642, 27.95523 ], [ 84.74576, 27.96002 ], [ 84.75709, 27.96338 ], [ 84.76059, 27.96715 ], [ 84.76903, 27.96722 ], [ 84.7746, 27.97132 ], [ 84.77504, 27.97305 ], [ 84.77134, 27.97591 ], [ 84.77151, 27.97728 ], [ 84.77678, 27.97753 ], [ 84.77846, 27.98132 ], [ 84.78395, 27.98322 ], [ 84.7849, 27.98696 ], [ 84.78786, 27.98928 ], [ 84.78795, 27.99522 ], [ 84.79004, 27.99792 ], [ 84.79679, 27.99807 ], [ 84.79767, 27.9993 ], [ 84.79633, 28.00132 ], [ 84.7973, 28.00229 ], [ 84.80141, 28.00044 ], [ 84.80373, 28.00035 ], [ 84.81121, 28.00287 ], [ 84.81317, 28.00925 ], [ 84.8103, 28.01324 ], [ 84.80943, 28.01679 ], [ 84.81025, 28.01875 ], [ 84.81271, 28.02123 ], [ 84.81226, 28.02502 ], [ 84.81345, 28.02836 ], [ 84.8125, 28.03145 ], [ 84.80935, 28.03458 ], [ 84.80938, 28.03791 ], [ 84.81201, 28.04288 ], [ 84.81826, 28.04762 ], [ 84.81837, 28.05425 ], [ 84.82053, 28.0563 ], [ 84.82114, 28.05818 ], [ 84.82081, 28.06307 ], [ 84.82428, 28.06664 ], [ 84.82542, 28.07078 ], [ 84.82776, 28.07506 ], [ 84.82925, 28.08143 ], [ 84.83152, 28.08474 ], [ 84.83169, 28.08949 ], [ 84.83715, 28.09488 ], [ 84.83692, 28.09794 ], [ 84.83773, 28.10113 ], [ 84.83703, 28.10407 ], [ 84.83807, 28.10641 ], [ 84.84234, 28.11064 ], [ 84.84201, 28.1145 ], [ 84.84362, 28.11625 ], [ 84.84948, 28.11846 ], [ 84.85457, 28.12258 ], [ 84.85892, 28.12 ], [ 84.86221, 28.12149 ], [ 84.86925, 28.12039 ], [ 84.87268, 28.11665 ], [ 84.88088, 28.11269 ], [ 84.88381, 28.10974 ], [ 84.88526, 28.10544 ], [ 84.89013, 28.10255 ], [ 84.89233, 28.09989 ], [ 84.89686, 28.10447 ], [ 84.90031, 28.10661 ], [ 84.90283, 28.10534 ], [ 84.90922, 28.10454 ], [ 84.91346, 28.10283 ], [ 84.91584, 28.10259 ], [ 84.91802, 28.10335 ], [ 84.92145, 28.10652 ], [ 84.92006, 28.11523 ], [ 84.92176, 28.11656 ], [ 84.92393, 28.12056 ], [ 84.9287, 28.12624 ], [ 84.93069, 28.12539 ], [ 84.93532, 28.12655 ], [ 84.93908, 28.12568 ], [ 84.94108, 28.12467 ], [ 84.94266, 28.1225 ], [ 84.94487, 28.12398 ], [ 84.9483, 28.12483 ], [ 84.95171, 28.12414 ], [ 84.95679, 28.12668 ], [ 84.9568, 28.13197 ], [ 84.95837, 28.13371 ], [ 84.9582, 28.136 ], [ 84.95408, 28.14342 ], [ 84.95777, 28.1471 ], [ 84.95705, 28.14939 ], [ 84.95713, 28.15547 ], [ 84.96068, 28.15953 ], [ 84.96179, 28.16888 ], [ 84.96555, 28.17443 ], [ 84.96395, 28.17786 ], [ 84.96735, 28.18478 ], [ 84.97323, 28.18905 ], [ 84.97374, 28.19021 ], [ 84.97075, 28.19442 ], [ 84.97051, 28.19904 ], [ 84.96741, 28.20187 ], [ 84.96729, 28.20436 ], [ 84.96196, 28.21267 ], [ 84.96462, 28.21729 ], [ 84.96714, 28.21892 ], [ 84.96903, 28.2222 ], [ 84.97694, 28.22665 ], [ 84.98244, 28.23443 ], [ 84.98475, 28.2358 ], [ 84.99149, 28.24463 ], [ 84.994, 28.24389 ], [ 84.99766, 28.2404 ], [ 84.99855, 28.24117 ], [ 84.99901, 28.2444 ], [ 85.00257, 28.248 ], [ 85.00077, 28.25042 ], [ 85.00095, 28.25269 ], [ 85.00482, 28.25524 ], [ 85.01087, 28.25605 ], [ 85.02129, 28.26024 ], [ 85.02723, 28.2616 ], [ 85.03112, 28.27283 ], [ 85.03171, 28.27919 ], [ 85.03391, 28.28291 ], [ 85.03497, 28.28731 ], [ 85.03715, 28.28953 ], [ 85.03788, 28.29181 ], [ 85.03696, 28.29542 ], [ 85.03386, 28.29953 ], [ 85.0326, 28.30277 ], [ 85.03445, 28.30442 ], [ 85.0346, 28.30565 ], [ 85.04109, 28.31179 ], [ 85.04253, 28.31532 ], [ 85.04202, 28.31768 ], [ 85.04272, 28.31963 ], [ 85.04488, 28.32192 ], [ 85.04601, 28.32503 ], [ 85.04654, 28.32579 ], [ 85.05002, 28.32591 ], [ 85.05288, 28.32694 ], [ 85.06725, 28.33921 ], [ 85.08043, 28.34581 ], [ 85.08825, 28.3463 ], [ 85.09288, 28.3446 ], [ 85.10784, 28.34653 ], [ 85.10832, 28.34534 ], [ 85.12066, 28.33569 ], [ 85.12403, 28.33612 ], [ 85.12853, 28.338 ], [ 85.13223, 28.33589 ], [ 85.13493, 28.33242 ], [ 85.13683, 28.33241 ], [ 85.14026, 28.3304 ], [ 85.14282, 28.33126 ], [ 85.16671, 28.33155 ], [ 85.17068, 28.32848 ], [ 85.17955, 28.32563 ], [ 85.18117, 28.32421 ], [ 85.19038, 28.33154 ], [ 85.19348, 28.33313 ], [ 85.19543, 28.3368 ], [ 85.19821, 28.33928 ], [ 85.20234, 28.34059 ], [ 85.21013, 28.3362 ], [ 85.21528, 28.33197 ], [ 85.21879, 28.33076 ], [ 85.22549, 28.32604 ], [ 85.22851, 28.32502 ], [ 85.23003, 28.32301 ], [ 85.23625, 28.32104 ], [ 85.24134, 28.31775 ], [ 85.2445, 28.3128 ], [ 85.24699, 28.30317 ], [ 85.25295, 28.29842 ], [ 85.25466, 28.2944 ], [ 85.25881, 28.29497 ], [ 85.26667, 28.29812 ], [ 85.27036, 28.29733 ], [ 85.27346, 28.29374 ], [ 85.27279, 28.28772 ], [ 85.29238, 28.28739 ], [ 85.29436, 28.28928 ], [ 85.29798, 28.29069 ], [ 85.30345, 28.28984 ], [ 85.30581, 28.29132 ], [ 85.30803, 28.29115 ], [ 85.31846, 28.294 ], [ 85.32278, 28.29597 ], [ 85.32527, 28.29907 ], [ 85.33147, 28.30016 ], [ 85.34025, 28.30389 ], [ 85.34245, 28.30257 ], [ 85.34808, 28.30164 ], [ 85.34806, 28.29302 ], [ 85.34703, 28.29135 ], [ 85.34815, 28.28843 ], [ 85.35255, 28.28664 ], [ 85.35517, 28.28694 ], [ 85.36322, 28.28552 ], [ 85.37006, 28.2857 ], [ 85.37544, 28.28272 ], [ 85.37752, 28.27851 ], [ 85.3864, 28.28467 ], [ 85.38736, 28.28642 ], [ 85.39184, 28.28846 ], [ 85.39664, 28.29409 ], [ 85.39759, 28.29823 ], [ 85.4048, 28.30242 ], [ 85.40839, 28.30528 ], [ 85.40946, 28.30717 ], [ 85.41192, 28.30829 ], [ 85.414, 28.31599 ], [ 85.41303, 28.32372 ], [ 85.41527, 28.32706 ], [ 85.41797, 28.32724 ], [ 85.42449, 28.33012 ], [ 85.43012, 28.3302 ], [ 85.43725, 28.33472 ], [ 85.44387, 28.33556 ], [ 85.4518, 28.33521 ], [ 85.45789, 28.33695 ], [ 85.47527, 28.33329 ], [ 85.48345, 28.33313 ], [ 85.48726, 28.33112 ], [ 85.49642, 28.3323 ], [ 85.49765, 28.33356 ], [ 85.50641, 28.33394 ], [ 85.51158, 28.33188 ], [ 85.51831, 28.33084 ], [ 85.52593, 28.32828 ], [ 85.53519, 28.32315 ], [ 85.5387, 28.31995 ], [ 85.54308, 28.31905 ], [ 85.54766, 28.31508 ], [ 85.55215, 28.31416 ], [ 85.56164, 28.30976 ], [ 85.56571, 28.31027 ], [ 85.57032, 28.30944 ], [ 85.5758, 28.31029 ], [ 85.57834, 28.30914 ], [ 85.58066, 28.30623 ], [ 85.58561, 28.30786 ], [ 85.59183, 28.3086 ], [ 85.60048, 28.30429 ], [ 85.59652, 28.29896 ], [ 85.59677, 28.29243 ], [ 85.59836, 28.28914 ], [ 85.59885, 28.27919 ], [ 85.6035, 28.26458 ], [ 85.60618, 28.26105 ], [ 85.60688, 28.25695 ], [ 85.60857, 28.25681 ], [ 85.62549, 28.26602 ], [ 85.63037, 28.27104 ], [ 85.63532, 28.27386 ], [ 85.64201, 28.28255 ], [ 85.64499, 28.28973 ], [ 85.66061, 28.3029 ], [ 85.66152, 28.30476 ], [ 85.66121, 28.30582 ], [ 85.65589, 28.31239 ], [ 85.65377, 28.3159 ], [ 85.65364, 28.3174 ], [ 85.65718, 28.32447 ], [ 85.66122, 28.32617 ], [ 85.66428, 28.33167 ], [ 85.66428, 28.33559 ], [ 85.66561, 28.33846 ], [ 85.66621, 28.34564 ], [ 85.66563, 28.34796 ], [ 85.67608, 28.35063 ], [ 85.68141, 28.34961 ], [ 85.68365, 28.34725 ], [ 85.68523, 28.34638 ], [ 85.68608, 28.34688 ], [ 85.6838, 28.3824 ], [ 85.6952, 28.38566 ], [ 85.70081, 28.38455 ], [ 85.71136, 28.38621 ], [ 85.71233, 28.38309 ], [ 85.71764, 28.3755 ], [ 85.72068, 28.37352 ], [ 85.72421, 28.37329 ], [ 85.72018, 28.36962 ], [ 85.71879, 28.36727 ], [ 85.72044, 28.36236 ], [ 85.71982, 28.3594 ], [ 85.72192, 28.35367 ], [ 85.725, 28.35224 ], [ 85.72617, 28.3506 ], [ 85.72836, 28.3425 ], [ 85.73215, 28.33928 ], [ 85.73183, 28.33629 ], [ 85.7287, 28.33313 ], [ 85.72742, 28.32878 ], [ 85.73578, 28.32356 ], [ 85.73713, 28.3192 ], [ 85.73658, 28.31268 ], [ 85.73757, 28.30965 ], [ 85.73585, 28.30657 ], [ 85.73629, 28.30506 ], [ 85.73549, 28.30109 ], [ 85.73623, 28.29933 ], [ 85.73279, 28.29447 ], [ 85.73294, 28.29122 ], [ 85.7381, 28.28467 ], [ 85.73932, 28.27605 ], [ 85.74282, 28.27166 ], [ 85.74222, 28.2656 ], [ 85.74291, 28.25684 ], [ 85.74828, 28.24903 ], [ 85.74874, 28.23809 ], [ 85.75419, 28.23486 ], [ 85.7569, 28.22888 ], [ 85.75859, 28.22786 ], [ 85.76384, 28.22729 ], [ 85.76774, 28.2226 ], [ 85.77393, 28.21803 ], [ 85.77573, 28.21563 ], [ 85.77453, 28.21124 ], [ 85.77626, 28.20853 ], [ 85.78202, 28.20842 ], [ 85.78421, 28.20543 ], [ 85.79085, 28.20372 ], [ 85.79445, 28.20035 ], [ 85.79908, 28.19815 ], [ 85.7999, 28.19634 ], [ 85.8042, 28.19815 ], [ 85.80718, 28.19833 ], [ 85.81137, 28.20259 ], [ 85.81557, 28.20329 ], [ 85.81656, 28.20229 ], [ 85.81644, 28.19942 ], [ 85.81794, 28.19388 ], [ 85.82167, 28.19004 ], [ 85.82882, 28.18499 ], [ 85.84316, 28.18335 ], [ 85.8484, 28.1841 ], [ 85.8498, 28.17124 ], [ 85.85119, 28.16712 ], [ 85.8537, 28.16355 ], [ 85.85631, 28.16155 ], [ 85.85922, 28.16126 ], [ 85.85961, 28.15436 ], [ 85.86168, 28.15123 ], [ 85.87015, 28.1467 ], [ 85.87183, 28.14437 ], [ 85.87224, 28.14287 ], [ 85.86919, 28.13532 ], [ 85.86914, 28.13311 ], [ 85.87031, 28.13126 ], [ 85.86919, 28.12827 ], [ 85.87001, 28.1237 ], [ 85.87228, 28.12133 ], [ 85.87856, 28.11734 ], [ 85.88604, 28.11732 ], [ 85.88875, 28.11655 ], [ 85.8899, 28.11395 ], [ 85.89422, 28.11226 ], [ 85.89793, 28.109 ], [ 85.89963, 28.10365 ], [ 85.89895, 28.09797 ], [ 85.90319, 28.08916 ], [ 85.90066, 28.08511 ], [ 85.90124, 28.08098 ], [ 85.90059, 28.0782 ], [ 85.89624, 28.07423 ], [ 85.89653, 28.06736 ], [ 85.90066, 28.06157 ], [ 85.89989, 28.05751 ], [ 85.90078, 28.05382 ], [ 85.90922, 28.05049 ], [ 85.91299, 28.05022 ], [ 85.91478, 28.0493 ], [ 85.92363, 28.0389 ], [ 85.92822, 28.03153 ], [ 85.93117, 28.02983 ], [ 85.93572, 28.02409 ], [ 85.93795, 28.02465 ], [ 85.94177, 28.02302 ], [ 85.95374, 28.01447 ], [ 85.96084, 28.00725 ], [ 85.96431, 28.00209 ], [ 85.96751, 28.00029 ], [ 85.97423, 28.00101 ], [ 85.97441, 27.99972 ], [ 85.97702, 27.99664 ], [ 85.97697, 27.99378 ], [ 85.97852, 27.99125 ], [ 85.97818, 27.98782 ], [ 85.96548, 27.97465 ], [ 85.95965, 27.9675 ], [ 85.95787, 27.9612 ], [ 85.95837, 27.95892 ], [ 85.95772, 27.95671 ], [ 85.95573, 27.95492 ], [ 85.95158, 27.94548 ], [ 85.94816, 27.942 ], [ 85.95036, 27.94001 ], [ 85.95418, 27.93914 ], [ 85.96093, 27.93489 ], [ 85.96748, 27.93248 ], [ 85.97273, 27.92846 ], [ 85.97434, 27.92608 ], [ 85.97739, 27.92499 ], [ 85.98827, 27.91762 ], [ 85.99754, 27.9145 ], [ 85.99919, 27.91193 ], [ 86.0013, 27.91107 ], [ 86.00761, 27.91354 ], [ 86.01021, 27.91315 ], [ 86.01186, 27.91477 ], [ 86.01364, 27.91505 ], [ 86.02308, 27.90756 ], [ 86.02798, 27.90782 ], [ 86.03953, 27.90408 ], [ 86.04351, 27.90628 ], [ 86.04726, 27.90648 ], [ 86.05034, 27.90407 ], [ 86.05553, 27.90408 ], [ 86.05774, 27.90239 ], [ 86.06037, 27.90208 ], [ 86.0647, 27.89968 ], [ 86.06546, 27.9 ], [ 86.06537, 27.90177 ], [ 86.06685, 27.90382 ], [ 86.0693, 27.9056 ], [ 86.06629, 27.9096 ], [ 86.06639, 27.91102 ], [ 86.0749, 27.91076 ], [ 86.07947, 27.91418 ], [ 86.08716, 27.91681 ], [ 86.09033, 27.91998 ], [ 86.1011, 27.92288 ], [ 86.10392, 27.92479 ], [ 86.10885, 27.9243 ], [ 86.11789, 27.92723 ], [ 86.12288, 27.92694 ], [ 86.12387, 27.92757 ], [ 86.12435, 27.93162 ], [ 86.12615, 27.93364 ], [ 86.12355, 27.94153 ], [ 86.11527, 27.94543 ], [ 86.11306, 27.94958 ], [ 86.10702, 27.9558 ], [ 86.10902, 27.95798 ], [ 86.10935, 27.96142 ], [ 86.10863, 27.96525 ], [ 86.10668, 27.96786 ], [ 86.10347, 27.98414 ], [ 86.09924, 27.9929 ], [ 86.09629, 27.99588 ], [ 86.0957, 27.99882 ], [ 86.09348, 28.00017 ], [ 86.09136, 28.0051 ], [ 86.08889, 28.00599 ], [ 86.08649, 28.00866 ], [ 86.08554, 28.01134 ], [ 86.08221, 28.01358 ], [ 86.07927, 28.02029 ], [ 86.07985, 28.02243 ], [ 86.08803, 28.02873 ], [ 86.09036, 28.03312 ], [ 86.09002, 28.03534 ], [ 86.08731, 28.04037 ], [ 86.08897, 28.04376 ], [ 86.08878, 28.04706 ], [ 86.08739, 28.04928 ], [ 86.0895, 28.05753 ], [ 86.09474, 28.06179 ], [ 86.09144, 28.06927 ], [ 86.0894, 28.07264 ], [ 86.08752, 28.07382 ], [ 86.08463, 28.0817 ], [ 86.08398, 28.09013 ], [ 86.08266, 28.09086 ], [ 86.0858, 28.09315 ], [ 86.08889, 28.09423 ], [ 86.09202, 28.09775 ], [ 86.09882, 28.09635 ], [ 86.10401, 28.09295 ], [ 86.10791, 28.09353 ], [ 86.11023, 28.09158 ], [ 86.11373, 28.09204 ], [ 86.11773, 28.09132 ], [ 86.12403, 28.09525 ], [ 86.12758, 28.09956 ], [ 86.13008, 28.10006 ], [ 86.13092, 28.10416 ], [ 86.13276, 28.10597 ], [ 86.13156, 28.10746 ], [ 86.13297, 28.11086 ], [ 86.13224, 28.11656 ], [ 86.13681, 28.11838 ], [ 86.14038, 28.1177 ], [ 86.14178, 28.12036 ], [ 86.14133, 28.12399 ], [ 86.1419, 28.12601 ], [ 86.14543, 28.12833 ], [ 86.15223, 28.1304 ], [ 86.16016, 28.13794 ], [ 86.16296, 28.13856 ], [ 86.16603, 28.13804 ], [ 86.17799, 28.1435 ], [ 86.17879, 28.14513 ], [ 86.1788, 28.14925 ], [ 86.17574, 28.15479 ], [ 86.17648, 28.15931 ], [ 86.17611, 28.16251 ], [ 86.1737, 28.16655 ], [ 86.17374, 28.16819 ], [ 86.17568, 28.16997 ], [ 86.18218, 28.17173 ], [ 86.18661, 28.1741 ], [ 86.18927, 28.17288 ], [ 86.18866, 28.17078 ], [ 86.18944, 28.1683 ], [ 86.19246, 28.16666 ], [ 86.19156, 28.16436 ], [ 86.192, 28.16034 ], [ 86.19719, 28.15628 ], [ 86.19742, 28.15289 ], [ 86.19545, 28.15125 ], [ 86.19682, 28.14578 ], [ 86.19707, 28.1382 ], [ 86.20106, 28.1339 ], [ 86.20543, 28.13301 ], [ 86.20749, 28.12876 ], [ 86.20953, 28.12761 ], [ 86.21209, 28.12352 ], [ 86.21393, 28.11795 ], [ 86.21811, 28.1148 ], [ 86.21973, 28.11158 ], [ 86.21837, 28.10892 ], [ 86.22186, 28.09969 ], [ 86.2224, 28.0957 ], [ 86.20962, 28.0952 ], [ 86.20763, 28.09427 ], [ 86.20688, 28.09261 ], [ 86.20758, 28.08933 ], [ 86.20406, 28.08394 ], [ 86.20619, 28.07636 ], [ 86.20796, 28.07504 ], [ 86.20951, 28.0723 ], [ 86.21012, 28.06865 ], [ 86.20955, 28.06535 ], [ 86.21169, 28.05892 ], [ 86.21325, 28.05539 ], [ 86.21683, 28.05106 ], [ 86.21526, 28.04626 ], [ 86.21756, 28.04379 ], [ 86.21746, 28.04021 ], [ 86.21926, 28.0366 ], [ 86.22418, 28.03414 ], [ 86.22471, 28.033 ], [ 86.2251, 28.02858 ], [ 86.22091, 28.02309 ], [ 86.21996, 28.00998 ], [ 86.22231, 28.00407 ], [ 86.22276, 27.99262 ], [ 86.2251, 27.98723 ], [ 86.22633, 27.98151 ], [ 86.22791, 27.9794 ], [ 86.23161, 27.97733 ], [ 86.23308, 27.97414 ], [ 86.23728, 27.97301 ], [ 86.24359, 27.97423 ], [ 86.24869, 27.97622 ], [ 86.24888, 27.97502 ], [ 86.25467, 27.97828 ], [ 86.26291, 27.97905 ], [ 86.26629, 27.98038 ], [ 86.27557, 27.9785 ], [ 86.27798, 27.97871 ], [ 86.28095, 27.97706 ], [ 86.28617, 27.97735 ], [ 86.28866, 27.97832 ], [ 86.29645, 27.97295 ], [ 86.29679, 27.97125 ], [ 86.29964, 27.96758 ], [ 86.2995, 27.96114 ], [ 86.30286, 27.95849 ], [ 86.30393, 27.95552 ], [ 86.3073, 27.95619 ], [ 86.31219, 27.95019 ], [ 86.31865, 27.94781 ], [ 86.33522, 27.96502 ], [ 86.33538, 27.95995 ], [ 86.33721, 27.956 ], [ 86.33935, 27.95351 ], [ 86.33751, 27.94939 ], [ 86.34099, 27.94653 ], [ 86.34198, 27.94379 ], [ 86.34783, 27.9375 ], [ 86.35445, 27.94062 ], [ 86.35817, 27.94134 ], [ 86.36392, 27.94054 ], [ 86.37044, 27.9409 ], [ 86.3812, 27.9378 ], [ 86.38345, 27.93474 ], [ 86.38715, 27.93177 ], [ 86.39075, 27.92581 ], [ 86.39289, 27.92584 ], [ 86.39694, 27.92412 ], [ 86.40015, 27.92021 ], [ 86.40529, 27.91663 ], [ 86.40633, 27.91455 ], [ 86.40621, 27.91266 ], [ 86.40882, 27.91014 ], [ 86.41064, 27.90651 ], [ 86.42123, 27.90902 ], [ 86.4291, 27.90948 ], [ 86.43921, 27.90759 ], [ 86.44234, 27.90565 ], [ 86.44562, 27.91192 ], [ 86.45084, 27.91446 ], [ 86.45549, 27.91502 ], [ 86.45656, 27.9189 ], [ 86.45933, 27.92225 ], [ 86.46976, 27.92997 ], [ 86.46983, 27.93481 ], [ 86.46632, 27.94126 ], [ 86.46927, 27.94613 ], [ 86.47458, 27.94826 ], [ 86.48141, 27.94786 ], [ 86.48613, 27.95149 ], [ 86.49337, 27.95235 ], [ 86.49375, 27.95477 ], [ 86.4976, 27.95715 ], [ 86.50089, 27.95658 ], [ 86.51082, 27.95722 ], [ 86.51545, 27.95655 ], [ 86.5181, 27.95313 ], [ 86.51981, 27.94399 ], [ 86.52204, 27.93993 ], [ 86.53361, 27.94204 ], [ 86.53955, 27.93482 ], [ 86.54768, 27.93038 ], [ 86.549, 27.92729 ], [ 86.54967, 27.91906 ], [ 86.55456, 27.90785 ], [ 86.55413, 27.90263 ], [ 86.55154, 27.89826 ], [ 86.55215, 27.89213 ], [ 86.5545, 27.88546 ], [ 86.55114, 27.87819 ], [ 86.55091, 27.87609 ], [ 86.55428, 27.86006 ], [ 86.55398, 27.85707 ], [ 86.55002, 27.84834 ], [ 86.54902, 27.84155 ], [ 86.54699, 27.83479 ], [ 86.54426, 27.82903 ], [ 86.54342, 27.82143 ], [ 86.54034, 27.81758 ], [ 86.54023, 27.8148 ], [ 86.54231, 27.8111 ], [ 86.54809, 27.81093 ], [ 86.5599, 27.80632 ], [ 86.56206, 27.80639 ], [ 86.56697, 27.80393 ], [ 86.56551, 27.79954 ], [ 86.5687, 27.79531 ], [ 86.56871, 27.79104 ], [ 86.56557, 27.78569 ], [ 86.56609, 27.77846 ], [ 86.56387, 27.76954 ], [ 86.56595, 27.76255 ], [ 86.57024, 27.75928 ], [ 86.57265, 27.75452 ], [ 86.56906, 27.75184 ], [ 86.56277, 27.74927 ], [ 86.56316, 27.74486 ], [ 86.55814, 27.73836 ], [ 86.5562, 27.73238 ], [ 86.55688, 27.7287 ], [ 86.55425, 27.72394 ], [ 86.55343, 27.71951 ], [ 86.55121, 27.71748 ], [ 86.55084, 27.7108 ], [ 86.54867, 27.7096 ], [ 86.54779, 27.70795 ], [ 86.54153, 27.70341 ], [ 86.54014, 27.70154 ], [ 86.539, 27.69655 ], [ 86.54067, 27.69274 ], [ 86.53886, 27.68897 ], [ 86.53887, 27.68309 ], [ 86.53649, 27.67854 ], [ 86.53869, 27.67492 ], [ 86.53827, 27.67102 ], [ 86.53537, 27.66828 ], [ 86.5329, 27.66275 ], [ 86.52921, 27.66188 ], [ 86.527, 27.66011 ], [ 86.52871, 27.65554 ], [ 86.52683, 27.65305 ], [ 86.5261, 27.65034 ], [ 86.52201, 27.64929 ], [ 86.51747, 27.64692 ], [ 86.51342, 27.64801 ], [ 86.51127, 27.64236 ], [ 86.50684, 27.64012 ], [ 86.50624, 27.63564 ], [ 86.50411, 27.63355 ], [ 86.50384, 27.6293 ], [ 86.5006, 27.6252 ], [ 86.49975, 27.6203 ], [ 86.49748, 27.61879 ], [ 86.49536, 27.61877 ], [ 86.49238, 27.61367 ], [ 86.48398, 27.61717 ], [ 86.48025, 27.61698 ], [ 86.47651, 27.61576 ], [ 86.46958, 27.61706 ], [ 86.46673, 27.61598 ], [ 86.46352, 27.61601 ], [ 86.43467, 27.61021 ], [ 86.43011, 27.60417 ], [ 86.42456, 27.60193 ], [ 86.42007, 27.59861 ], [ 86.41784, 27.59132 ], [ 86.41334, 27.58673 ], [ 86.40991, 27.58646 ], [ 86.4077, 27.58441 ], [ 86.40362, 27.58446 ], [ 86.40095, 27.58307 ], [ 86.39838, 27.5834 ], [ 86.39261, 27.57703 ], [ 86.38924, 27.57511 ], [ 86.38814, 27.57271 ], [ 86.38067, 27.57137 ], [ 86.37652, 27.56834 ], [ 86.36912, 27.55812 ], [ 86.36863, 27.55606 ], [ 86.37055, 27.55218 ], [ 86.36954, 27.54959 ], [ 86.36471, 27.54661 ], [ 86.35842, 27.53971 ], [ 86.35783, 27.53681 ], [ 86.35828, 27.53451 ], [ 86.35727, 27.53303 ], [ 86.35754, 27.52954 ], [ 86.35483, 27.52479 ], [ 86.34642, 27.52345 ], [ 86.33816, 27.52001 ], [ 86.3343, 27.51564 ], [ 86.33309, 27.5108 ], [ 86.33068, 27.50986 ], [ 86.3289, 27.5072 ], [ 86.32614, 27.50497 ], [ 86.32453, 27.49967 ], [ 86.31928, 27.4987 ], [ 86.31543, 27.49238 ], [ 86.3128, 27.49161 ], [ 86.31258, 27.4902 ], [ 86.31071, 27.48941 ], [ 86.30998, 27.48782 ], [ 86.30665, 27.4855 ], [ 86.30528, 27.48278 ], [ 86.30183, 27.48211 ], [ 86.29816, 27.47984 ], [ 86.29492, 27.47889 ], [ 86.29457, 27.47737 ], [ 86.29283, 27.47643 ], [ 86.29182, 27.47297 ], [ 86.29195, 27.47033 ], [ 86.28502, 27.46642 ], [ 86.28244, 27.46611 ], [ 86.28097, 27.46424 ], [ 86.27902, 27.46486 ], [ 86.27664, 27.46408 ], [ 86.27409, 27.46193 ], [ 86.27234, 27.46194 ], [ 86.26363, 27.45608 ], [ 86.25963, 27.44892 ], [ 86.25723, 27.44611 ], [ 86.25595, 27.44205 ], [ 86.25411, 27.44091 ], [ 86.25578, 27.43952 ], [ 86.25643, 27.43713 ], [ 86.25538, 27.43513 ], [ 86.25114, 27.43245 ], [ 86.25187, 27.42849 ], [ 86.24785, 27.42442 ], [ 86.24815, 27.42055 ], [ 86.24697, 27.41919 ], [ 86.24434, 27.41993 ], [ 86.2418, 27.41894 ], [ 86.24019, 27.41551 ], [ 86.23751, 27.41281 ], [ 86.23726, 27.40961 ], [ 86.23444, 27.40834 ], [ 86.23621, 27.40601 ], [ 86.23617, 27.40452 ], [ 86.23193, 27.40204 ], [ 86.23048, 27.3993 ], [ 86.22779, 27.39817 ], [ 86.22647, 27.39329 ], [ 86.22728, 27.38945 ], [ 86.2248, 27.38734 ], [ 86.22568, 27.38417 ], [ 86.22188, 27.38202 ], [ 86.22369, 27.37847 ], [ 86.22461, 27.37051 ], [ 86.22169, 27.36713 ], [ 86.21894, 27.36215 ], [ 86.21903, 27.36114 ], [ 86.22172, 27.3599 ], [ 86.21701, 27.353 ], [ 86.2183, 27.35082 ], [ 86.21651, 27.34239 ], [ 86.21778, 27.3406 ], [ 86.21678, 27.33902 ], [ 86.21793, 27.33695 ], [ 86.21554, 27.33351 ], [ 86.21712, 27.32837 ], [ 86.22217, 27.32728 ], [ 86.2191, 27.32404 ], [ 86.21921, 27.32253 ], [ 86.22148, 27.321 ], [ 86.22879, 27.31986 ], [ 86.22887, 27.31557 ], [ 86.2312, 27.31453 ], [ 86.23131, 27.31246 ], [ 86.233, 27.31034 ], [ 86.2337, 27.30744 ], [ 86.23711, 27.30605 ], [ 86.23777, 27.30243 ], [ 86.23554, 27.29848 ], [ 86.23534, 27.29618 ], [ 86.23783, 27.29126 ], [ 86.2402, 27.28985 ], [ 86.24049, 27.28871 ], [ 86.23393, 27.28543 ], [ 86.23165, 27.28197 ], [ 86.22886, 27.28073 ], [ 86.22664, 27.27758 ], [ 86.22362, 27.27742 ], [ 86.22306, 27.27439 ], [ 86.21887, 27.27261 ], [ 86.21872, 27.27064 ], [ 86.21612, 27.26799 ], [ 86.2137, 27.26885 ], [ 86.21398, 27.26681 ], [ 86.21125, 27.26377 ], [ 86.21102, 27.26087 ], [ 86.20759, 27.25886 ], [ 86.20462, 27.25489 ], [ 86.20417, 27.25374 ], [ 86.2052, 27.25297 ], [ 86.20501, 27.25033 ], [ 86.20346, 27.2502 ], [ 86.20914, 27.24652 ], [ 86.21383, 27.24509 ], [ 86.22146, 27.2398 ], [ 86.23001, 27.23735 ], [ 86.23955, 27.24126 ], [ 86.24102, 27.24502 ], [ 86.24308, 27.24709 ], [ 86.24825, 27.24815 ], [ 86.25269, 27.25026 ], [ 86.25299, 27.25163 ], [ 86.25646, 27.25476 ], [ 86.25623, 27.25671 ], [ 86.25734, 27.25806 ], [ 86.25885, 27.25852 ], [ 86.26146, 27.25742 ], [ 86.26451, 27.26059 ], [ 86.26619, 27.26101 ], [ 86.26696, 27.25988 ], [ 86.26655, 27.25357 ], [ 86.277, 27.25013 ], [ 86.27912, 27.24703 ], [ 86.2812, 27.2458 ], [ 86.28519, 27.24637 ], [ 86.28777, 27.24562 ], [ 86.29083, 27.24345 ], [ 86.29481, 27.23837 ], [ 86.306, 27.23714 ], [ 86.30726, 27.23633 ], [ 86.30888, 27.23328 ], [ 86.31577, 27.23136 ], [ 86.3189, 27.23166 ], [ 86.32759, 27.23005 ], [ 86.33308, 27.23098 ], [ 86.34087, 27.22895 ], [ 86.34171, 27.2274 ], [ 86.3412, 27.22526 ], [ 86.34281, 27.22196 ], [ 86.34303, 27.21961 ], [ 86.34004, 27.21409 ], [ 86.33979, 27.21029 ], [ 86.34138, 27.20846 ], [ 86.34346, 27.20279 ], [ 86.3505, 27.20076 ], [ 86.35796, 27.20139 ], [ 86.36506, 27.19611 ], [ 86.36862, 27.19248 ], [ 86.37524, 27.19394 ], [ 86.37891, 27.19322 ], [ 86.38409, 27.1824 ], [ 86.38636, 27.18052 ], [ 86.38975, 27.17986 ], [ 86.3868, 27.17693 ], [ 86.38444, 27.17612 ], [ 86.38479, 27.17336 ], [ 86.38303, 27.17314 ], [ 86.38265, 27.1713 ], [ 86.38107, 27.17005 ], [ 86.38111, 27.16875 ], [ 86.37802, 27.16548 ], [ 86.37898, 27.16391 ], [ 86.37728, 27.16163 ], [ 86.3756, 27.16135 ], [ 86.37364, 27.15892 ], [ 86.37349, 27.1546 ], [ 86.37034, 27.15099 ], [ 86.37389, 27.14858 ], [ 86.3741, 27.14765 ], [ 86.37338, 27.14698 ], [ 86.37038, 27.14694 ], [ 86.3678, 27.14056 ], [ 86.36341, 27.14205 ], [ 86.3612, 27.13984 ], [ 86.35904, 27.1393 ], [ 86.35761, 27.14184 ], [ 86.35545, 27.14322 ], [ 86.35019, 27.14268 ], [ 86.34848, 27.14378 ], [ 86.34485, 27.14383 ], [ 86.34382, 27.14704 ], [ 86.34291, 27.14727 ], [ 86.34111, 27.1451 ], [ 86.34078, 27.14084 ], [ 86.33648, 27.13797 ], [ 86.33646, 27.13607 ], [ 86.33811, 27.1357 ], [ 86.33747, 27.13477 ], [ 86.33783, 27.13378 ], [ 86.33501, 27.13406 ], [ 86.33583, 27.13191 ], [ 86.33416, 27.13019 ], [ 86.33632, 27.12916 ], [ 86.3346, 27.12794 ], [ 86.33631, 27.12792 ], [ 86.33653, 27.12652 ], [ 86.33449, 27.12628 ], [ 86.33349, 27.12382 ], [ 86.33369, 27.12213 ], [ 86.33189, 27.12125 ], [ 86.33072, 27.11723 ], [ 86.32674, 27.11292 ], [ 86.3261, 27.11089 ], [ 86.32413, 27.10987 ], [ 86.31312, 27.11081 ], [ 86.31178, 27.10946 ], [ 86.3079, 27.10968 ], [ 86.30631, 27.10882 ], [ 86.31108, 27.1029 ], [ 86.31704, 27.10207 ], [ 86.32297, 27.09905 ], [ 86.32772, 27.10048 ], [ 86.33224, 27.09982 ], [ 86.34107, 27.10643 ], [ 86.34411, 27.10558 ], [ 86.34802, 27.10615 ], [ 86.34993, 27.10469 ], [ 86.35479, 27.10421 ], [ 86.35604, 27.10326 ], [ 86.356, 27.10006 ], [ 86.35809, 27.09909 ], [ 86.3604, 27.09983 ], [ 86.36251, 27.09948 ], [ 86.35925, 27.09547 ], [ 86.35691, 27.09412 ], [ 86.35867, 27.09177 ], [ 86.35751, 27.08923 ], [ 86.35816, 27.08395 ], [ 86.35654, 27.08143 ], [ 86.35516, 27.08151 ], [ 86.35439, 27.07752 ], [ 86.35349, 27.07683 ], [ 86.35337, 27.0762 ], [ 86.35513, 27.07523 ], [ 86.35259, 27.07479 ], [ 86.35137, 27.07376 ], [ 86.35075, 27.0698 ], [ 86.34687, 27.07047 ], [ 86.34565, 27.06822 ], [ 86.34596, 27.066 ], [ 86.34654, 27.06463 ], [ 86.34754, 27.06449 ], [ 86.35075, 27.06672 ], [ 86.35017, 27.06323 ], [ 86.35104, 27.06156 ], [ 86.35797, 27.05784 ], [ 86.36078, 27.05476 ], [ 86.36318, 27.05401 ], [ 86.36412, 27.04977 ], [ 86.36391, 27.04258 ], [ 86.36687, 27.0375 ], [ 86.37296, 27.03648 ], [ 86.37485, 27.03477 ], [ 86.37806, 27.03508 ], [ 86.38251, 27.03141 ], [ 86.38188, 27.03006 ], [ 86.38046, 27.03153 ], [ 86.37925, 27.03137 ], [ 86.3795, 27.02908 ], [ 86.37786, 27.02824 ], [ 86.37392, 27.02325 ], [ 86.37527, 27.02054 ], [ 86.37364, 27.01928 ], [ 86.37187, 27.01581 ], [ 86.37403, 27.0128 ], [ 86.37209, 27.01073 ], [ 86.37394, 27.00858 ], [ 86.37397, 27.00728 ], [ 86.37299, 27.00351 ], [ 86.36655, 27.00026 ], [ 86.36806, 26.99539 ], [ 86.36673, 26.99166 ], [ 86.3656, 26.98153 ], [ 86.36261, 26.97621 ], [ 86.35803, 26.9718 ], [ 86.35359, 26.96503 ], [ 86.34683, 26.96361 ], [ 86.34187, 26.96457 ], [ 86.33712, 26.96374 ], [ 86.33294, 26.9647 ], [ 86.33047, 26.96386 ], [ 86.31492, 26.96338 ], [ 86.3096, 26.96148 ], [ 86.30319, 26.95632 ], [ 86.29647, 26.95232 ], [ 86.29105, 26.95023 ], [ 86.28335, 26.94912 ], [ 86.28088, 26.94666 ], [ 86.28089, 26.94275 ], [ 86.27945, 26.94051 ], [ 86.27961, 26.93745 ], [ 86.27825, 26.93465 ], [ 86.27538, 26.93272 ], [ 86.26696, 26.92965 ], [ 86.26296, 26.92703 ], [ 86.25977, 26.92291 ], [ 86.25957, 26.91907 ], [ 86.25713, 26.9215 ], [ 86.25687, 26.92718 ], [ 86.25781, 26.9283 ], [ 86.2553, 26.93238 ], [ 86.25289, 26.93341 ], [ 86.25056, 26.93569 ], [ 86.24129, 26.93982 ], [ 86.23526, 26.94669 ], [ 86.23504, 26.94917 ], [ 86.23407, 26.95039 ], [ 86.22805, 26.94908 ], [ 86.22652, 26.94949 ], [ 86.22493, 26.95068 ], [ 86.22443, 26.95246 ], [ 86.22297, 26.95246 ], [ 86.22157, 26.95481 ], [ 86.21868, 26.95423 ], [ 86.21835, 26.9577 ], [ 86.21009, 26.96549 ], [ 86.20512, 26.96748 ], [ 86.20205, 26.96968 ], [ 86.19849, 26.97048 ], [ 86.19245, 26.97497 ], [ 86.1914, 26.97851 ], [ 86.18715, 26.97738 ], [ 86.1869, 26.97839 ], [ 86.18802, 26.98009 ], [ 86.18746, 26.98238 ], [ 86.18522, 26.98224 ], [ 86.1809, 26.98437 ], [ 86.17877, 26.98437 ], [ 86.17627, 26.9866 ], [ 86.17414, 26.98683 ], [ 86.17, 26.98904 ], [ 86.16707, 26.98873 ], [ 86.16297, 26.99182 ], [ 86.1544, 26.99371 ], [ 86.14727, 26.99722 ], [ 86.14026, 26.99923 ], [ 86.13656, 27.0018 ], [ 86.12515, 27.00727 ], [ 86.11173, 27.01225 ], [ 86.10629, 27.01517 ], [ 86.09961, 27.01731 ], [ 86.08906, 27.01906 ], [ 86.08256, 27.01831 ], [ 86.06885, 27.0191 ], [ 86.05515, 27.01816 ], [ 86.04895, 27.01894 ], [ 86.04846, 27.02081 ], [ 86.04742, 27.02133 ], [ 86.04492, 27.01984 ], [ 86.04202, 27.01951 ], [ 86.03022, 27.02072 ], [ 86.0234, 27.02022 ], [ 86.02098, 27.01916 ], [ 86.01485, 27.02007 ], [ 86.01218, 27.01862 ], [ 86.01076, 27.02044 ], [ 86.00916, 27.02009 ], [ 86.00564, 27.02196 ], [ 86.00175, 27.02094 ], [ 85.9982, 27.02309 ], [ 85.99155, 27.02477 ], [ 85.98751, 27.02829 ], [ 85.98564, 27.03313 ], [ 85.98252, 27.03496 ], [ 85.98237, 27.03679 ], [ 85.9777, 27.04131 ], [ 85.97475, 27.04516 ], [ 85.97392, 27.04755 ], [ 85.97079, 27.05089 ], [ 85.9697, 27.05337 ], [ 85.97058, 27.05643 ], [ 85.96932, 27.05875 ], [ 85.96957, 27.06096 ], [ 85.96789, 27.06514 ], [ 85.96595, 27.06712 ], [ 85.96677, 27.07034 ], [ 85.96537, 27.07373 ], [ 85.9631, 27.07315 ], [ 85.96168, 27.07664 ], [ 85.9619, 27.07977 ], [ 85.95549, 27.08417 ], [ 85.95326, 27.08346 ], [ 85.94983, 27.08395 ], [ 85.95086, 27.08775 ], [ 85.94796, 27.08815 ], [ 85.94774, 27.08929 ], [ 85.94663, 27.08945 ], [ 85.94626, 27.09058 ], [ 85.94401, 27.09201 ], [ 85.93578, 27.11013 ], [ 85.93806, 27.11859 ], [ 85.93784, 27.12149 ], [ 85.92914, 27.12553 ], [ 85.92124, 27.12726 ], [ 85.91894, 27.12906 ], [ 85.914, 27.12966 ], [ 85.91195, 27.13215 ], [ 85.90177, 27.13535 ], [ 85.90028, 27.13704 ], [ 85.89795, 27.13732 ], [ 85.89294, 27.14104 ], [ 85.89076, 27.14125 ], [ 85.88646, 27.1457 ], [ 85.88291, 27.14633 ], [ 85.88078, 27.14348 ], [ 85.87538, 27.14032 ], [ 85.8737, 27.1379 ], [ 85.86818, 27.13353 ], [ 85.86356, 27.127 ], [ 85.86235, 27.1271 ], [ 85.85912, 27.13028 ], [ 85.85828, 27.13257 ], [ 85.85478, 27.13392 ], [ 85.85494, 27.13543 ], [ 85.85386, 27.13613 ], [ 85.85341, 27.13797 ], [ 85.84542, 27.14086 ], [ 85.8411, 27.14423 ], [ 85.83823, 27.14469 ], [ 85.83554, 27.14702 ], [ 85.83453, 27.14964 ], [ 85.83964, 27.15252 ], [ 85.84049, 27.1558 ], [ 85.84343, 27.15986 ], [ 85.83144, 27.16667 ], [ 85.82445, 27.16819 ], [ 85.82247, 27.16701 ], [ 85.82015, 27.16387 ], [ 85.81575, 27.16123 ], [ 85.81408, 27.16101 ], [ 85.81252, 27.16203 ], [ 85.80888, 27.16161 ], [ 85.79888, 27.16718 ], [ 85.79358, 27.1684 ], [ 85.78993, 27.17106 ], [ 85.78799, 27.17372 ], [ 85.78332, 27.17532 ], [ 85.78155, 27.17506 ], [ 85.77654, 27.17728 ], [ 85.77578, 27.17845 ], [ 85.7728, 27.17867 ], [ 85.77006, 27.18062 ], [ 85.76933, 27.1821 ], [ 85.76303, 27.18245 ], [ 85.75787, 27.18501 ], [ 85.75021, 27.18594 ], [ 85.74832, 27.18685 ], [ 85.74743, 27.18828 ], [ 85.74307, 27.18748 ], [ 85.73821, 27.19022 ], [ 85.73405, 27.1904 ], [ 85.7295, 27.19217 ], [ 85.72464, 27.19505 ], [ 85.72253, 27.1948 ], [ 85.72073, 27.19098 ], [ 85.71674, 27.18777 ], [ 85.70361, 27.18472 ], [ 85.69883, 27.1862 ], [ 85.69478, 27.18402 ], [ 85.69362, 27.18098 ], [ 85.69001, 27.17769 ], [ 85.68741, 27.17628 ], [ 85.68575, 27.17634 ], [ 85.68523, 27.17392 ], [ 85.6816, 27.16928 ], [ 85.67742, 27.16712 ], [ 85.67096, 27.16639 ], [ 85.6695, 27.16396 ], [ 85.66561, 27.16217 ], [ 85.66507, 27.15984 ], [ 85.66233, 27.15609 ], [ 85.65595, 27.155 ], [ 85.65548, 27.15419 ], [ 85.65622, 27.15255 ], [ 85.65338, 27.15283 ], [ 85.65182, 27.15095 ], [ 85.65017, 27.15036 ], [ 85.64847, 27.14641 ], [ 85.64667, 27.14455 ], [ 85.64162, 27.14208 ], [ 85.63979, 27.14287 ], [ 85.63334, 27.14128 ], [ 85.63106, 27.13786 ], [ 85.62965, 27.13735 ], [ 85.62647, 27.13818 ], [ 85.62269, 27.14061 ], [ 85.61997, 27.13875 ], [ 85.61864, 27.14002 ], [ 85.61412, 27.14068 ], [ 85.61267, 27.14165 ], [ 85.60755, 27.1395 ], [ 85.60486, 27.13955 ], [ 85.59993, 27.14355 ], [ 85.59707, 27.14285 ], [ 85.59457, 27.14056 ], [ 85.58894, 27.14286 ], [ 85.58542, 27.14344 ], [ 85.58377, 27.14255 ], [ 85.58059, 27.14388 ], [ 85.57846, 27.14338 ], [ 85.57516, 27.1397 ], [ 85.57097, 27.137 ], [ 85.56991, 27.13821 ], [ 85.5688, 27.14343 ], [ 85.56588, 27.14339 ], [ 85.5619, 27.14458 ], [ 85.55893, 27.14381 ], [ 85.55344, 27.14673 ], [ 85.54965, 27.14564 ], [ 85.54908, 27.14256 ], [ 85.55161, 27.14049 ], [ 85.54667, 27.14057 ], [ 85.54705, 27.14238 ], [ 85.54583, 27.14387 ], [ 85.54456, 27.14464 ], [ 85.54221, 27.14446 ], [ 85.54213, 27.14616 ], [ 85.53654, 27.14878 ], [ 85.53456, 27.14805 ], [ 85.53305, 27.14639 ], [ 85.53286, 27.1439 ], [ 85.53094, 27.14113 ], [ 85.52798, 27.14033 ], [ 85.52066, 27.14082 ], [ 85.51585, 27.14259 ], [ 85.51248, 27.1419 ], [ 85.50796, 27.14368 ], [ 85.50092, 27.14348 ], [ 85.49611, 27.14594 ], [ 85.49111, 27.15401 ], [ 85.4894, 27.15454 ], [ 85.49303, 27.16211 ], [ 85.49551, 27.16316 ], [ 85.50257, 27.16248 ], [ 85.50384, 27.16338 ], [ 85.50323, 27.16579 ], [ 85.50027, 27.16662 ], [ 85.49938, 27.16796 ], [ 85.50251, 27.17091 ], [ 85.50302, 27.17358 ], [ 85.50061, 27.17574 ], [ 85.49762, 27.17396 ], [ 85.495, 27.17348 ] ] ] } },
{ "type": "Feature", "properties": { "fid": 5, "STATE_CODE": 1.0, "Province": "1" }, "geometry": { "type": "Polygon", "coordinates": [ [ [ 87.18581, 26.41426 ], [ 87.18893, 26.40552 ], [ 87.17218, 26.40334 ], [ 87.16236, 26.40405 ], [ 87.14979, 26.40927 ], [ 87.13737, 26.41602 ], [ 87.09139, 26.45034 ], [ 87.08723, 26.473 ], [ 87.08006, 26.52172 ], [ 87.07583, 26.53732 ], [ 87.07255, 26.54196 ], [ 87.07199, 26.56072 ], [ 87.07291, 26.57732 ], [ 87.07167, 26.58577 ], [ 87.04453, 26.58727 ], [ 87.04221, 26.56832 ], [ 87.01999, 26.54011 ], [ 87.01517, 26.5321 ], [ 86.9907, 26.52312 ], [ 86.97922, 26.52512 ], [ 86.97498, 26.52003 ], [ 86.96558, 26.52231 ], [ 86.96582, 26.52364 ], [ 86.96115, 26.52377 ], [ 86.95922, 26.52033 ], [ 86.95505, 26.52104 ], [ 86.95219, 26.52047 ], [ 86.94665, 26.52095 ], [ 86.94446, 26.51708 ], [ 86.93259, 26.5168 ], [ 86.93139, 26.51458 ], [ 86.92831, 26.49686 ], [ 86.92974, 26.4896 ], [ 86.90398, 26.48828 ], [ 86.90413, 26.48914 ], [ 86.90689, 26.49096 ], [ 86.90664, 26.494 ], [ 86.90954, 26.49526 ], [ 86.91088, 26.49774 ], [ 86.91075, 26.49912 ], [ 86.9139, 26.49977 ], [ 86.91613, 26.50139 ], [ 86.91774, 26.50445 ], [ 86.91589, 26.50797 ], [ 86.91665, 26.5124 ], [ 86.9236, 26.52319 ], [ 86.93317, 26.53354 ], [ 86.94554, 26.53683 ], [ 86.95079, 26.53722 ], [ 86.95627, 26.54235 ], [ 86.96352, 26.54456 ], [ 86.9665, 26.54704 ], [ 86.96901, 26.55195 ], [ 86.97201, 26.55412 ], [ 86.97376, 26.55802 ], [ 86.9826, 26.56383 ], [ 86.99222, 26.57205 ], [ 86.99161, 26.57619 ], [ 86.98483, 26.58205 ], [ 86.98242, 26.58628 ], [ 86.98252, 26.59094 ], [ 86.9843, 26.5955 ], [ 86.98875, 26.60303 ], [ 86.98929, 26.60593 ], [ 86.98676, 26.61306 ], [ 86.97872, 26.62516 ], [ 86.98556, 26.62933 ], [ 86.98469, 26.63267 ], [ 86.98861, 26.63631 ], [ 86.98841, 26.64099 ], [ 86.99097, 26.64491 ], [ 86.99037, 26.6467 ], [ 86.991, 26.64952 ], [ 86.99479, 26.65402 ], [ 87.00177, 26.65562 ], [ 87.00225, 26.65953 ], [ 87.00421, 26.66135 ], [ 87.00615, 26.66629 ], [ 87.01241, 26.6698 ], [ 87.0134, 26.67147 ], [ 87.01334, 26.67474 ], [ 87.01201, 26.67715 ], [ 87.01065, 26.68398 ], [ 87.01448, 26.69017 ], [ 87.01309, 26.70021 ], [ 87.00945, 26.70765 ], [ 87.01015, 26.70875 ], [ 87.00988, 26.71081 ], [ 87.00698, 26.70875 ], [ 87.00333, 26.70868 ], [ 87.00171, 26.71038 ], [ 87.00072, 26.71027 ], [ 87.00041, 26.70744 ], [ 86.99638, 26.70436 ], [ 86.99575, 26.70299 ], [ 86.99304, 26.70371 ], [ 86.99121, 26.70293 ], [ 86.9904, 26.69815 ], [ 86.98402, 26.70396 ], [ 86.98405, 26.71006 ], [ 86.98266, 26.7149 ], [ 86.98105, 26.71674 ], [ 86.97553, 26.71916 ], [ 86.97312, 26.72159 ], [ 86.97162, 26.72468 ], [ 86.97056, 26.73092 ], [ 86.96697, 26.73563 ], [ 86.96277, 26.73574 ], [ 86.94871, 26.73213 ], [ 86.94435, 26.73291 ], [ 86.93239, 26.74065 ], [ 86.9246, 26.75008 ], [ 86.92771, 26.75835 ], [ 86.92582, 26.76309 ], [ 86.92199, 26.76632 ], [ 86.92038, 26.76627 ], [ 86.91345, 26.76041 ], [ 86.90858, 26.75922 ], [ 86.90933, 26.7555 ], [ 86.90832, 26.74877 ], [ 86.90908, 26.74771 ], [ 86.90939, 26.74361 ], [ 86.91128, 26.74101 ], [ 86.91104, 26.73987 ], [ 86.90694, 26.73866 ], [ 86.90729, 26.73702 ], [ 86.90636, 26.73573 ], [ 86.90331, 26.7359 ], [ 86.90453, 26.73432 ], [ 86.90397, 26.73202 ], [ 86.90246, 26.73067 ], [ 86.90092, 26.73156 ], [ 86.9012, 26.72937 ], [ 86.89915, 26.72915 ], [ 86.89763, 26.7257 ], [ 86.89416, 26.72464 ], [ 86.88908, 26.71967 ], [ 86.88846, 26.71711 ], [ 86.88483, 26.71203 ], [ 86.88226, 26.7112 ], [ 86.87885, 26.71289 ], [ 86.87632, 26.71224 ], [ 86.87118, 26.71308 ], [ 86.86644, 26.70986 ], [ 86.86533, 26.70679 ], [ 86.86555, 26.70058 ], [ 86.8615, 26.7017 ], [ 86.85896, 26.70035 ], [ 86.8584, 26.69785 ], [ 86.85704, 26.69838 ], [ 86.85355, 26.69611 ], [ 86.85063, 26.69638 ], [ 86.85105, 26.69318 ], [ 86.84814, 26.69125 ], [ 86.84609, 26.69366 ], [ 86.84358, 26.69313 ], [ 86.84193, 26.69051 ], [ 86.84034, 26.69172 ], [ 86.8417, 26.69568 ], [ 86.84004, 26.69841 ], [ 86.83982, 26.70427 ], [ 86.83741, 26.70772 ], [ 86.83744, 26.70978 ], [ 86.83394, 26.71158 ], [ 86.82836, 26.71251 ], [ 86.8238, 26.71427 ], [ 86.81864, 26.70926 ], [ 86.81532, 26.70961 ], [ 86.81416, 26.70771 ], [ 86.80831, 26.70887 ], [ 86.80617, 26.71274 ], [ 86.80459, 26.71223 ], [ 86.80321, 26.71323 ], [ 86.79984, 26.7126 ], [ 86.79905, 26.71142 ], [ 86.7979, 26.71158 ], [ 86.79739, 26.71041 ], [ 86.79474, 26.71042 ], [ 86.79237, 26.70814 ], [ 86.78939, 26.70771 ], [ 86.78681, 26.70551 ], [ 86.78372, 26.70448 ], [ 86.78129, 26.70162 ], [ 86.78004, 26.70237 ], [ 86.7792, 26.70168 ], [ 86.77876, 26.70271 ], [ 86.77568, 26.70258 ], [ 86.77413, 26.70031 ], [ 86.77178, 26.69883 ], [ 86.76844, 26.69917 ], [ 86.76793, 26.69798 ], [ 86.76561, 26.69695 ], [ 86.76402, 26.69498 ], [ 86.75981, 26.69533 ], [ 86.757, 26.69001 ], [ 86.75387, 26.68846 ], [ 86.75302, 26.68623 ], [ 86.75206, 26.68663 ], [ 86.75372, 26.69302 ], [ 86.75303, 26.69516 ], [ 86.75206, 26.69499 ], [ 86.75185, 26.69616 ], [ 86.74861, 26.69798 ], [ 86.7474, 26.6979 ], [ 86.7466, 26.69688 ], [ 86.74559, 26.69814 ], [ 86.74577, 26.69934 ], [ 86.74378, 26.69991 ], [ 86.74217, 26.70177 ], [ 86.74194, 26.70496 ], [ 86.73938, 26.70582 ], [ 86.73988, 26.70983 ], [ 86.73815, 26.71192 ], [ 86.73683, 26.71226 ], [ 86.73327, 26.71202 ], [ 86.73165, 26.71031 ], [ 86.7295, 26.71124 ], [ 86.72736, 26.70963 ], [ 86.72224, 26.70957 ], [ 86.72119, 26.70782 ], [ 86.71908, 26.70779 ], [ 86.71785, 26.70675 ], [ 86.71455, 26.70821 ], [ 86.71029, 26.70684 ], [ 86.70615, 26.7071 ], [ 86.70588, 26.70519 ], [ 86.70363, 26.70392 ], [ 86.70264, 26.69932 ], [ 86.69822, 26.69798 ], [ 86.69702, 26.69569 ], [ 86.69103, 26.68962 ], [ 86.68471, 26.68803 ], [ 86.67919, 26.68923 ], [ 86.67826, 26.69027 ], [ 86.67242, 26.69218 ], [ 86.6719, 26.69321 ], [ 86.67033, 26.69361 ], [ 86.66982, 26.69564 ], [ 86.67095, 26.69707 ], [ 86.66896, 26.69957 ], [ 86.66889, 26.70146 ], [ 86.66642, 26.70389 ], [ 86.66479, 26.70441 ], [ 86.65649, 26.69145 ], [ 86.65237, 26.69165 ], [ 86.64881, 26.68978 ], [ 86.64718, 26.69077 ], [ 86.64692, 26.69267 ], [ 86.64467, 26.69584 ], [ 86.64182, 26.69813 ], [ 86.63863, 26.69752 ], [ 86.63367, 26.69847 ], [ 86.63323, 26.69666 ], [ 86.63121, 26.69472 ], [ 86.62809, 26.69427 ], [ 86.62729, 26.68997 ], [ 86.62561, 26.69015 ], [ 86.62096, 26.69351 ], [ 86.61618, 26.69505 ], [ 86.61338, 26.69389 ], [ 86.61041, 26.689 ], [ 86.60515, 26.69263 ], [ 86.60178, 26.69981 ], [ 86.60059, 26.6997 ], [ 86.59758, 26.69723 ], [ 86.58822, 26.69736 ], [ 86.58718, 26.69612 ], [ 86.58628, 26.6964 ], [ 86.58594, 26.70037 ], [ 86.58294, 26.70176 ], [ 86.58309, 26.70405 ], [ 86.58109, 26.70808 ], [ 86.58321, 26.71213 ], [ 86.58011, 26.71319 ], [ 86.57973, 26.71662 ], [ 86.57689, 26.7191 ], [ 86.57361, 26.72033 ], [ 86.57196, 26.72228 ], [ 86.57163, 26.72457 ], [ 86.5728, 26.7307 ], [ 86.57159, 26.73342 ], [ 86.57357, 26.73721 ], [ 86.57381, 26.73951 ], [ 86.56962, 26.7406 ], [ 86.56782, 26.74242 ], [ 86.56384, 26.74401 ], [ 86.556, 26.74451 ], [ 86.55306, 26.7459 ], [ 86.55398, 26.7483 ], [ 86.55741, 26.75106 ], [ 86.55807, 26.75369 ], [ 86.56123, 26.75796 ], [ 86.56499, 26.76128 ], [ 86.5656, 26.76302 ], [ 86.5677, 26.76419 ], [ 86.56873, 26.76798 ], [ 86.5726, 26.76816 ], [ 86.57268, 26.76997 ], [ 86.57711, 26.77568 ], [ 86.57771, 26.7799 ], [ 86.57686, 26.78185 ], [ 86.57775, 26.78436 ], [ 86.5714, 26.7846 ], [ 86.56837, 26.78153 ], [ 86.56648, 26.78089 ], [ 86.56491, 26.78283 ], [ 86.56533, 26.78769 ], [ 86.56377, 26.79102 ], [ 86.56195, 26.78943 ], [ 86.55745, 26.79017 ], [ 86.55606, 26.78796 ], [ 86.55453, 26.78784 ], [ 86.55233, 26.78634 ], [ 86.55126, 26.78663 ], [ 86.55022, 26.78467 ], [ 86.54915, 26.78482 ], [ 86.54805, 26.78187 ], [ 86.54467, 26.78267 ], [ 86.54429, 26.78345 ], [ 86.54335, 26.78311 ], [ 86.54305, 26.78418 ], [ 86.54136, 26.78347 ], [ 86.54038, 26.78409 ], [ 86.53844, 26.78303 ], [ 86.53619, 26.78432 ], [ 86.53663, 26.78655 ], [ 86.53809, 26.78769 ], [ 86.53436, 26.78723 ], [ 86.53116, 26.78876 ], [ 86.53097, 26.79048 ], [ 86.53001, 26.79114 ], [ 86.53559, 26.79583 ], [ 86.53604, 26.79697 ], [ 86.53429, 26.79807 ], [ 86.53554, 26.80022 ], [ 86.53682, 26.8007 ], [ 86.54049, 26.79821 ], [ 86.54066, 26.79941 ], [ 86.54173, 26.79954 ], [ 86.54218, 26.80066 ], [ 86.54574, 26.80334 ], [ 86.5447, 26.80623 ], [ 86.54698, 26.80764 ], [ 86.54831, 26.81098 ], [ 86.55035, 26.81353 ], [ 86.55335, 26.8148 ], [ 86.5515, 26.82028 ], [ 86.55221, 26.82242 ], [ 86.55147, 26.82434 ], [ 86.55378, 26.82742 ], [ 86.55452, 26.8306 ], [ 86.55139, 26.8316 ], [ 86.55232, 26.83366 ], [ 86.5519, 26.83516 ], [ 86.54739, 26.83662 ], [ 86.54341, 26.83645 ], [ 86.53955, 26.83538 ], [ 86.53714, 26.83334 ], [ 86.53709, 26.83151 ], [ 86.52908, 26.83136 ], [ 86.52499, 26.8324 ], [ 86.51952, 26.83149 ], [ 86.5207, 26.83481 ], [ 86.51962, 26.8373 ], [ 86.51984, 26.83885 ], [ 86.51764, 26.84321 ], [ 86.51499, 26.84337 ], [ 86.51471, 26.84165 ], [ 86.51241, 26.84037 ], [ 86.51086, 26.84305 ], [ 86.51196, 26.84505 ], [ 86.51158, 26.84652 ], [ 86.50713, 26.84655 ], [ 86.50532, 26.84816 ], [ 86.50561, 26.85266 ], [ 86.50465, 26.85601 ], [ 86.50032, 26.85756 ], [ 86.49598, 26.85656 ], [ 86.49474, 26.8586 ], [ 86.49312, 26.85955 ], [ 86.49422, 26.86074 ], [ 86.49285, 26.86139 ], [ 86.49341, 26.86214 ], [ 86.49276, 26.86391 ], [ 86.49065, 26.86486 ], [ 86.49075, 26.86608 ], [ 86.48856, 26.86686 ], [ 86.48768, 26.86812 ], [ 86.48804, 26.86932 ], [ 86.48497, 26.86905 ], [ 86.48331, 26.87009 ], [ 86.48239, 26.8695 ], [ 86.47983, 26.87098 ], [ 86.48004, 26.87218 ], [ 86.47936, 26.87279 ], [ 86.48114, 26.87444 ], [ 86.48091, 26.87532 ], [ 86.47912, 26.87616 ], [ 86.47728, 26.88318 ], [ 86.48001, 26.88663 ], [ 86.47944, 26.88848 ], [ 86.476, 26.88714 ], [ 86.47082, 26.88774 ], [ 86.46747, 26.88684 ], [ 86.45701, 26.88732 ], [ 86.44482, 26.89159 ], [ 86.44018, 26.89492 ], [ 86.4383, 26.8951 ], [ 86.43314, 26.89821 ], [ 86.42813, 26.90246 ], [ 86.42572, 26.90337 ], [ 86.42261, 26.90309 ], [ 86.41918, 26.9048 ], [ 86.41833, 26.90627 ], [ 86.41641, 26.90574 ], [ 86.41328, 26.90688 ], [ 86.40733, 26.90711 ], [ 86.40334, 26.90974 ], [ 86.40161, 26.90824 ], [ 86.3981, 26.90862 ], [ 86.39641, 26.90959 ], [ 86.39366, 26.90797 ], [ 86.39129, 26.90848 ], [ 86.38628, 26.90792 ], [ 86.38433, 26.90931 ], [ 86.38256, 26.90815 ], [ 86.38342, 26.90656 ], [ 86.3826, 26.90492 ], [ 86.38268, 26.90231 ], [ 86.38061, 26.89995 ], [ 86.37847, 26.89909 ], [ 86.37669, 26.8965 ], [ 86.37639, 26.89442 ], [ 86.37712, 26.89233 ], [ 86.37465, 26.88976 ], [ 86.37393, 26.8837 ], [ 86.36937, 26.88011 ], [ 86.36853, 26.87711 ], [ 86.36954, 26.87523 ], [ 86.36593, 26.87249 ], [ 86.36214, 26.87482 ], [ 86.35789, 26.87495 ], [ 86.35498, 26.87683 ], [ 86.35145, 26.87782 ], [ 86.34618, 26.87738 ], [ 86.34068, 26.8801 ], [ 86.32123, 26.87865 ], [ 86.31715, 26.88049 ], [ 86.31415, 26.87897 ], [ 86.31028, 26.88269 ], [ 86.30708, 26.88166 ], [ 86.30187, 26.88431 ], [ 86.29936, 26.88468 ], [ 86.29848, 26.88577 ], [ 86.29407, 26.88503 ], [ 86.28742, 26.88663 ], [ 86.28205, 26.88445 ], [ 86.27829, 26.88454 ], [ 86.2711, 26.88246 ], [ 86.26934, 26.8808 ], [ 86.26809, 26.87807 ], [ 86.26408, 26.87681 ], [ 86.26257, 26.87528 ], [ 86.25682, 26.87264 ], [ 86.25486, 26.86963 ], [ 86.25012, 26.86772 ], [ 86.24924, 26.86578 ], [ 86.24675, 26.86377 ], [ 86.24068, 26.86657 ], [ 86.23406, 26.87471 ], [ 86.23223, 26.87525 ], [ 86.22733, 26.88061 ], [ 86.22277, 26.88211 ], [ 86.21883, 26.88177 ], [ 86.20767, 26.88725 ], [ 86.20093, 26.88958 ], [ 86.20013, 26.88905 ], [ 86.19826, 26.89224 ], [ 86.19499, 26.89298 ], [ 86.19444, 26.894 ], [ 86.18693, 26.89462 ], [ 86.18714, 26.89632 ], [ 86.18539, 26.89992 ], [ 86.18299, 26.90069 ], [ 86.17998, 26.89947 ], [ 86.17788, 26.90033 ], [ 86.17382, 26.9081 ], [ 86.16907, 26.91045 ], [ 86.1684, 26.91354 ], [ 86.16065, 26.91432 ], [ 86.15581, 26.9189 ], [ 86.1577, 26.92178 ], [ 86.15629, 26.9239 ], [ 86.15613, 26.92589 ], [ 86.15737, 26.92991 ], [ 86.15841, 26.92592 ], [ 86.16307, 26.92443 ], [ 86.17096, 26.91989 ], [ 86.17842, 26.91441 ], [ 86.18111, 26.91101 ], [ 86.18674, 26.90641 ], [ 86.19183, 26.90412 ], [ 86.19985, 26.90546 ], [ 86.20127, 26.9043 ], [ 86.20357, 26.90001 ], [ 86.21085, 26.89844 ], [ 86.21578, 26.89617 ], [ 86.21621, 26.89277 ], [ 86.21767, 26.89056 ], [ 86.22132, 26.88853 ], [ 86.22312, 26.88951 ], [ 86.22393, 26.89098 ], [ 86.222, 26.89908 ], [ 86.22409, 26.90377 ], [ 86.236, 26.90328 ], [ 86.24168, 26.90546 ], [ 86.24613, 26.91504 ], [ 86.24835, 26.91443 ], [ 86.25229, 26.9115 ], [ 86.25605, 26.91158 ], [ 86.25789, 26.91279 ], [ 86.25914, 26.91438 ], [ 86.25963, 26.92244 ], [ 86.261, 26.92493 ], [ 86.26608, 26.92918 ], [ 86.27803, 26.93438 ], [ 86.27961, 26.93745 ], [ 86.27945, 26.94051 ], [ 86.28089, 26.94275 ], [ 86.28088, 26.94666 ], [ 86.28335, 26.94912 ], [ 86.29105, 26.95023 ], [ 86.29647, 26.95232 ], [ 86.30319, 26.95632 ], [ 86.3096, 26.96148 ], [ 86.31492, 26.96338 ], [ 86.33047, 26.96386 ], [ 86.33249, 26.96469 ], [ 86.33788, 26.96372 ], [ 86.34232, 26.96457 ], [ 86.34683, 26.96361 ], [ 86.35286, 26.96453 ], [ 86.35803, 26.9718 ], [ 86.36261, 26.97621 ], [ 86.3656, 26.98153 ], [ 86.36673, 26.99166 ], [ 86.36806, 26.99539 ], [ 86.36655, 27.00026 ], [ 86.37299, 27.00351 ], [ 86.37397, 27.00728 ], [ 86.37394, 27.00858 ], [ 86.37209, 27.01073 ], [ 86.37403, 27.0128 ], [ 86.37187, 27.01581 ], [ 86.37364, 27.01928 ], [ 86.37527, 27.02054 ], [ 86.37392, 27.02325 ], [ 86.37786, 27.02824 ], [ 86.3795, 27.02908 ], [ 86.37925, 27.03137 ], [ 86.38046, 27.03153 ], [ 86.38188, 27.03006 ], [ 86.38251, 27.03141 ], [ 86.37806, 27.03508 ], [ 86.37485, 27.03477 ], [ 86.37296, 27.03648 ], [ 86.36687, 27.0375 ], [ 86.36391, 27.04258 ], [ 86.36412, 27.04977 ], [ 86.36318, 27.05401 ], [ 86.36078, 27.05476 ], [ 86.35797, 27.05784 ], [ 86.35104, 27.06156 ], [ 86.35017, 27.06323 ], [ 86.35075, 27.06672 ], [ 86.34754, 27.06449 ], [ 86.34654, 27.06463 ], [ 86.34596, 27.066 ], [ 86.34565, 27.06822 ], [ 86.34687, 27.07047 ], [ 86.35075, 27.0698 ], [ 86.35137, 27.07376 ], [ 86.35259, 27.07479 ], [ 86.35513, 27.07523 ], [ 86.35337, 27.0762 ], [ 86.35349, 27.07683 ], [ 86.35439, 27.07752 ], [ 86.35516, 27.08151 ], [ 86.35654, 27.08143 ], [ 86.35816, 27.08395 ], [ 86.35751, 27.08923 ], [ 86.35867, 27.09177 ], [ 86.35691, 27.09412 ], [ 86.35925, 27.09547 ], [ 86.36251, 27.09948 ], [ 86.3604, 27.09983 ], [ 86.35809, 27.09909 ], [ 86.356, 27.10006 ], [ 86.35604, 27.10326 ], [ 86.35479, 27.10421 ], [ 86.34993, 27.10469 ], [ 86.34802, 27.10615 ], [ 86.34411, 27.10558 ], [ 86.34107, 27.10643 ], [ 86.33224, 27.09982 ], [ 86.32772, 27.10048 ], [ 86.32297, 27.09905 ], [ 86.31704, 27.10207 ], [ 86.31108, 27.1029 ], [ 86.30631, 27.10882 ], [ 86.3079, 27.10968 ], [ 86.31178, 27.10946 ], [ 86.31312, 27.11081 ], [ 86.32413, 27.10987 ], [ 86.3261, 27.11089 ], [ 86.32674, 27.11292 ], [ 86.33072, 27.11723 ], [ 86.33189, 27.12125 ], [ 86.33369, 27.12213 ], [ 86.33349, 27.12382 ], [ 86.33449, 27.12628 ], [ 86.33653, 27.12652 ], [ 86.33631, 27.12792 ], [ 86.3346, 27.12794 ], [ 86.33632, 27.12916 ], [ 86.33416, 27.13019 ], [ 86.33583, 27.13191 ], [ 86.33501, 27.13406 ], [ 86.33783, 27.13378 ], [ 86.33747, 27.13477 ], [ 86.33811, 27.1357 ], [ 86.33646, 27.13607 ], [ 86.33648, 27.13797 ], [ 86.34078, 27.14084 ], [ 86.34111, 27.1451 ], [ 86.34291, 27.14727 ], [ 86.34382, 27.14704 ], [ 86.34485, 27.14383 ], [ 86.34848, 27.14378 ], [ 86.35019, 27.14268 ], [ 86.35545, 27.14322 ], [ 86.35761, 27.14184 ], [ 86.35904, 27.1393 ], [ 86.3612, 27.13984 ], [ 86.36341, 27.14205 ], [ 86.3678, 27.14056 ], [ 86.37038, 27.14694 ], [ 86.37338, 27.14698 ], [ 86.3741, 27.14765 ], [ 86.37389, 27.14858 ], [ 86.37034, 27.15099 ], [ 86.37349, 27.1546 ], [ 86.37364, 27.15892 ], [ 86.3756, 27.16135 ], [ 86.37728, 27.16163 ], [ 86.37898, 27.16391 ], [ 86.37802, 27.16548 ], [ 86.38111, 27.16875 ], [ 86.38107, 27.17005 ], [ 86.38265, 27.1713 ], [ 86.38303, 27.17314 ], [ 86.38479, 27.17336 ], [ 86.38444, 27.17612 ], [ 86.3868, 27.17693 ], [ 86.38975, 27.17986 ], [ 86.38636, 27.18052 ], [ 86.38409, 27.1824 ], [ 86.37891, 27.19322 ], [ 86.37524, 27.19394 ], [ 86.36862, 27.19248 ], [ 86.36506, 27.19611 ], [ 86.35796, 27.20139 ], [ 86.3505, 27.20076 ], [ 86.34346, 27.20279 ], [ 86.34138, 27.20846 ], [ 86.33979, 27.21029 ], [ 86.34004, 27.21409 ], [ 86.34303, 27.21961 ], [ 86.34281, 27.22196 ], [ 86.3412, 27.22526 ], [ 86.34171, 27.2274 ], [ 86.34087, 27.22895 ], [ 86.33308, 27.23098 ], [ 86.32759, 27.23005 ], [ 86.3189, 27.23166 ], [ 86.31577, 27.23136 ], [ 86.30888, 27.23328 ], [ 86.30726, 27.23633 ], [ 86.306, 27.23714 ], [ 86.29481, 27.23837 ], [ 86.29083, 27.24345 ], [ 86.28777, 27.24562 ], [ 86.28519, 27.24637 ], [ 86.2812, 27.2458 ], [ 86.27912, 27.24703 ], [ 86.277, 27.25013 ], [ 86.26655, 27.25357 ], [ 86.26696, 27.25988 ], [ 86.26619, 27.26101 ], [ 86.26451, 27.26059 ], [ 86.26146, 27.25742 ], [ 86.25885, 27.25852 ], [ 86.25734, 27.25806 ], [ 86.25623, 27.25671 ], [ 86.25646, 27.25476 ], [ 86.25299, 27.25163 ], [ 86.25269, 27.25026 ], [ 86.24825, 27.24815 ], [ 86.24308, 27.24709 ], [ 86.24102, 27.24502 ], [ 86.23955, 27.24126 ], [ 86.23001, 27.23735 ], [ 86.22146, 27.2398 ], [ 86.21383, 27.24509 ], [ 86.20914, 27.24652 ], [ 86.20346, 27.2502 ], [ 86.20501, 27.25033 ], [ 86.2052, 27.25297 ], [ 86.20417, 27.25374 ], [ 86.20462, 27.25489 ], [ 86.20759, 27.25886 ], [ 86.21102, 27.26087 ], [ 86.21125, 27.26377 ], [ 86.21398, 27.26681 ], [ 86.2137, 27.26885 ], [ 86.21612, 27.26799 ], [ 86.21872, 27.27064 ], [ 86.21887, 27.27261 ], [ 86.22306, 27.27439 ], [ 86.22362, 27.27742 ], [ 86.22664, 27.27758 ], [ 86.22886, 27.28073 ], [ 86.23165, 27.28197 ], [ 86.23393, 27.28543 ], [ 86.24049, 27.28871 ], [ 86.2402, 27.28985 ], [ 86.23783, 27.29126 ], [ 86.23534, 27.29618 ], [ 86.23554, 27.29848 ], [ 86.23777, 27.30243 ], [ 86.23711, 27.30605 ], [ 86.2337, 27.30744 ], [ 86.233, 27.31034 ], [ 86.23131, 27.31246 ], [ 86.2312, 27.31453 ], [ 86.22887, 27.31557 ], [ 86.22879, 27.31986 ], [ 86.22148, 27.321 ], [ 86.21921, 27.32253 ], [ 86.2191, 27.32404 ], [ 86.22217, 27.32728 ], [ 86.21712, 27.32837 ], [ 86.21554, 27.33351 ], [ 86.21793, 27.33695 ], [ 86.21678, 27.33902 ], [ 86.21778, 27.3406 ], [ 86.21651, 27.34239 ], [ 86.2183, 27.35082 ], [ 86.21701, 27.353 ], [ 86.22172, 27.3599 ], [ 86.21903, 27.36114 ], [ 86.21894, 27.36215 ], [ 86.22169, 27.36713 ], [ 86.22461, 27.37051 ], [ 86.22369, 27.37847 ], [ 86.22188, 27.38202 ], [ 86.22568, 27.38417 ], [ 86.2248, 27.38734 ], [ 86.22728, 27.38945 ], [ 86.22647, 27.39329 ], [ 86.22779, 27.39817 ], [ 86.23048, 27.3993 ], [ 86.23193, 27.40204 ], [ 86.23617, 27.40452 ], [ 86.23621, 27.40601 ], [ 86.23444, 27.40834 ], [ 86.23726, 27.40961 ], [ 86.23751, 27.41281 ], [ 86.24019, 27.41551 ], [ 86.2418, 27.41894 ], [ 86.24434, 27.41993 ], [ 86.24697, 27.41919 ], [ 86.24815, 27.42055 ], [ 86.24785, 27.42442 ], [ 86.25187, 27.42849 ], [ 86.25114, 27.43245 ], [ 86.25538, 27.43513 ], [ 86.25643, 27.43713 ], [ 86.25578, 27.43952 ], [ 86.25411, 27.44091 ], [ 86.25595, 27.44205 ], [ 86.25723, 27.44611 ], [ 86.25963, 27.44892 ], [ 86.26363, 27.45608 ], [ 86.27234, 27.46194 ], [ 86.27409, 27.46193 ], [ 86.27664, 27.46408 ], [ 86.27902, 27.46486 ], [ 86.28097, 27.46424 ], [ 86.28244, 27.46611 ], [ 86.28502, 27.46642 ], [ 86.29195, 27.47033 ], [ 86.29182, 27.47297 ], [ 86.29283, 27.47643 ], [ 86.29457, 27.47737 ], [ 86.29492, 27.47889 ], [ 86.29816, 27.47984 ], [ 86.30183, 27.48211 ], [ 86.30528, 27.48278 ], [ 86.30665, 27.4855 ], [ 86.30998, 27.48782 ], [ 86.31071, 27.48941 ], [ 86.31258, 27.4902 ], [ 86.3128, 27.49161 ], [ 86.31543, 27.49238 ], [ 86.31928, 27.4987 ], [ 86.32453, 27.49967 ], [ 86.32614, 27.50497 ], [ 86.3289, 27.5072 ], [ 86.33068, 27.50986 ], [ 86.33309, 27.5108 ], [ 86.3343, 27.51564 ], [ 86.33816, 27.52001 ], [ 86.34642, 27.52345 ], [ 86.35483, 27.52479 ], [ 86.35754, 27.52954 ], [ 86.35727, 27.53303 ], [ 86.35828, 27.53451 ], [ 86.35783, 27.53681 ], [ 86.35842, 27.53971 ], [ 86.36471, 27.54661 ], [ 86.36954, 27.54959 ], [ 86.37055, 27.55218 ], [ 86.36863, 27.55606 ], [ 86.36912, 27.55812 ], [ 86.37652, 27.56834 ], [ 86.38067, 27.57137 ], [ 86.38814, 27.57271 ], [ 86.38924, 27.57511 ], [ 86.39261, 27.57703 ], [ 86.39838, 27.5834 ], [ 86.40095, 27.58307 ], [ 86.40362, 27.58446 ], [ 86.4077, 27.58441 ], [ 86.40991, 27.58646 ], [ 86.41334, 27.58673 ], [ 86.41784, 27.59132 ], [ 86.42007, 27.59861 ], [ 86.42456, 27.60193 ], [ 86.43011, 27.60417 ], [ 86.43467, 27.61021 ], [ 86.46352, 27.61601 ], [ 86.46673, 27.61598 ], [ 86.46958, 27.61706 ], [ 86.47651, 27.61576 ], [ 86.48025, 27.61698 ], [ 86.48398, 27.61717 ], [ 86.49238, 27.61367 ], [ 86.49536, 27.61877 ], [ 86.49748, 27.61879 ], [ 86.49975, 27.6203 ], [ 86.50038, 27.62467 ], [ 86.50384, 27.6293 ], [ 86.50411, 27.63355 ], [ 86.50624, 27.63564 ], [ 86.50706, 27.64053 ], [ 86.51127, 27.64236 ], [ 86.51359, 27.64813 ], [ 86.5167, 27.64678 ], [ 86.5261, 27.65034 ], [ 86.52683, 27.65305 ], [ 86.52871, 27.65554 ], [ 86.527, 27.66011 ], [ 86.52921, 27.66188 ], [ 86.5329, 27.66275 ], [ 86.53537, 27.66828 ], [ 86.53792, 27.67024 ], [ 86.53869, 27.67492 ], [ 86.53649, 27.67854 ], [ 86.53887, 27.68309 ], [ 86.53886, 27.68897 ], [ 86.54067, 27.69274 ], [ 86.539, 27.69655 ], [ 86.54014, 27.70154 ], [ 86.54153, 27.70341 ], [ 86.54779, 27.70795 ], [ 86.54867, 27.7096 ], [ 86.55084, 27.7108 ], [ 86.55121, 27.71748 ], [ 86.55343, 27.71951 ], [ 86.55425, 27.72394 ], [ 86.55688, 27.7287 ], [ 86.5562, 27.73238 ], [ 86.55814, 27.73836 ], [ 86.56316, 27.74486 ], [ 86.56277, 27.74927 ], [ 86.56906, 27.75184 ], [ 86.57265, 27.75452 ], [ 86.57024, 27.75928 ], [ 86.56595, 27.76255 ], [ 86.56387, 27.76954 ], [ 86.56609, 27.77846 ], [ 86.56557, 27.78569 ], [ 86.56871, 27.79104 ], [ 86.5687, 27.79531 ], [ 86.56551, 27.79954 ], [ 86.56697, 27.80393 ], [ 86.56206, 27.80639 ], [ 86.5599, 27.80632 ], [ 86.54809, 27.81093 ], [ 86.54231, 27.8111 ], [ 86.54023, 27.8148 ], [ 86.54034, 27.81758 ], [ 86.54342, 27.82143 ], [ 86.54373, 27.82701 ], [ 86.54876, 27.84037 ], [ 86.55002, 27.84834 ], [ 86.55398, 27.85707 ], [ 86.55402, 27.86288 ], [ 86.55091, 27.87609 ], [ 86.55114, 27.87819 ], [ 86.5545, 27.88546 ], [ 86.55215, 27.89213 ], [ 86.55155, 27.898 ], [ 86.55413, 27.90263 ], [ 86.55432, 27.90885 ], [ 86.54967, 27.91906 ], [ 86.549, 27.92729 ], [ 86.54768, 27.93038 ], [ 86.53955, 27.93482 ], [ 86.53361, 27.94204 ], [ 86.52368, 27.93975 ], [ 86.52161, 27.94036 ], [ 86.51944, 27.94533 ], [ 86.5181, 27.95313 ], [ 86.5157, 27.95589 ], [ 86.51613, 27.95744 ], [ 86.51329, 27.96025 ], [ 86.51205, 27.96718 ], [ 86.51237, 27.96889 ], [ 86.51617, 27.96983 ], [ 86.51858, 27.97145 ], [ 86.52003, 27.9743 ], [ 86.51533, 27.97766 ], [ 86.51272, 27.98468 ], [ 86.51566, 27.98993 ], [ 86.51634, 27.99826 ], [ 86.51492, 28.00142 ], [ 86.51967, 28.00514 ], [ 86.5199, 28.01015 ], [ 86.52211, 28.01677 ], [ 86.52104, 28.01928 ], [ 86.52477, 28.02283 ], [ 86.52865, 28.02422 ], [ 86.52958, 28.0262 ], [ 86.53134, 28.02709 ], [ 86.53029, 28.03191 ], [ 86.5317, 28.03332 ], [ 86.53325, 28.03803 ], [ 86.53355, 28.04712 ], [ 86.53639, 28.05077 ], [ 86.54878, 28.05069 ], [ 86.55107, 28.05248 ], [ 86.5524, 28.0548 ], [ 86.55568, 28.05669 ], [ 86.55811, 28.06338 ], [ 86.56255, 28.06609 ], [ 86.56522, 28.06892 ], [ 86.56502, 28.07152 ], [ 86.56233, 28.07305 ], [ 86.56108, 28.07611 ], [ 86.55849, 28.0778 ], [ 86.55958, 28.08263 ], [ 86.5642, 28.08641 ], [ 86.56674, 28.09177 ], [ 86.56645, 28.09434 ], [ 86.56173, 28.10163 ], [ 86.56222, 28.10709 ], [ 86.56356, 28.10856 ], [ 86.56751, 28.11055 ], [ 86.56814, 28.11175 ], [ 86.57211, 28.1106 ], [ 86.57429, 28.11299 ], [ 86.57631, 28.11281 ], [ 86.57803, 28.1114 ], [ 86.58826, 28.10801 ], [ 86.58995, 28.1041 ], [ 86.60237, 28.10185 ], [ 86.60425, 28.10007 ], [ 86.6079, 28.09209 ], [ 86.60686, 28.09036 ], [ 86.60249, 28.08749 ], [ 86.60377, 28.08446 ], [ 86.60371, 28.08242 ], [ 86.60824, 28.07594 ], [ 86.61387, 28.07345 ], [ 86.62105, 28.07473 ], [ 86.6254, 28.07417 ], [ 86.63469, 28.07066 ], [ 86.63885, 28.07333 ], [ 86.64986, 28.07477 ], [ 86.65783, 28.08103 ], [ 86.65771, 28.08278 ], [ 86.65928, 28.08619 ], [ 86.66106, 28.09497 ], [ 86.6635, 28.09791 ], [ 86.66852, 28.10087 ], [ 86.67261, 28.10226 ], [ 86.68033, 28.10354 ], [ 86.68898, 28.10859 ], [ 86.70371, 28.10721 ], [ 86.70495, 28.1078 ], [ 86.70593, 28.10653 ], [ 86.70787, 28.10594 ], [ 86.71125, 28.1061 ], [ 86.71534, 28.10786 ], [ 86.72084, 28.10651 ], [ 86.72657, 28.10361 ], [ 86.7354, 28.10306 ], [ 86.73816, 28.10371 ], [ 86.742, 28.09842 ], [ 86.74575, 28.09827 ], [ 86.74819, 28.09489 ], [ 86.74726, 28.08601 ], [ 86.75073, 28.08127 ], [ 86.75326, 28.07928 ], [ 86.76077, 28.07765 ], [ 86.76481, 28.07455 ], [ 86.7633, 28.07274 ], [ 86.75652, 28.06954 ], [ 86.7551, 28.06812 ], [ 86.75258, 28.06362 ], [ 86.75083, 28.0536 ], [ 86.74675, 28.05049 ], [ 86.74708, 28.0456 ], [ 86.74921, 28.04442 ], [ 86.75063, 28.04029 ], [ 86.7528, 28.03786 ], [ 86.75855, 28.03495 ], [ 86.77322, 28.038 ], [ 86.77999, 28.03156 ], [ 86.77918, 28.02728 ], [ 86.78609, 28.02364 ], [ 86.78998, 28.01886 ], [ 86.80256, 28.02354 ], [ 86.8049, 28.02316 ], [ 86.8069, 28.02101 ], [ 86.81171, 28.01899 ], [ 86.81865, 28.0201 ], [ 86.82386, 28.0177 ], [ 86.82573, 28.01761 ], [ 86.82797, 28.0152 ], [ 86.8357, 28.01528 ], [ 86.83737, 28.01579 ], [ 86.83837, 28.01746 ], [ 86.84114, 28.01757 ], [ 86.84279, 28.01888 ], [ 86.8472, 28.01977 ], [ 86.848, 28.02472 ], [ 86.85193, 28.02764 ], [ 86.85919, 28.02735 ], [ 86.86731, 28.02519 ], [ 86.87239, 28.02208 ], [ 86.8727, 28.01987 ], [ 86.8711, 28.01623 ], [ 86.87086, 28.01366 ], [ 86.87293, 28.01044 ], [ 86.87877, 28.0068 ], [ 86.88154, 28.00276 ], [ 86.88892, 27.99966 ], [ 86.88981, 27.9969 ], [ 86.89952, 27.99428 ], [ 86.90881, 27.99311 ], [ 86.91583, 27.99061 ], [ 86.91723, 27.98913 ], [ 86.92121, 27.98904 ], [ 86.92523, 27.98782 ], [ 86.92579, 27.98433 ], [ 86.93011, 27.98154 ], [ 86.93296, 27.97802 ], [ 86.93236, 27.96568 ], [ 86.93336, 27.96254 ], [ 86.93429, 27.96194 ], [ 86.94933, 27.95679 ], [ 86.96454, 27.95575 ], [ 86.96708, 27.95471 ], [ 86.96944, 27.95513 ], [ 86.973, 27.9543 ], [ 86.98225, 27.9495 ], [ 86.98766, 27.95089 ], [ 86.99209, 27.95476 ], [ 86.99985, 27.95469 ], [ 87.00559, 27.95331 ], [ 87.00869, 27.95343 ], [ 87.0156, 27.95767 ], [ 87.01684, 27.95708 ], [ 87.01829, 27.95398 ], [ 87.02406, 27.94997 ], [ 87.02879, 27.95018 ], [ 87.03218, 27.94929 ], [ 87.03525, 27.95046 ], [ 87.03901, 27.95036 ], [ 87.04274, 27.9453 ], [ 87.04567, 27.93837 ], [ 87.05016, 27.9342 ], [ 87.05099, 27.9303 ], [ 87.05327, 27.92656 ], [ 87.06038, 27.92564 ], [ 87.06566, 27.92389 ], [ 87.07529, 27.91833 ], [ 87.07816, 27.91563 ], [ 87.07867, 27.91364 ], [ 87.0769, 27.9076 ], [ 87.07769, 27.90281 ], [ 87.08187, 27.89944 ], [ 87.08595, 27.89083 ], [ 87.08843, 27.88954 ], [ 87.08767, 27.88543 ], [ 87.08871, 27.88258 ], [ 87.09512, 27.87966 ], [ 87.10371, 27.87809 ], [ 87.10706, 27.8749 ], [ 87.10866, 27.85843 ], [ 87.10804, 27.85426 ], [ 87.10976, 27.85156 ], [ 87.1099, 27.848 ], [ 87.11579, 27.8403 ], [ 87.12182, 27.83925 ], [ 87.12477, 27.83668 ], [ 87.12622, 27.83416 ], [ 87.12796, 27.83566 ], [ 87.13248, 27.83685 ], [ 87.14038, 27.83709 ], [ 87.15266, 27.82964 ], [ 87.15662, 27.82445 ], [ 87.16816, 27.82166 ], [ 87.17892, 27.82067 ], [ 87.18351, 27.8222 ], [ 87.18762, 27.82066 ], [ 87.19306, 27.81995 ], [ 87.20021, 27.82217 ], [ 87.20265, 27.82229 ], [ 87.20466, 27.82094 ], [ 87.20604, 27.82189 ], [ 87.2177, 27.82356 ], [ 87.22053, 27.82254 ], [ 87.22349, 27.82275 ], [ 87.22556, 27.81968 ], [ 87.22864, 27.82596 ], [ 87.23569, 27.83334 ], [ 87.23853, 27.83944 ], [ 87.24237, 27.84179 ], [ 87.24738, 27.84349 ], [ 87.24986, 27.84303 ], [ 87.25436, 27.84592 ], [ 87.25663, 27.84899 ], [ 87.26033, 27.85091 ], [ 87.26365, 27.84962 ], [ 87.26537, 27.85093 ], [ 87.28466, 27.84449 ], [ 87.28779, 27.84595 ], [ 87.29318, 27.84371 ], [ 87.30349, 27.84341 ], [ 87.30424, 27.84161 ], [ 87.30434, 27.83545 ], [ 87.30615, 27.8335 ], [ 87.30931, 27.8327 ], [ 87.31545, 27.82881 ], [ 87.31775, 27.82571 ], [ 87.32356, 27.827 ], [ 87.32541, 27.82644 ], [ 87.32685, 27.82723 ], [ 87.3299, 27.8271 ], [ 87.33775, 27.82989 ], [ 87.34141, 27.82836 ], [ 87.3454, 27.82783 ], [ 87.34785, 27.83038 ], [ 87.35021, 27.82955 ], [ 87.35127, 27.82793 ], [ 87.35512, 27.82741 ], [ 87.36055, 27.82886 ], [ 87.36505, 27.83631 ], [ 87.36797, 27.8381 ], [ 87.36923, 27.84093 ], [ 87.37373, 27.84528 ], [ 87.37937, 27.84606 ], [ 87.38697, 27.84903 ], [ 87.391, 27.84853 ], [ 87.3976, 27.85147 ], [ 87.40249, 27.85188 ], [ 87.40727, 27.85659 ], [ 87.41513, 27.85905 ], [ 87.41846, 27.86247 ], [ 87.41909, 27.86053 ], [ 87.42392, 27.85989 ], [ 87.42553, 27.85876 ], [ 87.42583, 27.85213 ], [ 87.42973, 27.85064 ], [ 87.43306, 27.84618 ], [ 87.43164, 27.84237 ], [ 87.42983, 27.84106 ], [ 87.42633, 27.84028 ], [ 87.42188, 27.84112 ], [ 87.40877, 27.83878 ], [ 87.40478, 27.83718 ], [ 87.4035, 27.83404 ], [ 87.41153, 27.83377 ], [ 87.42254, 27.83157 ], [ 87.43877, 27.82524 ], [ 87.44968, 27.82228 ], [ 87.45928, 27.826 ], [ 87.46646, 27.83153 ], [ 87.47462, 27.83628 ], [ 87.47563, 27.83972 ], [ 87.47958, 27.84047 ], [ 87.48195, 27.84248 ], [ 87.48578, 27.84381 ], [ 87.48998, 27.84644 ], [ 87.4929, 27.8439 ], [ 87.50128, 27.84636 ], [ 87.50466, 27.84542 ], [ 87.50875, 27.84706 ], [ 87.5158, 27.84605 ], [ 87.52068, 27.84354 ], [ 87.53101, 27.84542 ], [ 87.53264, 27.84505 ], [ 87.53462, 27.84308 ], [ 87.53584, 27.84312 ], [ 87.54409, 27.84895 ], [ 87.54456, 27.8506 ], [ 87.54758, 27.85318 ], [ 87.55046, 27.85784 ], [ 87.55201, 27.86514 ], [ 87.55704, 27.86662 ], [ 87.56232, 27.86701 ], [ 87.5693, 27.86367 ], [ 87.57121, 27.86133 ], [ 87.57646, 27.86229 ], [ 87.57868, 27.86197 ], [ 87.58246, 27.85584 ], [ 87.58624, 27.85282 ], [ 87.58587, 27.84976 ], [ 87.58802, 27.84089 ], [ 87.59009, 27.83793 ], [ 87.59088, 27.83347 ], [ 87.59052, 27.83046 ], [ 87.58865, 27.82708 ], [ 87.58938, 27.82036 ], [ 87.59098, 27.81943 ], [ 87.59502, 27.8213 ], [ 87.60139, 27.82107 ], [ 87.60649, 27.8178 ], [ 87.61135, 27.81055 ], [ 87.61393, 27.81157 ], [ 87.61466, 27.81581 ], [ 87.61673, 27.81888 ], [ 87.62317, 27.82191 ], [ 87.62725, 27.82142 ], [ 87.63189, 27.82475 ], [ 87.63241, 27.83258 ], [ 87.6357, 27.83435 ], [ 87.64205, 27.83499 ], [ 87.64693, 27.8337 ], [ 87.65819, 27.83654 ], [ 87.66252, 27.83572 ], [ 87.66496, 27.8364 ], [ 87.66939, 27.83486 ], [ 87.66963, 27.83005 ], [ 87.66292, 27.82258 ], [ 87.66511, 27.81999 ], [ 87.6636, 27.81737 ], [ 87.66393, 27.81432 ], [ 87.66527, 27.81259 ], [ 87.6645, 27.80948 ], [ 87.66535, 27.80685 ], [ 87.67343, 27.80763 ], [ 87.67535, 27.81017 ], [ 87.67988, 27.80982 ], [ 87.68526, 27.81222 ], [ 87.68956, 27.81208 ], [ 87.69256, 27.81075 ], [ 87.69854, 27.81216 ], [ 87.70405, 27.81011 ], [ 87.70707, 27.81162 ], [ 87.71068, 27.81111 ], [ 87.71869, 27.80884 ], [ 87.72168, 27.8062 ], [ 87.72523, 27.80527 ], [ 87.72663, 27.80666 ], [ 87.72848, 27.80665 ], [ 87.73155, 27.80902 ], [ 87.73303, 27.80926 ], [ 87.73621, 27.81299 ], [ 87.73375, 27.81909 ], [ 87.73584, 27.82385 ], [ 87.74204, 27.8304 ], [ 87.74367, 27.83516 ], [ 87.74488, 27.83615 ], [ 87.75078, 27.83518 ], [ 87.75331, 27.83589 ], [ 87.75569, 27.84136 ], [ 87.75716, 27.84288 ], [ 87.75854, 27.8479 ], [ 87.76451, 27.85587 ], [ 87.76605, 27.8595 ], [ 87.76786, 27.86097 ], [ 87.7734, 27.86287 ], [ 87.77543, 27.86499 ], [ 87.77853, 27.86587 ], [ 87.77691, 27.86809 ], [ 87.77852, 27.87184 ], [ 87.77713, 27.87435 ], [ 87.77539, 27.87547 ], [ 87.77529, 27.87793 ], [ 87.77735, 27.88148 ], [ 87.77789, 27.88512 ], [ 87.78016, 27.89017 ], [ 87.78238, 27.89223 ], [ 87.78448, 27.89935 ], [ 87.79367, 27.9029 ], [ 87.79715, 27.90585 ], [ 87.80399, 27.90891 ], [ 87.80574, 27.91083 ], [ 87.80575, 27.91441 ], [ 87.81345, 27.92144 ], [ 87.81644, 27.92085 ], [ 87.81876, 27.92163 ], [ 87.81988, 27.91985 ], [ 87.82158, 27.91899 ], [ 87.82457, 27.92015 ], [ 87.82711, 27.92985 ], [ 87.82652, 27.93263 ], [ 87.82438, 27.9345 ], [ 87.82463, 27.93662 ], [ 87.82899, 27.94696 ], [ 87.83145, 27.94895 ], [ 87.83169, 27.95285 ], [ 87.83465, 27.95139 ], [ 87.84157, 27.95019 ], [ 87.8469, 27.94632 ], [ 87.85011, 27.94852 ], [ 87.85542, 27.94861 ], [ 87.85686, 27.94795 ], [ 87.85782, 27.94002 ], [ 87.85915, 27.93665 ], [ 87.85711, 27.93227 ], [ 87.8539, 27.92872 ], [ 87.85728, 27.92699 ], [ 87.8602, 27.92391 ], [ 87.86053, 27.92092 ], [ 87.86333, 27.918 ], [ 87.86389, 27.91404 ], [ 87.86578, 27.91076 ], [ 87.87134, 27.91362 ], [ 87.8766, 27.91477 ], [ 87.88774, 27.91013 ], [ 87.89908, 27.91114 ], [ 87.90773, 27.91689 ], [ 87.91068, 27.91632 ], [ 87.9154, 27.91726 ], [ 87.91659, 27.91601 ], [ 87.91979, 27.91593 ], [ 87.93206, 27.91787 ], [ 87.93375, 27.9168 ], [ 87.93638, 27.91231 ], [ 87.93903, 27.91079 ], [ 87.94155, 27.90985 ], [ 87.95559, 27.90904 ], [ 87.95639, 27.90695 ], [ 87.95749, 27.90633 ], [ 87.96638, 27.89317 ], [ 87.98318, 27.88763 ], [ 87.98473, 27.88593 ], [ 87.98676, 27.88794 ], [ 87.98983, 27.88891 ], [ 87.99402, 27.89211 ], [ 87.99758, 27.89362 ], [ 87.99874, 27.89582 ], [ 88.0023, 27.89808 ], [ 88.0162, 27.89859 ], [ 88.02147, 27.8966 ], [ 88.02619, 27.90462 ], [ 88.02827, 27.90589 ], [ 88.03669, 27.90447 ], [ 88.04211, 27.89968 ], [ 88.05375, 27.89688 ], [ 88.05579, 27.89143 ], [ 88.05808, 27.88844 ], [ 88.06432, 27.88631 ], [ 88.07189, 27.89371 ], [ 88.07652, 27.89453 ], [ 88.079, 27.89595 ], [ 88.08328, 27.89582 ], [ 88.08549, 27.89431 ], [ 88.0853, 27.89279 ], [ 88.08797, 27.89078 ], [ 88.08939, 27.88741 ], [ 88.09002, 27.87391 ], [ 88.09087, 27.87138 ], [ 88.09569, 27.86718 ], [ 88.1072, 27.86753 ], [ 88.11225, 27.86843 ], [ 88.11551, 27.87037 ], [ 88.11906, 27.875 ], [ 88.12633, 27.88169 ], [ 88.13498, 27.88166 ], [ 88.13795, 27.87967 ], [ 88.13922, 27.87767 ], [ 88.14284, 27.87835 ], [ 88.14865, 27.87675 ], [ 88.1524, 27.87322 ], [ 88.15379, 27.87073 ], [ 88.15705, 27.87074 ], [ 88.16409, 27.86839 ], [ 88.167, 27.86559 ], [ 88.17242, 27.86329 ], [ 88.17822, 27.85669 ], [ 88.18513, 27.85677 ], [ 88.18827, 27.85386 ], [ 88.19561, 27.85453 ], [ 88.19662, 27.85307 ], [ 88.19789, 27.84568 ], [ 88.20132, 27.84265 ], [ 88.20114, 27.83745 ], [ 88.19982, 27.83634 ], [ 88.19678, 27.83654 ], [ 88.19443, 27.83571 ], [ 88.19147, 27.8325 ], [ 88.19055, 27.82928 ], [ 88.18762, 27.82552 ], [ 88.1825, 27.82304 ], [ 88.17915, 27.82285 ], [ 88.17304, 27.82056 ], [ 88.17341, 27.81746 ], [ 88.17882, 27.81576 ], [ 88.18513, 27.81059 ], [ 88.18671, 27.80141 ], [ 88.18974, 27.79812 ], [ 88.19366, 27.79619 ], [ 88.19717, 27.79081 ], [ 88.19556, 27.78867 ], [ 88.19524, 27.78653 ], [ 88.18804, 27.78141 ], [ 88.18513, 27.7772 ], [ 88.18115, 27.77588 ], [ 88.18221, 27.77365 ], [ 88.18139, 27.76898 ], [ 88.18329, 27.76627 ], [ 88.18069, 27.76176 ], [ 88.17663, 27.75834 ], [ 88.17745, 27.75235 ], [ 88.17861, 27.75023 ], [ 88.17843, 27.74702 ], [ 88.17613, 27.74615 ], [ 88.17371, 27.74333 ], [ 88.16961, 27.7416 ], [ 88.16241, 27.74035 ], [ 88.15831, 27.74078 ], [ 88.15828, 27.73914 ], [ 88.15615, 27.73653 ], [ 88.15416, 27.72555 ], [ 88.15445, 27.72162 ], [ 88.15544, 27.72038 ], [ 88.15529, 27.71741 ], [ 88.15412, 27.71627 ], [ 88.15228, 27.71171 ], [ 88.14928, 27.70814 ], [ 88.149, 27.70538 ], [ 88.14734, 27.70296 ], [ 88.15053, 27.69906 ], [ 88.15072, 27.69637 ], [ 88.15466, 27.69066 ], [ 88.14868, 27.68401 ], [ 88.14667, 27.679 ], [ 88.1445, 27.66562 ], [ 88.13709, 27.65749 ], [ 88.13115, 27.65532 ], [ 88.12916, 27.65275 ], [ 88.12426, 27.64957 ], [ 88.12205, 27.64654 ], [ 88.11995, 27.64556 ], [ 88.12052, 27.63945 ], [ 88.11713, 27.62978 ], [ 88.11938, 27.62724 ], [ 88.11517, 27.62098 ], [ 88.11325, 27.61196 ], [ 88.11355, 27.61061 ], [ 88.1055, 27.6025 ], [ 88.09355, 27.59807 ], [ 88.08953, 27.5951 ], [ 88.08497, 27.59018 ], [ 88.08185, 27.58498 ], [ 88.0797, 27.58023 ], [ 88.07858, 27.57933 ], [ 88.07801, 27.57655 ], [ 88.07508, 27.57205 ], [ 88.07929, 27.5684 ], [ 88.08093, 27.56482 ], [ 88.07807, 27.56051 ], [ 88.07591, 27.5587 ], [ 88.07311, 27.55681 ], [ 88.06911, 27.55582 ], [ 88.06801, 27.5509 ], [ 88.06842, 27.54639 ], [ 88.06504, 27.54468 ], [ 88.06297, 27.54157 ], [ 88.06079, 27.54005 ], [ 88.05889, 27.53509 ], [ 88.05972, 27.53148 ], [ 88.06149, 27.53014 ], [ 88.06516, 27.52956 ], [ 88.06707, 27.52631 ], [ 88.06361, 27.52635 ], [ 88.0613, 27.5253 ], [ 88.05731, 27.51789 ], [ 88.05719, 27.51608 ], [ 88.06075, 27.51343 ], [ 88.06143, 27.5121 ], [ 88.05747, 27.50945 ], [ 88.05634, 27.50702 ], [ 88.05467, 27.50557 ], [ 88.05473, 27.50465 ], [ 88.05071, 27.5044 ], [ 88.04882, 27.50223 ], [ 88.04643, 27.50146 ], [ 88.04363, 27.49597 ], [ 88.04446, 27.49296 ], [ 88.04383, 27.48495 ], [ 88.04516, 27.48166 ], [ 88.04385, 27.47848 ], [ 88.04835, 27.47249 ], [ 88.05107, 27.47178 ], [ 88.05342, 27.46927 ], [ 88.05661, 27.4675 ], [ 88.06034, 27.46111 ], [ 88.06283, 27.45928 ], [ 88.06693, 27.45788 ], [ 88.06597, 27.45487 ], [ 88.0644, 27.45377 ], [ 88.06626, 27.45245 ], [ 88.06713, 27.4496 ], [ 88.06986, 27.44813 ], [ 88.07239, 27.44527 ], [ 88.06763, 27.43902 ], [ 88.06784, 27.43831 ], [ 88.07269, 27.43393 ], [ 88.07807, 27.43241 ], [ 88.08011, 27.42981 ], [ 88.07995, 27.42669 ], [ 88.06702, 27.42526 ], [ 88.06297, 27.42211 ], [ 88.06008, 27.42092 ], [ 88.05801, 27.41845 ], [ 88.05526, 27.41813 ], [ 88.05044, 27.41291 ], [ 88.04943, 27.40715 ], [ 88.0468, 27.40539 ], [ 88.04831, 27.40081 ], [ 88.04574, 27.39569 ], [ 88.04572, 27.39244 ], [ 88.04468, 27.3899 ], [ 88.04505, 27.38823 ], [ 88.04399, 27.38458 ], [ 88.04495, 27.38239 ], [ 88.0449, 27.38002 ], [ 88.04156, 27.37201 ], [ 88.04187, 27.36984 ], [ 88.04654, 27.36438 ], [ 88.04716, 27.36216 ], [ 88.04933, 27.35937 ], [ 88.05071, 27.35826 ], [ 88.05347, 27.35808 ], [ 88.0575, 27.35563 ], [ 88.05871, 27.35146 ], [ 88.06153, 27.3466 ], [ 88.06167, 27.34415 ], [ 88.06461, 27.34132 ], [ 88.06649, 27.3359 ], [ 88.06341, 27.33433 ], [ 88.06007, 27.32998 ], [ 88.06002, 27.32846 ], [ 88.0524, 27.3245 ], [ 88.05211, 27.32285 ], [ 88.04931, 27.31873 ], [ 88.04957, 27.31544 ], [ 88.04841, 27.31266 ], [ 88.04495, 27.31007 ], [ 88.04141, 27.30434 ], [ 88.04092, 27.30148 ], [ 88.04469, 27.2937 ], [ 88.04286, 27.2916 ], [ 88.03801, 27.2917 ], [ 88.03664, 27.28985 ], [ 88.03496, 27.28943 ], [ 88.03375, 27.28737 ], [ 88.0316, 27.28621 ], [ 88.03293, 27.28133 ], [ 88.03109, 27.27711 ], [ 88.03016, 27.27203 ], [ 88.03176, 27.26595 ], [ 88.03052, 27.26325 ], [ 88.03086, 27.25795 ], [ 88.03007, 27.25488 ], [ 88.03104, 27.25246 ], [ 88.03074, 27.25 ], [ 88.02758, 27.24933 ], [ 88.02677, 27.24638 ], [ 88.0241, 27.24202 ], [ 88.0247, 27.23723 ], [ 88.02343, 27.23791 ], [ 88.02161, 27.23762 ], [ 88.01912, 27.23586 ], [ 88.01967, 27.23199 ], [ 88.01877, 27.22502 ], [ 88.01752, 27.22284 ], [ 88.01577, 27.22216 ], [ 88.01206, 27.216 ], [ 88.01395, 27.21219 ], [ 88.01552, 27.21082 ], [ 88.01156, 27.20375 ], [ 88.01533, 27.19979 ], [ 88.01588, 27.19614 ], [ 88.0159, 27.1932 ], [ 88.01379, 27.19076 ], [ 88.01286, 27.18273 ], [ 88.01343, 27.17941 ], [ 88.01235, 27.17753 ], [ 88.01743, 27.17387 ], [ 88.01925, 27.17099 ], [ 88.01542, 27.16878 ], [ 88.01422, 27.16686 ], [ 88.01281, 27.16717 ], [ 88.01086, 27.16576 ], [ 88.01143, 27.16311 ], [ 88.01099, 27.15917 ], [ 88.0095, 27.15763 ], [ 88.01019, 27.15466 ], [ 88.00921, 27.15274 ], [ 88.00937, 27.15105 ], [ 88.00819, 27.14973 ], [ 88.00856, 27.14821 ], [ 88.00729, 27.14325 ], [ 88.00524, 27.14312 ], [ 88.00418, 27.14118 ], [ 88.00232, 27.14121 ], [ 88.00056, 27.1402 ], [ 88.00055, 27.13823 ], [ 87.999, 27.13651 ], [ 87.99969, 27.13488 ], [ 87.99853, 27.13361 ], [ 87.9911, 27.13077 ], [ 87.99072, 27.12592 ], [ 87.98869, 27.12355 ], [ 87.98905, 27.12082 ], [ 87.98731, 27.1193 ], [ 87.98847, 27.11884 ], [ 87.98921, 27.11667 ], [ 87.98954, 27.1119 ], [ 87.99093, 27.11057 ], [ 87.99082, 27.10637 ], [ 87.9915, 27.10541 ], [ 87.99513, 27.10344 ], [ 88.00029, 27.10374 ], [ 88.00152, 27.1049 ], [ 88.00329, 27.1044 ], [ 88.00811, 27.10084 ], [ 88.00857, 27.0986 ], [ 88.01176, 27.09736 ], [ 88.01252, 27.09358 ], [ 88.01586, 27.08839 ], [ 88.01951, 27.08731 ], [ 88.02099, 27.08768 ], [ 88.02081, 27.08239 ], [ 88.01829, 27.07991 ], [ 88.01746, 27.07792 ], [ 88.01593, 27.07698 ], [ 88.01615, 27.07378 ], [ 88.01843, 27.07023 ], [ 88.02109, 27.06925 ], [ 88.02283, 27.06489 ], [ 88.02288, 27.06193 ], [ 88.02577, 27.05774 ], [ 88.02577, 27.05464 ], [ 88.02746, 27.05098 ], [ 88.02998, 27.04872 ], [ 88.03024, 27.04685 ], [ 88.03303, 27.04384 ], [ 88.03486, 27.0432 ], [ 88.03752, 27.03658 ], [ 88.03915, 27.03598 ], [ 88.04566, 27.03666 ], [ 88.04835, 27.03467 ], [ 88.05775, 27.03172 ], [ 88.05958, 27.02907 ], [ 88.06433, 27.03115 ], [ 88.06918, 27.03128 ], [ 88.07589, 27.03556 ], [ 88.07751, 27.03531 ], [ 88.08132, 27.03164 ], [ 88.0829, 27.02895 ], [ 88.08358, 27.02276 ], [ 88.08848, 27.01533 ], [ 88.0876, 27.01125 ], [ 88.08863, 27.00922 ], [ 88.08819, 27.0083 ], [ 88.09215, 27.00448 ], [ 88.09905, 27.0037 ], [ 88.10427, 26.99744 ], [ 88.1087, 26.99506 ], [ 88.10899, 26.99273 ], [ 88.11015, 26.9916 ], [ 88.11247, 26.9909 ], [ 88.11496, 26.98877 ], [ 88.11962, 26.98727 ], [ 88.1289, 26.9877 ], [ 88.13417, 26.9865 ], [ 88.13543, 26.98485 ], [ 88.13044, 26.98056 ], [ 88.12314, 26.9699 ], [ 88.12185, 26.96527 ], [ 88.123, 26.96006 ], [ 88.12126, 26.95614 ], [ 88.12034, 26.95057 ], [ 88.12859, 26.93943 ], [ 88.13205, 26.9381 ], [ 88.13764, 26.9333 ], [ 88.13927, 26.92878 ], [ 88.14592, 26.92098 ], [ 88.14389, 26.91756 ], [ 88.1449, 26.91554 ], [ 88.13869, 26.90528 ], [ 88.13904, 26.90181 ], [ 88.13664, 26.90052 ], [ 88.13627, 26.89867 ], [ 88.13882, 26.89715 ], [ 88.14173, 26.89393 ], [ 88.14266, 26.89127 ], [ 88.14505, 26.89091 ], [ 88.14638, 26.88878 ], [ 88.14815, 26.88866 ], [ 88.15229, 26.88518 ], [ 88.15671, 26.88533 ], [ 88.15741, 26.88306 ], [ 88.16156, 26.88092 ], [ 88.16337, 26.87819 ], [ 88.16442, 26.87334 ], [ 88.16665, 26.8714 ], [ 88.1665, 26.87043 ], [ 88.16952, 26.86903 ], [ 88.1721, 26.86886 ], [ 88.17241, 26.86589 ], [ 88.17348, 26.8652 ], [ 88.1717, 26.86028 ], [ 88.17439, 26.85955 ], [ 88.17352, 26.85845 ], [ 88.17333, 26.8554 ], [ 88.17441, 26.85295 ], [ 88.1673, 26.84978 ], [ 88.16762, 26.84728 ], [ 88.17055, 26.84518 ], [ 88.16948, 26.84249 ], [ 88.16836, 26.84176 ], [ 88.16743, 26.8377 ], [ 88.16859, 26.83643 ], [ 88.17273, 26.83512 ], [ 88.17413, 26.83348 ], [ 88.17185, 26.82977 ], [ 88.17171, 26.82782 ], [ 88.17879, 26.81653 ], [ 88.17743, 26.80361 ], [ 88.17919, 26.79814 ], [ 88.1806, 26.797 ], [ 88.18119, 26.79312 ], [ 88.18535, 26.78163 ], [ 88.18784, 26.77167 ], [ 88.18714, 26.76047 ], [ 88.18575, 26.75679 ], [ 88.18701, 26.75032 ], [ 88.18584, 26.74038 ], [ 88.18627, 26.7385 ], [ 88.1844, 26.73432 ], [ 88.18468, 26.73099 ], [ 88.1822, 26.72751 ], [ 88.18192, 26.71949 ], [ 88.17718, 26.71107 ], [ 88.17293, 26.70809 ], [ 88.16943, 26.70162 ], [ 88.16703, 26.69957 ], [ 88.16794, 26.69755 ], [ 88.16759, 26.68751 ], [ 88.16696, 26.68616 ], [ 88.16773, 26.68401 ], [ 88.16396, 26.67854 ], [ 88.16483, 26.6703 ], [ 88.16287, 26.65181 ], [ 88.16295, 26.64601 ], [ 88.16059, 26.64258 ], [ 88.15889, 26.64236 ], [ 88.15787, 26.6401 ], [ 88.16036, 26.63659 ], [ 88.15803, 26.63598 ], [ 88.15726, 26.63286 ], [ 88.15453, 26.63047 ], [ 88.14679, 26.62959 ], [ 88.14423, 26.62825 ], [ 88.14395, 26.62679 ], [ 88.1419, 26.62581 ], [ 88.14045, 26.62108 ], [ 88.14042, 26.61346 ], [ 88.13913, 26.6111 ], [ 88.13902, 26.60683 ], [ 88.13553, 26.60591 ], [ 88.12978, 26.60132 ], [ 88.13157, 26.59798 ], [ 88.1318, 26.59321 ], [ 88.12937, 26.58747 ], [ 88.12998, 26.58488 ], [ 88.1272, 26.5819 ], [ 88.12977, 26.57959 ], [ 88.13009, 26.57373 ], [ 88.12832, 26.57264 ], [ 88.12696, 26.57601 ], [ 88.12466, 26.57761 ], [ 88.12283, 26.57638 ], [ 88.12441, 26.57562 ], [ 88.12502, 26.57418 ], [ 88.12284, 26.57228 ], [ 88.12065, 26.57575 ], [ 88.1175, 26.57458 ], [ 88.11911, 26.57016 ], [ 88.11895, 26.56818 ], [ 88.11455, 26.5704 ], [ 88.11348, 26.57266 ], [ 88.11205, 26.57139 ], [ 88.11116, 26.56818 ], [ 88.11253, 26.56649 ], [ 88.11155, 26.5649 ], [ 88.11295, 26.56491 ], [ 88.11411, 26.56675 ], [ 88.11502, 26.56609 ], [ 88.113, 26.56335 ], [ 88.11049, 26.56219 ], [ 88.11343, 26.55968 ], [ 88.11329, 26.5583 ], [ 88.11165, 26.55712 ], [ 88.10929, 26.55705 ], [ 88.10833, 26.55787 ], [ 88.1076, 26.5605 ], [ 88.10529, 26.56095 ], [ 88.10529, 26.55074 ], [ 88.10741, 26.55054 ], [ 88.11033, 26.54767 ], [ 88.1114, 26.54521 ], [ 88.1069, 26.54139 ], [ 88.10369, 26.53973 ], [ 88.10046, 26.53959 ], [ 88.09804, 26.5374 ], [ 88.09828, 26.53559 ], [ 88.09936, 26.53469 ], [ 88.10255, 26.53658 ], [ 88.10357, 26.53638 ], [ 88.10263, 26.53067 ], [ 88.10483, 26.528 ], [ 88.10299, 26.51891 ], [ 88.09502, 26.51646 ], [ 88.09461, 26.5153 ], [ 88.09644, 26.51128 ], [ 88.09118, 26.50857 ], [ 88.09024, 26.50684 ], [ 88.09251, 26.50466 ], [ 88.09487, 26.50477 ], [ 88.09809, 26.5062 ], [ 88.09859, 26.50578 ], [ 88.09925, 26.50103 ], [ 88.10036, 26.4989 ], [ 88.09955, 26.49689 ], [ 88.10016, 26.49449 ], [ 88.10095, 26.49323 ], [ 88.10301, 26.49259 ], [ 88.10317, 26.49062 ], [ 88.10563, 26.4895 ], [ 88.1043, 26.48691 ], [ 88.10101, 26.48394 ], [ 88.10018, 26.47983 ], [ 88.10156, 26.47866 ], [ 88.10609, 26.47726 ], [ 88.10714, 26.47524 ], [ 88.10654, 26.47342 ], [ 88.1043, 26.47206 ], [ 88.10208, 26.47168 ], [ 88.09776, 26.47262 ], [ 88.09854, 26.47128 ], [ 88.10348, 26.46821 ], [ 88.10294, 26.46579 ], [ 88.10013, 26.46483 ], [ 88.09403, 26.46487 ], [ 88.09178, 26.46309 ], [ 88.0968, 26.45214 ], [ 88.09583, 26.44016 ], [ 88.09467, 26.43779 ], [ 88.089, 26.43478 ], [ 88.08612, 26.4323 ], [ 88.08468, 26.43054 ], [ 88.08357, 26.42622 ], [ 88.07849, 26.42014 ], [ 88.0696, 26.41349 ], [ 88.06932, 26.41125 ], [ 88.07125, 26.40809 ], [ 88.06844, 26.40796 ], [ 88.06699, 26.40967 ], [ 88.0644, 26.40804 ], [ 88.06374, 26.41067 ], [ 88.05994, 26.4097 ], [ 88.05846, 26.40784 ], [ 88.05671, 26.4078 ], [ 88.05749, 26.40648 ], [ 88.05546, 26.40581 ], [ 88.05634, 26.40472 ], [ 88.05604, 26.40352 ], [ 88.05407, 26.40252 ], [ 88.0553, 26.4008 ], [ 88.0522, 26.40104 ], [ 88.05146, 26.399 ], [ 88.05023, 26.40069 ], [ 88.04816, 26.4004 ], [ 88.04721, 26.40115 ], [ 88.04512, 26.39978 ], [ 88.04635, 26.39765 ], [ 88.04387, 26.39699 ], [ 88.04502, 26.39661 ], [ 88.04493, 26.39598 ], [ 88.04242, 26.39628 ], [ 88.04234, 26.39535 ], [ 88.04029, 26.39538 ], [ 88.04197, 26.39438 ], [ 88.0403, 26.39476 ], [ 88.03765, 26.39391 ], [ 88.03788, 26.39202 ], [ 88.03675, 26.39157 ], [ 88.03638, 26.39035 ], [ 88.03415, 26.39208 ], [ 88.03432, 26.38858 ], [ 88.03193, 26.3883 ], [ 88.03127, 26.38591 ], [ 88.03188, 26.38526 ], [ 88.03065, 26.38238 ], [ 88.02934, 26.38325 ], [ 88.02704, 26.38189 ], [ 88.02807, 26.37902 ], [ 88.03126, 26.3785 ], [ 88.03059, 26.37605 ], [ 88.02881, 26.37679 ], [ 88.02977, 26.37425 ], [ 88.02803, 26.37364 ], [ 88.02865, 26.372 ], [ 88.02705, 26.3711 ], [ 88.02763, 26.36921 ], [ 88.03065, 26.36711 ], [ 88.02987, 26.36499 ], [ 88.00772, 26.36111 ], [ 88.00559, 26.36172 ], [ 88.0052, 26.36359 ], [ 88.004, 26.36468 ], [ 88.00177, 26.36527 ], [ 88.00285, 26.36596 ], [ 88.00226, 26.3666 ], [ 88.00103, 26.36602 ], [ 87.99969, 26.36651 ], [ 87.99764, 26.36511 ], [ 87.99342, 26.36798 ], [ 87.99403, 26.36893 ], [ 87.99359, 26.36967 ], [ 87.99234, 26.36969 ], [ 87.9915, 26.39258 ], [ 87.96565, 26.39719 ], [ 87.95439, 26.4051 ], [ 87.93237, 26.41808 ], [ 87.92794, 26.41758 ], [ 87.92666, 26.41831 ], [ 87.92616, 26.42032 ], [ 87.92675, 26.42466 ], [ 87.9259, 26.42772 ], [ 87.92393, 26.42923 ], [ 87.91689, 26.43027 ], [ 87.91585, 26.43186 ], [ 87.91731, 26.43489 ], [ 87.92313, 26.43784 ], [ 87.92523, 26.44003 ], [ 87.92569, 26.44159 ], [ 87.92469, 26.44556 ], [ 87.92349, 26.4469 ], [ 87.89857, 26.44879 ], [ 87.9095, 26.45781 ], [ 87.89991, 26.47748 ], [ 87.88797, 26.48673 ], [ 87.88544, 26.47651 ], [ 87.86337, 26.46798 ], [ 87.86244, 26.46438 ], [ 87.85799, 26.46359 ], [ 87.85813, 26.46106 ], [ 87.85953, 26.45979 ], [ 87.85836, 26.45917 ], [ 87.85806, 26.45632 ], [ 87.85969, 26.45406 ], [ 87.86243, 26.45302 ], [ 87.86085, 26.45105 ], [ 87.86126, 26.44893 ], [ 87.85084, 26.4453 ], [ 87.84853, 26.4365 ], [ 87.82807, 26.44015 ], [ 87.82955, 26.45025 ], [ 87.82503, 26.4522 ], [ 87.81705, 26.45909 ], [ 87.81134, 26.46186 ], [ 87.79267, 26.46888 ], [ 87.79178, 26.46846 ], [ 87.79146, 26.46664 ], [ 87.79044, 26.46643 ], [ 87.79024, 26.46868 ], [ 87.78881, 26.46926 ], [ 87.78602, 26.46735 ], [ 87.78959, 26.46613 ], [ 87.78965, 26.46497 ], [ 87.78788, 26.46429 ], [ 87.78623, 26.46576 ], [ 87.78548, 26.46364 ], [ 87.78825, 26.46236 ], [ 87.78847, 26.4615 ], [ 87.78395, 26.45811 ], [ 87.78225, 26.45403 ], [ 87.78073, 26.45328 ], [ 87.77768, 26.45375 ], [ 87.77736, 26.45313 ], [ 87.77888, 26.45167 ], [ 87.77883, 26.45072 ], [ 87.77542, 26.45113 ], [ 87.77372, 26.45046 ], [ 87.77425, 26.44907 ], [ 87.77651, 26.44794 ], [ 87.77667, 26.44497 ], [ 87.77543, 26.44289 ], [ 87.77761, 26.4427 ], [ 87.77434, 26.44077 ], [ 87.7743, 26.43821 ], [ 87.77281, 26.4361 ], [ 87.77471, 26.4355 ], [ 87.77655, 26.43706 ], [ 87.77765, 26.43587 ], [ 87.7758, 26.43001 ], [ 87.77491, 26.42996 ], [ 87.77367, 26.43136 ], [ 87.77243, 26.43011 ], [ 87.77323, 26.42837 ], [ 87.7755, 26.4281 ], [ 87.77526, 26.42726 ], [ 87.77273, 26.42709 ], [ 87.77095, 26.42822 ], [ 87.77038, 26.42752 ], [ 87.77332, 26.42555 ], [ 87.7759, 26.42527 ], [ 87.77291, 26.42047 ], [ 87.77469, 26.42101 ], [ 87.77558, 26.42248 ], [ 87.7761, 26.42193 ], [ 87.77479, 26.42018 ], [ 87.77259, 26.41952 ], [ 87.77201, 26.42134 ], [ 87.77089, 26.4219 ], [ 87.76885, 26.4188 ], [ 87.76743, 26.41888 ], [ 87.76802, 26.41529 ], [ 87.76543, 26.41329 ], [ 87.76697, 26.41135 ], [ 87.75368, 26.40818 ], [ 87.74732, 26.41787 ], [ 87.73898, 26.4176 ], [ 87.73352, 26.40779 ], [ 87.72273, 26.41258 ], [ 87.72374, 26.4156 ], [ 87.72205, 26.41782 ], [ 87.7222, 26.41923 ], [ 87.7211, 26.41899 ], [ 87.71819, 26.42239 ], [ 87.71748, 26.42189 ], [ 87.71692, 26.4227 ], [ 87.71581, 26.42192 ], [ 87.71471, 26.42327 ], [ 87.71361, 26.42302 ], [ 87.71356, 26.42521 ], [ 87.71102, 26.42737 ], [ 87.69834, 26.42822 ], [ 87.69193, 26.43565 ], [ 87.67755, 26.43539 ], [ 87.6782, 26.41583 ], [ 87.65014, 26.40589 ], [ 87.65171, 26.39352 ], [ 87.62734, 26.39384 ], [ 87.612, 26.39018 ], [ 87.60707, 26.38118 ], [ 87.60449, 26.3808 ], [ 87.58696, 26.38216 ], [ 87.58678, 26.38466 ], [ 87.58825, 26.38836 ], [ 87.58729, 26.39079 ], [ 87.58764, 26.39261 ], [ 87.57347, 26.39606 ], [ 87.55271, 26.40574 ], [ 87.54741, 26.41854 ], [ 87.53411, 26.42161 ], [ 87.51639, 26.43003 ], [ 87.51626, 26.43094 ], [ 87.49088, 26.43638 ], [ 87.46605, 26.44033 ], [ 87.44473, 26.433 ], [ 87.44291, 26.43308 ], [ 87.42765, 26.42243 ], [ 87.41902, 26.42272 ], [ 87.3884, 26.41907 ], [ 87.37597, 26.40704 ], [ 87.36856, 26.40808 ], [ 87.35627, 26.38821 ], [ 87.35323, 26.37203 ], [ 87.35819, 26.36107 ], [ 87.34762, 26.35162 ], [ 87.34086, 26.34776 ], [ 87.33683, 26.35148 ], [ 87.32177, 26.3602 ], [ 87.31325, 26.36761 ], [ 87.31222, 26.37148 ], [ 87.30121, 26.36628 ], [ 87.28934, 26.37373 ], [ 87.28245, 26.37268 ], [ 87.27229, 26.37262 ], [ 87.26576, 26.37388 ], [ 87.26422, 26.38714 ], [ 87.26555, 26.39123 ], [ 87.26603, 26.40564 ], [ 87.26048, 26.40934 ], [ 87.25614, 26.41114 ], [ 87.25449, 26.41034 ], [ 87.25264, 26.41074 ], [ 87.24986, 26.40946 ], [ 87.24933, 26.4107 ], [ 87.24767, 26.41163 ], [ 87.24776, 26.41391 ], [ 87.24651, 26.41432 ], [ 87.22866, 26.4137 ], [ 87.22866, 26.41264 ], [ 87.22659, 26.41197 ], [ 87.22754, 26.41135 ], [ 87.22607, 26.41083 ], [ 87.22621, 26.40896 ], [ 87.22393, 26.40884 ], [ 87.22416, 26.40713 ], [ 87.22309, 26.40674 ], [ 87.22361, 26.40591 ], [ 87.2222, 26.40565 ], [ 87.22148, 26.40459 ], [ 87.2207, 26.40509 ], [ 87.22035, 26.40361 ], [ 87.2188, 26.4032 ], [ 87.21711, 26.40667 ], [ 87.21081, 26.40953 ], [ 87.21185, 26.41039 ], [ 87.21084, 26.41158 ], [ 87.21122, 26.41314 ], [ 87.18581, 26.41426 ] ] ] } },
{ "type": "Feature", "properties": { "fid": 6, "STATE_CODE": 5.0, "Province": "5" }, "geometry": { "type": "Polygon", "coordinates": [ [ [ 82.70794, 27.72185 ], [ 82.70509, 27.71653 ], [ 82.70189, 27.71632 ], [ 82.69918, 27.72194 ], [ 82.69522, 27.71835 ], [ 82.68919, 27.71509 ], [ 82.68062, 27.71372 ], [ 82.6716, 27.71421 ], [ 82.66644, 27.71562 ], [ 82.66414, 27.72205 ], [ 82.65517, 27.71327 ], [ 82.63845, 27.70908 ], [ 82.62776, 27.71148 ], [ 82.62748, 27.70915 ], [ 82.62309, 27.70499 ], [ 82.61878, 27.70222 ], [ 82.60498, 27.70593 ], [ 82.60003, 27.70419 ], [ 82.59362, 27.6969 ], [ 82.5911, 27.69683 ], [ 82.58487, 27.69857 ], [ 82.56184, 27.69175 ], [ 82.55447, 27.68847 ], [ 82.54941, 27.6888 ], [ 82.54109, 27.6857 ], [ 82.53867, 27.68761 ], [ 82.5309, 27.68654 ], [ 82.51619, 27.69039 ], [ 82.50025, 27.68498 ], [ 82.49243, 27.68416 ], [ 82.49001, 27.6812 ], [ 82.48395, 27.68076 ], [ 82.48185, 27.68278 ], [ 82.47316, 27.67647 ], [ 82.44868, 27.67869 ], [ 82.437, 27.68506 ], [ 82.42723, 27.68825 ], [ 82.41282, 27.6982 ], [ 82.40157, 27.70285 ], [ 82.39291, 27.70982 ], [ 82.3823, 27.72031 ], [ 82.36711, 27.74264 ], [ 82.33653, 27.75479 ], [ 82.30384, 27.77259 ], [ 82.25272, 27.81012 ], [ 82.23043, 27.82077 ], [ 82.20822, 27.8431 ], [ 82.17702, 27.8547 ], [ 82.15395, 27.86618 ], [ 82.14996, 27.8579 ], [ 82.13938, 27.85991 ], [ 82.1233, 27.86501 ], [ 82.11417, 27.87754 ], [ 82.10086, 27.88611 ], [ 82.09135, 27.89464 ], [ 82.09004, 27.89939 ], [ 82.0805, 27.90909 ], [ 82.07091, 27.92262 ], [ 82.06245, 27.9217 ], [ 82.04506, 27.92448 ], [ 82.02549, 27.92508 ], [ 81.99114, 27.9292 ], [ 81.97769, 27.9285 ], [ 81.96817, 27.92894 ], [ 81.96167, 27.92315 ], [ 81.95927, 27.91639 ], [ 81.9509, 27.9102 ], [ 81.9477, 27.9035 ], [ 81.93806, 27.89374 ], [ 81.938, 27.88792 ], [ 81.92998, 27.88264 ], [ 81.92536, 27.87579 ], [ 81.92611, 27.85976 ], [ 81.90115, 27.85366 ], [ 81.89281, 27.85602 ], [ 81.88544, 27.85699 ], [ 81.88248, 27.85923 ], [ 81.87792, 27.8656 ], [ 81.87354, 27.8694 ], [ 81.84754, 27.8872 ], [ 81.83997, 27.89105 ], [ 81.83268, 27.89806 ], [ 81.82541, 27.90057 ], [ 81.82434, 27.90189 ], [ 81.8211, 27.90345 ], [ 81.81353, 27.90455 ], [ 81.80921, 27.90319 ], [ 81.80485, 27.90337 ], [ 81.69828, 27.98819 ], [ 81.69323, 27.98946 ], [ 81.64341, 27.99381 ], [ 81.63922, 27.99712 ], [ 81.636, 27.99744 ], [ 81.62794, 28.00158 ], [ 81.62429, 28.00137 ], [ 81.6192, 28.0086 ], [ 81.61703, 28.0104 ], [ 81.59851, 28.01993 ], [ 81.5866, 28.02477 ], [ 81.57535, 28.03109 ], [ 81.55914, 28.04221 ], [ 81.54724, 28.04919 ], [ 81.49594, 28.07299 ], [ 81.47835, 28.08253 ], [ 81.47972, 28.11009 ], [ 81.48398, 28.11824 ], [ 81.47261, 28.12559 ], [ 81.46761, 28.1272 ], [ 81.44988, 28.14087 ], [ 81.45007, 28.15064 ], [ 81.44591, 28.15596 ], [ 81.44708, 28.15923 ], [ 81.44581, 28.16131 ], [ 81.42645, 28.17065 ], [ 81.41481, 28.17424 ], [ 81.38987, 28.17376 ], [ 81.37464, 28.17694 ], [ 81.3734, 28.17548 ], [ 81.37397, 28.17313 ], [ 81.37242, 28.17294 ], [ 81.372, 28.1717 ], [ 81.36972, 28.17056 ], [ 81.36684, 28.16534 ], [ 81.36758, 28.16405 ], [ 81.36692, 28.1628 ], [ 81.36836, 28.16097 ], [ 81.37707, 28.1587 ], [ 81.37831, 28.15549 ], [ 81.37742, 28.15468 ], [ 81.37779, 28.15274 ], [ 81.37656, 28.15159 ], [ 81.37664, 28.14972 ], [ 81.37508, 28.14865 ], [ 81.37123, 28.14238 ], [ 81.36777, 28.14142 ], [ 81.36568, 28.14179 ], [ 81.34209, 28.13956 ], [ 81.33439, 28.14018 ], [ 81.32066, 28.13381 ], [ 81.31797, 28.13354 ], [ 81.31538, 28.13696 ], [ 81.3183, 28.14522 ], [ 81.32785, 28.14827 ], [ 81.32011, 28.16024 ], [ 81.31059, 28.15556 ], [ 81.30968, 28.16068 ], [ 81.30305, 28.16301 ], [ 81.30191, 28.16439 ], [ 81.30175, 28.16607 ], [ 81.30216, 28.16778 ], [ 81.30439, 28.1685 ], [ 81.3142, 28.16766 ], [ 81.32119, 28.16882 ], [ 81.32469, 28.17503 ], [ 81.31829, 28.18237 ], [ 81.32053, 28.19725 ], [ 81.29955, 28.21984 ], [ 81.29185, 28.22286 ], [ 81.28603, 28.22852 ], [ 81.25776, 28.25952 ], [ 81.23267, 28.28897 ], [ 81.23451, 28.32463 ], [ 81.2195, 28.34486 ], [ 81.21334, 28.35826 ], [ 81.21059, 28.36056 ], [ 81.20337, 28.362 ], [ 81.16623, 28.36892 ], [ 81.12318, 28.37572 ], [ 81.0893, 28.38208 ], [ 81.07976, 28.38492 ], [ 81.06727, 28.39443 ], [ 81.06746, 28.39662 ], [ 81.06622, 28.40105 ], [ 81.05909, 28.40793 ], [ 81.06085, 28.41329 ], [ 81.06549, 28.42245 ], [ 81.0697, 28.42707 ], [ 81.07676, 28.43342 ], [ 81.08526, 28.43761 ], [ 81.08921, 28.44993 ], [ 81.0891, 28.45419 ], [ 81.09132, 28.45776 ], [ 81.09452, 28.45975 ], [ 81.0988, 28.45933 ], [ 81.10889, 28.4614 ], [ 81.1108, 28.46347 ], [ 81.11185, 28.46902 ], [ 81.11472, 28.4725 ], [ 81.12066, 28.47507 ], [ 81.12984, 28.48215 ], [ 81.13785, 28.49084 ], [ 81.14234, 28.49387 ], [ 81.14724, 28.49591 ], [ 81.14802, 28.49691 ], [ 81.1454, 28.49621 ], [ 81.14719, 28.49816 ], [ 81.15311, 28.50192 ], [ 81.15725, 28.50102 ], [ 81.16006, 28.50139 ], [ 81.16179, 28.50585 ], [ 81.16267, 28.51335 ], [ 81.16375, 28.51596 ], [ 81.16755, 28.52065 ], [ 81.16733, 28.52324 ], [ 81.168, 28.52415 ], [ 81.17366, 28.52909 ], [ 81.18666, 28.54306 ], [ 81.19786, 28.55304 ], [ 81.20448, 28.55844 ], [ 81.21892, 28.56688 ], [ 81.22421, 28.57083 ], [ 81.23234, 28.5775 ], [ 81.24426, 28.59053 ], [ 81.24883, 28.59438 ], [ 81.25951, 28.61206 ], [ 81.26093, 28.61358 ], [ 81.26868, 28.61778 ], [ 81.27097, 28.63016 ], [ 81.28188, 28.63927 ], [ 81.28744, 28.64795 ], [ 81.28791, 28.65344 ], [ 81.28732, 28.66345 ], [ 81.28532, 28.67 ], [ 81.28522, 28.67324 ], [ 81.29035, 28.67467 ], [ 81.29453, 28.67321 ], [ 81.30015, 28.67385 ], [ 81.30176, 28.673 ], [ 81.30198, 28.67052 ], [ 81.30372, 28.67088 ], [ 81.30382, 28.67232 ], [ 81.30729, 28.67294 ], [ 81.30899, 28.67142 ], [ 81.31787, 28.66982 ], [ 81.32101, 28.66755 ], [ 81.32166, 28.66347 ], [ 81.31975, 28.65944 ], [ 81.31686, 28.65609 ], [ 81.31619, 28.65231 ], [ 81.31409, 28.65179 ], [ 81.31189, 28.65273 ], [ 81.31012, 28.65105 ], [ 81.31078, 28.64708 ], [ 81.3142, 28.64444 ], [ 81.31578, 28.64136 ], [ 81.31608, 28.63987 ], [ 81.31507, 28.63933 ], [ 81.31624, 28.6367 ], [ 81.32319, 28.63545 ], [ 81.32996, 28.6311 ], [ 81.3398, 28.62879 ], [ 81.34062, 28.62717 ], [ 81.34542, 28.62467 ], [ 81.35018, 28.62461 ], [ 81.35618, 28.62332 ], [ 81.35883, 28.62395 ], [ 81.36449, 28.62347 ], [ 81.36958, 28.61938 ], [ 81.37041, 28.61762 ], [ 81.37381, 28.61657 ], [ 81.37923, 28.61225 ], [ 81.38258, 28.61185 ], [ 81.38621, 28.61019 ], [ 81.38833, 28.61063 ], [ 81.39426, 28.60803 ], [ 81.40087, 28.6068 ], [ 81.40018, 28.60357 ], [ 81.40141, 28.60197 ], [ 81.40978, 28.59557 ], [ 81.41377, 28.595 ], [ 81.41671, 28.5955 ], [ 81.41914, 28.59377 ], [ 81.41998, 28.59072 ], [ 81.42131, 28.58919 ], [ 81.42453, 28.58773 ], [ 81.42476, 28.58672 ], [ 81.42165, 28.58129 ], [ 81.4236, 28.57983 ], [ 81.42435, 28.57759 ], [ 81.42606, 28.57807 ], [ 81.43062, 28.57728 ], [ 81.43275, 28.57193 ], [ 81.43321, 28.56798 ], [ 81.43235, 28.56606 ], [ 81.43325, 28.56353 ], [ 81.43788, 28.55949 ], [ 81.44218, 28.55805 ], [ 81.44552, 28.55405 ], [ 81.45307, 28.55221 ], [ 81.45962, 28.55418 ], [ 81.46534, 28.55374 ], [ 81.46899, 28.54837 ], [ 81.47222, 28.54852 ], [ 81.47412, 28.54196 ], [ 81.476, 28.53973 ], [ 81.47866, 28.53897 ], [ 81.48602, 28.53909 ], [ 81.48828, 28.5373 ], [ 81.48857, 28.53518 ], [ 81.49108, 28.53235 ], [ 81.49724, 28.5335 ], [ 81.50275, 28.52925 ], [ 81.506, 28.52823 ], [ 81.50821, 28.52561 ], [ 81.51209, 28.52418 ], [ 81.51256, 28.52272 ], [ 81.51161, 28.52007 ], [ 81.5129, 28.51912 ], [ 81.5161, 28.51351 ], [ 81.51934, 28.51193 ], [ 81.5238, 28.51148 ], [ 81.53008, 28.5093 ], [ 81.53602, 28.50403 ], [ 81.53929, 28.50005 ], [ 81.53955, 28.4979 ], [ 81.53864, 28.49462 ], [ 81.54373, 28.49508 ], [ 81.55293, 28.4933 ], [ 81.55584, 28.49517 ], [ 81.55723, 28.49493 ], [ 81.55917, 28.49213 ], [ 81.56324, 28.49024 ], [ 81.56777, 28.48552 ], [ 81.57248, 28.4833 ], [ 81.5744, 28.47847 ], [ 81.58294, 28.47379 ], [ 81.58729, 28.46895 ], [ 81.59021, 28.46966 ], [ 81.59229, 28.46895 ], [ 81.5966, 28.46466 ], [ 81.59996, 28.46292 ], [ 81.60237, 28.45853 ], [ 81.60778, 28.45356 ], [ 81.61205, 28.45429 ], [ 81.62079, 28.44606 ], [ 81.62617, 28.44442 ], [ 81.63149, 28.43629 ], [ 81.64289, 28.43024 ], [ 81.64796, 28.42298 ], [ 81.65573, 28.41883 ], [ 81.65834, 28.41537 ], [ 81.66574, 28.41486 ], [ 81.66968, 28.41328 ], [ 81.67194, 28.41508 ], [ 81.67258, 28.41731 ], [ 81.67419, 28.41756 ], [ 81.68302, 28.41136 ], [ 81.68811, 28.41054 ], [ 81.69153, 28.40625 ], [ 81.69202, 28.40298 ], [ 81.69537, 28.39951 ], [ 81.6997, 28.39704 ], [ 81.70345, 28.39251 ], [ 81.71008, 28.39002 ], [ 81.71653, 28.38407 ], [ 81.72115, 28.38229 ], [ 81.72432, 28.38306 ], [ 81.72899, 28.37902 ], [ 81.73214, 28.37756 ], [ 81.75214, 28.3743 ], [ 81.7547, 28.37142 ], [ 81.75757, 28.36999 ], [ 81.76276, 28.37106 ], [ 81.76659, 28.3701 ], [ 81.76524, 28.3653 ], [ 81.76004, 28.3592 ], [ 81.75863, 28.35421 ], [ 81.75476, 28.35007 ], [ 81.75154, 28.34364 ], [ 81.7516, 28.33216 ], [ 81.74917, 28.32858 ], [ 81.74646, 28.32668 ], [ 81.74561, 28.32261 ], [ 81.7434, 28.31898 ], [ 81.74497, 28.31321 ], [ 81.74795, 28.31241 ], [ 81.74923, 28.31025 ], [ 81.75368, 28.30742 ], [ 81.76111, 28.30915 ], [ 81.76733, 28.30071 ], [ 81.77051, 28.29999 ], [ 81.77333, 28.29746 ], [ 81.77677, 28.29788 ], [ 81.78034, 28.29509 ], [ 81.78418, 28.29566 ], [ 81.78705, 28.29464 ], [ 81.79209, 28.28193 ], [ 81.79145, 28.27703 ], [ 81.79353, 28.2738 ], [ 81.79799, 28.27359 ], [ 81.80535, 28.28211 ], [ 81.80836, 28.28294 ], [ 81.8115, 28.28138 ], [ 81.81441, 28.27873 ], [ 81.82197, 28.27676 ], [ 81.82613, 28.27694 ], [ 81.83104, 28.27421 ], [ 81.84344, 28.27196 ], [ 81.84474, 28.26956 ], [ 81.8502, 28.26569 ], [ 81.85408, 28.26006 ], [ 81.86138, 28.25504 ], [ 81.86456, 28.24977 ], [ 81.86414, 28.24505 ], [ 81.86043, 28.23904 ], [ 81.8608, 28.23866 ], [ 81.86809, 28.23877 ], [ 81.87124, 28.23969 ], [ 81.87665, 28.23912 ], [ 81.8785, 28.24112 ], [ 81.88278, 28.24347 ], [ 81.88697, 28.24029 ], [ 81.88852, 28.23682 ], [ 81.89229, 28.23573 ], [ 81.89639, 28.23325 ], [ 81.90919, 28.2322 ], [ 81.9139, 28.22835 ], [ 81.91877, 28.22679 ], [ 81.92119, 28.22696 ], [ 81.9231, 28.22963 ], [ 81.92701, 28.23239 ], [ 81.93866, 28.23217 ], [ 81.9446, 28.23755 ], [ 81.95084, 28.24034 ], [ 81.953, 28.24343 ], [ 81.95314, 28.24732 ], [ 81.95232, 28.24897 ], [ 81.94753, 28.25468 ], [ 81.94024, 28.25966 ], [ 81.93837, 28.26393 ], [ 81.93225, 28.26941 ], [ 81.93607, 28.27669 ], [ 81.93661, 28.27933 ], [ 81.9424, 28.28161 ], [ 81.94345, 28.28309 ], [ 81.95381, 28.28112 ], [ 81.95646, 28.27744 ], [ 81.95985, 28.27563 ], [ 81.96163, 28.26644 ], [ 81.96395, 28.26549 ], [ 81.96523, 28.2639 ], [ 81.96631, 28.26214 ], [ 81.96644, 28.25894 ], [ 81.96904, 28.25741 ], [ 81.96958, 28.25571 ], [ 81.97264, 28.25622 ], [ 81.97634, 28.25924 ], [ 81.97969, 28.25984 ], [ 81.98023, 28.25737 ], [ 81.98255, 28.25927 ], [ 81.98396, 28.25866 ], [ 81.98374, 28.25485 ], [ 81.9853, 28.25355 ], [ 81.9848, 28.25134 ], [ 81.97855, 28.24979 ], [ 81.97505, 28.2432 ], [ 81.96884, 28.244 ], [ 81.96319, 28.24197 ], [ 81.96462, 28.23582 ], [ 81.96994, 28.22814 ], [ 81.97236, 28.22269 ], [ 81.97767, 28.22113 ], [ 81.98329, 28.22214 ], [ 81.98895, 28.22038 ], [ 81.99263, 28.22058 ], [ 81.99897, 28.21581 ], [ 82.00257, 28.21064 ], [ 82.00575, 28.20898 ], [ 82.00909, 28.20587 ], [ 82.01448, 28.20403 ], [ 82.0169, 28.20099 ], [ 82.01882, 28.20177 ], [ 82.02343, 28.20153 ], [ 82.02617, 28.20428 ], [ 82.02683, 28.20841 ], [ 82.03083, 28.21405 ], [ 82.0323, 28.21498 ], [ 82.03676, 28.21503 ], [ 82.03557, 28.21753 ], [ 82.038, 28.21917 ], [ 82.03927, 28.22132 ], [ 82.0421, 28.23014 ], [ 82.04621, 28.23199 ], [ 82.04658, 28.2339 ], [ 82.05201, 28.24098 ], [ 82.05471, 28.24209 ], [ 82.0617, 28.24061 ], [ 82.06846, 28.23697 ], [ 82.06957, 28.23937 ], [ 82.07774, 28.24497 ], [ 82.08117, 28.24854 ], [ 82.08709, 28.24842 ], [ 82.09159, 28.24928 ], [ 82.09247, 28.25012 ], [ 82.0922, 28.25219 ], [ 82.09386, 28.25502 ], [ 82.1007, 28.25897 ], [ 82.10823, 28.25823 ], [ 82.11152, 28.25449 ], [ 82.1176, 28.25149 ], [ 82.12297, 28.25396 ], [ 82.12587, 28.25431 ], [ 82.1327, 28.25149 ], [ 82.13794, 28.24509 ], [ 82.14247, 28.2418 ], [ 82.14255, 28.23848 ], [ 82.1437, 28.23707 ], [ 82.14689, 28.23752 ], [ 82.14892, 28.23916 ], [ 82.1528, 28.23803 ], [ 82.15336, 28.24109 ], [ 82.16072, 28.24172 ], [ 82.1666, 28.25002 ], [ 82.16933, 28.25151 ], [ 82.17129, 28.2514 ], [ 82.17571, 28.24895 ], [ 82.18229, 28.24973 ], [ 82.1899, 28.24832 ], [ 82.19406, 28.24669 ], [ 82.19858, 28.24288 ], [ 82.20283, 28.24377 ], [ 82.20753, 28.24607 ], [ 82.21223, 28.2469 ], [ 82.2177, 28.2496 ], [ 82.2232, 28.24769 ], [ 82.22724, 28.24373 ], [ 82.23307, 28.23991 ], [ 82.24389, 28.23787 ], [ 82.24788, 28.23952 ], [ 82.25017, 28.239 ], [ 82.2559, 28.23966 ], [ 82.25821, 28.24361 ], [ 82.26477, 28.24363 ], [ 82.27302, 28.2465 ], [ 82.27537, 28.24843 ], [ 82.28175, 28.24815 ], [ 82.28716, 28.24565 ], [ 82.29159, 28.24683 ], [ 82.29705, 28.24508 ], [ 82.30003, 28.24595 ], [ 82.30124, 28.24378 ], [ 82.30103, 28.23659 ], [ 82.30213, 28.23259 ], [ 82.30542, 28.23132 ], [ 82.31007, 28.2316 ], [ 82.31235, 28.22684 ], [ 82.31233, 28.22334 ], [ 82.31954, 28.22485 ], [ 82.32194, 28.22439 ], [ 82.32706, 28.22524 ], [ 82.32975, 28.22418 ], [ 82.33746, 28.22348 ], [ 82.33949, 28.22208 ], [ 82.34068, 28.21981 ], [ 82.34597, 28.21632 ], [ 82.34626, 28.21034 ], [ 82.34705, 28.20861 ], [ 82.3493, 28.20715 ], [ 82.35482, 28.2055 ], [ 82.35869, 28.19907 ], [ 82.36297, 28.19672 ], [ 82.3637, 28.19453 ], [ 82.36541, 28.19323 ], [ 82.36543, 28.19141 ], [ 82.36703, 28.18979 ], [ 82.37126, 28.18855 ], [ 82.37797, 28.18449 ], [ 82.38698, 28.18849 ], [ 82.39271, 28.18923 ], [ 82.39459, 28.18478 ], [ 82.39676, 28.1827 ], [ 82.39621, 28.18021 ], [ 82.39504, 28.17939 ], [ 82.39513, 28.17811 ], [ 82.39383, 28.17642 ], [ 82.3936, 28.17438 ], [ 82.3946, 28.17141 ], [ 82.39671, 28.16885 ], [ 82.39873, 28.17042 ], [ 82.39847, 28.17169 ], [ 82.4013, 28.17632 ], [ 82.39906, 28.17895 ], [ 82.39912, 28.18011 ], [ 82.40343, 28.18495 ], [ 82.40151, 28.18827 ], [ 82.40047, 28.19234 ], [ 82.40149, 28.19353 ], [ 82.40164, 28.1993 ], [ 82.40295, 28.20213 ], [ 82.40219, 28.20528 ], [ 82.40433, 28.2115 ], [ 82.40362, 28.21312 ], [ 82.40563, 28.21559 ], [ 82.40673, 28.22064 ], [ 82.41476, 28.22464 ], [ 82.41878, 28.22974 ], [ 82.42191, 28.22978 ], [ 82.42406, 28.22801 ], [ 82.42513, 28.2294 ], [ 82.42753, 28.23 ], [ 82.4283, 28.23163 ], [ 82.4281, 28.23487 ], [ 82.42674, 28.23714 ], [ 82.42676, 28.23895 ], [ 82.4305, 28.2418 ], [ 82.43499, 28.24346 ], [ 82.43627, 28.24615 ], [ 82.43721, 28.24659 ], [ 82.43547, 28.24825 ], [ 82.42999, 28.24954 ], [ 82.42766, 28.25212 ], [ 82.42398, 28.25117 ], [ 82.41963, 28.25365 ], [ 82.41544, 28.25312 ], [ 82.41319, 28.25381 ], [ 82.41014, 28.2582 ], [ 82.40748, 28.25902 ], [ 82.406, 28.261 ], [ 82.40349, 28.26215 ], [ 82.40339, 28.26496 ], [ 82.40037, 28.26829 ], [ 82.39976, 28.2716 ], [ 82.3954, 28.27703 ], [ 82.39514, 28.28288 ], [ 82.39124, 28.28526 ], [ 82.38626, 28.29081 ], [ 82.38349, 28.29161 ], [ 82.38149, 28.2959 ], [ 82.38237, 28.29701 ], [ 82.37618, 28.3046 ], [ 82.37601, 28.30667 ], [ 82.3774, 28.30999 ], [ 82.37597, 28.31509 ], [ 82.37242, 28.31765 ], [ 82.36339, 28.31948 ], [ 82.3641, 28.32174 ], [ 82.36669, 28.32346 ], [ 82.36647, 28.32702 ], [ 82.36725, 28.32989 ], [ 82.36408, 28.33011 ], [ 82.36332, 28.33288 ], [ 82.36413, 28.33531 ], [ 82.36307, 28.34079 ], [ 82.36587, 28.3439 ], [ 82.37091, 28.34611 ], [ 82.37271, 28.34846 ], [ 82.3792, 28.3517 ], [ 82.37841, 28.35656 ], [ 82.37598, 28.35846 ], [ 82.37854, 28.36032 ], [ 82.38032, 28.36356 ], [ 82.38271, 28.36463 ], [ 82.38347, 28.37277 ], [ 82.38255, 28.3739 ], [ 82.37504, 28.37728 ], [ 82.36807, 28.38402 ], [ 82.36644, 28.38686 ], [ 82.36347, 28.38826 ], [ 82.36246, 28.3945 ], [ 82.36548, 28.40312 ], [ 82.36235, 28.4052 ], [ 82.36093, 28.40809 ], [ 82.35601, 28.40873 ], [ 82.3531, 28.41037 ], [ 82.35379, 28.41486 ], [ 82.35145, 28.41734 ], [ 82.35027, 28.42183 ], [ 82.35107, 28.42387 ], [ 82.3576, 28.42441 ], [ 82.36499, 28.42616 ], [ 82.36911, 28.42602 ], [ 82.3765, 28.4303 ], [ 82.37679, 28.43638 ], [ 82.37551, 28.43851 ], [ 82.37353, 28.44598 ], [ 82.37371, 28.44825 ], [ 82.38345, 28.45599 ], [ 82.3866, 28.45763 ], [ 82.39168, 28.45819 ], [ 82.39551, 28.46038 ], [ 82.39661, 28.46255 ], [ 82.39588, 28.46416 ], [ 82.39596, 28.46838 ], [ 82.4003, 28.46977 ], [ 82.40158, 28.47332 ], [ 82.40553, 28.47814 ], [ 82.40564, 28.48654 ], [ 82.4093, 28.48856 ], [ 82.41157, 28.49261 ], [ 82.41164, 28.49643 ], [ 82.40937, 28.49917 ], [ 82.4074, 28.50366 ], [ 82.40839, 28.50686 ], [ 82.41048, 28.50837 ], [ 82.41176, 28.51291 ], [ 82.41423, 28.51338 ], [ 82.4155, 28.51645 ], [ 82.41694, 28.51766 ], [ 82.41624, 28.51956 ], [ 82.41644, 28.52331 ], [ 82.41806, 28.5287 ], [ 82.42936, 28.52453 ], [ 82.43347, 28.52628 ], [ 82.43797, 28.52559 ], [ 82.44416, 28.52284 ], [ 82.44769, 28.52305 ], [ 82.45972, 28.52094 ], [ 82.46283, 28.52122 ], [ 82.46674, 28.52567 ], [ 82.46998, 28.52674 ], [ 82.47265, 28.52922 ], [ 82.47481, 28.52894 ], [ 82.4795, 28.53037 ], [ 82.48445, 28.53538 ], [ 82.49031, 28.5377 ], [ 82.49285, 28.54001 ], [ 82.49401, 28.54353 ], [ 82.49166, 28.54868 ], [ 82.49222, 28.55266 ], [ 82.49406, 28.55361 ], [ 82.49968, 28.55394 ], [ 82.50891, 28.55117 ], [ 82.5144, 28.55284 ], [ 82.51654, 28.55453 ], [ 82.5212, 28.5539 ], [ 82.52237, 28.55597 ], [ 82.52584, 28.55798 ], [ 82.52894, 28.55818 ], [ 82.53024, 28.5641 ], [ 82.53292, 28.56607 ], [ 82.53488, 28.57042 ], [ 82.53744, 28.57145 ], [ 82.53996, 28.5713 ], [ 82.54408, 28.57297 ], [ 82.54703, 28.5767 ], [ 82.5533, 28.58157 ], [ 82.55678, 28.57957 ], [ 82.56109, 28.57965 ], [ 82.56812, 28.57782 ], [ 82.575, 28.57957 ], [ 82.57722, 28.58408 ], [ 82.58046, 28.58611 ], [ 82.58071, 28.5883 ], [ 82.57903, 28.58976 ], [ 82.58109, 28.59191 ], [ 82.58038, 28.59815 ], [ 82.5809, 28.59975 ], [ 82.57858, 28.60213 ], [ 82.58049, 28.61237 ], [ 82.57879, 28.61407 ], [ 82.57763, 28.61448 ], [ 82.57437, 28.61177 ], [ 82.56862, 28.60964 ], [ 82.56526, 28.61038 ], [ 82.56073, 28.61011 ], [ 82.55331, 28.61541 ], [ 82.55084, 28.61577 ], [ 82.54567, 28.61839 ], [ 82.54685, 28.62226 ], [ 82.55137, 28.62517 ], [ 82.54923, 28.6255 ], [ 82.54785, 28.62703 ], [ 82.54344, 28.62618 ], [ 82.5437, 28.62286 ], [ 82.53997, 28.62068 ], [ 82.53467, 28.62323 ], [ 82.52803, 28.62462 ], [ 82.51765, 28.62461 ], [ 82.50824, 28.6277 ], [ 82.5068, 28.63055 ], [ 82.49421, 28.63623 ], [ 82.48896, 28.63966 ], [ 82.4857, 28.64057 ], [ 82.49093, 28.65176 ], [ 82.49093, 28.65329 ], [ 82.48935, 28.65555 ], [ 82.48996, 28.65951 ], [ 82.49461, 28.66259 ], [ 82.49756, 28.66155 ], [ 82.49971, 28.66239 ], [ 82.50128, 28.66769 ], [ 82.50549, 28.66198 ], [ 82.51323, 28.65938 ], [ 82.51715, 28.66113 ], [ 82.51913, 28.66061 ], [ 82.52143, 28.65931 ], [ 82.52439, 28.65529 ], [ 82.52775, 28.65471 ], [ 82.53342, 28.64993 ], [ 82.53647, 28.65012 ], [ 82.53909, 28.6469 ], [ 82.55177, 28.64547 ], [ 82.55454, 28.64398 ], [ 82.56057, 28.64649 ], [ 82.56617, 28.65272 ], [ 82.56964, 28.65432 ], [ 82.57485, 28.65872 ], [ 82.57883, 28.66462 ], [ 82.58103, 28.6651 ], [ 82.58659, 28.66383 ], [ 82.58919, 28.66499 ], [ 82.59195, 28.66755 ], [ 82.59536, 28.66745 ], [ 82.5988, 28.66903 ], [ 82.59973, 28.67032 ], [ 82.59985, 28.67491 ], [ 82.60093, 28.67674 ], [ 82.59965, 28.68239 ], [ 82.60054, 28.6848 ], [ 82.60386, 28.68714 ], [ 82.61335, 28.68842 ], [ 82.61578, 28.68972 ], [ 82.61513, 28.69285 ], [ 82.61232, 28.6958 ], [ 82.61349, 28.69902 ], [ 82.61299, 28.7017 ], [ 82.61454, 28.7052 ], [ 82.61521, 28.70997 ], [ 82.61254, 28.71272 ], [ 82.60728, 28.71407 ], [ 82.60516, 28.71559 ], [ 82.60307, 28.73081 ], [ 82.60152, 28.73407 ], [ 82.60228, 28.73667 ], [ 82.6013, 28.74283 ], [ 82.59548, 28.74378 ], [ 82.59442, 28.74214 ], [ 82.59181, 28.74048 ], [ 82.58793, 28.73988 ], [ 82.58154, 28.74115 ], [ 82.57409, 28.74052 ], [ 82.56848, 28.74439 ], [ 82.56719, 28.74475 ], [ 82.56591, 28.74384 ], [ 82.56525, 28.74698 ], [ 82.56671, 28.75115 ], [ 82.56703, 28.75686 ], [ 82.5636, 28.75863 ], [ 82.56316, 28.76064 ], [ 82.56477, 28.76379 ], [ 82.56459, 28.7648 ], [ 82.56175, 28.7677 ], [ 82.56583, 28.76697 ], [ 82.56664, 28.76751 ], [ 82.56723, 28.7683 ], [ 82.56694, 28.77061 ], [ 82.56965, 28.77122 ], [ 82.57201, 28.77418 ], [ 82.57703, 28.77645 ], [ 82.58134, 28.78066 ], [ 82.58687, 28.78209 ], [ 82.58808, 28.78482 ], [ 82.58938, 28.78564 ], [ 82.58958, 28.79028 ], [ 82.59154, 28.79155 ], [ 82.59612, 28.79194 ], [ 82.60301, 28.79803 ], [ 82.60525, 28.80118 ], [ 82.61237, 28.80585 ], [ 82.61316, 28.80732 ], [ 82.61894, 28.80825 ], [ 82.61962, 28.80901 ], [ 82.61997, 28.81116 ], [ 82.619, 28.8149 ], [ 82.61383, 28.8245 ], [ 82.61357, 28.82651 ], [ 82.61756, 28.82849 ], [ 82.62594, 28.83914 ], [ 82.62634, 28.84185 ], [ 82.62441, 28.84447 ], [ 82.62461, 28.84676 ], [ 82.62827, 28.85041 ], [ 82.62981, 28.85334 ], [ 82.63665, 28.85516 ], [ 82.63786, 28.85995 ], [ 82.6421, 28.86564 ], [ 82.64848, 28.86915 ], [ 82.65596, 28.86661 ], [ 82.65559, 28.86473 ], [ 82.65835, 28.86004 ], [ 82.66163, 28.85795 ], [ 82.66544, 28.85378 ], [ 82.6717, 28.85209 ], [ 82.67836, 28.85474 ], [ 82.68533, 28.86132 ], [ 82.69237, 28.86301 ], [ 82.69556, 28.86466 ], [ 82.69977, 28.86101 ], [ 82.69982, 28.85973 ], [ 82.70457, 28.85458 ], [ 82.70803, 28.85401 ], [ 82.712, 28.85148 ], [ 82.72007, 28.84955 ], [ 82.72362, 28.8497 ], [ 82.7263, 28.84628 ], [ 82.72906, 28.84767 ], [ 82.736, 28.84794 ], [ 82.73821, 28.84599 ], [ 82.74245, 28.84523 ], [ 82.7436, 28.84079 ], [ 82.74635, 28.83713 ], [ 82.74781, 28.83266 ], [ 82.75463, 28.82556 ], [ 82.7567, 28.82106 ], [ 82.75931, 28.81978 ], [ 82.76003, 28.81605 ], [ 82.76348, 28.8136 ], [ 82.76572, 28.80853 ], [ 82.7714, 28.81492 ], [ 82.77816, 28.81954 ], [ 82.78164, 28.82422 ], [ 82.78722, 28.82173 ], [ 82.79165, 28.82119 ], [ 82.79324, 28.81984 ], [ 82.7967, 28.82149 ], [ 82.79924, 28.82062 ], [ 82.81385, 28.82867 ], [ 82.817, 28.83127 ], [ 82.82015, 28.82987 ], [ 82.82585, 28.8307 ], [ 82.83334, 28.83021 ], [ 82.83558, 28.83159 ], [ 82.83942, 28.82947 ], [ 82.84113, 28.82694 ], [ 82.84366, 28.82645 ], [ 82.84788, 28.82737 ], [ 82.85448, 28.83216 ], [ 82.86405, 28.83185 ], [ 82.86511, 28.83235 ], [ 82.86567, 28.83393 ], [ 82.86747, 28.83419 ], [ 82.87305, 28.83111 ], [ 82.87946, 28.83037 ], [ 82.8858, 28.82608 ], [ 82.89275, 28.82664 ], [ 82.89599, 28.82466 ], [ 82.89799, 28.82541 ], [ 82.90073, 28.82922 ], [ 82.90372, 28.82957 ], [ 82.90476, 28.83228 ], [ 82.91019, 28.83099 ], [ 82.91746, 28.83137 ], [ 82.92591, 28.82752 ], [ 82.93009, 28.82701 ], [ 82.93715, 28.82793 ], [ 82.94195, 28.82704 ], [ 82.9471, 28.82896 ], [ 82.94954, 28.82767 ], [ 82.95054, 28.82379 ], [ 82.95256, 28.8234 ], [ 82.95654, 28.8209 ], [ 82.95978, 28.81987 ], [ 82.96575, 28.8203 ], [ 82.96576, 28.81657 ], [ 82.96805, 28.81571 ], [ 82.97008, 28.81135 ], [ 82.97363, 28.80925 ], [ 82.97499, 28.80728 ], [ 82.97574, 28.80337 ], [ 82.98081, 28.80067 ], [ 82.98678, 28.80251 ], [ 82.99038, 28.80159 ], [ 82.99726, 28.80384 ], [ 83.00504, 28.79956 ], [ 83.00887, 28.79979 ], [ 83.01222, 28.79891 ], [ 83.02223, 28.79069 ], [ 83.02537, 28.79231 ], [ 83.02996, 28.79314 ], [ 83.03597, 28.79271 ], [ 83.0456, 28.78644 ], [ 83.05785, 28.78574 ], [ 83.06506, 28.78381 ], [ 83.06782, 28.78127 ], [ 83.06826, 28.77991 ], [ 83.07246, 28.78342 ], [ 83.07915, 28.7861 ], [ 83.08016, 28.78173 ], [ 83.08165, 28.77944 ], [ 83.08494, 28.77782 ], [ 83.09503, 28.76765 ], [ 83.09809, 28.76657 ], [ 83.10216, 28.76026 ], [ 83.1025, 28.75341 ], [ 83.10797, 28.74923 ], [ 83.11206, 28.74717 ], [ 83.11354, 28.74353 ], [ 83.11492, 28.74315 ], [ 83.12131, 28.74545 ], [ 83.12757, 28.74588 ], [ 83.13225, 28.74798 ], [ 83.13722, 28.74786 ], [ 83.14142, 28.74631 ], [ 83.14531, 28.74708 ], [ 83.14357, 28.74513 ], [ 83.14268, 28.74207 ], [ 83.14254, 28.73381 ], [ 83.14601, 28.73071 ], [ 83.1441, 28.72546 ], [ 83.14587, 28.72271 ], [ 83.14525, 28.72081 ], [ 83.14637, 28.71812 ], [ 83.15091, 28.71192 ], [ 83.14984, 28.70431 ], [ 83.15244, 28.70119 ], [ 83.15098, 28.69964 ], [ 83.14936, 28.69542 ], [ 83.14346, 28.69358 ], [ 83.14229, 28.6897 ], [ 83.14405, 28.68787 ], [ 83.14443, 28.68538 ], [ 83.14635, 28.68174 ], [ 83.14109, 28.67797 ], [ 83.13895, 28.67537 ], [ 83.13617, 28.67497 ], [ 83.13472, 28.67364 ], [ 83.12821, 28.67395 ], [ 83.12512, 28.67486 ], [ 83.12271, 28.67667 ], [ 83.12045, 28.6758 ], [ 83.11882, 28.67323 ], [ 83.11834, 28.67064 ], [ 83.11907, 28.669 ], [ 83.12149, 28.66791 ], [ 83.12161, 28.66677 ], [ 83.12348, 28.66608 ], [ 83.12489, 28.66394 ], [ 83.12307, 28.65399 ], [ 83.11898, 28.64962 ], [ 83.11513, 28.64349 ], [ 83.11606, 28.63528 ], [ 83.11576, 28.63143 ], [ 83.11467, 28.63077 ], [ 83.09624, 28.63508 ], [ 83.08419, 28.63079 ], [ 83.08228, 28.62679 ], [ 83.08076, 28.62554 ], [ 83.07467, 28.62372 ], [ 83.06714, 28.6234 ], [ 83.05741, 28.62005 ], [ 83.05348, 28.6225 ], [ 83.05089, 28.62577 ], [ 83.0427, 28.62991 ], [ 83.041, 28.62952 ], [ 83.03542, 28.62566 ], [ 83.02464, 28.62639 ], [ 83.02312, 28.62557 ], [ 83.02144, 28.62297 ], [ 83.01901, 28.62166 ], [ 83.01355, 28.62189 ], [ 83.00901, 28.62363 ], [ 83.00573, 28.62264 ], [ 83.00267, 28.6237 ], [ 82.99792, 28.6235 ], [ 82.99653, 28.62521 ], [ 82.99442, 28.62546 ], [ 82.99368, 28.62679 ], [ 82.98941, 28.62613 ], [ 82.98574, 28.62966 ], [ 82.98282, 28.63072 ], [ 82.97685, 28.62889 ], [ 82.97444, 28.62684 ], [ 82.97199, 28.62048 ], [ 82.96695, 28.61537 ], [ 82.96297, 28.6132 ], [ 82.95722, 28.61143 ], [ 82.95637, 28.61044 ], [ 82.95688, 28.60801 ], [ 82.9539, 28.60248 ], [ 82.95252, 28.59803 ], [ 82.95427, 28.59309 ], [ 82.95863, 28.5887 ], [ 82.96217, 28.58182 ], [ 82.97252, 28.57517 ], [ 82.97631, 28.5747 ], [ 82.9783, 28.57553 ], [ 82.98236, 28.57131 ], [ 82.98535, 28.57079 ], [ 82.98547, 28.564 ], [ 82.98231, 28.55946 ], [ 82.98032, 28.55077 ], [ 82.97706, 28.54746 ], [ 82.97725, 28.54616 ], [ 82.9737, 28.54227 ], [ 82.96566, 28.54764 ], [ 82.96387, 28.55004 ], [ 82.96136, 28.55033 ], [ 82.95947, 28.55197 ], [ 82.95557, 28.55134 ], [ 82.95189, 28.55579 ], [ 82.94795, 28.55614 ], [ 82.9464, 28.55744 ], [ 82.94295, 28.55811 ], [ 82.94105, 28.55956 ], [ 82.94007, 28.56159 ], [ 82.93571, 28.56271 ], [ 82.93292, 28.56551 ], [ 82.92657, 28.56744 ], [ 82.92069, 28.56716 ], [ 82.91852, 28.56583 ], [ 82.91787, 28.56427 ], [ 82.91612, 28.56437 ], [ 82.91565, 28.55885 ], [ 82.91355, 28.5555 ], [ 82.91471, 28.55215 ], [ 82.91173, 28.54277 ], [ 82.9134, 28.53774 ], [ 82.9119, 28.53566 ], [ 82.91249, 28.53279 ], [ 82.91125, 28.52978 ], [ 82.91395, 28.52753 ], [ 82.90951, 28.52409 ], [ 82.90765, 28.52391 ], [ 82.9063, 28.52208 ], [ 82.90165, 28.51897 ], [ 82.8945, 28.51537 ], [ 82.88762, 28.51475 ], [ 82.87807, 28.51589 ], [ 82.87724, 28.51537 ], [ 82.87921, 28.51301 ], [ 82.88828, 28.50656 ], [ 82.89014, 28.50007 ], [ 82.89421, 28.4942 ], [ 82.9008, 28.48883 ], [ 82.90556, 28.48359 ], [ 82.91044, 28.48172 ], [ 82.91199, 28.47934 ], [ 82.9117, 28.47834 ], [ 82.90881, 28.47673 ], [ 82.90384, 28.47541 ], [ 82.89763, 28.47644 ], [ 82.89277, 28.47882 ], [ 82.88872, 28.47883 ], [ 82.88666, 28.4796 ], [ 82.87919, 28.47628 ], [ 82.87861, 28.47333 ], [ 82.88031, 28.47062 ], [ 82.88049, 28.46802 ], [ 82.88259, 28.46649 ], [ 82.88275, 28.46121 ], [ 82.8868, 28.45587 ], [ 82.88594, 28.45281 ], [ 82.89392, 28.44765 ], [ 82.90055, 28.4473 ], [ 82.90595, 28.44297 ], [ 82.90952, 28.43693 ], [ 82.91413, 28.43427 ], [ 82.91215, 28.42734 ], [ 82.91404, 28.42318 ], [ 82.91843, 28.41735 ], [ 82.91811, 28.4131 ], [ 82.91909, 28.4091 ], [ 82.91819, 28.40616 ], [ 82.9158, 28.40339 ], [ 82.91605, 28.40267 ], [ 82.92259, 28.4012 ], [ 82.92728, 28.40216 ], [ 82.92956, 28.40126 ], [ 82.93637, 28.40205 ], [ 82.93753, 28.4013 ], [ 82.93798, 28.39856 ], [ 82.94351, 28.39838 ], [ 82.94215, 28.39379 ], [ 82.94611, 28.39119 ], [ 82.94742, 28.38655 ], [ 82.95029, 28.38397 ], [ 82.94811, 28.38059 ], [ 82.94787, 28.37864 ], [ 82.9507, 28.37416 ], [ 82.955, 28.37162 ], [ 82.95662, 28.36437 ], [ 82.95463, 28.36009 ], [ 82.96117, 28.3597 ], [ 82.96701, 28.35758 ], [ 82.97411, 28.35918 ], [ 82.97997, 28.35935 ], [ 82.98674, 28.35428 ], [ 82.99389, 28.3509 ], [ 82.99705, 28.34588 ], [ 83.00047, 28.33709 ], [ 83.00409, 28.33262 ], [ 83.00655, 28.33253 ], [ 83.00986, 28.33366 ], [ 83.01278, 28.3328 ], [ 83.01512, 28.33111 ], [ 83.01584, 28.32851 ], [ 83.01891, 28.32535 ], [ 83.02394, 28.32509 ], [ 83.03369, 28.32165 ], [ 83.03995, 28.3222 ], [ 83.04411, 28.32465 ], [ 83.04786, 28.32225 ], [ 83.05115, 28.31894 ], [ 83.06152, 28.3176 ], [ 83.06872, 28.31129 ], [ 83.06866, 28.30339 ], [ 83.06931, 28.30186 ], [ 83.0758, 28.2976 ], [ 83.07813, 28.29401 ], [ 83.07868, 28.29144 ], [ 83.0806, 28.29129 ], [ 83.08508, 28.28908 ], [ 83.09222, 28.2779 ], [ 83.09588, 28.27789 ], [ 83.09694, 28.2771 ], [ 83.09738, 28.27372 ], [ 83.09535, 28.2689 ], [ 83.09478, 28.2605 ], [ 83.09345, 28.25694 ], [ 83.09569, 28.25594 ], [ 83.10065, 28.25569 ], [ 83.10562, 28.25219 ], [ 83.10842, 28.25235 ], [ 83.10944, 28.25172 ], [ 83.11622, 28.25393 ], [ 83.11853, 28.25649 ], [ 83.12232, 28.25667 ], [ 83.12427, 28.25773 ], [ 83.12589, 28.25663 ], [ 83.12765, 28.25072 ], [ 83.1307, 28.25008 ], [ 83.13498, 28.25144 ], [ 83.1369, 28.25304 ], [ 83.14465, 28.26241 ], [ 83.1479, 28.26421 ], [ 83.14851, 28.26595 ], [ 83.15209, 28.26722 ], [ 83.1554, 28.27077 ], [ 83.16156, 28.26713 ], [ 83.1628, 28.26326 ], [ 83.16556, 28.2617 ], [ 83.1677, 28.2579 ], [ 83.17346, 28.26153 ], [ 83.17447, 28.2633 ], [ 83.17779, 28.26487 ], [ 83.18123, 28.26914 ], [ 83.18473, 28.27066 ], [ 83.18609, 28.26792 ], [ 83.18796, 28.26708 ], [ 83.18896, 28.2652 ], [ 83.19312, 28.26328 ], [ 83.19799, 28.25868 ], [ 83.20102, 28.25775 ], [ 83.20371, 28.2558 ], [ 83.20579, 28.25187 ], [ 83.21227, 28.24848 ], [ 83.2153, 28.24838 ], [ 83.21568, 28.24378 ], [ 83.21994, 28.24077 ], [ 83.22268, 28.23623 ], [ 83.22575, 28.23535 ], [ 83.22569, 28.23261 ], [ 83.22817, 28.23105 ], [ 83.23313, 28.22581 ], [ 83.23366, 28.22179 ], [ 83.2395, 28.21976 ], [ 83.24202, 28.21981 ], [ 83.2441, 28.21718 ], [ 83.24721, 28.21687 ], [ 83.25169, 28.21412 ], [ 83.2538, 28.21115 ], [ 83.25459, 28.20679 ], [ 83.25844, 28.20397 ], [ 83.25912, 28.20001 ], [ 83.26539, 28.19944 ], [ 83.26872, 28.19719 ], [ 83.2707, 28.19513 ], [ 83.27057, 28.19188 ], [ 83.27358, 28.18757 ], [ 83.27617, 28.18891 ], [ 83.27795, 28.19099 ], [ 83.28035, 28.18969 ], [ 83.28473, 28.19057 ], [ 83.28762, 28.19264 ], [ 83.29809, 28.19291 ], [ 83.30066, 28.19527 ], [ 83.30619, 28.19783 ], [ 83.30774, 28.19759 ], [ 83.31056, 28.1941 ], [ 83.31355, 28.19324 ], [ 83.3164, 28.19033 ], [ 83.32488, 28.19044 ], [ 83.32728, 28.18914 ], [ 83.33012, 28.189 ], [ 83.33523, 28.19021 ], [ 83.33805, 28.19001 ], [ 83.34419, 28.19336 ], [ 83.3471, 28.19324 ], [ 83.34825, 28.19447 ], [ 83.35021, 28.19444 ], [ 83.35243, 28.19769 ], [ 83.35542, 28.19742 ], [ 83.35572, 28.19566 ], [ 83.35758, 28.19533 ], [ 83.3624, 28.19235 ], [ 83.3628, 28.19011 ], [ 83.36429, 28.1886 ], [ 83.36428, 28.18607 ], [ 83.36978, 28.1827 ], [ 83.37037, 28.17647 ], [ 83.37337, 28.17578 ], [ 83.37522, 28.17438 ], [ 83.38411, 28.16377 ], [ 83.39001, 28.16732 ], [ 83.39385, 28.15998 ], [ 83.39467, 28.15586 ], [ 83.39966, 28.15079 ], [ 83.40602, 28.14843 ], [ 83.40669, 28.14578 ], [ 83.41113, 28.14403 ], [ 83.41125, 28.14098 ], [ 83.4135, 28.13774 ], [ 83.4181, 28.13707 ], [ 83.42004, 28.1312 ], [ 83.41972, 28.12875 ], [ 83.4232, 28.12517 ], [ 83.42359, 28.12579 ], [ 83.42692, 28.12609 ], [ 83.4318, 28.12935 ], [ 83.43609, 28.12938 ], [ 83.43864, 28.13096 ], [ 83.44202, 28.12819 ], [ 83.4435, 28.12586 ], [ 83.4459, 28.12501 ], [ 83.45103, 28.12638 ], [ 83.45376, 28.12982 ], [ 83.45739, 28.13231 ], [ 83.45833, 28.13244 ], [ 83.46249, 28.1299 ], [ 83.46537, 28.1306 ], [ 83.46661, 28.13205 ], [ 83.47137, 28.13164 ], [ 83.47359, 28.13227 ], [ 83.47814, 28.13008 ], [ 83.47646, 28.1226 ], [ 83.47401, 28.11897 ], [ 83.47772, 28.11739 ], [ 83.48235, 28.11719 ], [ 83.48566, 28.11329 ], [ 83.48989, 28.11359 ], [ 83.49443, 28.11632 ], [ 83.49956, 28.11746 ], [ 83.50047, 28.11978 ], [ 83.5047, 28.12354 ], [ 83.50537, 28.12565 ], [ 83.50787, 28.12661 ], [ 83.50923, 28.12612 ], [ 83.51023, 28.12694 ], [ 83.51692, 28.12141 ], [ 83.5208, 28.11996 ], [ 83.52523, 28.12081 ], [ 83.53187, 28.11652 ], [ 83.53804, 28.12009 ], [ 83.54418, 28.12083 ], [ 83.55417, 28.11709 ], [ 83.55508, 28.10655 ], [ 83.56024, 28.10447 ], [ 83.56493, 28.10071 ], [ 83.56498, 28.09888 ], [ 83.5621, 28.09463 ], [ 83.56253, 28.09275 ], [ 83.56705, 28.08968 ], [ 83.57149, 28.08934 ], [ 83.57504, 28.08753 ], [ 83.57629, 28.08168 ], [ 83.58056, 28.07748 ], [ 83.57243, 28.0736 ], [ 83.56733, 28.0649 ], [ 83.56084, 28.06428 ], [ 83.56391, 28.05803 ], [ 83.56155, 28.05279 ], [ 83.56144, 28.04888 ], [ 83.55905, 28.04356 ], [ 83.55985, 28.04214 ], [ 83.56232, 28.04181 ], [ 83.56393, 28.04063 ], [ 83.56383, 28.03907 ], [ 83.56144, 28.03569 ], [ 83.56355, 28.03433 ], [ 83.57033, 28.03266 ], [ 83.57451, 28.03251 ], [ 83.57832, 28.03392 ], [ 83.58116, 28.02906 ], [ 83.58418, 28.026 ], [ 83.58966, 28.02607 ], [ 83.59076, 28.0243 ], [ 83.59103, 28.02153 ], [ 83.59476, 28.02169 ], [ 83.59628, 28.02067 ], [ 83.5987, 28.01509 ], [ 83.60316, 28.01389 ], [ 83.6048, 28.01199 ], [ 83.60515, 28.00742 ], [ 83.60303, 28.00251 ], [ 83.60398, 28.00013 ], [ 83.6032, 27.99722 ], [ 83.59329, 27.98939 ], [ 83.58403, 27.98743 ], [ 83.5851, 27.97886 ], [ 83.57899, 27.97931 ], [ 83.57884, 27.97572 ], [ 83.57749, 27.97435 ], [ 83.57002, 27.97597 ], [ 83.55861, 27.97365 ], [ 83.55603, 27.97417 ], [ 83.55422, 27.97641 ], [ 83.54986, 27.97675 ], [ 83.54613, 27.97131 ], [ 83.54103, 27.97136 ], [ 83.5384, 27.96931 ], [ 83.53404, 27.96839 ], [ 83.53092, 27.96472 ], [ 83.5292, 27.96482 ], [ 83.52665, 27.96642 ], [ 83.52174, 27.96386 ], [ 83.5171, 27.96625 ], [ 83.51108, 27.96743 ], [ 83.50029, 27.97684 ], [ 83.49146, 27.97855 ], [ 83.4863, 27.98181 ], [ 83.48277, 27.98162 ], [ 83.48084, 27.98041 ], [ 83.47816, 27.97526 ], [ 83.4749, 27.97409 ], [ 83.46654, 27.96417 ], [ 83.46413, 27.9605 ], [ 83.46276, 27.95562 ], [ 83.46149, 27.95382 ], [ 83.45581, 27.94977 ], [ 83.44978, 27.94804 ], [ 83.44297, 27.94418 ], [ 83.4428, 27.94305 ], [ 83.4453, 27.9393 ], [ 83.44018, 27.93509 ], [ 83.43976, 27.93325 ], [ 83.44799, 27.92861 ], [ 83.4496, 27.92888 ], [ 83.45255, 27.93266 ], [ 83.46039, 27.93436 ], [ 83.46814, 27.92822 ], [ 83.4844, 27.92276 ], [ 83.4861, 27.92368 ], [ 83.49037, 27.92912 ], [ 83.49254, 27.9291 ], [ 83.49787, 27.92692 ], [ 83.50118, 27.92705 ], [ 83.50605, 27.92869 ], [ 83.5097, 27.93291 ], [ 83.50492, 27.93439 ], [ 83.5028, 27.93708 ], [ 83.50576, 27.94018 ], [ 83.5086, 27.94074 ], [ 83.51292, 27.93942 ], [ 83.51625, 27.93733 ], [ 83.52285, 27.92991 ], [ 83.52178, 27.92586 ], [ 83.52252, 27.92449 ], [ 83.52397, 27.92408 ], [ 83.53051, 27.93208 ], [ 83.53077, 27.93507 ], [ 83.52989, 27.93794 ], [ 83.5309, 27.93913 ], [ 83.53523, 27.93824 ], [ 83.53669, 27.93704 ], [ 83.53708, 27.93514 ], [ 83.53622, 27.93122 ], [ 83.53781, 27.92804 ], [ 83.54061, 27.92777 ], [ 83.54511, 27.92921 ], [ 83.54835, 27.92807 ], [ 83.55268, 27.92951 ], [ 83.55975, 27.93482 ], [ 83.56551, 27.93461 ], [ 83.56705, 27.93659 ], [ 83.56751, 27.94032 ], [ 83.56929, 27.94252 ], [ 83.57091, 27.94299 ], [ 83.57326, 27.94143 ], [ 83.57629, 27.93718 ], [ 83.57618, 27.93503 ], [ 83.57333, 27.93163 ], [ 83.57451, 27.93019 ], [ 83.59285, 27.93114 ], [ 83.59547, 27.92928 ], [ 83.59953, 27.92362 ], [ 83.60059, 27.92333 ], [ 83.61067, 27.92512 ], [ 83.61319, 27.92712 ], [ 83.61458, 27.92964 ], [ 83.61632, 27.93054 ], [ 83.61896, 27.92926 ], [ 83.61914, 27.92748 ], [ 83.62027, 27.92643 ], [ 83.62603, 27.92602 ], [ 83.62663, 27.92473 ], [ 83.62157, 27.91926 ], [ 83.6209, 27.91761 ], [ 83.62688, 27.9146 ], [ 83.63239, 27.91473 ], [ 83.63339, 27.9141 ], [ 83.63362, 27.91316 ], [ 83.63136, 27.91016 ], [ 83.63239, 27.90195 ], [ 83.6342, 27.8993 ], [ 83.64091, 27.90235 ], [ 83.64465, 27.89849 ], [ 83.64893, 27.9023 ], [ 83.65486, 27.90244 ], [ 83.65706, 27.90688 ], [ 83.66575, 27.91974 ], [ 83.67018, 27.92446 ], [ 83.67334, 27.92669 ], [ 83.67615, 27.92739 ], [ 83.67909, 27.92648 ], [ 83.68188, 27.92411 ], [ 83.68205, 27.92289 ], [ 83.67945, 27.92006 ], [ 83.68093, 27.91734 ], [ 83.68294, 27.91636 ], [ 83.68422, 27.91647 ], [ 83.68594, 27.91809 ], [ 83.6876, 27.92285 ], [ 83.68932, 27.92386 ], [ 83.6927, 27.92171 ], [ 83.69563, 27.91823 ], [ 83.69822, 27.91693 ], [ 83.70133, 27.91845 ], [ 83.70896, 27.91642 ], [ 83.71093, 27.91654 ], [ 83.7172, 27.92004 ], [ 83.719, 27.92016 ], [ 83.72302, 27.91378 ], [ 83.72723, 27.91092 ], [ 83.73347, 27.90863 ], [ 83.73501, 27.90446 ], [ 83.7429, 27.90004 ], [ 83.74618, 27.89981 ], [ 83.7474, 27.90136 ], [ 83.74585, 27.90337 ], [ 83.74241, 27.9046 ], [ 83.74283, 27.90621 ], [ 83.74463, 27.90791 ], [ 83.7506, 27.90703 ], [ 83.75446, 27.90383 ], [ 83.757, 27.90306 ], [ 83.7581, 27.90462 ], [ 83.75618, 27.90745 ], [ 83.75606, 27.90914 ], [ 83.76215, 27.90992 ], [ 83.76641, 27.90693 ], [ 83.76926, 27.90649 ], [ 83.77495, 27.90328 ], [ 83.78064, 27.89723 ], [ 83.78521, 27.88919 ], [ 83.78848, 27.88543 ], [ 83.79191, 27.88351 ], [ 83.79728, 27.88244 ], [ 83.80401, 27.87486 ], [ 83.80711, 27.87319 ], [ 83.81594, 27.87412 ], [ 83.8208, 27.87772 ], [ 83.82788, 27.87338 ], [ 83.83582, 27.86978 ], [ 83.84085, 27.86824 ], [ 83.84539, 27.86845 ], [ 83.84653, 27.86933 ], [ 83.84734, 27.87256 ], [ 83.84635, 27.87567 ], [ 83.84354, 27.87947 ], [ 83.84509, 27.88158 ], [ 83.84805, 27.88192 ], [ 83.85091, 27.88123 ], [ 83.85175, 27.87957 ], [ 83.85076, 27.87606 ], [ 83.85148, 27.87454 ], [ 83.85511, 27.87341 ], [ 83.85827, 27.87351 ], [ 83.86028, 27.87433 ], [ 83.8611, 27.87634 ], [ 83.85995, 27.87993 ], [ 83.86101, 27.88229 ], [ 83.87319, 27.88556 ], [ 83.87744, 27.88832 ], [ 83.88028, 27.88734 ], [ 83.88016, 27.88298 ], [ 83.88088, 27.8823 ], [ 83.88413, 27.8825 ], [ 83.88862, 27.88534 ], [ 83.89226, 27.88607 ], [ 83.89921, 27.88281 ], [ 83.91002, 27.88021 ], [ 83.91367, 27.87772 ], [ 83.9102, 27.87375 ], [ 83.91062, 27.87266 ], [ 83.91371, 27.87106 ], [ 83.92026, 27.87148 ], [ 83.92465, 27.86819 ], [ 83.92656, 27.86863 ], [ 83.93208, 27.87243 ], [ 83.93672, 27.87765 ], [ 83.93909, 27.87804 ], [ 83.94118, 27.87708 ], [ 83.94511, 27.87137 ], [ 83.94835, 27.86941 ], [ 83.95265, 27.86985 ], [ 83.95817, 27.87298 ], [ 83.96799, 27.87023 ], [ 83.97143, 27.87258 ], [ 83.97301, 27.87139 ], [ 83.97422, 27.86795 ], [ 83.97834, 27.86605 ], [ 83.98194, 27.8655 ], [ 83.989, 27.86675 ], [ 83.99416, 27.8662 ], [ 83.99665, 27.86409 ], [ 83.99771, 27.86074 ], [ 83.99722, 27.85858 ], [ 83.99781, 27.85603 ], [ 84.00025, 27.85467 ], [ 84.00652, 27.85474 ], [ 84.01698, 27.85114 ], [ 84.02123, 27.85118 ], [ 84.02248, 27.8525 ], [ 84.02153, 27.85461 ], [ 84.01921, 27.8562 ], [ 84.01577, 27.85705 ], [ 84.01524, 27.85808 ], [ 84.01725, 27.86128 ], [ 84.01997, 27.86188 ], [ 84.02269, 27.86109 ], [ 84.02734, 27.85661 ], [ 84.02842, 27.85638 ], [ 84.02701, 27.85342 ], [ 84.02236, 27.84842 ], [ 84.02287, 27.84681 ], [ 84.02221, 27.84348 ], [ 84.02015, 27.84082 ], [ 84.0227, 27.83671 ], [ 84.02491, 27.83521 ], [ 84.02509, 27.83211 ], [ 84.02651, 27.82961 ], [ 84.02519, 27.82857 ], [ 84.02639, 27.82609 ], [ 84.02543, 27.82421 ], [ 84.02562, 27.82186 ], [ 84.02664, 27.82056 ], [ 84.02551, 27.82027 ], [ 84.02489, 27.81828 ], [ 84.02164, 27.81908 ], [ 84.02001, 27.81792 ], [ 84.02, 27.81526 ], [ 84.01497, 27.81165 ], [ 84.01226, 27.80118 ], [ 84.0067, 27.79747 ], [ 84.00024, 27.78858 ], [ 83.99925, 27.78447 ], [ 84.0, 27.78074 ], [ 83.99942, 27.77575 ], [ 83.99405, 27.76643 ], [ 83.99368, 27.7622 ], [ 83.99276, 27.76145 ], [ 83.99334, 27.7589 ], [ 83.99223, 27.75356 ], [ 83.99356, 27.753 ], [ 83.99341, 27.75204 ], [ 83.99422, 27.75146 ], [ 83.98983, 27.7492 ], [ 83.98528, 27.74801 ], [ 83.98368, 27.7488 ], [ 83.98215, 27.74836 ], [ 83.98047, 27.74938 ], [ 83.97596, 27.7475 ], [ 83.97225, 27.74785 ], [ 83.97063, 27.74978 ], [ 83.96824, 27.74929 ], [ 83.96784, 27.74766 ], [ 83.96557, 27.74692 ], [ 83.9635, 27.74806 ], [ 83.96039, 27.74827 ], [ 83.95969, 27.74674 ], [ 83.95817, 27.74646 ], [ 83.95592, 27.74741 ], [ 83.95222, 27.7465 ], [ 83.95039, 27.74747 ], [ 83.94935, 27.7459 ], [ 83.9473, 27.74541 ], [ 83.94639, 27.74373 ], [ 83.94466, 27.74411 ], [ 83.92826, 27.73425 ], [ 83.92487, 27.73062 ], [ 83.92406, 27.72679 ], [ 83.92136, 27.72672 ], [ 83.9189, 27.72952 ], [ 83.91586, 27.72839 ], [ 83.91301, 27.73105 ], [ 83.90652, 27.73149 ], [ 83.90602, 27.73247 ], [ 83.90792, 27.73336 ], [ 83.90809, 27.73417 ], [ 83.9044, 27.73564 ], [ 83.90352, 27.73424 ], [ 83.90394, 27.7316 ], [ 83.90301, 27.73064 ], [ 83.9005, 27.7304 ], [ 83.89876, 27.73197 ], [ 83.89635, 27.73002 ], [ 83.89299, 27.73126 ], [ 83.88865, 27.73018 ], [ 83.88751, 27.73212 ], [ 83.88404, 27.73346 ], [ 83.88352, 27.735 ], [ 83.88001, 27.73342 ], [ 83.87858, 27.73534 ], [ 83.87667, 27.73583 ], [ 83.87547, 27.73316 ], [ 83.86898, 27.73465 ], [ 83.8656, 27.73381 ], [ 83.85893, 27.73444 ], [ 83.85159, 27.73324 ], [ 83.84485, 27.73499 ], [ 83.84354, 27.73422 ], [ 83.84172, 27.73041 ], [ 83.844, 27.72726 ], [ 83.84441, 27.71626 ], [ 83.84873, 27.712 ], [ 83.84617, 27.70946 ], [ 83.84213, 27.71097 ], [ 83.83845, 27.71091 ], [ 83.83349, 27.71396 ], [ 83.82483, 27.71399 ], [ 83.82033, 27.7106 ], [ 83.81559, 27.71346 ], [ 83.81081, 27.71428 ], [ 83.80933, 27.71618 ], [ 83.80455, 27.71826 ], [ 83.80132, 27.72129 ], [ 83.79222, 27.72184 ], [ 83.78844, 27.72298 ], [ 83.78651, 27.72467 ], [ 83.78221, 27.72502 ], [ 83.76368, 27.72162 ], [ 83.75972, 27.72249 ], [ 83.75626, 27.72014 ], [ 83.75103, 27.72095 ], [ 83.7481, 27.71951 ], [ 83.74509, 27.7191 ], [ 83.74405, 27.71737 ], [ 83.73931, 27.71501 ], [ 83.73221, 27.71415 ], [ 83.72848, 27.7091 ], [ 83.72146, 27.71065 ], [ 83.72116, 27.71196 ], [ 83.71863, 27.71198 ], [ 83.71418, 27.71561 ], [ 83.7059, 27.7153 ], [ 83.7004, 27.71677 ], [ 83.69504, 27.71599 ], [ 83.69146, 27.71877 ], [ 83.68212, 27.72087 ], [ 83.67848, 27.72004 ], [ 83.67696, 27.71857 ], [ 83.68268, 27.71816 ], [ 83.6895, 27.70773 ], [ 83.68966, 27.69815 ], [ 83.69182, 27.6954 ], [ 83.69466, 27.69418 ], [ 83.70057, 27.68869 ], [ 83.70093, 27.68715 ], [ 83.7045, 27.68281 ], [ 83.70405, 27.68185 ], [ 83.70159, 27.68141 ], [ 83.70216, 27.67926 ], [ 83.70045, 27.67841 ], [ 83.69926, 27.67639 ], [ 83.69874, 27.66994 ], [ 83.69527, 27.66146 ], [ 83.69826, 27.66254 ], [ 83.70149, 27.66151 ], [ 83.70322, 27.66213 ], [ 83.70579, 27.65887 ], [ 83.70799, 27.6591 ], [ 83.71028, 27.66151 ], [ 83.71511, 27.66268 ], [ 83.72034, 27.66986 ], [ 83.72118, 27.66962 ], [ 83.72507, 27.67243 ], [ 83.72633, 27.67106 ], [ 83.72957, 27.67129 ], [ 83.73305, 27.66925 ], [ 83.74073, 27.66964 ], [ 83.74231, 27.66784 ], [ 83.74468, 27.6668 ], [ 83.75818, 27.66739 ], [ 83.75906, 27.66357 ], [ 83.76264, 27.66117 ], [ 83.76816, 27.66657 ], [ 83.77536, 27.66618 ], [ 83.78309, 27.66698 ], [ 83.7996, 27.66548 ], [ 83.80614, 27.66284 ], [ 83.81174, 27.66234 ], [ 83.80975, 27.65544 ], [ 83.81214, 27.65436 ], [ 83.81252, 27.65326 ], [ 83.80956, 27.64966 ], [ 83.81006, 27.64852 ], [ 83.80642, 27.64753 ], [ 83.80708, 27.64687 ], [ 83.80665, 27.64616 ], [ 83.80847, 27.64583 ], [ 83.80773, 27.6431 ], [ 83.80852, 27.64113 ], [ 83.81022, 27.63992 ], [ 83.80975, 27.63543 ], [ 83.80504, 27.63273 ], [ 83.80235, 27.63224 ], [ 83.80091, 27.62955 ], [ 83.80265, 27.62778 ], [ 83.80303, 27.62531 ], [ 83.80485, 27.62333 ], [ 83.8051, 27.62084 ], [ 83.79867, 27.62097 ], [ 83.79719, 27.62024 ], [ 83.79713, 27.61863 ], [ 83.79985, 27.61249 ], [ 83.79794, 27.61003 ], [ 83.79393, 27.60964 ], [ 83.79237, 27.60794 ], [ 83.79037, 27.60717 ], [ 83.78978, 27.60662 ], [ 83.79045, 27.60503 ], [ 83.79657, 27.59896 ], [ 83.79888, 27.59841 ], [ 83.80095, 27.59613 ], [ 83.8061, 27.59689 ], [ 83.8093, 27.59537 ], [ 83.80986, 27.59358 ], [ 83.80786, 27.58984 ], [ 83.808, 27.58869 ], [ 83.81497, 27.58953 ], [ 83.821, 27.59269 ], [ 83.82766, 27.58999 ], [ 83.83069, 27.58739 ], [ 83.83333, 27.5879 ], [ 83.83581, 27.58599 ], [ 83.8414, 27.57258 ], [ 83.83867, 27.57152 ], [ 83.83151, 27.56565 ], [ 83.83177, 27.56299 ], [ 83.83315, 27.56117 ], [ 83.8327, 27.55915 ], [ 83.83727, 27.55127 ], [ 83.83682, 27.54651 ], [ 83.836, 27.54502 ], [ 83.83805, 27.5455 ], [ 83.83909, 27.54772 ], [ 83.84176, 27.54922 ], [ 83.8424, 27.55117 ], [ 83.84108, 27.55402 ], [ 83.8415, 27.55621 ], [ 83.84322, 27.55814 ], [ 83.84692, 27.56033 ], [ 83.85058, 27.55898 ], [ 83.85514, 27.54847 ], [ 83.85873, 27.54553 ], [ 83.86191, 27.5451 ], [ 83.87036, 27.54126 ], [ 83.88232, 27.52786 ], [ 83.88263, 27.5233 ], [ 83.88142, 27.52141 ], [ 83.8782, 27.52032 ], [ 83.87635, 27.51568 ], [ 83.87579, 27.51017 ], [ 83.88073, 27.50767 ], [ 83.88703, 27.50836 ], [ 83.89244, 27.50534 ], [ 83.89715, 27.50018 ], [ 83.89759, 27.49876 ], [ 83.89158, 27.49932 ], [ 83.8867, 27.49568 ], [ 83.88354, 27.49612 ], [ 83.8818, 27.49366 ], [ 83.87461, 27.4893 ], [ 83.87758, 27.48515 ], [ 83.88033, 27.48403 ], [ 83.88205, 27.48184 ], [ 83.88498, 27.4811 ], [ 83.88614, 27.47458 ], [ 83.88549, 27.47354 ], [ 83.88655, 27.47236 ], [ 83.88558, 27.4705 ], [ 83.88556, 27.46774 ], [ 83.88357, 27.46413 ], [ 83.88969, 27.46164 ], [ 83.88706, 27.45572 ], [ 83.88763, 27.4465 ], [ 83.88898, 27.44348 ], [ 83.89199, 27.44172 ], [ 83.89544, 27.43775 ], [ 83.88225, 27.4351 ], [ 83.87641, 27.43307 ], [ 83.86846, 27.42904 ], [ 83.86735, 27.42753 ], [ 83.86719, 27.42558 ], [ 83.87014, 27.41811 ], [ 83.87136, 27.41245 ], [ 83.87545, 27.4059 ], [ 83.87273, 27.39234 ], [ 83.89353, 27.38973 ], [ 83.90515, 27.38972 ], [ 83.90613, 27.38624 ], [ 83.90612, 27.3819 ], [ 83.90341, 27.37645 ], [ 83.89922, 27.37198 ], [ 83.89724, 27.37014 ], [ 83.89202, 27.36771 ], [ 83.89127, 27.36271 ], [ 83.88779, 27.35953 ], [ 83.88772, 27.35836 ], [ 83.88453, 27.35781 ], [ 83.88116, 27.35519 ], [ 83.87132, 27.35177 ], [ 83.86592, 27.34768 ], [ 83.86267, 27.34664 ], [ 83.82989, 27.37029 ], [ 83.61473, 27.46953 ], [ 83.38879, 27.47967 ], [ 83.38961, 27.47847 ], [ 83.39182, 27.47778 ], [ 83.3923, 27.47643 ], [ 83.3889, 27.47313 ], [ 83.38855, 27.47067 ], [ 83.39058, 27.47114 ], [ 83.394, 27.46954 ], [ 83.3955, 27.46967 ], [ 83.39545, 27.46677 ], [ 83.39792, 27.46556 ], [ 83.39934, 27.46569 ], [ 83.40128, 27.46729 ], [ 83.40249, 27.46634 ], [ 83.39973, 27.46359 ], [ 83.39986, 27.45996 ], [ 83.40187, 27.45762 ], [ 83.39864, 27.44904 ], [ 83.39596, 27.44666 ], [ 83.39154, 27.44676 ], [ 83.38993, 27.44488 ], [ 83.38386, 27.44237 ], [ 83.38403, 27.44086 ], [ 83.38541, 27.44075 ], [ 83.38632, 27.4393 ], [ 83.38418, 27.43618 ], [ 83.38695, 27.43268 ], [ 83.39173, 27.42975 ], [ 83.39156, 27.42783 ], [ 83.39317, 27.42469 ], [ 83.39469, 27.42408 ], [ 83.39574, 27.42251 ], [ 83.40103, 27.42092 ], [ 83.40095, 27.4202 ], [ 83.39948, 27.42008 ], [ 83.3997, 27.41911 ], [ 83.40231, 27.41964 ], [ 83.40551, 27.4188 ], [ 83.40707, 27.41529 ], [ 83.40932, 27.41495 ], [ 83.40953, 27.41264 ], [ 83.40635, 27.41189 ], [ 83.40653, 27.40923 ], [ 83.40548, 27.40549 ], [ 83.40238, 27.4009 ], [ 83.39975, 27.39854 ], [ 83.39745, 27.398 ], [ 83.39655, 27.39604 ], [ 83.39256, 27.39569 ], [ 83.38825, 27.39164 ], [ 83.38476, 27.39036 ], [ 83.385, 27.38594 ], [ 83.38799, 27.38372 ], [ 83.38639, 27.38053 ], [ 83.38804, 27.37587 ], [ 83.38278, 27.37096 ], [ 83.37472, 27.36995 ], [ 83.37229, 27.36493 ], [ 83.374, 27.36021 ], [ 83.3737, 27.35729 ], [ 83.36963, 27.35815 ], [ 83.36798, 27.35575 ], [ 83.36602, 27.35525 ], [ 83.36451, 27.35577 ], [ 83.36141, 27.35245 ], [ 83.35789, 27.35076 ], [ 83.35919, 27.34815 ], [ 83.35914, 27.34325 ], [ 83.35587, 27.34461 ], [ 83.35109, 27.34261 ], [ 83.35087, 27.34167 ], [ 83.35268, 27.34062 ], [ 83.35237, 27.33998 ], [ 83.34958, 27.33992 ], [ 83.3467, 27.33844 ], [ 83.34398, 27.33821 ], [ 83.34316, 27.33506 ], [ 83.33971, 27.33423 ], [ 83.3375, 27.3328 ], [ 83.33492, 27.33369 ], [ 83.33168, 27.3327 ], [ 83.32885, 27.33443 ], [ 83.32694, 27.33407 ], [ 83.32506, 27.33525 ], [ 83.32445, 27.33681 ], [ 83.32163, 27.33649 ], [ 83.31815, 27.3374 ], [ 83.31769, 27.33691 ], [ 83.31856, 27.33592 ], [ 83.31651, 27.33471 ], [ 83.31543, 27.33284 ], [ 83.31772, 27.33101 ], [ 83.31748, 27.33015 ], [ 83.31567, 27.3314 ], [ 83.30804, 27.33355 ], [ 83.3047, 27.33139 ], [ 83.30043, 27.33445 ], [ 83.29466, 27.33337 ], [ 83.2943, 27.3349 ], [ 83.29155, 27.33499 ], [ 83.29251, 27.33637 ], [ 83.27256, 27.35284 ], [ 83.26556, 27.36554 ], [ 83.27221, 27.38361 ], [ 83.24004, 27.40653 ], [ 83.22609, 27.41166 ], [ 83.21758, 27.41729 ], [ 83.21044, 27.42432 ], [ 83.19593, 27.44607 ], [ 83.1878, 27.45441 ], [ 83.17543, 27.45536 ], [ 83.16881, 27.45727 ], [ 83.16443, 27.45763 ], [ 83.07479, 27.45278 ], [ 83.06831, 27.45132 ], [ 83.03408, 27.44886 ], [ 83.01894, 27.45402 ], [ 82.96655, 27.46425 ], [ 82.95416, 27.46793 ], [ 82.94469, 27.47703 ], [ 82.9395, 27.49132 ], [ 82.92938, 27.50116 ], [ 82.91325, 27.50133 ], [ 82.87975, 27.49864 ], [ 82.8703, 27.49859 ], [ 82.84901, 27.49948 ], [ 82.83239, 27.50204 ], [ 82.80188, 27.49651 ], [ 82.78526, 27.50018 ], [ 82.73573, 27.50252 ], [ 82.73503, 27.5033 ], [ 82.73503, 27.50822 ], [ 82.73756, 27.50859 ], [ 82.73658, 27.50966 ], [ 82.73719, 27.51197 ], [ 82.73659, 27.51311 ], [ 82.73738, 27.51374 ], [ 82.73613, 27.51522 ], [ 82.73672, 27.51803 ], [ 82.73866, 27.51873 ], [ 82.74305, 27.5167 ], [ 82.74332, 27.51735 ], [ 82.74209, 27.51819 ], [ 82.742, 27.52112 ], [ 82.74619, 27.52105 ], [ 82.74703, 27.51956 ], [ 82.74941, 27.52281 ], [ 82.74747, 27.5232 ], [ 82.74783, 27.52414 ], [ 82.74928, 27.52462 ], [ 82.74844, 27.52672 ], [ 82.74766, 27.52714 ], [ 82.74641, 27.52587 ], [ 82.74694, 27.52797 ], [ 82.7451, 27.52895 ], [ 82.74701, 27.5303 ], [ 82.74717, 27.53155 ], [ 82.74446, 27.52979 ], [ 82.74501, 27.53223 ], [ 82.74396, 27.53167 ], [ 82.74339, 27.53249 ], [ 82.74198, 27.53209 ], [ 82.74279, 27.53379 ], [ 82.74451, 27.53436 ], [ 82.74375, 27.53587 ], [ 82.74246, 27.53643 ], [ 82.74161, 27.53573 ], [ 82.74047, 27.53699 ], [ 82.74174, 27.53719 ], [ 82.74223, 27.53898 ], [ 82.74142, 27.53992 ], [ 82.7431, 27.54149 ], [ 82.74172, 27.54128 ], [ 82.74115, 27.54262 ], [ 82.74258, 27.54321 ], [ 82.74064, 27.54481 ], [ 82.74185, 27.5463 ], [ 82.73896, 27.54531 ], [ 82.73774, 27.5466 ], [ 82.73823, 27.54816 ], [ 82.74094, 27.54996 ], [ 82.73841, 27.5505 ], [ 82.73811, 27.55204 ], [ 82.73999, 27.55166 ], [ 82.7417, 27.55409 ], [ 82.74703, 27.55504 ], [ 82.74404, 27.55852 ], [ 82.74351, 27.56089 ], [ 82.74449, 27.56205 ], [ 82.74997, 27.56372 ], [ 82.75123, 27.56525 ], [ 82.75132, 27.56678 ], [ 82.74831, 27.57012 ], [ 82.74768, 27.57195 ], [ 82.7492, 27.57426 ], [ 82.74876, 27.57622 ], [ 82.75094, 27.57698 ], [ 82.75079, 27.5798 ], [ 82.75236, 27.58484 ], [ 82.75563, 27.58648 ], [ 82.75576, 27.58773 ], [ 82.75015, 27.5935 ], [ 82.74486, 27.5953 ], [ 82.74534, 27.60029 ], [ 82.74345, 27.60201 ], [ 82.74217, 27.60466 ], [ 82.73714, 27.60714 ], [ 82.73484, 27.60962 ], [ 82.7362, 27.6114 ], [ 82.7345, 27.61468 ], [ 82.73508, 27.61627 ], [ 82.733, 27.61893 ], [ 82.73382, 27.6203 ], [ 82.73662, 27.62169 ], [ 82.7359, 27.62253 ], [ 82.7329, 27.62286 ], [ 82.73072, 27.624 ], [ 82.73161, 27.62465 ], [ 82.7347, 27.62438 ], [ 82.73662, 27.6261 ], [ 82.73356, 27.62854 ], [ 82.73814, 27.63196 ], [ 82.73496, 27.63555 ], [ 82.73752, 27.63755 ], [ 82.73767, 27.64029 ], [ 82.73622, 27.64311 ], [ 82.73333, 27.64266 ], [ 82.7327, 27.64442 ], [ 82.73373, 27.64588 ], [ 82.733, 27.64639 ], [ 82.73096, 27.64514 ], [ 82.72805, 27.64557 ], [ 82.72861, 27.64787 ], [ 82.73078, 27.64789 ], [ 82.73133, 27.649 ], [ 82.73039, 27.65034 ], [ 82.73038, 27.65273 ], [ 82.72714, 27.65542 ], [ 82.72552, 27.65838 ], [ 82.72386, 27.6591 ], [ 82.72032, 27.65729 ], [ 82.71897, 27.65901 ], [ 82.72027, 27.66164 ], [ 82.71417, 27.6626 ], [ 82.71169, 27.66506 ], [ 82.71191, 27.66589 ], [ 82.71489, 27.66629 ], [ 82.7158, 27.66804 ], [ 82.71537, 27.66902 ], [ 82.71322, 27.66995 ], [ 82.71315, 27.67089 ], [ 82.71592, 27.67251 ], [ 82.71614, 27.67559 ], [ 82.71421, 27.67715 ], [ 82.71521, 27.67917 ], [ 82.71479, 27.68141 ], [ 82.71823, 27.68742 ], [ 82.71564, 27.69178 ], [ 82.70987, 27.69537 ], [ 82.70704, 27.69921 ], [ 82.70583, 27.70284 ], [ 82.70515, 27.70622 ], [ 82.70558, 27.7112 ], [ 82.70764, 27.71759 ], [ 82.70794, 27.72185 ] ] ] } },
{ "type": "Feature", "properties": { "fid": 7, "STATE_CODE": 4.0, "Province": "Gandaki" }, "geometry": { "type": "Polygon", "coordinates": [ [ [ 83.49146, 27.97855 ], [ 83.50138, 27.97621 ], [ 83.50834, 27.9702 ], [ 83.50943, 27.96821 ], [ 83.51108, 27.96743 ], [ 83.5171, 27.96625 ], [ 83.52174, 27.96386 ], [ 83.52665, 27.96642 ], [ 83.5292, 27.96482 ], [ 83.53092, 27.96472 ], [ 83.53404, 27.96839 ], [ 83.5384, 27.96931 ], [ 83.54103, 27.97136 ], [ 83.54613, 27.97131 ], [ 83.54986, 27.97675 ], [ 83.55422, 27.97641 ], [ 83.55603, 27.97417 ], [ 83.55861, 27.97365 ], [ 83.57002, 27.97597 ], [ 83.57749, 27.97435 ], [ 83.57884, 27.97572 ], [ 83.57899, 27.97931 ], [ 83.5851, 27.97886 ], [ 83.58403, 27.98743 ], [ 83.59329, 27.98939 ], [ 83.6032, 27.99722 ], [ 83.60398, 28.00013 ], [ 83.60303, 28.00251 ], [ 83.60515, 28.00742 ], [ 83.6048, 28.01199 ], [ 83.60316, 28.01389 ], [ 83.5987, 28.01509 ], [ 83.59628, 28.02067 ], [ 83.59476, 28.02169 ], [ 83.59103, 28.02153 ], [ 83.59076, 28.0243 ], [ 83.58966, 28.02607 ], [ 83.58418, 28.026 ], [ 83.58116, 28.02906 ], [ 83.57832, 28.03392 ], [ 83.57451, 28.03251 ], [ 83.57033, 28.03266 ], [ 83.56355, 28.03433 ], [ 83.56144, 28.03569 ], [ 83.56383, 28.03907 ], [ 83.56393, 28.04063 ], [ 83.56232, 28.04181 ], [ 83.55985, 28.04214 ], [ 83.55905, 28.04356 ], [ 83.56144, 28.04888 ], [ 83.56155, 28.05279 ], [ 83.56391, 28.05803 ], [ 83.56084, 28.06428 ], [ 83.56733, 28.0649 ], [ 83.57243, 28.0736 ], [ 83.58056, 28.07748 ], [ 83.57629, 28.08168 ], [ 83.57504, 28.08753 ], [ 83.57149, 28.08934 ], [ 83.56705, 28.08968 ], [ 83.56253, 28.09275 ], [ 83.5621, 28.09463 ], [ 83.56498, 28.09888 ], [ 83.56493, 28.10071 ], [ 83.56024, 28.10447 ], [ 83.55508, 28.10655 ], [ 83.55417, 28.11709 ], [ 83.54418, 28.12083 ], [ 83.53804, 28.12009 ], [ 83.53187, 28.11652 ], [ 83.52523, 28.12081 ], [ 83.5208, 28.11996 ], [ 83.51692, 28.12141 ], [ 83.51023, 28.12694 ], [ 83.50923, 28.12612 ], [ 83.50787, 28.12661 ], [ 83.50537, 28.12565 ], [ 83.5047, 28.12354 ], [ 83.50047, 28.11978 ], [ 83.49956, 28.11746 ], [ 83.49443, 28.11632 ], [ 83.48989, 28.11359 ], [ 83.48566, 28.11329 ], [ 83.48235, 28.11719 ], [ 83.47772, 28.11739 ], [ 83.47401, 28.11897 ], [ 83.47646, 28.1226 ], [ 83.47814, 28.13008 ], [ 83.47359, 28.13227 ], [ 83.47137, 28.13164 ], [ 83.46661, 28.13205 ], [ 83.46537, 28.1306 ], [ 83.46249, 28.1299 ], [ 83.45833, 28.13244 ], [ 83.45739, 28.13231 ], [ 83.45376, 28.12982 ], [ 83.45103, 28.12638 ], [ 83.4459, 28.12501 ], [ 83.4435, 28.12586 ], [ 83.44202, 28.12819 ], [ 83.43864, 28.13096 ], [ 83.43609, 28.12938 ], [ 83.4318, 28.12935 ], [ 83.42692, 28.12609 ], [ 83.42359, 28.12579 ], [ 83.4232, 28.12517 ], [ 83.41972, 28.12875 ], [ 83.42004, 28.1312 ], [ 83.4181, 28.13707 ], [ 83.4135, 28.13774 ], [ 83.41125, 28.14098 ], [ 83.41113, 28.14403 ], [ 83.40669, 28.14578 ], [ 83.40602, 28.14843 ], [ 83.39966, 28.15079 ], [ 83.39467, 28.15586 ], [ 83.39385, 28.15998 ], [ 83.39001, 28.16732 ], [ 83.38411, 28.16377 ], [ 83.37522, 28.17438 ], [ 83.37337, 28.17578 ], [ 83.37037, 28.17647 ], [ 83.36978, 28.1827 ], [ 83.36428, 28.18607 ], [ 83.36429, 28.1886 ], [ 83.3628, 28.19011 ], [ 83.3624, 28.19235 ], [ 83.35758, 28.19533 ], [ 83.35572, 28.19566 ], [ 83.35542, 28.19742 ], [ 83.35243, 28.19769 ], [ 83.35021, 28.19444 ], [ 83.34825, 28.19447 ], [ 83.3471, 28.19324 ], [ 83.34419, 28.19336 ], [ 83.33805, 28.19001 ], [ 83.33523, 28.19021 ], [ 83.33012, 28.189 ], [ 83.32728, 28.18914 ], [ 83.32488, 28.19044 ], [ 83.3164, 28.19033 ], [ 83.31355, 28.19324 ], [ 83.31056, 28.1941 ], [ 83.30774, 28.19759 ], [ 83.30619, 28.19783 ], [ 83.30066, 28.19527 ], [ 83.29809, 28.19291 ], [ 83.28762, 28.19264 ], [ 83.28473, 28.19057 ], [ 83.28035, 28.18969 ], [ 83.27795, 28.19099 ], [ 83.27617, 28.18891 ], [ 83.27358, 28.18757 ], [ 83.27057, 28.19188 ], [ 83.2707, 28.19513 ], [ 83.26872, 28.19719 ], [ 83.26539, 28.19944 ], [ 83.25912, 28.20001 ], [ 83.25844, 28.20397 ], [ 83.25459, 28.20679 ], [ 83.2538, 28.21115 ], [ 83.25169, 28.21412 ], [ 83.24721, 28.21687 ], [ 83.2441, 28.21718 ], [ 83.24202, 28.21981 ], [ 83.2395, 28.21976 ], [ 83.23366, 28.22179 ], [ 83.23313, 28.22581 ], [ 83.22817, 28.23105 ], [ 83.22569, 28.23261 ], [ 83.22575, 28.23535 ], [ 83.22268, 28.23623 ], [ 83.21994, 28.24077 ], [ 83.21568, 28.24378 ], [ 83.2153, 28.24838 ], [ 83.21227, 28.24848 ], [ 83.20579, 28.25187 ], [ 83.20371, 28.2558 ], [ 83.20102, 28.25775 ], [ 83.19799, 28.25868 ], [ 83.19312, 28.26328 ], [ 83.18896, 28.2652 ], [ 83.18796, 28.26708 ], [ 83.18609, 28.26792 ], [ 83.18473, 28.27066 ], [ 83.18123, 28.26914 ], [ 83.17779, 28.26487 ], [ 83.17447, 28.2633 ], [ 83.17346, 28.26153 ], [ 83.1677, 28.2579 ], [ 83.16556, 28.2617 ], [ 83.1628, 28.26326 ], [ 83.16156, 28.26713 ], [ 83.1554, 28.27077 ], [ 83.15209, 28.26722 ], [ 83.14851, 28.26595 ], [ 83.1479, 28.26421 ], [ 83.14465, 28.26241 ], [ 83.1369, 28.25304 ], [ 83.13498, 28.25144 ], [ 83.1307, 28.25008 ], [ 83.12765, 28.25072 ], [ 83.12589, 28.25663 ], [ 83.12427, 28.25773 ], [ 83.12232, 28.25667 ], [ 83.11853, 28.25649 ], [ 83.11622, 28.25393 ], [ 83.10944, 28.25172 ], [ 83.10842, 28.25235 ], [ 83.10562, 28.25219 ], [ 83.10095, 28.25559 ], [ 83.09595, 28.25588 ], [ 83.09345, 28.25694 ], [ 83.09478, 28.2605 ], [ 83.09535, 28.2689 ], [ 83.09738, 28.27372 ], [ 83.09694, 28.2771 ], [ 83.09588, 28.27789 ], [ 83.09222, 28.2779 ], [ 83.08508, 28.28908 ], [ 83.0806, 28.29129 ], [ 83.07868, 28.29144 ], [ 83.07813, 28.29401 ], [ 83.0758, 28.2976 ], [ 83.06931, 28.30186 ], [ 83.06866, 28.30339 ], [ 83.06887, 28.31085 ], [ 83.06679, 28.31327 ], [ 83.06432, 28.31456 ], [ 83.06152, 28.3176 ], [ 83.05115, 28.31894 ], [ 83.04465, 28.32455 ], [ 83.04338, 28.32458 ], [ 83.03995, 28.3222 ], [ 83.03316, 28.32171 ], [ 83.02512, 28.3248 ], [ 83.01847, 28.32547 ], [ 83.01584, 28.32851 ], [ 83.01512, 28.33111 ], [ 83.01278, 28.3328 ], [ 83.00986, 28.33366 ], [ 83.00655, 28.33253 ], [ 83.00409, 28.33262 ], [ 83.00047, 28.33709 ], [ 82.99705, 28.34588 ], [ 82.99389, 28.3509 ], [ 82.98674, 28.35428 ], [ 82.97997, 28.35935 ], [ 82.97411, 28.35918 ], [ 82.96701, 28.35758 ], [ 82.96117, 28.3597 ], [ 82.95463, 28.36009 ], [ 82.95662, 28.36437 ], [ 82.955, 28.37162 ], [ 82.9507, 28.37416 ], [ 82.94787, 28.37864 ], [ 82.94811, 28.38059 ], [ 82.95029, 28.38397 ], [ 82.94742, 28.38655 ], [ 82.94611, 28.39119 ], [ 82.94215, 28.39379 ], [ 82.94351, 28.39838 ], [ 82.93798, 28.39856 ], [ 82.93753, 28.4013 ], [ 82.93637, 28.40205 ], [ 82.92956, 28.40126 ], [ 82.92728, 28.40216 ], [ 82.92259, 28.4012 ], [ 82.91605, 28.40267 ], [ 82.9158, 28.40339 ], [ 82.91819, 28.40616 ], [ 82.91909, 28.4091 ], [ 82.91811, 28.4131 ], [ 82.91843, 28.41735 ], [ 82.91404, 28.42318 ], [ 82.91215, 28.42734 ], [ 82.91419, 28.43416 ], [ 82.90952, 28.43693 ], [ 82.90595, 28.44297 ], [ 82.90055, 28.4473 ], [ 82.89392, 28.44765 ], [ 82.88623, 28.4524 ], [ 82.88585, 28.45321 ], [ 82.8868, 28.45587 ], [ 82.88305, 28.46047 ], [ 82.88259, 28.46649 ], [ 82.88049, 28.46802 ], [ 82.88031, 28.47062 ], [ 82.87856, 28.47356 ], [ 82.87919, 28.47628 ], [ 82.88649, 28.4796 ], [ 82.89277, 28.47882 ], [ 82.89763, 28.47644 ], [ 82.90384, 28.47541 ], [ 82.90701, 28.47587 ], [ 82.9117, 28.47834 ], [ 82.91164, 28.48055 ], [ 82.90974, 28.48209 ], [ 82.90576, 28.48344 ], [ 82.9008, 28.48883 ], [ 82.89591, 28.49248 ], [ 82.89014, 28.50007 ], [ 82.88828, 28.50656 ], [ 82.87921, 28.51301 ], [ 82.87724, 28.51537 ], [ 82.87807, 28.51589 ], [ 82.88762, 28.51475 ], [ 82.8945, 28.51537 ], [ 82.90165, 28.51897 ], [ 82.9063, 28.52208 ], [ 82.90765, 28.52391 ], [ 82.90951, 28.52409 ], [ 82.91395, 28.52753 ], [ 82.91125, 28.52978 ], [ 82.91249, 28.53279 ], [ 82.9119, 28.53566 ], [ 82.9134, 28.53774 ], [ 82.91173, 28.54277 ], [ 82.91471, 28.55215 ], [ 82.91355, 28.5555 ], [ 82.91565, 28.55885 ], [ 82.91612, 28.56437 ], [ 82.91787, 28.56427 ], [ 82.91852, 28.56583 ], [ 82.92069, 28.56716 ], [ 82.92657, 28.56744 ], [ 82.93292, 28.56551 ], [ 82.93571, 28.56271 ], [ 82.94007, 28.56159 ], [ 82.94105, 28.55956 ], [ 82.94295, 28.55811 ], [ 82.9464, 28.55744 ], [ 82.94795, 28.55614 ], [ 82.95189, 28.55579 ], [ 82.95557, 28.55134 ], [ 82.95947, 28.55197 ], [ 82.96136, 28.55033 ], [ 82.96387, 28.55004 ], [ 82.96566, 28.54764 ], [ 82.9737, 28.54227 ], [ 82.97725, 28.54616 ], [ 82.97706, 28.54746 ], [ 82.98032, 28.55077 ], [ 82.98231, 28.55946 ], [ 82.98547, 28.564 ], [ 82.98535, 28.57079 ], [ 82.98236, 28.57131 ], [ 82.9783, 28.57553 ], [ 82.97631, 28.5747 ], [ 82.97252, 28.57517 ], [ 82.96217, 28.58182 ], [ 82.95863, 28.5887 ], [ 82.95427, 28.59309 ], [ 82.95252, 28.59803 ], [ 82.9539, 28.60248 ], [ 82.95688, 28.60801 ], [ 82.95637, 28.61044 ], [ 82.95722, 28.61143 ], [ 82.96297, 28.6132 ], [ 82.96695, 28.61537 ], [ 82.97199, 28.62048 ], [ 82.97444, 28.62684 ], [ 82.97685, 28.62889 ], [ 82.98282, 28.63072 ], [ 82.98574, 28.62966 ], [ 82.98941, 28.62613 ], [ 82.99368, 28.62679 ], [ 82.99442, 28.62546 ], [ 82.99653, 28.62521 ], [ 82.99792, 28.6235 ], [ 83.00267, 28.6237 ], [ 83.00573, 28.62264 ], [ 83.00901, 28.62363 ], [ 83.01355, 28.62189 ], [ 83.01901, 28.62166 ], [ 83.02144, 28.62297 ], [ 83.02312, 28.62557 ], [ 83.02464, 28.62639 ], [ 83.03542, 28.62566 ], [ 83.041, 28.62952 ], [ 83.0427, 28.62991 ], [ 83.05089, 28.62577 ], [ 83.05348, 28.6225 ], [ 83.05741, 28.62005 ], [ 83.06714, 28.6234 ], [ 83.07467, 28.62372 ], [ 83.08076, 28.62554 ], [ 83.08228, 28.62679 ], [ 83.08419, 28.63079 ], [ 83.09624, 28.63508 ], [ 83.11182, 28.63102 ], [ 83.11467, 28.63077 ], [ 83.11576, 28.63143 ], [ 83.11602, 28.63715 ], [ 83.11513, 28.64349 ], [ 83.11898, 28.64962 ], [ 83.12307, 28.65399 ], [ 83.12489, 28.66394 ], [ 83.12348, 28.66608 ], [ 83.12161, 28.66677 ], [ 83.12149, 28.66791 ], [ 83.11907, 28.669 ], [ 83.11834, 28.67064 ], [ 83.11882, 28.67323 ], [ 83.12045, 28.6758 ], [ 83.12271, 28.67667 ], [ 83.12512, 28.67486 ], [ 83.12821, 28.67395 ], [ 83.13472, 28.67364 ], [ 83.13617, 28.67497 ], [ 83.13895, 28.67537 ], [ 83.14109, 28.67797 ], [ 83.14635, 28.68174 ], [ 83.14443, 28.68538 ], [ 83.14405, 28.68787 ], [ 83.14229, 28.6897 ], [ 83.14346, 28.69358 ], [ 83.14936, 28.69542 ], [ 83.15098, 28.69964 ], [ 83.15244, 28.70111 ], [ 83.14984, 28.70431 ], [ 83.15091, 28.71192 ], [ 83.14637, 28.71812 ], [ 83.14525, 28.72081 ], [ 83.14587, 28.72271 ], [ 83.1441, 28.72546 ], [ 83.14601, 28.73071 ], [ 83.14254, 28.73381 ], [ 83.14268, 28.74207 ], [ 83.14357, 28.74513 ], [ 83.14531, 28.74708 ], [ 83.15397, 28.74775 ], [ 83.16302, 28.74644 ], [ 83.16646, 28.74512 ], [ 83.18636, 28.74353 ], [ 83.19491, 28.73848 ], [ 83.19707, 28.73795 ], [ 83.20003, 28.73519 ], [ 83.2049, 28.733 ], [ 83.20983, 28.7319 ], [ 83.21598, 28.73385 ], [ 83.21809, 28.73513 ], [ 83.22292, 28.74053 ], [ 83.22672, 28.74249 ], [ 83.22918, 28.74281 ], [ 83.23691, 28.73967 ], [ 83.23931, 28.73485 ], [ 83.24468, 28.73262 ], [ 83.24789, 28.73033 ], [ 83.25901, 28.7262 ], [ 83.26426, 28.72632 ], [ 83.27044, 28.72513 ], [ 83.27422, 28.72381 ], [ 83.27683, 28.72191 ], [ 83.2819, 28.72564 ], [ 83.29782, 28.7317 ], [ 83.30847, 28.73264 ], [ 83.31299, 28.73559 ], [ 83.31996, 28.73609 ], [ 83.32545, 28.73788 ], [ 83.33117, 28.73814 ], [ 83.34529, 28.73556 ], [ 83.34982, 28.73599 ], [ 83.35614, 28.73362 ], [ 83.3619, 28.73411 ], [ 83.36373, 28.73654 ], [ 83.37423, 28.74447 ], [ 83.37606, 28.7475 ], [ 83.37755, 28.75395 ], [ 83.38325, 28.75643 ], [ 83.3884, 28.76303 ], [ 83.40017, 28.76071 ], [ 83.41033, 28.7606 ], [ 83.42568, 28.76594 ], [ 83.43632, 28.76874 ], [ 83.44216, 28.76963 ], [ 83.44599, 28.76888 ], [ 83.45618, 28.77372 ], [ 83.46107, 28.78004 ], [ 83.4701, 28.78173 ], [ 83.48334, 28.78281 ], [ 83.48428, 28.78697 ], [ 83.48681, 28.79051 ], [ 83.48651, 28.79536 ], [ 83.48749, 28.79743 ], [ 83.48793, 28.80204 ], [ 83.48562, 28.80723 ], [ 83.48501, 28.81219 ], [ 83.47999, 28.81713 ], [ 83.47959, 28.82416 ], [ 83.48347, 28.83219 ], [ 83.48303, 28.83383 ], [ 83.48054, 28.83606 ], [ 83.48022, 28.83775 ], [ 83.48127, 28.84016 ], [ 83.48154, 28.84465 ], [ 83.48579, 28.84604 ], [ 83.49188, 28.84643 ], [ 83.49785, 28.84258 ], [ 83.50172, 28.84612 ], [ 83.50135, 28.84942 ], [ 83.50195, 28.85168 ], [ 83.50618, 28.85694 ], [ 83.50592, 28.86516 ], [ 83.50315, 28.8713 ], [ 83.50112, 28.87318 ], [ 83.49939, 28.87719 ], [ 83.50136, 28.87861 ], [ 83.506, 28.88467 ], [ 83.51459, 28.88951 ], [ 83.5203, 28.89627 ], [ 83.5228, 28.89793 ], [ 83.52524, 28.90194 ], [ 83.52742, 28.90384 ], [ 83.52851, 28.90862 ], [ 83.53272, 28.90956 ], [ 83.53532, 28.91136 ], [ 83.53977, 28.91492 ], [ 83.54225, 28.91868 ], [ 83.54611, 28.92182 ], [ 83.54938, 28.92687 ], [ 83.5564, 28.9337 ], [ 83.55782, 28.93839 ], [ 83.55691, 28.94162 ], [ 83.55856, 28.94483 ], [ 83.56212, 28.94517 ], [ 83.56687, 28.94333 ], [ 83.57117, 28.94725 ], [ 83.57478, 28.95388 ], [ 83.57885, 28.95507 ], [ 83.57995, 28.95614 ], [ 83.58251, 28.96127 ], [ 83.58155, 28.96493 ], [ 83.58535, 28.96768 ], [ 83.58729, 28.97252 ], [ 83.58682, 28.97696 ], [ 83.58892, 28.98069 ], [ 83.59024, 28.98101 ], [ 83.59197, 28.98363 ], [ 83.59907, 28.98562 ], [ 83.60443, 28.98013 ], [ 83.60917, 28.98024 ], [ 83.61011, 28.98293 ], [ 83.61492, 28.98768 ], [ 83.61539, 28.99468 ], [ 83.61438, 28.99862 ], [ 83.61687, 29.00616 ], [ 83.61185, 29.01472 ], [ 83.61526, 29.01671 ], [ 83.61645, 29.01888 ], [ 83.61401, 29.02234 ], [ 83.61528, 29.02757 ], [ 83.61257, 29.03372 ], [ 83.61246, 29.03594 ], [ 83.61602, 29.04037 ], [ 83.61889, 29.04575 ], [ 83.61807, 29.05513 ], [ 83.61952, 29.05968 ], [ 83.62649, 29.06243 ], [ 83.63091, 29.06243 ], [ 83.63141, 29.06489 ], [ 83.62942, 29.07156 ], [ 83.63063, 29.081 ], [ 83.62775, 29.08253 ], [ 83.6264, 29.08568 ], [ 83.62331, 29.08826 ], [ 83.616, 29.09258 ], [ 83.61488, 29.0943 ], [ 83.61551, 29.0983 ], [ 83.62051, 29.09779 ], [ 83.62311, 29.10144 ], [ 83.62622, 29.10316 ], [ 83.62876, 29.10683 ], [ 83.63621, 29.10734 ], [ 83.64609, 29.1041 ], [ 83.6498, 29.10446 ], [ 83.6517, 29.10655 ], [ 83.65244, 29.1092 ], [ 83.65051, 29.11342 ], [ 83.65134, 29.11906 ], [ 83.65369, 29.12118 ], [ 83.65826, 29.12276 ], [ 83.66013, 29.12442 ], [ 83.66246, 29.12474 ], [ 83.66826, 29.12324 ], [ 83.68032, 29.12343 ], [ 83.67874, 29.12503 ], [ 83.67922, 29.13165 ], [ 83.67483, 29.13702 ], [ 83.67567, 29.14139 ], [ 83.67508, 29.14528 ], [ 83.67636, 29.14724 ], [ 83.67569, 29.14895 ], [ 83.67209, 29.15279 ], [ 83.66321, 29.15569 ], [ 83.66276, 29.15668 ], [ 83.66237, 29.15981 ], [ 83.663, 29.16292 ], [ 83.66197, 29.16492 ], [ 83.66599, 29.16968 ], [ 83.66236, 29.17344 ], [ 83.65729, 29.17609 ], [ 83.6621, 29.181 ], [ 83.66346, 29.18404 ], [ 83.65802, 29.18744 ], [ 83.65768, 29.19273 ], [ 83.65841, 29.19604 ], [ 83.65766, 29.19848 ], [ 83.65585, 29.19998 ], [ 83.65579, 29.20394 ], [ 83.66043, 29.20399 ], [ 83.66784, 29.2072 ], [ 83.67492, 29.2077 ], [ 83.68412, 29.21308 ], [ 83.68875, 29.21723 ], [ 83.69658, 29.22631 ], [ 83.70077, 29.23464 ], [ 83.70269, 29.2362 ], [ 83.70716, 29.23781 ], [ 83.71116, 29.24455 ], [ 83.72174, 29.24154 ], [ 83.72722, 29.24306 ], [ 83.7305, 29.24488 ], [ 83.73803, 29.24405 ], [ 83.74053, 29.24543 ], [ 83.74628, 29.24339 ], [ 83.74939, 29.24406 ], [ 83.754, 29.24233 ], [ 83.75663, 29.24252 ], [ 83.76198, 29.23995 ], [ 83.76748, 29.2408 ], [ 83.77044, 29.24373 ], [ 83.77102, 29.24679 ], [ 83.77797, 29.24758 ], [ 83.77996, 29.24454 ], [ 83.78127, 29.24436 ], [ 83.79043, 29.24742 ], [ 83.79201, 29.24895 ], [ 83.79719, 29.25002 ], [ 83.79708, 29.25348 ], [ 83.80218, 29.25633 ], [ 83.80017, 29.2589 ], [ 83.79846, 29.26533 ], [ 83.79375, 29.27344 ], [ 83.7944, 29.27738 ], [ 83.79677, 29.27978 ], [ 83.79724, 29.2818 ], [ 83.8018, 29.28179 ], [ 83.80388, 29.2841 ], [ 83.80775, 29.28584 ], [ 83.8108, 29.29079 ], [ 83.80785, 29.29464 ], [ 83.81248, 29.29859 ], [ 83.81264, 29.30202 ], [ 83.82302, 29.30276 ], [ 83.8259, 29.29972 ], [ 83.82904, 29.2983 ], [ 83.83086, 29.29837 ], [ 83.83492, 29.30086 ], [ 83.83887, 29.29811 ], [ 83.84393, 29.29895 ], [ 83.84798, 29.29757 ], [ 83.85405, 29.30161 ], [ 83.85554, 29.30866 ], [ 83.85659, 29.30984 ], [ 83.86402, 29.31182 ], [ 83.8704, 29.31234 ], [ 83.87343, 29.31435 ], [ 83.88003, 29.3161 ], [ 83.88729, 29.3201 ], [ 83.89792, 29.31879 ], [ 83.90069, 29.32352 ], [ 83.90466, 29.32571 ], [ 83.91159, 29.32311 ], [ 83.91493, 29.32261 ], [ 83.91969, 29.32325 ], [ 83.92737, 29.31845 ], [ 83.93351, 29.31971 ], [ 83.94096, 29.31633 ], [ 83.94664, 29.31651 ], [ 83.94838, 29.31703 ], [ 83.95495, 29.32553 ], [ 83.96098, 29.33049 ], [ 83.96255, 29.33128 ], [ 83.96476, 29.33101 ], [ 83.97574, 29.32862 ], [ 83.98678, 29.32278 ], [ 83.98832, 29.32086 ], [ 83.99162, 29.32043 ], [ 83.995, 29.31677 ], [ 83.99908, 29.31471 ], [ 84.00092, 29.31177 ], [ 84.00085, 29.30907 ], [ 83.9994, 29.30653 ], [ 83.9972, 29.305 ], [ 83.98891, 29.30258 ], [ 83.98766, 29.30046 ], [ 83.98987, 29.29837 ], [ 83.99634, 29.29659 ], [ 83.99841, 29.29483 ], [ 84.00422, 29.29588 ], [ 84.00871, 29.29494 ], [ 84.01182, 29.29348 ], [ 84.01563, 29.28896 ], [ 84.02315, 29.28916 ], [ 84.02505, 29.28781 ], [ 84.02629, 29.28558 ], [ 84.03004, 29.29321 ], [ 84.04201, 29.30067 ], [ 84.04375, 29.30077 ], [ 84.05295, 29.29738 ], [ 84.053, 29.29398 ], [ 84.05503, 29.29257 ], [ 84.05632, 29.29032 ], [ 84.06319, 29.28974 ], [ 84.06867, 29.28527 ], [ 84.07153, 29.28528 ], [ 84.08045, 29.28844 ], [ 84.08557, 29.29447 ], [ 84.08768, 29.29456 ], [ 84.09945, 29.29054 ], [ 84.10089, 29.28952 ], [ 84.10215, 29.28697 ], [ 84.1085, 29.28505 ], [ 84.11444, 29.28023 ], [ 84.11725, 29.27922 ], [ 84.12003, 29.27969 ], [ 84.1177, 29.2779 ], [ 84.11742, 29.27676 ], [ 84.11927, 29.27463 ], [ 84.12174, 29.27352 ], [ 84.12155, 29.27031 ], [ 84.11855, 29.26511 ], [ 84.11226, 29.26299 ], [ 84.11277, 29.26065 ], [ 84.11476, 29.25858 ], [ 84.11171, 29.25374 ], [ 84.11353, 29.25182 ], [ 84.11222, 29.2481 ], [ 84.11622, 29.24415 ], [ 84.11935, 29.2453 ], [ 84.12789, 29.24311 ], [ 84.14107, 29.23617 ], [ 84.15114, 29.24071 ], [ 84.15729, 29.2417 ], [ 84.16763, 29.241 ], [ 84.1718, 29.23998 ], [ 84.17324, 29.2387 ], [ 84.17924, 29.23773 ], [ 84.18274, 29.24154 ], [ 84.19252, 29.24415 ], [ 84.19463, 29.24384 ], [ 84.19573, 29.24202 ], [ 84.2009, 29.24004 ], [ 84.20283, 29.2366 ], [ 84.19885, 29.23095 ], [ 84.19771, 29.22536 ], [ 84.19836, 29.22329 ], [ 84.19749, 29.22072 ], [ 84.19893, 29.21873 ], [ 84.19962, 29.21391 ], [ 84.19473, 29.21175 ], [ 84.1882, 29.20574 ], [ 84.18109, 29.20782 ], [ 84.17741, 29.20676 ], [ 84.17691, 29.20514 ], [ 84.17295, 29.20104 ], [ 84.16842, 29.19985 ], [ 84.16422, 29.19482 ], [ 84.16373, 29.19406 ], [ 84.1667, 29.19029 ], [ 84.16555, 29.18803 ], [ 84.16217, 29.18523 ], [ 84.16496, 29.17923 ], [ 84.16691, 29.17743 ], [ 84.1668, 29.17403 ], [ 84.16914, 29.17211 ], [ 84.16582, 29.1641 ], [ 84.16749, 29.15739 ], [ 84.17068, 29.15429 ], [ 84.17328, 29.14978 ], [ 84.17389, 29.14421 ], [ 84.1727, 29.14061 ], [ 84.17423, 29.13649 ], [ 84.1738, 29.13394 ], [ 84.17469, 29.13084 ], [ 84.17702, 29.12931 ], [ 84.18641, 29.12632 ], [ 84.20085, 29.12395 ], [ 84.19979, 29.11268 ], [ 84.20124, 29.10805 ], [ 84.20159, 29.10376 ], [ 84.19801, 29.09953 ], [ 84.1959, 29.09909 ], [ 84.1951, 29.09657 ], [ 84.1957, 29.09297 ], [ 84.19063, 29.08468 ], [ 84.18602, 29.08072 ], [ 84.18776, 29.07776 ], [ 84.18616, 29.0738 ], [ 84.1864, 29.06824 ], [ 84.1886, 29.0647 ], [ 84.18833, 29.05716 ], [ 84.1897, 29.05064 ], [ 84.18957, 29.04692 ], [ 84.19632, 29.04654 ], [ 84.20145, 29.04971 ], [ 84.20749, 29.0521 ], [ 84.2089, 29.05364 ], [ 84.22145, 29.05345 ], [ 84.22697, 29.05135 ], [ 84.23585, 29.04456 ], [ 84.2399, 29.04489 ], [ 84.24217, 29.04424 ], [ 84.24775, 29.03724 ], [ 84.24775, 29.03263 ], [ 84.24653, 29.02917 ], [ 84.24775, 29.02773 ], [ 84.24775, 29.01264 ], [ 84.2437, 29.00907 ], [ 84.24262, 29.00689 ], [ 84.23938, 28.99736 ], [ 84.24095, 28.99224 ], [ 84.23816, 28.98767 ], [ 84.23916, 28.98473 ], [ 84.23851, 28.98193 ], [ 84.24169, 28.9761 ], [ 84.23892, 28.97142 ], [ 84.23921, 28.96902 ], [ 84.23529, 28.96838 ], [ 84.23455, 28.96578 ], [ 84.23519, 28.9642 ], [ 84.23211, 28.96136 ], [ 84.23136, 28.95965 ], [ 84.23063, 28.95739 ], [ 84.23103, 28.95403 ], [ 84.22923, 28.94665 ], [ 84.2271, 28.94223 ], [ 84.22549, 28.94173 ], [ 84.22591, 28.93996 ], [ 84.22449, 28.92591 ], [ 84.22246, 28.9234 ], [ 84.22292, 28.92026 ], [ 84.22036, 28.91561 ], [ 84.22079, 28.91209 ], [ 84.22535, 28.90352 ], [ 84.2246, 28.89735 ], [ 84.22565, 28.89421 ], [ 84.22834, 28.89243 ], [ 84.23406, 28.89256 ], [ 84.23816, 28.89108 ], [ 84.25371, 28.89022 ], [ 84.25814, 28.89553 ], [ 84.26313, 28.8976 ], [ 84.26545, 28.89774 ], [ 84.26857, 28.89448 ], [ 84.27198, 28.89274 ], [ 84.27391, 28.88668 ], [ 84.27852, 28.8855 ], [ 84.28385, 28.88265 ], [ 84.28606, 28.88098 ], [ 84.2877, 28.87692 ], [ 84.2924, 28.87438 ], [ 84.30855, 28.86936 ], [ 84.3155, 28.86977 ], [ 84.32073, 28.86742 ], [ 84.3235, 28.86265 ], [ 84.32703, 28.86247 ], [ 84.33319, 28.86465 ], [ 84.33466, 28.86589 ], [ 84.335, 28.86853 ], [ 84.34059, 28.87241 ], [ 84.34302, 28.87293 ], [ 84.34738, 28.86834 ], [ 84.35448, 28.86291 ], [ 84.35689, 28.85934 ], [ 84.36073, 28.85953 ], [ 84.36526, 28.86167 ], [ 84.3691, 28.86083 ], [ 84.37514, 28.86438 ], [ 84.3823, 28.86167 ], [ 84.39216, 28.86044 ], [ 84.39712, 28.85853 ], [ 84.40384, 28.85427 ], [ 84.40883, 28.85354 ], [ 84.409, 28.84673 ], [ 84.40756, 28.84293 ], [ 84.40621, 28.8416 ], [ 84.40241, 28.84036 ], [ 84.39923, 28.83728 ], [ 84.40032, 28.83485 ], [ 84.40051, 28.83021 ], [ 84.40831, 28.82868 ], [ 84.41579, 28.83128 ], [ 84.41877, 28.83155 ], [ 84.42036, 28.83087 ], [ 84.42738, 28.82354 ], [ 84.43521, 28.82086 ], [ 84.4295, 28.81328 ], [ 84.43194, 28.80142 ], [ 84.43874, 28.79602 ], [ 84.44525, 28.79315 ], [ 84.44383, 28.78662 ], [ 84.44582, 28.78249 ], [ 84.43968, 28.77643 ], [ 84.43737, 28.77275 ], [ 84.43647, 28.76932 ], [ 84.44149, 28.76726 ], [ 84.45179, 28.76475 ], [ 84.4537, 28.761 ], [ 84.45749, 28.75755 ], [ 84.45803, 28.75443 ], [ 84.46029, 28.75128 ], [ 84.46615, 28.75174 ], [ 84.47551, 28.74693 ], [ 84.48019, 28.74712 ], [ 84.48191, 28.74528 ], [ 84.48322, 28.74145 ], [ 84.48639, 28.73992 ], [ 84.48943, 28.73537 ], [ 84.49176, 28.73471 ], [ 84.4942, 28.73573 ], [ 84.49734, 28.74064 ], [ 84.50216, 28.74423 ], [ 84.51005, 28.74525 ], [ 84.51461, 28.74854 ], [ 84.52376, 28.74365 ], [ 84.52478, 28.74217 ], [ 84.52883, 28.74293 ], [ 84.53359, 28.74535 ], [ 84.54029, 28.74421 ], [ 84.54569, 28.74635 ], [ 84.55141, 28.75051 ], [ 84.55458, 28.75086 ], [ 84.5566, 28.75214 ], [ 84.55713, 28.74693 ], [ 84.559, 28.74526 ], [ 84.56723, 28.74147 ], [ 84.57156, 28.73515 ], [ 84.58669, 28.73455 ], [ 84.59226, 28.73657 ], [ 84.60566, 28.7334 ], [ 84.61524, 28.73666 ], [ 84.61765, 28.7358 ], [ 84.62622, 28.73645 ], [ 84.6293, 28.73264 ], [ 84.6326, 28.73187 ], [ 84.6389, 28.72879 ], [ 84.64343, 28.72521 ], [ 84.64435, 28.71992 ], [ 84.64762, 28.71867 ], [ 84.65063, 28.7144 ], [ 84.64985, 28.7075 ], [ 84.65052, 28.70238 ], [ 84.65376, 28.7007 ], [ 84.65833, 28.70028 ], [ 84.6614, 28.69874 ], [ 84.66419, 28.69471 ], [ 84.66639, 28.69422 ], [ 84.66878, 28.68997 ], [ 84.66761, 28.68642 ], [ 84.66823, 28.68338 ], [ 84.67593, 28.67901 ], [ 84.68124, 28.67833 ], [ 84.6881, 28.6788 ], [ 84.69153, 28.67686 ], [ 84.69632, 28.67177 ], [ 84.70484, 28.67107 ], [ 84.70134, 28.66513 ], [ 84.70046, 28.65908 ], [ 84.69712, 28.65346 ], [ 84.69863, 28.65057 ], [ 84.70165, 28.64736 ], [ 84.69798, 28.63952 ], [ 84.69467, 28.63641 ], [ 84.70069, 28.63444 ], [ 84.71368, 28.63295 ], [ 84.72148, 28.62743 ], [ 84.72262, 28.62586 ], [ 84.72297, 28.62344 ], [ 84.72507, 28.6206 ], [ 84.73081, 28.62017 ], [ 84.73274, 28.61846 ], [ 84.73668, 28.61686 ], [ 84.74143, 28.61676 ], [ 84.7447, 28.61827 ], [ 84.74677, 28.61828 ], [ 84.7552, 28.61354 ], [ 84.7637, 28.61269 ], [ 84.76764, 28.61049 ], [ 84.78058, 28.60947 ], [ 84.837, 28.58082 ], [ 84.83828, 28.57934 ], [ 84.83912, 28.57973 ], [ 84.85697, 28.57057 ], [ 84.85724, 28.57255 ], [ 84.86144, 28.57724 ], [ 84.86387, 28.57834 ], [ 84.86694, 28.5816 ], [ 84.86909, 28.58246 ], [ 84.87056, 28.58148 ], [ 84.87521, 28.58068 ], [ 84.8794, 28.58247 ], [ 84.88595, 28.58263 ], [ 84.89017, 28.58866 ], [ 84.892, 28.58945 ], [ 84.89904, 28.58988 ], [ 84.90085, 28.59324 ], [ 84.90525, 28.58877 ], [ 84.90686, 28.58814 ], [ 84.91263, 28.58964 ], [ 84.91956, 28.59522 ], [ 84.9319, 28.59375 ], [ 84.93575, 28.59424 ], [ 84.93868, 28.59566 ], [ 84.94478, 28.59479 ], [ 84.94734, 28.59022 ], [ 84.94691, 28.58796 ], [ 84.94877, 28.58015 ], [ 84.96466, 28.58676 ], [ 84.96779, 28.58615 ], [ 84.9718, 28.58672 ], [ 84.97254, 28.58833 ], [ 84.97442, 28.58967 ], [ 84.98048, 28.59023 ], [ 84.98329, 28.59137 ], [ 84.98831, 28.59473 ], [ 84.99273, 28.59978 ], [ 84.99269, 28.60096 ], [ 84.98786, 28.6032 ], [ 84.98597, 28.60508 ], [ 84.98584, 28.60685 ], [ 84.98872, 28.61287 ], [ 85.00009, 28.62284 ], [ 85.0035, 28.62989 ], [ 85.00499, 28.63027 ], [ 85.0088, 28.63705 ], [ 85.01102, 28.63713 ], [ 85.01701, 28.63942 ], [ 85.02289, 28.6489 ], [ 85.02613, 28.65063 ], [ 85.03075, 28.65606 ], [ 85.04022, 28.65796 ], [ 85.04147, 28.66687 ], [ 85.04107, 28.6684 ], [ 85.05192, 28.67001 ], [ 85.05442, 28.67699 ], [ 85.05359, 28.68038 ], [ 85.05847, 28.68239 ], [ 85.06166, 28.68043 ], [ 85.06838, 28.6796 ], [ 85.07118, 28.67849 ], [ 85.0803, 28.67151 ], [ 85.08382, 28.67092 ], [ 85.08869, 28.6716 ], [ 85.09194, 28.67658 ], [ 85.09433, 28.6783 ], [ 85.10176, 28.68176 ], [ 85.11046, 28.68338 ], [ 85.1132, 28.68592 ], [ 85.11526, 28.68651 ], [ 85.12579, 28.67992 ], [ 85.12899, 28.67883 ], [ 85.13229, 28.67589 ], [ 85.1343, 28.67152 ], [ 85.13493, 28.66653 ], [ 85.13969, 28.66563 ], [ 85.14555, 28.66095 ], [ 85.14502, 28.65648 ], [ 85.15425, 28.64872 ], [ 85.15709, 28.64475 ], [ 85.15707, 28.64294 ], [ 85.16343, 28.64277 ], [ 85.16616, 28.64387 ], [ 85.17095, 28.64359 ], [ 85.17784, 28.64504 ], [ 85.17946, 28.64415 ], [ 85.18105, 28.64442 ], [ 85.18294, 28.64278 ], [ 85.18837, 28.64102 ], [ 85.18469, 28.63223 ], [ 85.18668, 28.63085 ], [ 85.19116, 28.63077 ], [ 85.1979, 28.62667 ], [ 85.19721, 28.6208 ], [ 85.19493, 28.61816 ], [ 85.19309, 28.61221 ], [ 85.18959, 28.60918 ], [ 85.18885, 28.60496 ], [ 85.18375, 28.60303 ], [ 85.17849, 28.59894 ], [ 85.17355, 28.59741 ], [ 85.17511, 28.59213 ], [ 85.17833, 28.59052 ], [ 85.18123, 28.58742 ], [ 85.18245, 28.58336 ], [ 85.18125, 28.58109 ], [ 85.18141, 28.57892 ], [ 85.18429, 28.57502 ], [ 85.18909, 28.57203 ], [ 85.19144, 28.56898 ], [ 85.18753, 28.56316 ], [ 85.18461, 28.56135 ], [ 85.18825, 28.55386 ], [ 85.18788, 28.5519 ], [ 85.18883, 28.54722 ], [ 85.18866, 28.54455 ], [ 85.1863, 28.54015 ], [ 85.18689, 28.53547 ], [ 85.18639, 28.53354 ], [ 85.17818, 28.53255 ], [ 85.16881, 28.53343 ], [ 85.16601, 28.53205 ], [ 85.16492, 28.52625 ], [ 85.16598, 28.52127 ], [ 85.16322, 28.5193 ], [ 85.16199, 28.51496 ], [ 85.15688, 28.50949 ], [ 85.15734, 28.5039 ], [ 85.1562, 28.50091 ], [ 85.15691, 28.49788 ], [ 85.15277, 28.4905 ], [ 85.14439, 28.48556 ], [ 85.14122, 28.48637 ], [ 85.13061, 28.48584 ], [ 85.12918, 28.48626 ], [ 85.12862, 28.48748 ], [ 85.12647, 28.4878 ], [ 85.12355, 28.48759 ], [ 85.12186, 28.48614 ], [ 85.11838, 28.48552 ], [ 85.11656, 28.48123 ], [ 85.11318, 28.47959 ], [ 85.11251, 28.47132 ], [ 85.10419, 28.46002 ], [ 85.09939, 28.45683 ], [ 85.10014, 28.45159 ], [ 85.10269, 28.44779 ], [ 85.10748, 28.44504 ], [ 85.11418, 28.44314 ], [ 85.11256, 28.43329 ], [ 85.11406, 28.42548 ], [ 85.11736, 28.41574 ], [ 85.11744, 28.41324 ], [ 85.11571, 28.40878 ], [ 85.11884, 28.40212 ], [ 85.12476, 28.39684 ], [ 85.12652, 28.39236 ], [ 85.12631, 28.39095 ], [ 85.12187, 28.38588 ], [ 85.12104, 28.37962 ], [ 85.12213, 28.37473 ], [ 85.12176, 28.37264 ], [ 85.12077, 28.37128 ], [ 85.11622, 28.36912 ], [ 85.11507, 28.36711 ], [ 85.1129, 28.35713 ], [ 85.10784, 28.34653 ], [ 85.09288, 28.3446 ], [ 85.08825, 28.3463 ], [ 85.08043, 28.34581 ], [ 85.06725, 28.33921 ], [ 85.05288, 28.32694 ], [ 85.05002, 28.32591 ], [ 85.04654, 28.32579 ], [ 85.04488, 28.32192 ], [ 85.04272, 28.31963 ], [ 85.04202, 28.31768 ], [ 85.04253, 28.31532 ], [ 85.04109, 28.31179 ], [ 85.0346, 28.30565 ], [ 85.03445, 28.30442 ], [ 85.0326, 28.30277 ], [ 85.03386, 28.29953 ], [ 85.03696, 28.29542 ], [ 85.03788, 28.29181 ], [ 85.03715, 28.28953 ], [ 85.03497, 28.28731 ], [ 85.03391, 28.28291 ], [ 85.03171, 28.27919 ], [ 85.03112, 28.27283 ], [ 85.0287, 28.26711 ], [ 85.02783, 28.26233 ], [ 85.01087, 28.25605 ], [ 85.00482, 28.25524 ], [ 85.00163, 28.25318 ], [ 85.00054, 28.25158 ], [ 85.00257, 28.248 ], [ 84.99901, 28.2444 ], [ 84.99855, 28.24117 ], [ 84.99766, 28.2404 ], [ 84.994, 28.24389 ], [ 84.99149, 28.24463 ], [ 84.98475, 28.2358 ], [ 84.98244, 28.23443 ], [ 84.97694, 28.22665 ], [ 84.97031, 28.22336 ], [ 84.96714, 28.21892 ], [ 84.96462, 28.21729 ], [ 84.96214, 28.2121 ], [ 84.96729, 28.20436 ], [ 84.96741, 28.20187 ], [ 84.97051, 28.19904 ], [ 84.97075, 28.19442 ], [ 84.97374, 28.19021 ], [ 84.97323, 28.18905 ], [ 84.96735, 28.18478 ], [ 84.96395, 28.17786 ], [ 84.96555, 28.17443 ], [ 84.96179, 28.16888 ], [ 84.96068, 28.15953 ], [ 84.95713, 28.15547 ], [ 84.95705, 28.14939 ], [ 84.95777, 28.1471 ], [ 84.95408, 28.14342 ], [ 84.9582, 28.136 ], [ 84.95837, 28.13371 ], [ 84.9568, 28.13197 ], [ 84.95679, 28.12668 ], [ 84.95171, 28.12414 ], [ 84.9483, 28.12483 ], [ 84.94487, 28.12398 ], [ 84.94266, 28.1225 ], [ 84.94108, 28.12467 ], [ 84.93908, 28.12568 ], [ 84.93532, 28.12655 ], [ 84.93069, 28.12539 ], [ 84.9287, 28.12624 ], [ 84.92393, 28.12056 ], [ 84.92176, 28.11656 ], [ 84.92006, 28.11523 ], [ 84.92145, 28.10652 ], [ 84.91802, 28.10335 ], [ 84.91584, 28.10259 ], [ 84.91346, 28.10283 ], [ 84.90922, 28.10454 ], [ 84.90283, 28.10534 ], [ 84.90031, 28.10661 ], [ 84.89686, 28.10447 ], [ 84.89233, 28.09989 ], [ 84.89013, 28.10255 ], [ 84.88526, 28.10544 ], [ 84.88381, 28.10974 ], [ 84.88088, 28.11269 ], [ 84.87268, 28.11665 ], [ 84.86925, 28.12039 ], [ 84.86221, 28.12149 ], [ 84.85892, 28.12 ], [ 84.85457, 28.12258 ], [ 84.84948, 28.11846 ], [ 84.84362, 28.11625 ], [ 84.84201, 28.1145 ], [ 84.84234, 28.11064 ], [ 84.83807, 28.10641 ], [ 84.83703, 28.10407 ], [ 84.83773, 28.10113 ], [ 84.83692, 28.09794 ], [ 84.83715, 28.09488 ], [ 84.83169, 28.08949 ], [ 84.83152, 28.08474 ], [ 84.82925, 28.08143 ], [ 84.82776, 28.07506 ], [ 84.82542, 28.07078 ], [ 84.82428, 28.06664 ], [ 84.82081, 28.06307 ], [ 84.82114, 28.05818 ], [ 84.82053, 28.0563 ], [ 84.81837, 28.05425 ], [ 84.81826, 28.04762 ], [ 84.81201, 28.04288 ], [ 84.80938, 28.03791 ], [ 84.80935, 28.03458 ], [ 84.8125, 28.03145 ], [ 84.81345, 28.02836 ], [ 84.81226, 28.02502 ], [ 84.81271, 28.02123 ], [ 84.81025, 28.01875 ], [ 84.80943, 28.01679 ], [ 84.8103, 28.01324 ], [ 84.81317, 28.00925 ], [ 84.81121, 28.00287 ], [ 84.80373, 28.00035 ], [ 84.80141, 28.00044 ], [ 84.7973, 28.00229 ], [ 84.79633, 28.00132 ], [ 84.79767, 27.9993 ], [ 84.79679, 27.99807 ], [ 84.79004, 27.99792 ], [ 84.78795, 27.99522 ], [ 84.78786, 27.98928 ], [ 84.7849, 27.98696 ], [ 84.78395, 27.98322 ], [ 84.77846, 27.98132 ], [ 84.77678, 27.97753 ], [ 84.77151, 27.97728 ], [ 84.77134, 27.97591 ], [ 84.77504, 27.97305 ], [ 84.7746, 27.97132 ], [ 84.76903, 27.96722 ], [ 84.76059, 27.96715 ], [ 84.75709, 27.96338 ], [ 84.74576, 27.96002 ], [ 84.74642, 27.95523 ], [ 84.74096, 27.94733 ], [ 84.73969, 27.94362 ], [ 84.73926, 27.93651 ], [ 84.73378, 27.93309 ], [ 84.73402, 27.93118 ], [ 84.73629, 27.93072 ], [ 84.73632, 27.92847 ], [ 84.73253, 27.92726 ], [ 84.73189, 27.92576 ], [ 84.7333, 27.92467 ], [ 84.73404, 27.91718 ], [ 84.73498, 27.91537 ], [ 84.73311, 27.90698 ], [ 84.73751, 27.89697 ], [ 84.73565, 27.8928 ], [ 84.7374, 27.89066 ], [ 84.7418, 27.88975 ], [ 84.74912, 27.88604 ], [ 84.74584, 27.88017 ], [ 84.74684, 27.87852 ], [ 84.75222, 27.87525 ], [ 84.75329, 27.87349 ], [ 84.755, 27.86926 ], [ 84.75412, 27.86528 ], [ 84.75592, 27.8617 ], [ 84.75923, 27.85932 ], [ 84.76362, 27.86002 ], [ 84.76498, 27.85923 ], [ 84.76563, 27.85725 ], [ 84.76523, 27.85371 ], [ 84.76792, 27.85165 ], [ 84.76744, 27.84371 ], [ 84.76981, 27.84279 ], [ 84.77056, 27.83883 ], [ 84.77408, 27.83727 ], [ 84.77584, 27.83527 ], [ 84.773, 27.8294 ], [ 84.7736, 27.82412 ], [ 84.77692, 27.81882 ], [ 84.78182, 27.8157 ], [ 84.78227, 27.8138 ], [ 84.77897, 27.8125 ], [ 84.77531, 27.80875 ], [ 84.77297, 27.80858 ], [ 84.7684, 27.81163 ], [ 84.76937, 27.81482 ], [ 84.76887, 27.81555 ], [ 84.76486, 27.81843 ], [ 84.76253, 27.81816 ], [ 84.75683, 27.81444 ], [ 84.75614, 27.80894 ], [ 84.75373, 27.80639 ], [ 84.75139, 27.80524 ], [ 84.74686, 27.80555 ], [ 84.74445, 27.80426 ], [ 84.73867, 27.80399 ], [ 84.7371, 27.80159 ], [ 84.73691, 27.79899 ], [ 84.73072, 27.79553 ], [ 84.72939, 27.79606 ], [ 84.72733, 27.79985 ], [ 84.72143, 27.80126 ], [ 84.71863, 27.80367 ], [ 84.71371, 27.80041 ], [ 84.71105, 27.80043 ], [ 84.70784, 27.80249 ], [ 84.7081, 27.80486 ], [ 84.7073, 27.80661 ], [ 84.68494, 27.81027 ], [ 84.67701, 27.81568 ], [ 84.67102, 27.81694 ], [ 84.66792, 27.81847 ], [ 84.66718, 27.81947 ], [ 84.66734, 27.82301 ], [ 84.66104, 27.82881 ], [ 84.66098, 27.83093 ], [ 84.66316, 27.83607 ], [ 84.66387, 27.84052 ], [ 84.65988, 27.84991 ], [ 84.65515, 27.85231 ], [ 84.64719, 27.85332 ], [ 84.64676, 27.85506 ], [ 84.64982, 27.85849 ], [ 84.64886, 27.85967 ], [ 84.64551, 27.86062 ], [ 84.64059, 27.85965 ], [ 84.63538, 27.8603 ], [ 84.63377, 27.86239 ], [ 84.63369, 27.86883 ], [ 84.6292, 27.87051 ], [ 84.62751, 27.87201 ], [ 84.62662, 27.87354 ], [ 84.62748, 27.87494 ], [ 84.62672, 27.8781 ], [ 84.62428, 27.87979 ], [ 84.62079, 27.88046 ], [ 84.61857, 27.88018 ], [ 84.61485, 27.87709 ], [ 84.61363, 27.87302 ], [ 84.60845, 27.87155 ], [ 84.60485, 27.87212 ], [ 84.6033, 27.87539 ], [ 84.59592, 27.87623 ], [ 84.59062, 27.87976 ], [ 84.58042, 27.87432 ], [ 84.57683, 27.87085 ], [ 84.57726, 27.86501 ], [ 84.57621, 27.86353 ], [ 84.57297, 27.86118 ], [ 84.56731, 27.85886 ], [ 84.55867, 27.85789 ], [ 84.55674, 27.85269 ], [ 84.5581, 27.84747 ], [ 84.55796, 27.84499 ], [ 84.55663, 27.83838 ], [ 84.55506, 27.83574 ], [ 84.54983, 27.83278 ], [ 84.546, 27.83172 ], [ 84.53905, 27.83364 ], [ 84.53213, 27.83297 ], [ 84.52731, 27.83359 ], [ 84.52184, 27.83225 ], [ 84.52065, 27.83139 ], [ 84.52023, 27.82977 ], [ 84.52025, 27.82131 ], [ 84.51698, 27.81608 ], [ 84.5113, 27.81544 ], [ 84.50286, 27.81963 ], [ 84.49632, 27.82083 ], [ 84.49268, 27.81934 ], [ 84.48846, 27.82081 ], [ 84.48042, 27.82153 ], [ 84.47008, 27.82412 ], [ 84.46539, 27.82417 ], [ 84.46606, 27.81996 ], [ 84.46481, 27.81886 ], [ 84.45447, 27.82019 ], [ 84.4471, 27.82299 ], [ 84.44498, 27.82284 ], [ 84.44264, 27.82074 ], [ 84.4401, 27.81652 ], [ 84.43522, 27.8152 ], [ 84.43222, 27.81267 ], [ 84.42977, 27.79281 ], [ 84.43116, 27.78681 ], [ 84.43401, 27.78285 ], [ 84.43922, 27.7784 ], [ 84.44897, 27.7783 ], [ 84.45541, 27.77635 ], [ 84.46048, 27.77365 ], [ 84.46725, 27.76712 ], [ 84.47044, 27.76085 ], [ 84.47186, 27.75402 ], [ 84.47056, 27.75212 ], [ 84.4678, 27.75191 ], [ 84.46463, 27.75313 ], [ 84.45756, 27.75928 ], [ 84.45044, 27.75928 ], [ 84.44773, 27.75715 ], [ 84.44194, 27.74992 ], [ 84.4385, 27.74401 ], [ 84.43694, 27.74277 ], [ 84.43295, 27.74115 ], [ 84.42677, 27.74246 ], [ 84.42192, 27.74126 ], [ 84.43063, 27.71312 ], [ 84.43123, 27.70838 ], [ 84.42987, 27.70499 ], [ 84.42547, 27.70257 ], [ 84.40674, 27.69576 ], [ 84.38121, 27.68195 ], [ 84.37877, 27.68127 ], [ 84.3728, 27.68282 ], [ 84.36508, 27.68853 ], [ 84.36341, 27.69126 ], [ 84.3625, 27.69552 ], [ 84.35995, 27.69825 ], [ 84.35018, 27.70278 ], [ 84.34667, 27.703 ], [ 84.3436, 27.70224 ], [ 84.32524, 27.69395 ], [ 84.32399, 27.69242 ], [ 84.32385, 27.68893 ], [ 84.32286, 27.6865 ], [ 84.31385, 27.68025 ], [ 84.29225, 27.66829 ], [ 84.27553, 27.66351 ], [ 84.27086, 27.66292 ], [ 84.26216, 27.65653 ], [ 84.2578, 27.65107 ], [ 84.25489, 27.65137 ], [ 84.25022, 27.65411 ], [ 84.24094, 27.65178 ], [ 84.23487, 27.64922 ], [ 84.22876, 27.64533 ], [ 84.21806, 27.64353 ], [ 84.20656, 27.63873 ], [ 84.19684, 27.63126 ], [ 84.19071, 27.6284 ], [ 84.1763, 27.61907 ], [ 84.16415, 27.60692 ], [ 84.15099, 27.59839 ], [ 84.14154, 27.5888 ], [ 84.13515, 27.58451 ], [ 84.12764, 27.57476 ], [ 84.12608, 27.57129 ], [ 84.12553, 27.56605 ], [ 84.11972, 27.56004 ], [ 84.11928, 27.55633 ], [ 84.1146, 27.55327 ], [ 84.10719, 27.55169 ], [ 84.10057, 27.55383 ], [ 84.09015, 27.55464 ], [ 84.08335, 27.55761 ], [ 84.07455, 27.55949 ], [ 84.07075, 27.55736 ], [ 84.06745, 27.55216 ], [ 84.06431, 27.55132 ], [ 84.05645, 27.55545 ], [ 84.05049, 27.55647 ], [ 84.04689, 27.55494 ], [ 84.04392, 27.55221 ], [ 84.04167, 27.54527 ], [ 84.03874, 27.54051 ], [ 84.03575, 27.53839 ], [ 84.03106, 27.53719 ], [ 84.02527, 27.53707 ], [ 84.01818, 27.53844 ], [ 84.01425, 27.5398 ], [ 84.00799, 27.54394 ], [ 84.00544, 27.54475 ], [ 83.9988, 27.54551 ], [ 83.99304, 27.54349 ], [ 83.98524, 27.54387 ], [ 83.98181, 27.54492 ], [ 83.97453, 27.54956 ], [ 83.97029, 27.55053 ], [ 83.95764, 27.54837 ], [ 83.95428, 27.543 ], [ 83.94836, 27.54015 ], [ 83.94091, 27.54152 ], [ 83.93165, 27.54542 ], [ 83.92433, 27.54457 ], [ 83.91964, 27.54062 ], [ 83.91866, 27.53301 ], [ 83.91982, 27.52659 ], [ 83.92214, 27.52432 ], [ 83.92162, 27.5185 ], [ 83.92553, 27.51471 ], [ 83.9311, 27.51301 ], [ 83.93655, 27.51378 ], [ 83.94181, 27.51571 ], [ 83.9468, 27.51909 ], [ 83.95117, 27.52685 ], [ 83.95417, 27.52753 ], [ 83.96543, 27.52261 ], [ 83.96928, 27.51603 ], [ 83.96922, 27.51222 ], [ 83.96741, 27.50722 ], [ 83.96254, 27.50314 ], [ 83.95767, 27.50034 ], [ 83.94103, 27.49383 ], [ 83.93864, 27.49151 ], [ 83.93843, 27.48836 ], [ 83.94437, 27.46979 ], [ 83.94449, 27.46577 ], [ 83.94282, 27.46148 ], [ 83.93924, 27.4551 ], [ 83.93533, 27.45096 ], [ 83.93147, 27.44988 ], [ 83.91575, 27.44224 ], [ 83.90866, 27.43991 ], [ 83.89544, 27.43775 ], [ 83.89199, 27.44172 ], [ 83.88898, 27.44348 ], [ 83.88798, 27.44544 ], [ 83.88699, 27.45507 ], [ 83.88969, 27.46164 ], [ 83.88355, 27.46424 ], [ 83.88556, 27.46774 ], [ 83.88558, 27.4705 ], [ 83.88655, 27.47236 ], [ 83.88549, 27.47354 ], [ 83.88615, 27.47435 ], [ 83.88546, 27.4796 ], [ 83.88489, 27.48128 ], [ 83.88205, 27.48184 ], [ 83.88033, 27.48403 ], [ 83.87732, 27.48539 ], [ 83.87464, 27.48965 ], [ 83.88018, 27.49248 ], [ 83.88354, 27.49612 ], [ 83.8867, 27.49568 ], [ 83.89062, 27.49897 ], [ 83.89394, 27.49958 ], [ 83.89759, 27.49876 ], [ 83.89383, 27.50416 ], [ 83.88703, 27.50836 ], [ 83.88073, 27.50767 ], [ 83.87678, 27.50919 ], [ 83.87563, 27.51039 ], [ 83.87635, 27.51568 ], [ 83.8782, 27.52032 ], [ 83.88142, 27.52141 ], [ 83.88263, 27.5233 ], [ 83.88232, 27.52786 ], [ 83.87036, 27.54126 ], [ 83.86191, 27.5451 ], [ 83.85873, 27.54553 ], [ 83.85514, 27.54847 ], [ 83.85058, 27.55898 ], [ 83.84709, 27.5603 ], [ 83.84359, 27.55847 ], [ 83.8415, 27.55621 ], [ 83.84109, 27.55373 ], [ 83.8424, 27.55117 ], [ 83.84176, 27.54922 ], [ 83.83909, 27.54772 ], [ 83.83805, 27.5455 ], [ 83.836, 27.54502 ], [ 83.83682, 27.54651 ], [ 83.83727, 27.55127 ], [ 83.8327, 27.55915 ], [ 83.83315, 27.56117 ], [ 83.83177, 27.56299 ], [ 83.83151, 27.56565 ], [ 83.83867, 27.57152 ], [ 83.8414, 27.57258 ], [ 83.83607, 27.58573 ], [ 83.83333, 27.5879 ], [ 83.83069, 27.58739 ], [ 83.82766, 27.58999 ], [ 83.82143, 27.59265 ], [ 83.81497, 27.58953 ], [ 83.808, 27.58869 ], [ 83.80786, 27.58984 ], [ 83.80986, 27.59358 ], [ 83.8093, 27.59537 ], [ 83.8061, 27.59689 ], [ 83.80095, 27.59613 ], [ 83.79888, 27.59841 ], [ 83.79598, 27.59948 ], [ 83.78982, 27.60634 ], [ 83.79393, 27.60964 ], [ 83.79779, 27.60995 ], [ 83.79956, 27.61188 ], [ 83.79986, 27.61325 ], [ 83.7975, 27.61763 ], [ 83.79719, 27.62024 ], [ 83.79867, 27.62097 ], [ 83.8051, 27.62084 ], [ 83.80485, 27.62333 ], [ 83.80303, 27.62531 ], [ 83.80265, 27.62778 ], [ 83.80091, 27.62955 ], [ 83.80235, 27.63224 ], [ 83.80504, 27.63273 ], [ 83.80975, 27.63543 ], [ 83.81022, 27.63992 ], [ 83.80852, 27.64113 ], [ 83.80773, 27.6431 ], [ 83.80847, 27.64583 ], [ 83.80665, 27.64616 ], [ 83.80708, 27.64687 ], [ 83.80642, 27.64753 ], [ 83.81006, 27.64852 ], [ 83.80956, 27.64966 ], [ 83.81252, 27.65326 ], [ 83.81214, 27.65436 ], [ 83.80975, 27.65544 ], [ 83.81174, 27.66234 ], [ 83.80614, 27.66284 ], [ 83.7996, 27.66548 ], [ 83.78309, 27.66698 ], [ 83.77536, 27.66618 ], [ 83.76816, 27.66657 ], [ 83.76264, 27.66117 ], [ 83.75906, 27.66357 ], [ 83.75818, 27.66739 ], [ 83.74468, 27.6668 ], [ 83.74231, 27.66784 ], [ 83.74073, 27.66964 ], [ 83.73305, 27.66925 ], [ 83.72957, 27.67129 ], [ 83.72633, 27.67106 ], [ 83.72507, 27.67243 ], [ 83.72118, 27.66962 ], [ 83.72034, 27.66986 ], [ 83.71511, 27.66268 ], [ 83.71028, 27.66151 ], [ 83.70799, 27.6591 ], [ 83.70579, 27.65887 ], [ 83.70322, 27.66213 ], [ 83.70149, 27.66151 ], [ 83.69826, 27.66254 ], [ 83.69527, 27.66146 ], [ 83.69874, 27.66994 ], [ 83.69926, 27.67639 ], [ 83.70045, 27.67841 ], [ 83.70216, 27.67926 ], [ 83.70159, 27.68141 ], [ 83.70405, 27.68185 ], [ 83.7045, 27.68281 ], [ 83.70093, 27.68715 ], [ 83.70057, 27.68869 ], [ 83.69466, 27.69418 ], [ 83.69182, 27.6954 ], [ 83.68966, 27.69815 ], [ 83.6895, 27.70773 ], [ 83.68268, 27.71816 ], [ 83.67696, 27.71857 ], [ 83.67848, 27.72004 ], [ 83.68212, 27.72087 ], [ 83.69146, 27.71877 ], [ 83.69504, 27.71599 ], [ 83.7004, 27.71677 ], [ 83.7059, 27.7153 ], [ 83.71418, 27.71561 ], [ 83.71863, 27.71198 ], [ 83.72116, 27.71196 ], [ 83.72146, 27.71065 ], [ 83.72848, 27.7091 ], [ 83.73221, 27.71415 ], [ 83.73931, 27.71501 ], [ 83.74405, 27.71737 ], [ 83.74509, 27.7191 ], [ 83.7481, 27.71951 ], [ 83.75103, 27.72095 ], [ 83.75626, 27.72014 ], [ 83.75972, 27.72249 ], [ 83.76368, 27.72162 ], [ 83.78221, 27.72502 ], [ 83.78651, 27.72467 ], [ 83.78844, 27.72298 ], [ 83.79222, 27.72184 ], [ 83.80132, 27.72129 ], [ 83.80455, 27.71826 ], [ 83.80933, 27.71618 ], [ 83.81081, 27.71428 ], [ 83.81559, 27.71346 ], [ 83.82033, 27.7106 ], [ 83.82483, 27.71399 ], [ 83.83349, 27.71396 ], [ 83.83845, 27.71091 ], [ 83.84213, 27.71097 ], [ 83.84617, 27.70946 ], [ 83.84873, 27.712 ], [ 83.84441, 27.71626 ], [ 83.844, 27.72726 ], [ 83.84172, 27.73041 ], [ 83.84354, 27.73422 ], [ 83.84485, 27.73499 ], [ 83.85159, 27.73324 ], [ 83.85893, 27.73444 ], [ 83.8656, 27.73381 ], [ 83.86898, 27.73465 ], [ 83.87547, 27.73316 ], [ 83.87667, 27.73583 ], [ 83.87858, 27.73534 ], [ 83.88001, 27.73342 ], [ 83.88352, 27.735 ], [ 83.88404, 27.73346 ], [ 83.88751, 27.73212 ], [ 83.88865, 27.73018 ], [ 83.89299, 27.73126 ], [ 83.89635, 27.73002 ], [ 83.89876, 27.73197 ], [ 83.9005, 27.7304 ], [ 83.90301, 27.73064 ], [ 83.90394, 27.7316 ], [ 83.90352, 27.73424 ], [ 83.9044, 27.73564 ], [ 83.90809, 27.73417 ], [ 83.90792, 27.73336 ], [ 83.90602, 27.73247 ], [ 83.90652, 27.73149 ], [ 83.91301, 27.73105 ], [ 83.91586, 27.72839 ], [ 83.9189, 27.72952 ], [ 83.92136, 27.72672 ], [ 83.92406, 27.72679 ], [ 83.92487, 27.73062 ], [ 83.92826, 27.73425 ], [ 83.94466, 27.74411 ], [ 83.94639, 27.74373 ], [ 83.9473, 27.74541 ], [ 83.94935, 27.7459 ], [ 83.95039, 27.74747 ], [ 83.95222, 27.7465 ], [ 83.95592, 27.74741 ], [ 83.95817, 27.74646 ], [ 83.95969, 27.74674 ], [ 83.96039, 27.74827 ], [ 83.9635, 27.74806 ], [ 83.96557, 27.74692 ], [ 83.96784, 27.74766 ], [ 83.96824, 27.74929 ], [ 83.97063, 27.74978 ], [ 83.97225, 27.74785 ], [ 83.97596, 27.7475 ], [ 83.98047, 27.74938 ], [ 83.98215, 27.74836 ], [ 83.98368, 27.7488 ], [ 83.98528, 27.74801 ], [ 83.98983, 27.7492 ], [ 83.99422, 27.75146 ], [ 83.99341, 27.75204 ], [ 83.99356, 27.753 ], [ 83.99223, 27.75356 ], [ 83.99334, 27.7589 ], [ 83.99276, 27.76145 ], [ 83.99368, 27.7622 ], [ 83.99405, 27.76643 ], [ 83.99942, 27.77575 ], [ 84.0, 27.78074 ], [ 83.99925, 27.78447 ], [ 84.00024, 27.78858 ], [ 84.0067, 27.79747 ], [ 84.01226, 27.80118 ], [ 84.01497, 27.81165 ], [ 84.02, 27.81526 ], [ 84.02001, 27.81792 ], [ 84.02164, 27.81908 ], [ 84.02489, 27.81828 ], [ 84.02551, 27.82027 ], [ 84.02664, 27.82056 ], [ 84.02562, 27.82186 ], [ 84.02543, 27.82421 ], [ 84.02639, 27.82609 ], [ 84.02519, 27.82857 ], [ 84.02651, 27.82961 ], [ 84.02509, 27.83211 ], [ 84.02491, 27.83521 ], [ 84.0227, 27.83671 ], [ 84.02015, 27.84082 ], [ 84.02221, 27.84348 ], [ 84.02287, 27.84681 ], [ 84.02236, 27.84842 ], [ 84.02701, 27.85342 ], [ 84.02842, 27.85638 ], [ 84.02734, 27.85661 ], [ 84.02269, 27.86109 ], [ 84.01997, 27.86188 ], [ 84.01725, 27.86128 ], [ 84.01524, 27.85808 ], [ 84.01577, 27.85705 ], [ 84.01921, 27.8562 ], [ 84.02153, 27.85461 ], [ 84.02248, 27.8525 ], [ 84.02123, 27.85118 ], [ 84.01698, 27.85114 ], [ 84.00652, 27.85474 ], [ 84.00025, 27.85467 ], [ 83.99781, 27.85603 ], [ 83.99722, 27.85858 ], [ 83.99771, 27.86074 ], [ 83.99665, 27.86409 ], [ 83.99416, 27.8662 ], [ 83.989, 27.86675 ], [ 83.98194, 27.8655 ], [ 83.97834, 27.86605 ], [ 83.97422, 27.86795 ], [ 83.97301, 27.87139 ], [ 83.97143, 27.87258 ], [ 83.96799, 27.87023 ], [ 83.95817, 27.87298 ], [ 83.95265, 27.86985 ], [ 83.94835, 27.86941 ], [ 83.94511, 27.87137 ], [ 83.94118, 27.87708 ], [ 83.93909, 27.87804 ], [ 83.93672, 27.87765 ], [ 83.93208, 27.87243 ], [ 83.92656, 27.86863 ], [ 83.92465, 27.86819 ], [ 83.92026, 27.87148 ], [ 83.91371, 27.87106 ], [ 83.91062, 27.87266 ], [ 83.9102, 27.87375 ], [ 83.91367, 27.87772 ], [ 83.91002, 27.88021 ], [ 83.89921, 27.88281 ], [ 83.89226, 27.88607 ], [ 83.88862, 27.88534 ], [ 83.88413, 27.8825 ], [ 83.88088, 27.8823 ], [ 83.88016, 27.88298 ], [ 83.88028, 27.88734 ], [ 83.87744, 27.88832 ], [ 83.87319, 27.88556 ], [ 83.86101, 27.88229 ], [ 83.85995, 27.87993 ], [ 83.8611, 27.87634 ], [ 83.86028, 27.87433 ], [ 83.85827, 27.87351 ], [ 83.85511, 27.87341 ], [ 83.85148, 27.87454 ], [ 83.85076, 27.87606 ], [ 83.85175, 27.87957 ], [ 83.85091, 27.88123 ], [ 83.84805, 27.88192 ], [ 83.84509, 27.88158 ], [ 83.84354, 27.87947 ], [ 83.84635, 27.87567 ], [ 83.84734, 27.87256 ], [ 83.84653, 27.86933 ], [ 83.84539, 27.86845 ], [ 83.84085, 27.86824 ], [ 83.83582, 27.86978 ], [ 83.82788, 27.87338 ], [ 83.8208, 27.87772 ], [ 83.81594, 27.87412 ], [ 83.80711, 27.87319 ], [ 83.80401, 27.87486 ], [ 83.79728, 27.88244 ], [ 83.79191, 27.88351 ], [ 83.78848, 27.88543 ], [ 83.78521, 27.88919 ], [ 83.78064, 27.89723 ], [ 83.77495, 27.90328 ], [ 83.76926, 27.90649 ], [ 83.76641, 27.90693 ], [ 83.76215, 27.90992 ], [ 83.75606, 27.90914 ], [ 83.75618, 27.90745 ], [ 83.7581, 27.90462 ], [ 83.757, 27.90306 ], [ 83.75446, 27.90383 ], [ 83.7506, 27.90703 ], [ 83.74463, 27.90791 ], [ 83.74283, 27.90621 ], [ 83.74241, 27.9046 ], [ 83.74585, 27.90337 ], [ 83.7474, 27.90136 ], [ 83.74618, 27.89981 ], [ 83.7429, 27.90004 ], [ 83.73501, 27.90446 ], [ 83.73347, 27.90863 ], [ 83.72723, 27.91092 ], [ 83.72302, 27.91378 ], [ 83.719, 27.92016 ], [ 83.7172, 27.92004 ], [ 83.71093, 27.91654 ], [ 83.70896, 27.91642 ], [ 83.70133, 27.91845 ], [ 83.69822, 27.91693 ], [ 83.69563, 27.91823 ], [ 83.6927, 27.92171 ], [ 83.68932, 27.92386 ], [ 83.6876, 27.92285 ], [ 83.68594, 27.91809 ], [ 83.68422, 27.91647 ], [ 83.68294, 27.91636 ], [ 83.68093, 27.91734 ], [ 83.67945, 27.92006 ], [ 83.68205, 27.92289 ], [ 83.68188, 27.92411 ], [ 83.67909, 27.92648 ], [ 83.67615, 27.92739 ], [ 83.67334, 27.92669 ], [ 83.67018, 27.92446 ], [ 83.66575, 27.91974 ], [ 83.65706, 27.90688 ], [ 83.65486, 27.90244 ], [ 83.64893, 27.9023 ], [ 83.64465, 27.89849 ], [ 83.64091, 27.90235 ], [ 83.6342, 27.8993 ], [ 83.63239, 27.90195 ], [ 83.63136, 27.91016 ], [ 83.63362, 27.91316 ], [ 83.63339, 27.9141 ], [ 83.63239, 27.91473 ], [ 83.62688, 27.9146 ], [ 83.6209, 27.91761 ], [ 83.62157, 27.91926 ], [ 83.62663, 27.92473 ], [ 83.62603, 27.92602 ], [ 83.62027, 27.92643 ], [ 83.61914, 27.92748 ], [ 83.61896, 27.92926 ], [ 83.61632, 27.93054 ], [ 83.61458, 27.92964 ], [ 83.61319, 27.92712 ], [ 83.61067, 27.92512 ], [ 83.60059, 27.92333 ], [ 83.59953, 27.92362 ], [ 83.59547, 27.92928 ], [ 83.59285, 27.93114 ], [ 83.57451, 27.93019 ], [ 83.57333, 27.93163 ], [ 83.57618, 27.93503 ], [ 83.57629, 27.93718 ], [ 83.57326, 27.94143 ], [ 83.57091, 27.94299 ], [ 83.56929, 27.94252 ], [ 83.56751, 27.94032 ], [ 83.56705, 27.93659 ], [ 83.56551, 27.93461 ], [ 83.55975, 27.93482 ], [ 83.55268, 27.92951 ], [ 83.54835, 27.92807 ], [ 83.54511, 27.92921 ], [ 83.54061, 27.92777 ], [ 83.53781, 27.92804 ], [ 83.53622, 27.93122 ], [ 83.53708, 27.93514 ], [ 83.53669, 27.93704 ], [ 83.53523, 27.93824 ], [ 83.5309, 27.93913 ], [ 83.52989, 27.93794 ], [ 83.53077, 27.93507 ], [ 83.53051, 27.93208 ], [ 83.52397, 27.92408 ], [ 83.52252, 27.92449 ], [ 83.52178, 27.92586 ], [ 83.52285, 27.92991 ], [ 83.51625, 27.93733 ], [ 83.51292, 27.93942 ], [ 83.5086, 27.94074 ], [ 83.50576, 27.94018 ], [ 83.5028, 27.93708 ], [ 83.50492, 27.93439 ], [ 83.5097, 27.93291 ], [ 83.50581, 27.92851 ], [ 83.50118, 27.92705 ], [ 83.49787, 27.92692 ], [ 83.49254, 27.9291 ], [ 83.49037, 27.92912 ], [ 83.4861, 27.92368 ], [ 83.48376, 27.92266 ], [ 83.46814, 27.92822 ], [ 83.46039, 27.93436 ], [ 83.45255, 27.93266 ], [ 83.44881, 27.92842 ], [ 83.44302, 27.93193 ], [ 83.44005, 27.93279 ], [ 83.44018, 27.93509 ], [ 83.4453, 27.9393 ], [ 83.4428, 27.94305 ], [ 83.44338, 27.94478 ], [ 83.44978, 27.94804 ], [ 83.45581, 27.94977 ], [ 83.46076, 27.95318 ], [ 83.46276, 27.95562 ], [ 83.46462, 27.96144 ], [ 83.4749, 27.97409 ], [ 83.47816, 27.97526 ], [ 83.48009, 27.97937 ], [ 83.48191, 27.98116 ], [ 83.48505, 27.98202 ], [ 83.49146, 27.97855 ] ], [ [ 83.98984, 29.29635 ], [ 83.98985, 29.29672 ], [ 83.98987, 29.29837 ], [ 83.98984, 29.29635 ] ] ] } }
]
}
